2011-10-11, 0.85, 0.85, 0.85, 0.85, 2500.0, 0.85, 0.0, 0.0, 0.0, 0.0, 0.0, 0.0
2011-10-12, 0.85, 0.85, 0.85, 0.85, 0.0, 0.85, 0.0, 0.0, 0.0, 0.0, 0.0, 0.0
2011-10-13, 0.85, 0.85, 0.85, 0.85, 2500.0, 0.85, 0.0, 0.0, 0.0, 0.0, 0.0, 0.0
2011-10-14, 0.85, 0.85, 0.85, 0.85, 0.0, 0.85, 0.0, 0.0, 0.0, 0.0, 0.0, 0.0
2011-10-17, 0.85, 0.85, 0.85, 0.85, 0.0, 0.85, 0.0, 0.0, 0.0, 0.0, 0.0, 0.0
2011-10-18, 0.85, 0.85, 0.85, 0.85, 0.0, 0.85, 0.0, 0.0, 0.0, 0.0, 0.0, 0.0
2011-10-19, 0.85, 0.85, 0.85, 0.85, 0.0, 0.85, 0.0, 0.0, 0.0, 0.0, 0.0, 0.0
2011-10-20, 0.85, 0.85, 0.85, 0.85, 0.0, 0.85, 0.0, 0.0, 0.0, 0.0, 0.0, 0.0
2011-10-21, 0.85, 0.85, 0.85, 0.85, 0.0, 0.85, 0.0, 0.0, 0.0, 0.0, 0.0, 0.0
2011-10-24, 0.85, 0.85, 0.85, 0.85, 0.0, 0.85, 0.0, 0.0, 0.0, 0.0, 0.0, 0.0
2011-10-25, 0.85, 0.85, 0.85, 0.85, 0.0, 0.85, 0.0, 0.0, 0.0, 0.0, 0.0, 0.0
2011-10-26, 0.85, 0.85, 0.85, 0.85, 0.0, 0.85, 0.0, 0.0, 0.0, 0.0, 0.0, 0.0
2011-10-27, 0.85, 0.85, 0.85, 0.85, 0.0, 0.85, 0.0, 0.0, 0.0, 0.0, 0.0, 0.0
2011-10-28, 0.85, 0.85, 0.85, 0.85, 0.0, 0.85, 0.0, 0.0, 0.0, 0.0, 0.0, 0.0
2011-10-31, 0.85, 0.85, 0.85, 0.85, 0.0, 0.85, 0.0, 0.0, 0.0, 0.0, 0.0, 0.0
2011-11-01, 0.85, 0.85, 0.85, 0.85, 0.0, 0.85, 0.0, 0.0, 0.0, 0.0, 0.0, 0.0
2011-11-02, 0.85, 0.85, 0.85, 0.85, 0.0, 0.85, 0.0, 0.0, 0.0, 0.0, 0.0, 0.0
2011-11-03, 0.85, 0.85, 0.85, 0.85, 0.0, 0.85, 0.0, 0.0, 0.0, 0.0, 0.0, 0.0
2011-11-04, 0.85, 0.85, 0.85, 0.85, 0.0, 0.85, 0.0, 0.0, 0.0, 0.0, 0.0, 0.0
2011-11-07, 0.85, 0.85, 0.85, 0.85, 0.0, 0.85, 0.0, 0.0, 0.0, 0.0, 0.0, 0.0
2011-11-08, 0.85, 0.85, 0.85, 0.85, 0.0, 0.85, 0.0, 0.0, 0.0, 0.0, 0.0, 0.0
2011-11-09, 0.85, 0.85, 0.85, 0.85, 0.0, 0.85, 0.0, 0.0, 0.0, 0.0, 0.0, 0.0
2011-11-10, 0.85, 0.85, 0.85, 0.85, 0.0, 0.85, 0.0, 0.0, 0.0, 0.0, 0.0, 0.0
2011-11-11, 0.85, 0.85, 0.85, 0.85, 0.0, 0.85, 0.0, 0.0, 0.0, 0.0, 0.0, 0.0
2011-11-14, 0.85, 0.85, 0.85, 0.85, 0.0, 0.85, 0.0, 0.0, 0.0, 0.0, 0.0, 0.0
2011-11-15, 0.85, 0.85, 0.85, 0.85, 0.0, 0.85, 0.0, 0.0, 0.0, 0.0, 0.0, 0.0
2011-11-16, 0.85, 0.85, 0.85, 0.85, 0.0, 0.85, 0.0, 0.0, 0.0, 0.0, 0.0, 0.0
2011-11-17, 0.85, 0.85, 0.85, 0.85, 0.0, 0.85, 0.0, 0.0, 0.0, 0.0, 0.0, 0.0
2011-11-18, 0.85, 0.85, 0.85, 0.85, 0.0, 0.85, 0.0, 0.0, 0.0, 0.0, 0.0, 0.0
2011-11-21, 0.85, 0.85, 0.85, 0.85, 0.0, 0.85, 0.0, 0.0, 0.0, 0.0, 0.0, 0.0
2011-11-22, 0.85, 0.85, 0.85, 0.85, 0.0, 0.85, 0.0, 0.0, 0.0, 0.0, 0.0, 0.0
2011-11-23, 0.85, 0.85, 0.85, 0.85, 0.0, 0.85, 0.0, 0.0, 0.0, 0.0, 0.0, 0.0
2011-11-25, 0.85, 0.85, 0.85, 0.85, 0.0, 0.85, 0.0, 0.0, 0.0, 0.0, 0.0, 0.0
2011-11-28, 0.85, 0.85, 0.85, 0.85, 0.0, 0.85, 0.0, 0.0, 0.0, 0.0, 0.0, 0.0
2011-11-29, 0.85, 0.85, 0.85, 0.85, 0.0, 0.85, 0.0, 0.0, 0.0, 0.0, 0.0, 0.0
2011-11-30, 0.85, 0.85, 0.85, 0.85, 0.0, 0.85, 0.0, 0.0, 0.0, 0.0, 0.0, 0.0
2011-12-01, 0.85, 0.85, 0.85, 0.85, 0.0, 0.85, 0.0, 0.0, 0.0, 0.0, 0.0, 0.0
2011-12-02, 0.85, 0.85, 0.85, 0.85, 0.0, 0.85, 0.0, 0.0, 0.0, 0.0, 0.0, 0.0
2011-12-05, 0.85, 0.85, 0.85, 0.85, 0.0, 0.85, 0.0, 0.0, 0.0, 0.0, 0.0, 0.0
2011-12-06, 0.85, 0.85, 0.85, 0.85, 0.0, 0.85, 0.0, 0.0, 0.0, 0.0, 0.0, 0.0
2011-12-07, 0.85, 0.85, 0.85, 0.85, 0.0, 0.85, 0.0, 0.0, 0.0, 0.0, 0.0, 0.0
2011-12-08, 0.85, 0.85, 0.85, 0.85, 0.0, 0.85, 0.0, 0.0, 0.0, 0.0, 0.0, 0.0
2011-12-09, 0.85, 0.85, 0.85, 0.85, 0.0, 0.85, 0.0, 0.0, 0.0, 0.0, 0.0, 0.0
2011-12-12, 0.85, 0.85, 0.85, 0.85, 0.0, 0.85, 0.0, 0.0, 0.0, 0.0, 0.0, 0.0
2011-12-13, 0.85, 0.85, 0.85, 0.85, 0.0, 0.85, 0.0, 0.0, 0.0, 0.0, 0.0, 0.0
2011-12-14, 0.85, 0.85, 0.85, 0.85, 0.0, 0.85, 0.0, 0.0, 0.0, 0.0, 0.0, 0.0
2011-12-15, 0.85, 0.85, 0.85, 0.85, 0.0, 0.85, 0.0, 0.0, 0.0, 0.0, 0.0, 0.0
2011-12-16, 0.85, 0.85, 0.85, 0.85, 0.0, 0.85, 0.0, 0.0, 0.0, 0.0, 0.0, 0.0
2011-12-19, 0.85, 0.85, 0.85, 0.85, 0.0, 0.85, 0.0, 0.0, 0.0, 0.0, 0.0, 0.0
2011-12-20, 0.85, 0.85, 0.85, 0.85, 0.0, 0.85, 0.0, 0.0, 0.0, 0.0, 0.0, 0.0
2011-12-21, 0.85, 0.85, 0.85, 0.85, 0.0, 0.85, 0.0, 0.0, 0.0, 0.0, 0.0, 0.0
2011-12-22, 0.85, 0.85, 0.85, 0.85, 0.0, 0.85, 0.0, 0.0, 0.0, 0.0, 0.0, 0.0
2011-12-23, 0.85, 0.85, 0.85, 0.85, 0.0, 0.85, 0.0, 0.0, 0.0, 0.0, 0.0, 0.0
2011-12-27, 0.85, 0.85, 0.85, 0.85, 0.0, 0.85, 0.0, 0.0, 0.0, 0.0, 0.0, 0.0
2011-12-28, 0.85, 0.85, 0.85, 0.85, 0.0, 0.85, 0.0, 0.0, 0.0, 0.0, 0.0, 0.0
2011-12-29, 0.85, 0.85, 0.85, 0.85, 0.0, 0.85, 0.0, 0.0, 0.0, 0.0, 0.0, 0.0
2011-12-30, 0.85, 0.85, 0.85, 0.85, 0.0, 0.85, 0.0, 0.0, 0.0, 0.0, 0.0, 0.0
2012-01-03, 0.85, 0.85, 0.85, 0.85, 0.0, 0.85, 0.0, 0.0, 0.0, 0.0, 0.0, 0.0
2012-01-04, 0.85, 0.85, 0.85, 0.85, 0.0, 0.85, 0.0, 0.0, 0.0, 0.0, 0.0, 0.0
2012-01-05, 0.85, 0.85, 0.85, 0.85, 0.0, 0.85, 0.0, 0.0, 0.0, 0.0, 0.0, 0.0
2012-01-06, 0.85, 0.85, 0.85, 0.85, 0.0, 0.85, 0.0, 0.0, 0.0, 0.0, 0.0, 0.0
2012-01-09, 0.85, 0.85, 0.85, 0.85, 0.0, 0.85, 0.0, 0.0, 0.0, 0.0, 0.0, 0.0
2012-01-10, 0.85, 0.85, 0.85, 0.85, 0.0, 0.85, 0.0, 0.0, 0.0, 0.0, 0.0, 0.0
2012-01-11, 0.85, 0.85, 0.85, 0.85, 0.0, 0.85, 0.0, 0.0, 0.0, 0.0, 0.0, 0.0
2012-01-12, 0.85, 1.1, 0.85, 1.1, 3500.0, 1.1, 0.0, 0.0, 0.0, 0.0, 0.0, 0.0
2012-01-13, 1.1, 1.1, 1.1, 1.1, 0.0, 1.1, 0.0, 0.0, 0.0, 0.0, 0.0, 0.0
2012-01-17, 1.1, 1.1, 1.1, 1.1, 0.0, 1.1, 0.0, 0.0, 0.0, 0.0, 0.0, 0.0
2012-01-18, 1.1, 1.1, 1.1, 1.1, 0.0, 1.1, 0.0, 0.0, 0.0, 0.0, 0.0, 0.0
2012-01-19, 1.1, 1.1, 1.1, 1.1, 0.0, 1.1, 0.0, 0.0, 0.0, 0.0, 0.0, 0.0
2012-01-20, 1.1, 1.1, 1.1, 1.1, 0.0, 1.1, 0.0, 0.0, 0.0, 0.0, 0.0, 0.0
2012-01-23, 1.1, 1.1, 1.1, 1.1, 0.0, 1.1, 0.0, 0.0, 0.0, 0.0, 0.0, 0.0
2012-01-24, 1.1, 1.1, 1.1, 1.1, 12000.0, 1.1, 0.0, 0.0, 0.0, 0.0, 0.0, 0.0
2012-01-25, 1.57, 1.57, 1.57, 1.57, 500.0, 1.57, 0.0, 0.0, 0.0, 0.0, 0.0, 0.0
2012-01-26, 1.57, 1.57, 1.57, 1.57, 0.0, 1.57, 0.0, 0.0, 0.0, 0.0, 0.0, 0.0
2012-01-27, 1.57, 1.57, 1.57, 1.57, 0.0, 1.57, 0.0, 0.0, 0.0, 0.0, 0.0, 0.0
2012-01-30, 1.57, 1.57, 1.57, 1.57, 0.0, 1.57, 0.0, 0.0, 0.0, 0.0, 0.0, 0.0
2012-01-31, 1.57, 1.57, 1.57, 1.57, 0.0, 1.57, 0.0, 0.0, 0.0, 0.0, 0.0, 0.0
2012-02-01, 1.57, 1.57, 1.57, 1.57, 0.0, 1.57, 0.0, 0.0, 0.0, 0.0, 0.0, 0.0
2012-02-02, 1.57, 1.57, 1.57, 1.57, 0.0, 1.57, 0.0, 0.0, 0.0, 0.0, 0.0, 0.0
2012-02-03, 1.57, 1.57, 1.57, 1.57, 0.0, 1.57, 0.0, 0.0, 0.0, 0.0, 0.0, 0.0
2012-02-06, 1.57, 1.57, 1.57, 1.57, 0.0, 1.57, 0.0, 0.0, 0.0, 0.0, 0.0, 0.0
2012-02-07, 1.57, 1.57, 1.57, 1.57, 0.0, 1.57, 0.0, 0.0, 0.0, 0.0, 0.0, 0.0
2012-02-08, 1.57, 1.57, 1.57, 1.57, 0.0, 1.57, 0.0, 0.0, 0.0, 0.0, 0.0, 0.0
2012-02-09, 1.57, 1.57, 1.57, 1.57, 0.0, 1.57, 0.0, 0.0, 0.0, 0.0, 0.0, 0.0
2012-02-10, 1.57, 1.57, 1.57, 1.57, 0.0, 1.57, 0.0, 0.0, 0.0, 0.0, 0.0, 0.0
2012-02-13, 1.57, 1.57, 1.57, 1.57, 0.0, 1.57, 0.0, 0.0, 0.0, 0.0, 0.0, 0.0
2012-02-14, 1.57, 1.57, 1.57, 1.57, 0.0, 1.57, 0.0, 0.0, 0.0, 0.0, 0.0, 0.0
2012-02-15, 1.57, 1.57, 1.57, 1.57, 0.0, 1.57, 0.0, 0.0, 0.0, 0.0, 0.0, 0.0
2012-02-16, 1.1, 1.1, 1.1, 1.1, 10000.0, 1.1, 0.0, 0.0, 0.0, 0.0, 0.0, 0.0
2012-02-17, 1.1, 1.1, 1.1, 1.1, 0.0, 1.1, 0.0, 0.0, 0.0, 0.0, 0.0, 0.0
2012-02-21, 1.1, 1.15, 0.96, 1.01, 21000.0, 1.01, 0.0, 0.0, 0.0, 0.0, 0.0, 0.0
2012-02-22, 0.96, 0.96, 0.96, 0.96, 2500.0, 0.96, 0.0, 0.0, 0.0, 0.0, 0.0, 0.0
2012-02-23, 0.96, 0.96, 0.96, 0.96, 0.0, 0.96, 0.0, 0.0, 0.0, 0.0, 0.0, 0.0
2012-02-24, 0.91, 0.91, 0.91, 0.91, 500.0, 0.91, 0.0, 0.0, 0.0, 0.0, 0.0, 0.0
2012-02-27, 0.91, 0.91, 0.91, 0.91, 0.0, 0.91, 0.0, 0.0, 0.0, 0.0, 0.0, 0.0
2012-02-28, 0.91, 0.91, 0.91, 0.91, 1000.0, 0.91, 0.0, 0.0, 0.0, 0.0, 0.0, 0.0
2012-02-29, 1.0, 1.1, 0.97, 0.97, 247700.0, 0.97, 0.0, 0.0, 0.0, 0.0, 0.0, 0.0
2012-03-01, 1.01, 1.01, 1.0, 1.0, 161700.0, 1.0, 0.0, 0.0, 0.0, 0.0, 0.0, 0.0
2012-03-02, 1.0, 1.0, 1.0, 1.0, 40000.0, 1.0, 0.0, 0.0, 0.0, 0.0, 0.0, 0.0
2012-03-05, 1.0, 1.0, 1.0, 1.0, 100000.0, 1.0, 0.0, 0.0, 0.0, 0.0, 0.0, 0.0
2012-03-06, 1.0, 1.0, 1.0, 1.0, 3000.0, 1.0, 0.0, 0.0, 0.0, 0.0, 0.0, 0.0
2012-03-07, 1.0, 1.0, 1.0, 1.0, 5000.0, 1.0, 0.0, 0.0, 0.0, 0.0, 0.0, 0.0
2012-03-08, 1.0, 1.0, 0.97, 0.97, 32500.0, 0.97, 0.0, 0.0, 0.0, 0.0, 0.0, 0.0
2012-03-09, 1.0, 1.0, 1.0, 1.0, 5000.0, 1.0, 0.0, 0.0, 0.0, 0.0, 0.0, 0.0
2012-03-12, 1.0, 1.0, 1.0, 1.0, 6000.0, 1.0, 0.0, 0.0, 0.0, 0.0, 0.0, 0.0
2012-03-13, 0.92, 0.92, 0.89, 0.91, 27500.0, 0.91, 0.0, 0.0, 0.0, 0.0, 0.0, 0.0
2012-03-14, 0.91, 0.93, 0.91, 0.93, 9500.0, 0.93, 0.0, 0.0, 0.0, 0.0, 0.0, 0.0
2012-03-15, 0.93, 0.93, 0.93, 0.93, 0.0, 0.93, 0.0, 0.0, 0.0, 0.0, 0.0, 0.0
2012-03-16, 0.93, 0.93, 0.93, 0.93, 32500.0, 0.93, 0.0, 0.0, 0.0, 0.0, 0.0, 0.0
2012-03-19, 0.91, 0.93, 0.91, 0.92, 11000.0, 0.92, 0.0, 0.0, 0.0, 0.0, 0.0, 0.0
2012-03-20, 0.93, 0.93, 0.9, 0.93, 65500.0, 0.93, 0.0, 0.0, 0.0, 0.0, 0.0, 0.0
2012-03-21, 0.91, 0.93, 0.91, 0.93, 5500.0, 0.93, 0.0, 0.0, 0.0, 0.0, 0.0, 0.0
2012-03-22, 0.91, 0.93, 0.91, 0.91, 12400.0, 0.91, 0.0, 0.0, 0.0, 0.0, 0.0, 0.0
2012-03-23, 0.93, 0.93, 0.92, 0.93, 15100.0, 0.93, 0.0, 0.0, 0.0, 0.0, 0.0, 0.0
2012-03-26, 0.93, 0.93, 0.91, 0.91, 4100.0, 0.91, 0.0, 0.0, 0.0, 0.0, 0.0, 0.0
2012-03-27, 0.92, 0.93, 0.92, 0.93, 4500.0, 0.93, 0.0, 0.0, 0.0, 0.0, 0.0, 0.0
2012-03-28, 0.92, 0.92, 0.92, 0.92, 3500.0, 0.92, 0.0, 0.0, 0.0, 0.0, 0.0, 0.0
2012-03-29, 0.93, 0.93, 0.93, 0.93, 2500.0, 0.93, 0.0, 0.0, 0.0, 0.0, 0.0, 0.0
2012-03-30, 0.93, 0.93, 0.91, 0.93, 15500.0, 0.93, 0.0, 0.0, 0.0, 0.0, 0.0, 0.0
2012-04-02, 0.91, 0.93, 0.91, 0.92, 124500.0, 0.92, 0.0, 0.0, 0.0, 0.0, 0.0, 0.0
2012-04-03, 0.91, 0.94, 0.91, 0.94, 238200.0, 0.94, 0.0, 0.0, 0.0, 0.0, 0.0, 0.0
2012-04-04, 0.95, 0.95, 0.85, 0.92, 527800.0, 0.92, 0.0, 0.0, 0.0, 0.0, 0.0, 0.0
2012-04-05, 0.92, 0.95, 0.92, 0.94, 261500.0, 0.94, 0.0, 0.0, 0.0, 0.0, 0.0, 0.0
2012-04-09, 0.95, 1.02, 0.95, 1.01, 704500.0, 1.01, 0.0, 0.0, 0.0, 0.0, 0.0, 0.0
2012-04-10, 1.02, 1.03, 0.96, 1.01, 452500.0, 1.01, 0.0, 0.0, 0.0, 0.0, 0.0, 0.0
2012-04-11, 1.02, 1.04, 0.99, 1.02, 507800.0, 1.02, 0.0, 0.0, 0.0, 0.0, 0.0, 0.0
2012-04-12, 1.02, 1.03, 1.0, 1.0, 168600.0, 1.0, 0.0, 0.0, 0.0, 0.0, 0.0, 0.0
2012-04-13, 1.01, 1.04, 1.0, 1.02, 122600.0, 1.02, 0.0, 0.0, 0.0, 0.0, 0.0, 0.0
2012-04-16, 1.03, 1.06, 1.0, 1.06, 441100.0, 1.06, 0.0, 0.0, 0.0, 0.0, 0.0, 0.0
2012-04-17, 1.06, 1.08, 1.02, 1.06, 453900.0, 1.06, 0.0, 0.0, 0.0, 0.0, 0.0, 0.0
2012-04-18, 1.07, 1.15, 1.06, 1.14, 800000.0, 1.14, 0.0, 0.0, 0.0, 0.0, 0.0, 0.0
2012-04-19, 1.16, 1.25, 1.15, 1.19, 967900.0, 1.19, 0.0, 0.0, 0.0, 0.0, 0.0, 0.0
2012-04-20, 1.24, 1.25, 1.17, 1.2, 616000.0, 1.2, 0.0, 0.0, 0.0, 0.0, 0.0, 0.0
2012-04-23, 1.21, 1.23, 1.1, 1.15, 589000.0, 1.15, 0.0, 0.0, 0.0, 0.0, 0.0, 0.0
2012-04-24, 1.11, 1.19, 1.08, 1.16, 411100.0, 1.16, 0.0, 0.0, 0.0, 0.0, 0.0, 0.0
2012-04-25, 1.23, 1.24, 1.06, 1.16, 3066700.0, 1.16, 0.0, 0.0, 0.0, 0.0, 0.0, 0.0
2012-04-26, 1.14, 1.15, 1.12, 1.12, 396400.0, 1.12, 0.0, 0.0, 0.0, 0.0, 0.0, 0.0
2012-04-27, 1.12, 1.15, 1.11, 1.12, 217000.0, 1.12, 0.0, 0.0, 0.0, 0.0, 0.0, 0.0
2012-04-30, 1.12, 1.14, 1.11, 1.13, 429700.0, 1.13, 0.0, 0.0, 0.0, 0.0, 0.0, 0.0
2012-05-01, 1.11, 1.19, 1.11, 1.17, 557700.0, 1.17, 0.0, 0.0, 0.0, 0.0, 0.0, 0.0
2012-05-02, 1.18, 1.19, 1.16, 1.18, 243000.0, 1.18, 0.0, 0.0, 0.0, 0.0, 0.0, 0.0
2012-05-03, 1.19, 1.2, 1.17, 1.19, 200500.0, 1.19, 0.0, 0.0, 0.0, 0.0, 0.0, 0.0
2012-05-04, 1.19, 1.2, 1.17, 1.19, 123200.0, 1.19, 0.0, 0.0, 0.0, 0.0, 0.0, 0.0
2012-05-07, 1.19, 1.2, 0.77, 0.85, 522300.0, 0.85, 0.0, 0.0, 0.0, 0.0, 0.0, 0.0
2012-05-08, 0.81, 0.82, 0.56, 0.76, 280300.0, 0.76, 0.0, 0.0, 0.0, 0.0, 0.0, 0.0
2012-05-09, 0.72, 0.76, 0.67, 0.75, 55900.0, 0.75, 0.0, 0.0, 0.0, 0.0, 0.0, 0.0
2012-05-10, 0.69, 0.75, 0.69, 0.7, 65000.0, 0.7, 0.0, 0.0, 0.0, 0.0, 0.0, 0.0
2012-05-11, 0.7, 0.74, 0.56, 0.74, 168300.0, 0.74, 0.0, 0.0, 0.0, 0.0, 0.0, 0.0
2012-05-14, 0.78, 0.78, 0.65, 0.72, 49000.0, 0.72, 0.0, 0.0, 0.0, 0.0, 0.0, 0.0
2012-05-15, 0.68, 0.7, 0.6, 0.61, 96400.0, 0.61, 0.0, 0.0, 0.0, 0.0, 0.0, 0.0
2012-05-16, 0.61, 0.61, 0.43, 0.47, 180000.0, 0.47, 0.0, 0.0, 0.0, 0.0, 0.0, 0.0
2012-05-17, 0.45, 0.47, 0.43, 0.43, 65200.0, 0.43, 0.0, 0.0, 0.0, 0.0, 0.0, 0.0
2012-05-18, 0.43, 0.51, 0.4, 0.4, 93000.0, 0.4, 0.0, 0.0, 0.0, 0.0, 0.0, 0.0
2012-05-21, 0.47, 0.57, 0.47, 0.56, 51100.0, 0.56, 0.0, 0.0, 0.0, 0.0, 0.0, 0.0
2012-05-22, 0.57, 0.58, 0.49, 0.49, 50400.0, 0.49, 0.0, 0.0, 0.0, 0.0, 0.0, 0.0
2012-05-23, 0.5, 0.5, 0.42, 0.48, 8400.0, 0.48, 0.0, 0.0, 0.0, 0.0, 0.0, 0.0
2012-05-24, 0.43, 0.5, 0.43, 0.5, 17500.0, 0.5, 0.0, 0.0, 0.0, 0.0, 0.0, 0.0
2012-05-25, 0.5, 0.51, 0.45, 0.45, 46300.0, 0.45, 0.0, 0.0, 0.0, 0.0, 0.0, 0.0
2012-05-29, 0.46, 0.5, 0.43, 0.5, 26100.0, 0.5, 0.0, 0.0, 0.0, 0.0, 0.0, 0.0
2012-05-30, 0.49, 0.49, 0.41, 0.41, 94600.0, 0.41, 0.0, 0.0, 0.0, 0.0, 0.0, 0.0
2012-05-31, 0.41, 0.51, 0.41, 0.47, 26400.0, 0.47, 0.0, 0.0, 0.0, 0.0, 0.0, 0.0
2012-06-01, 0.41, 0.51, 0.41, 0.46, 13200.0, 0.46, 0.0, 0.0, 0.0, 0.0, 0.0, 0.0
2012-06-04, 0.41, 0.51, 0.41, 0.41, 12500.0, 0.41, 0.0, 0.0, 0.0, 0.0, 0.0, 0.0
2012-06-05, 0.51, 0.51, 0.4, 0.42, 21900.0, 0.42, 0.0, 0.0, 0.0, 0.0, 0.0, 0.0
2012-06-06, 0.5, 0.5, 0.4, 0.44, 17300.0, 0.44, 0.0, 0.0, 0.0, 0.0, 0.0, 0.0
2012-06-07, 0.4, 0.44, 0.4, 0.44, 9100.0, 0.44, 0.0, 0.0, 0.0, 0.0, 0.0, 0.0
2012-06-08, 0.41, 0.46, 0.41, 0.46, 3300.0, 0.46, 0.0, 0.0, 0.0, 0.0, 0.0, 0.0
2012-06-11, 0.46, 0.46, 0.41, 0.43, 12600.0, 0.43, 0.0, 0.0, 0.0, 0.0, 0.0, 0.0
2012-06-12, 0.41, 0.46, 0.4, 0.4, 8600.0, 0.4, 0.0, 0.0, 0.0, 0.0, 0.0, 0.0
2012-06-13, 0.35, 0.44, 0.35, 0.41, 43400.0, 0.41, 0.0, 0.0, 0.0, 0.0, 0.0, 0.0
2012-06-14, 0.36, 0.41, 0.36, 0.41, 25100.0, 0.41, 0.0, 0.0, 0.0, 0.0, 0.0, 0.0
2012-06-15, 0.41, 0.41, 0.3, 0.35, 35500.0, 0.35, 0.0, 0.0, 0.0, 0.0, 0.0, 0.0
2012-06-18, 0.33, 0.33, 0.33, 0.33, 3900.0, 0.33, 0.0, 0.0, 0.0, 0.0, 0.0, 0.0
2012-06-19, 0.41, 0.41, 0.31, 0.33, 30300.0, 0.33, 0.0, 0.0, 0.0, 0.0, 0.0, 0.0
2012-06-20, 0.31, 0.35, 0.26, 0.34, 48100.0, 0.34, 0.0, 0.0, 0.0, 0.0, 0.0, 0.0
2012-06-21, 0.26, 0.34, 0.26, 0.27, 8400.0, 0.27, 0.0, 0.0, 0.0, 0.0, 0.0, 0.0
2012-06-22, 0.28, 0.34, 0.28, 0.34, 10800.0, 0.34, 0.0, 0.0, 0.0, 0.0, 0.0, 0.0
2012-06-25, 0.33, 0.33, 0.29, 0.29, 9100.0, 0.29, 0.0, 0.0, 0.0, 0.0, 0.0, 0.0
2012-06-26, 0.3, 0.47, 0.3, 0.3, 18000.0, 0.3, 0.0, 0.0, 0.0, 0.0, 0.0, 0.0
2012-06-27, 0.3, 0.34, 0.25, 0.31, 49200.0, 0.31, 0.0, 0.0, 0.0, 0.0, 0.0, 0.0
2012-06-28, 0.25, 0.3, 0.25, 0.27, 4100.0, 0.27, 0.0, 0.0, 0.0, 0.0, 0.0, 0.0
2012-06-29, 0.31, 0.31, 0.26, 0.29, 42300.0, 0.29, 0.0, 0.0, 0.0, 0.0, 0.0, 0.0
2012-07-02, 0.31, 0.31, 0.25, 0.3, 43200.0, 0.3, 0.0, 0.0, 0.0, 0.0, 0.0, 0.0
2012-07-03, 0.29, 0.29, 0.26, 0.26, 9400.0, 0.26, 0.0, 0.0, 0.0, 0.0, 0.0, 0.0
2012-07-05, 0.3, 0.3, 0.27, 0.3, 25300.0, 0.3, 0.0, 0.0, 0.0, 0.0, 0.0, 0.0
2012-07-06, 0.3, 0.3, 0.27, 0.27, 8800.0, 0.27, 0.0, 0.0, 0.0, 0.0, 0.0, 0.0
2012-07-09, 0.27, 0.27, 0.27, 0.27, 6000.0, 0.27, 0.0, 0.0, 0.0, 0.0, 0.0, 0.0
2012-07-10, 0.3, 0.3, 0.3, 0.3, 500.0, 0.3, 0.0, 0.0, 0.0, 0.0, 0.0, 0.0
2012-07-11, 0.27, 0.3, 0.27, 0.27, 23900.0, 0.27, 0.0, 0.0, 0.0, 0.0, 0.0, 0.0
2012-07-12, 0.25, 0.29, 0.25, 0.29, 15500.0, 0.29, 0.0, 0.0, 0.0, 0.0, 0.0, 0.0
2012-07-13, 0.27, 0.29, 0.27, 0.29, 12600.0, 0.29, 0.0, 0.0, 0.0, 0.0, 0.0, 0.0
2012-07-16, 0.22, 0.4, 0.22, 0.29, 23500.0, 0.29, 0.0, 0.0, 0.0, 0.0, 0.0, 0.0
2012-07-17, 0.51, 0.51, 0.31, 0.35, 47100.0, 0.35, 0.0, 0.0, 0.0, 0.0, 0.0, 0.0
2012-07-18, 0.37, 0.37, 0.32, 0.37, 11000.0, 0.37, 0.0, 0.0, 0.0, 0.0, 0.0, 0.0
2012-07-19, 0.37, 0.5, 0.33, 0.5, 109700.0, 0.5, 0.0, 0.0, 0.0, 0.0, 0.0, 0.0
2012-07-20, 0.48, 0.48, 0.4, 0.45, 23400.0, 0.45, 0.0, 0.0, 0.0, 0.0, 0.0, 0.0
2012-07-23, 0.42, 0.51, 0.42, 0.5, 74400.0, 0.5, 0.0, 0.0, 0.0, 0.0, 0.0, 0.0
2012-07-24, 0.5, 0.53, 0.49, 0.5, 20400.0, 0.5, 0.0, 0.0, 0.0, 0.0, 0.0, 0.0
2012-07-25, 0.49, 0.5, 0.43, 0.5, 52300.0, 0.5, 0.0, 0.0, 0.0, 0.0, 0.0, 0.0
2012-07-26, 0.4, 0.5, 0.4, 0.45, 24500.0, 0.45, 0.0, 0.0, 0.0, 0.0, 0.0, 0.0
2012-07-27, 0.49, 0.49, 0.44, 0.48, 10800.0, 0.48, 0.0, 0.0, 0.0, 0.0, 0.0, 0.0
2012-07-30, 0.4, 0.48, 0.4, 0.48, 4500.0, 0.48, 0.0, 0.0, 0.0, 0.0, 0.0, 0.0
2012-07-31, 0.48, 0.48, 0.4, 0.4, 5800.0, 0.4, 0.0, 0.0, 0.0, 0.0, 0.0, 0.0
2012-08-01, 0.4, 0.45, 0.4, 0.45, 8200.0, 0.45, 0.0, 0.0, 0.0, 0.0, 0.0, 0.0
2012-08-02, 0.4, 0.45, 0.4, 0.4, 4400.0, 0.4, 0.0, 0.0, 0.0, 0.0, 0.0, 0.0
2012-08-03, 0.4, 0.44, 0.4, 0.44, 2000.0, 0.44, 0.0, 0.0, 0.0, 0.0, 0.0, 0.0
2012-08-06, 0.45, 0.45, 0.35, 0.44, 11200.0, 0.44, 0.0, 0.0, 0.0, 0.0, 0.0, 0.0
2012-08-07, 0.4, 0.44, 0.35, 0.44, 800.0, 0.44, 0.0, 0.0, 0.0, 0.0, 0.0, 0.0
2012-08-08, 0.45, 0.45, 0.44, 0.44, 1600.0, 0.44, 0.0, 0.0, 0.0, 0.0, 0.0, 0.0
2012-08-09, 0.45, 0.45, 0.35, 0.35, 2300.0, 0.35, 0.0, 0.0, 0.0, 0.0, 0.0, 0.0
2012-08-10, 0.35, 0.4, 0.35, 0.35, 19000.0, 0.35, 0.0, 0.0, 0.0, 0.0, 0.0, 0.0
2012-08-13, 0.35, 0.4, 0.35, 0.4, 5500.0, 0.4, 0.0, 0.0, 0.0, 0.0, 0.0, 0.0
2012-08-14, 0.35, 0.4, 0.35, 0.35, 2600.0, 0.35, 0.0, 0.0, 0.0, 0.0, 0.0, 0.0
2012-08-15, 0.35, 0.4, 0.35, 0.4, 1500.0, 0.4, 0.0, 0.0, 0.0, 0.0, 0.0, 0.0
2012-08-16, 0.4, 0.4, 0.3, 0.39, 8100.0, 0.39, 0.0, 0.0, 0.0, 0.0, 0.0, 0.0
2012-08-17, 0.39, 0.39, 0.3, 0.39, 1000.0, 0.39, 0.0, 0.0, 0.0, 0.0, 0.0, 0.0
2012-08-20, 0.22, 0.4, 0.22, 0.3, 14400.0, 0.3, 0.0, 0.0, 0.0, 0.0, 0.0, 0.0
2012-08-21, 0.26, 0.26, 0.25, 0.25, 4000.0, 0.25, 0.0, 0.0, 0.0, 0.0, 0.0, 0.0
2012-08-22, 0.25, 0.4, 0.22, 0.4, 1300.0, 0.4, 0.0, 0.0, 0.0, 0.0, 0.0, 0.0
2012-08-23, 0.4, 0.4, 0.4, 0.4, 100.0, 0.4, 0.0, 0.0, 0.0, 0.0, 0.0, 0.0
2012-08-24, 0.35, 0.4, 0.22, 0.4, 7200.0, 0.4, 0.0, 0.0, 0.0, 0.0, 0.0, 0.0
2012-08-27, 0.22, 0.4, 0.22, 0.25, 2200.0, 0.25, 0.0, 0.0, 0.0, 0.0, 0.0, 0.0
2012-08-28, 0.24, 0.25, 0.24, 0.25, 4900.0, 0.25, 0.0, 0.0, 0.0, 0.0, 0.0, 0.0
2012-08-29, 0.25, 0.25, 0.24, 0.24, 800.0, 0.24, 0.0, 0.0, 0.0, 0.0, 0.0, 0.0
2012-08-30, 0.3, 0.3, 0.3, 0.3, 9900.0, 0.3, 0.0, 0.0, 0.0, 0.0, 0.0, 0.0
2012-08-31, 0.25, 0.35, 0.25, 0.25, 9100.0, 0.25, 0.0, 0.0, 0.0, 0.0, 0.0, 0.0
2012-09-04, 0.35, 0.35, 0.35, 0.35, 2000.0, 0.35, 0.0, 0.0, 0.0, 0.0, 0.0, 0.0
2012-09-05, 0.35, 0.35, 0.24, 0.24, 2300.0, 0.24, 0.0, 0.0, 0.0, 0.0, 0.0, 0.0
2012-09-06, 0.24, 0.35, 0.24, 0.35, 4600.0, 0.35, 0.0, 0.0, 0.0, 0.0, 0.0, 0.0
2012-09-07, 0.24, 0.35, 0.24, 0.35, 6400.0, 0.35, 0.0, 0.0, 0.0, 0.0, 0.0, 0.0
2012-09-10, 0.35, 0.35, 0.24, 0.24, 6200.0, 0.24, 0.0, 0.0, 0.0, 0.0, 0.0, 0.0
2012-09-11, 0.24, 0.34, 0.24, 0.33, 3400.0, 0.33, 0.0, 0.0, 0.0, 0.0, 0.0, 0.0
2012-09-12, 0.33, 0.33, 0.24, 0.24, 4700.0, 0.24, 0.0, 0.0, 0.0, 0.0, 0.0, 0.0
2012-09-13, 0.33, 0.33, 0.25, 0.31, 13500.0, 0.31, 0.0, 0.0, 0.0, 0.0, 0.0, 0.0
2012-09-14, 0.26, 0.3, 0.26, 0.3, 11600.0, 0.3, 0.0, 0.0, 0.0, 0.0, 0.0, 0.0
2012-09-17, 0.25, 0.3, 0.25, 0.26, 35500.0, 0.26, 0.0, 0.0, 0.0, 0.0, 0.0, 0.0
2012-09-18, 0.26, 0.26, 0.26, 0.26, 700.0, 0.26, 0.0, 0.0, 0.0, 0.0, 0.0, 0.0
2012-09-19, 0.26, 0.3, 0.22, 0.3, 26600.0, 0.3, 0.0, 0.0, 0.0, 0.0, 0.0, 0.0
2012-09-20, 0.25, 0.25, 0.22, 0.25, 33100.0, 0.25, 0.0, 0.0, 0.0, 0.0, 0.0, 0.0
2012-09-21, 0.23, 0.29, 0.23, 0.24, 4400.0, 0.24, 0.0, 0.0, 0.0, 0.0, 0.0, 0.0
2012-09-24, 0.24, 0.27, 0.24, 0.24, 15900.0, 0.24, 0.0, 0.0, 0.0, 0.0, 0.0, 0.0
2012-09-25, 0.24, 0.24, 0.24, 0.24, 7300.0, 0.24, 0.0, 0.0, 0.0, 0.0, 0.0, 0.0
2012-09-26, 0.24, 0.24, 0.24, 0.24, 400.0, 0.24, 0.0, 0.0, 0.0, 0.0, 0.0, 0.0
2012-09-27, 0.24, 0.24, 0.24, 0.24, 900.0, 0.24, 0.0, 0.0, 0.0, 0.0, 0.0, 0.0
2012-09-28, 0.24, 0.26, 0.24, 0.24, 13500.0, 0.24, 0.0, 0.0, 0.0, 0.0, 0.0, 0.0
2012-10-01, 0.24, 0.24, 0.23, 0.23, 1800.0, 0.23, 0.0, 0.0, 0.0, 0.0, 0.0, 0.0
2012-10-02, 0.26, 0.27, 0.22, 0.24, 28600.0, 0.24, 0.0, 0.0, 0.0, 0.0, 0.0, 0.0
2012-10-03, 0.24, 0.24, 0.21, 0.21, 6600.0, 0.21, 0.0, 0.0, 0.0, 0.0, 0.0, 0.0
2012-10-04, 0.21, 0.23, 0.21, 0.21, 15700.0, 0.21, 0.0, 0.0, 0.0, 0.0, 0.0, 0.0
2012-10-05, 0.21, 0.21, 0.21, 0.21, 7800.0, 0.21, 0.0, 0.0, 0.0, 0.0, 0.0, 0.0
2012-10-08, 0.21, 0.22, 0.21, 0.22, 2000.0, 0.22, 0.0, 0.0, 0.0, 0.0, 0.0, 0.0
2012-10-09, 0.21, 0.23, 0.21, 0.23, 5200.0, 0.23, 0.0, 0.0, 0.0, 0.0, 0.0, 0.0
2012-10-10, 0.21, 0.21, 0.21, 0.21, 1600.0, 0.21, 0.0, 0.0, 0.0, 0.0, 0.0, 0.0
2012-10-11, 0.21, 0.21, 0.14, 0.2, 52500.0, 0.2, 0.0, 0.0, 0.0, 0.0, 0.0, 0.0
2012-10-12, 0.16, 0.17, 0.16, 0.17, 4900.0, 0.17, 0.0, 0.0, 0.0, 0.0, 0.0, 0.0
2012-10-15, 0.16, 0.17, 0.14, 0.15, 40800.0, 0.15, 0.0, 0.0, 0.0, 0.0, 0.0, 0.0
2012-10-16, 0.17, 0.17, 0.17, 0.17, 35400.0, 0.17, 0.0, 0.0, 0.0, 0.0, 0.0, 0.0
2012-10-17, 0.17, 0.17, 0.17, 0.17, 6400.0, 0.17, 0.0, 0.0, 0.0, 0.0, 0.0, 0.0
2012-10-18, 0.17, 0.17, 0.17, 0.17, 18700.0, 0.17, 0.0, 0.0, 0.0, 0.0, 0.0, 0.0
2012-10-19, 0.16, 0.16, 0.16, 0.16, 5000.0, 0.16, 0.0, 0.0, 0.0, 0.0, 0.0, 0.0
2012-10-22, 0.16, 0.16, 0.16, 0.16, 500.0, 0.16, 0.0, 0.0, 0.0, 0.0, 0.0, 0.0
2012-10-23, 0.16, 0.16, 0.12, 0.12, 17100.0, 0.12, 0.0, 0.0, 0.0, 0.0, 0.0, 0.0
2012-10-24, 0.16, 0.16, 0.13, 0.13, 1500.0, 0.13, 0.0, 0.0, 0.0, 0.0, 0.0, 0.0
2012-10-25, 0.09, 0.15, 0.09, 0.1, 9500.0, 0.1, 0.0, 0.0, 0.0, 0.0, 0.0, 0.0
2012-10-26, 0.12, 0.12, 0.12, 0.12, 9300.0, 0.12, 0.0, 0.0, 0.0, 0.0, 0.0, 0.0
2012-10-31, 0.12, 0.12, 0.1, 0.1, 12100.0, 0.1, 0.0, 0.0, 0.0, 0.0, 0.0, 0.0
2012-11-01, 0.12, 0.12, 0.1, 0.1, 6700.0, 0.1, 0.0, 0.0, 0.0, 0.0, 0.0, 0.0
2012-11-02, 0.11, 0.15, 0.11, 0.14, 11900.0, 0.14, 0.0, 0.0, 0.0, 0.0, 0.0, 0.0
2012-11-05, 0.15, 0.15, 0.11, 0.12, 1500.0, 0.12, 0.0, 0.0, 0.0, 0.0, 0.0, 0.0
2012-11-06, 0.11, 0.13, 0.11, 0.13, 15500.0, 0.13, 0.0, 0.0, 0.0, 0.0, 0.0, 0.0
2012-11-07, 0.13, 0.15, 0.13, 0.13, 3500.0, 0.13, 0.0, 0.0, 0.0, 0.0, 0.0, 0.0
2012-11-08, 0.13, 0.13, 0.13, 0.13, 40900.0, 0.13, 0.0, 0.0, 0.0, 0.0, 0.0, 0.0
2012-11-09, 0.11, 0.15, 0.11, 0.15, 2100.0, 0.15, 0.0, 0.0, 0.0, 0.0, 0.0, 0.0
2012-11-12, 0.17, 0.17, 0.17, 0.17, 100.0, 0.17, 0.0, 0.0, 0.0, 0.0, 0.0, 0.0
2012-11-13, 0.17, 0.17, 0.15, 0.15, 12400.0, 0.15, 0.0, 0.0, 0.0, 0.0, 0.0, 0.0
2012-11-14, 0.13, 0.17, 0.13, 0.17, 11300.0, 0.17, 0.0, 0.0, 0.0, 0.0, 0.0, 0.0
2012-11-15, 0.13, 0.13, 0.13, 0.13, 2800.0, 0.13, 0.0, 0.0, 0.0, 0.0, 0.0, 0.0
2012-11-16, 0.13, 0.17, 0.13, 0.17, 2700.0, 0.17, 0.0, 0.0, 0.0, 0.0, 0.0, 0.0
2012-11-19, 0.13, 0.17, 0.13, 0.17, 3700.0, 0.17, 0.0, 0.0, 0.0, 0.0, 0.0, 0.0
2012-11-20, 0.15, 0.15, 0.15, 0.15, 200.0, 0.15, 0.0, 0.0, 0.0, 0.0, 0.0, 0.0
2012-11-21, 0.16, 0.16, 0.13, 0.15, 2800.0, 0.15, 0.0, 0.0, 0.0, 0.0, 0.0, 0.0
2012-11-23, 0.14, 0.17, 0.14, 0.17, 1500.0, 0.17, 0.0, 0.0, 0.0, 0.0, 0.0, 0.0
2012-11-26, 0.17, 0.17, 0.15, 0.15, 1400.0, 0.15, 0.0, 0.0, 0.0, 0.0, 0.0, 0.0
2012-11-27, 0.14, 0.17, 0.14, 0.15, 14700.0, 0.15, 0.0, 0.0, 0.0, 0.0, 0.0, 0.0
2012-11-28, 0.14, 0.15, 0.14, 0.15, 7200.0, 0.15, 0.0, 0.0, 0.0, 0.0, 0.0, 0.0
2012-11-29, 0.14, 0.17, 0.14, 0.17, 2800.0, 0.17, 0.0, 0.0, 0.0, 0.0, 0.0, 0.0
2012-11-30, 0.2, 0.2, 0.13, 0.13, 4200.0, 0.13, 0.0, 0.0, 0.0, 0.0, 0.0, 0.0
2012-12-03, 0.13, 0.13, 0.13, 0.13, 10800.0, 0.13, 0.0, 0.0, 0.0, 0.0, 0.0, 0.0
2012-12-04, 0.11, 0.13, 0.11, 0.13, 8100.0, 0.13, 0.0, 0.0, 0.0, 0.0, 0.0, 0.0
2012-12-05, 0.17, 0.17, 0.15, 0.15, 900.0, 0.15, 0.0, 0.0, 0.0, 0.0, 0.0, 0.0
2012-12-06, 0.11, 0.11, 0.11, 0.11, 3300.0, 0.11, 0.0, 0.0, 0.0, 0.0, 0.0, 0.0
2012-12-07, 0.11, 0.17, 0.11, 0.17, 3700.0, 0.17, 0.0, 0.0, 0.0, 0.0, 0.0, 0.0
2012-12-10, 0.16, 0.17, 0.11, 0.14, 15300.0, 0.14, 0.0, 0.0, 0.0, 0.0, 0.0, 0.0
2012-12-11, 0.11, 0.14, 0.11, 0.14, 4300.0, 0.14, 0.0, 0.0, 0.0, 0.0, 0.0, 0.0
2012-12-12, 0.12, 0.12, 0.12, 0.12, 1100.0, 0.12, 0.0, 0.0, 0.0, 0.0, 0.0, 0.0
2012-12-13, 0.12, 0.12, 0.12, 0.12, 2000.0, 0.12, 0.0, 0.0, 0.0, 0.0, 0.0, 0.0
2012-12-14, 0.12, 0.12, 0.12, 0.12, 3600.0, 0.12, 0.0, 0.0, 0.0, 0.0, 0.0, 0.0
2012-12-17, 0.12, 0.12, 0.12, 0.12, 15000.0, 0.12, 0.0, 0.0, 0.0, 0.0, 0.0, 0.0
2012-12-18, 0.11, 0.12, 0.11, 0.11, 5200.0, 0.11, 0.0, 0.0, 0.0, 0.0, 0.0, 0.0
2012-12-19, 0.11, 0.11, 0.11, 0.11, 1800.0, 0.11, 0.0, 0.0, 0.0, 0.0, 0.0, 0.0
2012-12-20, 0.11, 0.12, 0.11, 0.12, 5100.0, 0.12, 0.0, 0.0, 0.0, 0.0, 0.0, 0.0
2012-12-21, 0.12, 0.12, 0.11, 0.11, 17700.0, 0.11, 0.0, 0.0, 0.0, 0.0, 0.0, 0.0
2012-12-24, 0.11, 0.12, 0.11, 0.11, 4500.0, 0.11, 0.0, 0.0, 0.0, 0.0, 0.0, 0.0
2012-12-26, 0.13, 0.13, 0.11, 0.11, 46000.0, 0.11, 0.0, 0.0, 0.0, 0.0, 0.0, 0.0
2012-12-27, 0.11, 0.11, 0.11, 0.11, 1200.0, 0.11, 0.0, 0.0, 0.0, 0.0, 0.0, 0.0
2012-12-28, 0.11, 0.11, 0.11, 0.11, 20300.0, 0.11, 0.0, 0.0, 0.0, 0.0, 0.0, 0.0
2012-12-31, 0.11, 0.13, 0.11, 0.11, 9100.0, 0.11, 0.0, 0.0, 0.0, 0.0, 0.0, 0.0
2013-01-02, 0.11, 0.13, 0.11, 0.13, 5200.0, 0.13, 0.0, 0.0, 0.0, 0.0, 0.0, 0.0
2013-01-03, 0.1, 0.13, 0.09, 0.13, 38400.0, 0.13, 0.0, 0.0, 0.0, 0.0, 0.0, 0.0
2013-01-04, 0.13, 0.13, 0.13, 0.13, 0.0, 0.13, 0.0, 0.0, 0.0, 0.0, 0.0, 0.0
2013-01-07, 0.14, 0.14, 0.14, 0.14, 10000.0, 0.14, 0.0, 0.0, 0.0, 0.0, 0.0, 0.0
2013-01-08, 0.14, 0.14, 0.14, 0.14, 200.0, 0.14, 0.0, 0.0, 0.0, 0.0, 0.0, 0.0
2013-01-09, 0.14, 0.14, 0.14, 0.14, 4000.0, 0.14, 0.0, 0.0, 0.0, 0.0, 0.0, 0.0
2013-01-10, 0.12, 0.14, 0.1, 0.1, 4600.0, 0.1, 0.0, 0.0, 0.0, 0.0, 0.0, 0.0
2013-01-11, 0.11, 0.12, 0.11, 0.11, 13800.0, 0.11, 0.0, 0.0, 0.0, 0.0, 0.0, 0.0
2013-01-14, 0.11, 0.11, 0.11, 0.11, 2100.0, 0.11, 0.0, 0.0, 0.0, 0.0, 0.0, 0.0
2013-01-15, 0.11, 0.11, 0.11, 0.11, 1400.0, 0.11, 0.0, 0.0, 0.0, 0.0, 0.0, 0.0
2013-01-16, 0.11, 0.11, 0.11, 0.11, 3900.0, 0.11, 0.0, 0.0, 0.0, 0.0, 0.0, 0.0
2013-01-17, 0.11, 0.12, 0.11, 0.12, 25500.0, 0.12, 0.0, 0.0, 0.0, 0.0, 0.0, 0.0
2013-01-18, 0.11, 0.12, 0.11, 0.12, 27800.0, 0.12, 0.0, 0.0, 0.0, 0.0, 0.0, 0.0
2013-01-22, 0.13, 0.13, 0.11, 0.11, 16900.0, 0.11, 0.0, 0.0, 0.0, 0.0, 0.0, 0.0
2013-01-23, 0.11, 0.11, 0.1, 0.1, 28900.0, 0.1, 0.0, 0.0, 0.0, 0.0, 0.0, 0.0
2013-01-24, 0.1, 0.11, 0.1, 0.1, 26900.0, 0.1, 0.0, 0.0, 0.0, 0.0, 0.0, 0.0
2013-01-25, 0.1, 0.11, 0.1, 0.1, 26300.0, 0.1, 0.0, 0.0, 0.0, 0.0, 0.0, 0.0
2013-01-28, 0.13, 0.13, 0.13, 0.13, 9300.0, 0.13, 0.0, 0.0, 0.0, 0.0, 0.0, 0.0
2013-01-29, 0.1, 0.13, 0.1, 0.11, 120500.0, 0.11, 0.0, 0.0, 0.0, 0.0, 0.0, 0.0
2013-01-30, 0.1, 0.11, 0.1, 0.1, 28200.0, 0.1, 0.0, 0.0, 0.0, 0.0, 0.0, 0.0
2013-01-31, 0.1, 0.11, 0.1, 0.1, 13400.0, 0.1, 0.0, 0.0, 0.0, 0.0, 0.0, 0.0
2013-02-01, 0.1, 0.1, 0.1, 0.1, 26100.0, 0.1, 0.0, 0.0, 0.0, 0.0, 0.0, 0.0
2013-02-04, 0.11, 0.11, 0.11, 0.11, 11000.0, 0.11, 0.0, 0.0, 0.0, 0.0, 0.0, 0.0
2013-02-05, 0.1, 0.1, 0.1, 0.1, 13800.0, 0.1, 0.0, 0.0, 0.0, 0.0, 0.0, 0.0
2013-02-06, 0.1, 0.1, 0.1, 0.1, 7200.0, 0.1, 0.0, 0.0, 0.0, 0.0, 0.0, 0.0
2013-02-07, 0.11, 0.11, 0.1, 0.1, 13000.0, 0.1, 0.0, 0.0, 0.0, 0.0, 0.0, 0.0
2013-02-08, 0.09, 0.09, 0.09, 0.09, 1000.0, 0.09, 0.0, 0.0, 0.0, 0.0, 0.0, 0.0
2013-02-11, 0.09, 0.09, 0.09, 0.09, 1700.0, 0.09, 0.0, 0.0, 0.0, 0.0, 0.0, 0.0
2013-02-12, 0.09, 0.09, 0.09, 0.09, 11900.0, 0.09, 0.0, 0.0, 0.0, 0.0, 0.0, 0.0
2013-02-13, 0.09, 0.09, 0.09, 0.09, 0.0, 0.09, 0.0, 0.0, 0.0, 0.0, 0.0, 0.0
2013-02-14, 0.09, 0.09, 0.09, 0.09, 4800.0, 0.09, 0.0, 0.0, 0.0, 0.0, 0.0, 0.0
2013-02-15, 0.09, 0.09, 0.08, 0.08, 28400.0, 0.08, 0.0, 0.0, 0.0, 0.0, 0.0, 0.0
2013-02-19, 0.09, 0.1, 0.09, 0.09, 16700.0, 0.09, 0.0, 0.0, 0.0, 0.0, 0.0, 0.0
2013-02-20, 0.09, 0.09, 0.09, 0.09, 15800.0, 0.09, 0.0, 0.0, 0.0, 0.0, 0.0, 0.0
2013-02-21, 0.09, 0.09, 0.09, 0.09, 12200.0, 0.09, 0.0, 0.0, 0.0, 0.0, 0.0, 0.0
2013-02-22, 0.09, 0.09, 0.09, 0.09, 17000.0, 0.09, 0.0, 0.0, 0.0, 0.0, 0.0, 0.0
2013-02-25, 0.09, 0.09, 0.09, 0.09, 0.0, 0.09, 0.0, 0.0, 0.0, 0.0, 0.0, 0.0
2013-02-26, 0.09, 0.09, 0.09, 0.09, 0.0, 0.09, 0.0, 0.0, 0.0, 0.0, 0.0, 0.0
2013-02-27, 0.09, 0.09, 0.09, 0.09, 7000.0, 0.09, 0.0, 0.0, 0.0, 0.0, 0.0, 0.0
2013-02-28, 0.09, 0.09, 0.09, 0.09, 5200.0, 0.09, 0.0, 0.0, 0.0, 0.0, 0.0, 0.0
2013-03-01, 0.09, 0.09, 0.09, 0.09, 1500.0, 0.09, 0.0, 0.0, 0.0, 0.0, 0.0, 0.0
2013-03-04, 0.09, 0.1, 0.09, 0.1, 800.0, 0.1, 0.0, 0.0, 0.0, 0.0, 0.0, 0.0
2013-03-05, 0.08, 0.1, 0.08, 0.1, 22800.0, 0.1, 0.0, 0.0, 0.0, 0.0, 0.0, 0.0
2013-03-06, 0.08, 0.1, 0.08, 0.1, 10100.0, 0.1, 0.0, 0.0, 0.0, 0.0, 0.0, 0.0
2013-03-07, 0.1, 0.1, 0.1, 0.1, 0.0, 0.1, 0.0, 0.0, 0.0, 0.0, 0.0, 0.0
2013-03-08, 0.1, 0.1, 0.08, 0.08, 1900.0, 0.08, 0.0, 0.0, 0.0, 0.0, 0.0, 0.0
2013-03-11, 0.08, 0.08, 0.08, 0.08, 5000.0, 0.08, 0.0, 0.0, 0.0, 0.0, 0.0, 0.0
2013-03-12, 0.08, 0.1, 0.08, 0.08, 5700.0, 0.08, 0.0, 0.0, 0.0, 0.0, 0.0, 0.0
2013-03-13, 0.08, 0.08, 0.08, 0.08, 6200.0, 0.08, 0.0, 0.0, 0.0, 0.0, 0.0, 0.0
2013-03-14, 0.08, 0.08, 0.08, 0.08, 2700.0, 0.08, 0.0, 0.0, 0.0, 0.0, 0.0, 0.0
2013-03-15, 0.08, 0.08, 0.08, 0.08, 10000.0, 0.08, 0.0, 0.0, 0.0, 0.0, 0.0, 0.0
2013-03-18, 0.08, 0.08, 0.08, 0.08, 3000.0, 0.08, 0.0, 0.0, 0.0, 0.0, 0.0, 0.0
2013-03-19, 0.08, 0.08, 0.08, 0.08, 8800.0, 0.08, 0.0, 0.0, 0.0, 0.0, 0.0, 0.0
2013-03-20, 0.09, 0.09, 0.09, 0.09, 1000.0, 0.09, 0.0, 0.0, 0.0, 0.0, 0.0, 0.0
2013-03-21, 0.08, 0.08, 0.08, 0.08, 3000.0, 0.08, 0.0, 0.0, 0.0, 0.0, 0.0, 0.0
2013-03-22, 0.08, 0.08, 0.08, 0.08, 5500.0, 0.08, 0.0, 0.0, 0.0, 0.0, 0.0, 0.0
2013-03-25, 0.08, 0.08, 0.08, 0.08, 0.0, 0.08, 0.0, 0.0, 0.0, 0.0, 0.0, 0.0
2013-03-26, 0.08, 0.08, 0.08, 0.08, 0.0, 0.08, 0.0, 0.0, 0.0, 0.0, 0.0, 0.0
2013-03-27, 0.08, 0.08, 0.08, 0.08, 4400.0, 0.08, 0.0, 0.0, 0.0, 0.0, 0.0, 0.0
2013-03-28, 0.08, 0.08, 0.08, 0.08, 7100.0, 0.08, 0.0, 0.0, 0.0, 0.0, 0.0, 0.0
2013-04-01, 0.08, 0.08, 0.08, 0.08, 0.0, 0.08, 0.0, 0.0, 0.0, 0.0, 0.0, 0.0
2013-04-02, 0.08, 0.09, 0.08, 0.08, 21100.0, 0.08, 0.0, 0.0, 0.0, 0.0, 0.0, 0.0
2013-04-03, 0.08, 0.08, 0.08, 0.08, 8100.0, 0.08, 0.0, 0.0, 0.0, 0.0, 0.0, 0.0
2013-04-04, 0.08, 0.08, 0.08, 0.08, 6500.0, 0.08, 0.0, 0.0, 0.0, 0.0, 0.0, 0.0
2013-04-05, 0.08, 0.08, 0.08, 0.08, 300.0, 0.08, 0.0, 0.0, 0.0, 0.0, 0.0, 0.0
2013-04-08, 0.08, 0.08, 0.08, 0.08, 5000.0, 0.08, 0.0, 0.0, 0.0, 0.0, 0.0, 0.0
2013-04-09, 0.08, 0.08, 0.08, 0.08, 2700.0, 0.08, 0.0, 0.0, 0.0, 0.0, 0.0, 0.0
2013-04-10, 0.08, 0.08, 0.08, 0.08, 8200.0, 0.08, 0.0, 0.0, 0.0, 0.0, 0.0, 0.0
2013-04-11, 0.08, 0.08, 0.08, 0.08, 600.0, 0.08, 0.0, 0.0, 0.0, 0.0, 0.0, 0.0
2013-04-12, 0.08, 0.08, 0.08, 0.08, 4200.0, 0.08, 0.0, 0.0, 0.0, 0.0, 0.0, 0.0
2013-04-15, 0.08, 0.08, 0.08, 0.08, 8800.0, 0.08, 0.0, 0.0, 0.0, 0.0, 0.0, 0.0
2013-04-16, 0.08, 0.08, 0.08, 0.08, 0.0, 0.08, 0.0, 0.0, 0.0, 0.0, 0.0, 0.0
2013-04-17, 0.08, 0.08, 0.08, 0.08, 5900.0, 0.08, 0.0, 0.0, 0.0, 0.0, 0.0, 0.0
2013-04-18, 0.11, 0.11, 0.1, 0.1, 20000.0, 0.1, 0.0, 0.0, 0.0, 0.0, 0.0, 0.0
2013-04-19, 0.08, 0.08, 0.08, 0.08, 10100.0, 0.08, 0.0, 0.0, 0.0, 0.0, 0.0, 0.0
2013-04-22, 0.08, 0.08, 0.08, 0.08, 4200.0, 0.08, 0.0, 0.0, 0.0, 0.0, 0.0, 0.0
2013-04-23, 0.07, 0.07, 0.07, 0.07, 400.0, 0.07, 0.0, 0.0, 0.0, 0.0, 0.0, 0.0
2013-04-24, 0.07, 0.07, 0.07, 0.07, 5500.0, 0.07, 0.0, 0.0, 0.0, 0.0, 0.0, 0.0
2013-04-25, 0.07, 0.07, 0.07, 0.07, 3000.0, 0.07, 0.0, 0.0, 0.0, 0.0, 0.0, 0.0
2013-04-26, 0.07, 0.07, 0.07, 0.07, 0.0, 0.07, 0.0, 0.0, 0.0, 0.0, 0.0, 0.0
2013-04-29, 0.07, 0.07, 0.07, 0.07, 2300.0, 0.07, 0.0, 0.0, 0.0, 0.0, 0.0, 0.0
2013-04-30, 0.07, 0.07, 0.07, 0.07, 3000.0, 0.07, 0.0, 0.0, 0.0, 0.0, 0.0, 0.0
2013-05-01, 0.07, 0.08, 0.07, 0.08, 3000.0, 0.08, 0.0, 0.0, 0.0, 0.0, 0.0, 0.0
2013-05-02, 0.08, 0.08, 0.08, 0.08, 0.0, 0.08, 0.0, 0.0, 0.0, 0.0, 0.0, 0.0
2013-05-03, 0.08, 0.08, 0.08, 0.08, 0.0, 0.08, 0.0, 0.0, 0.0, 0.0, 0.0, 0.0
2013-05-06, 0.07, 0.07, 0.07, 0.07, 900.0, 0.07, 0.0, 0.0, 0.0, 0.0, 0.0, 0.0
2013-05-07, 0.07, 0.07, 0.07, 0.07, 800.0, 0.07, 0.0, 0.0, 0.0, 0.0, 0.0, 0.0
2013-05-08, 0.07, 0.07, 0.07, 0.07, 3700.0, 0.07, 0.0, 0.0, 0.0, 0.0, 0.0, 0.0
2013-05-09, 0.07, 0.07, 0.07, 0.07, 700.0, 0.07, 0.0, 0.0, 0.0, 0.0, 0.0, 0.0
2013-05-10, 0.07, 0.07, 0.07, 0.07, 0.0, 0.07, 0.0, 0.0, 0.0, 0.0, 0.0, 0.0
2013-05-13, 0.07, 0.07, 0.07, 0.07, 0.0, 0.07, 0.0, 0.0, 0.0, 0.0, 0.0, 0.0
2013-05-14, 0.07, 0.07, 0.07, 0.07, 26100.0, 0.07, 0.0, 0.0, 0.0, 0.0, 0.0, 0.0
2013-05-15, 0.07, 0.07, 0.07, 0.07, 400.0, 0.07, 0.0, 0.0, 0.0, 0.0, 0.0, 0.0
2013-05-16, 0.07, 0.07, 0.07, 0.07, 2400.0, 0.07, 0.0, 0.0, 0.0, 0.0, 0.0, 0.0
2013-05-17, 0.07, 0.07, 0.07, 0.07, 3500.0, 0.07, 0.0, 0.0, 0.0, 0.0, 0.0, 0.0
2013-05-20, 0.07, 0.08, 0.07, 0.07, 26600.0, 0.07, 0.0, 0.0, 0.0, 0.0, 0.0, 0.0
2013-05-21, 0.07, 0.07, 0.07, 0.07, 0.0, 0.07, 0.0, 0.0, 0.0, 0.0, 0.0, 0.0
2013-05-22, 0.07, 0.08, 0.07, 0.07, 7100.0, 0.07, 0.0, 0.0, 0.0, 0.0, 0.0, 0.0
2013-05-23, 0.07, 0.07, 0.07, 0.07, 11700.0, 0.07, 0.0, 0.0, 0.0, 0.0, 0.0, 0.0
2013-05-24, 0.07, 0.07, 0.07, 0.07, 16400.0, 0.07, 0.0, 0.0, 0.0, 0.0, 0.0, 0.0
2013-05-28, 0.07, 0.07, 0.06, 0.06, 4400.0, 0.06, 0.0, 0.0, 0.0, 0.0, 0.0, 0.0
2013-05-29, 0.06, 0.06, 0.06, 0.06, 6000.0, 0.06, 0.0, 0.0, 0.0, 0.0, 0.0, 0.0
2013-05-30, 0.06, 0.06, 0.06, 0.06, 2600.0, 0.06, 0.0, 0.0, 0.0, 0.0, 0.0, 0.0
2013-05-31, 0.05, 0.06, 0.05, 0.05, 5900.0, 0.05, 0.0, 0.0, 0.0, 0.0, 0.0, 0.0
2013-06-03, 0.05, 0.06, 0.05, 0.06, 40500.0, 0.06, 0.0, 0.0, 0.0, 0.0, 0.0, 0.0
2013-06-04, 0.05, 0.05, 0.05, 0.05, 9900.0, 0.05, 0.0, 0.0, 0.0, 0.0, 0.0, 0.0
2013-06-05, 0.05, 0.05, 0.05, 0.05, 4500.0, 0.05, 0.0, 0.0, 0.0, 0.0, 0.0, 0.0
2013-06-06, 0.05, 0.05, 0.05, 0.05, 1500.0, 0.05, 0.0, 0.0, 0.0, 0.0, 0.0, 0.0
2013-06-07, 0.05, 0.05, 0.05, 0.05, 100.0, 0.05, 0.0, 0.0, 0.0, 0.0, 0.0, 0.0
2013-06-10, 0.05, 0.06, 0.05, 0.06, 30200.0, 0.06, 0.0, 0.0, 0.0, 0.0, 0.0, 0.0
2013-06-11, 0.05, 0.05, 0.05, 0.05, 10200.0, 0.05, 0.0, 0.0, 0.0, 0.0, 0.0, 0.0
2013-06-12, 0.05, 0.05, 0.05, 0.05, 6000.0, 0.05, 0.0, 0.0, 0.0, 0.0, 0.0, 0.0
2013-06-13, 0.05, 0.05, 0.05, 0.05, 400.0, 0.05, 0.0, 0.0, 0.0, 0.0, 0.0, 0.0
2013-06-14, 0.05, 0.05, 0.05, 0.05, 1300.0, 0.05, 0.0, 0.0, 0.0, 0.0, 0.0, 0.0
2013-06-17, 0.05, 0.05, 0.05, 0.05, 7600.0, 0.05, 0.0, 0.0, 0.0, 0.0, 0.0, 0.0
2013-06-18, 0.05, 0.05, 0.05, 0.05, 16300.0, 0.05, 0.0, 0.0, 0.0, 0.0, 0.0, 0.0
2013-06-19, 0.05, 0.05, 0.04, 0.04, 152900.0, 0.04, 0.0, 0.0, 0.0, 0.0, 0.0, 0.0
2013-06-20, 0.04, 0.04, 0.04, 0.04, 0.0, 0.04, 0.0, 0.0, 0.0, 0.0, 0.0, 0.0
2013-06-21, 0.08, 0.08, 0.08, 0.08, 3000.0, 0.08, 0.0, 0.0, 0.0, 0.0, 0.0, 0.0
2013-06-24, 0.04, 0.04, 0.04, 0.04, 12400.0, 0.04, 0.0, 0.0, 0.0, 0.0, 0.0, 0.0
2013-06-25, 0.04, 0.04, 0.04, 0.04, 0.0, 0.04, 0.0, 0.0, 0.0, 0.0, 0.0, 0.0
2013-06-26, 0.04, 0.04, 0.04, 0.04, 0.0, 0.04, 0.0, 0.0, 0.0, 0.0, 0.0, 0.0
2013-06-27, 0.04, 0.04, 0.04, 0.04, 700.0, 0.04, 0.0, 0.0, 0.0, 0.0, 0.0, 0.0
2013-06-28, 0.04, 0.04, 0.04, 0.04, 12200.0, 0.04, 0.0, 0.0, 0.0, 0.0, 0.0, 0.0
2013-07-01, 0.04, 0.05, 0.04, 0.05, 9000.0, 0.05, 0.0, 0.0, 0.0, 0.0, 0.0, 0.0
2013-07-02, 0.05, 0.05, 0.05, 0.05, 1000.0, 0.05, 0.0, 0.0, 0.0, 0.0, 0.0, 0.0
2013-07-03, 0.05, 0.05, 0.05, 0.05, 0.0, 0.05, 0.0, 0.0, 0.0, 0.0, 0.0, 0.0
2013-07-05, 0.05, 0.05, 0.05, 0.05, 0.0, 0.05, 0.0, 0.0, 0.0, 0.0, 0.0, 0.0
2013-07-08, 0.05, 0.05, 0.05, 0.05, 500.0, 0.05, 0.0, 0.0, 0.0, 0.0, 0.0, 0.0
2013-07-09, 0.05, 0.05, 0.05, 0.05, 10600.0, 0.05, 0.0, 0.0, 0.0, 0.0, 0.0, 0.0
2013-07-10, 0.05, 0.05, 0.05, 0.05, 1000.0, 0.05, 0.0, 0.0, 0.0, 0.0, 0.0, 0.0
2013-07-11, 0.05, 0.05, 0.05, 0.05, 1600.0, 0.05, 0.0, 0.0, 0.0, 0.0, 0.0, 0.0
2013-07-12, 0.05, 0.05, 0.05, 0.05, 0.0, 0.05, 0.0, 0.0, 0.0, 0.0, 0.0, 0.0
2013-07-15, 0.05, 0.05, 0.05, 0.05, 500.0, 0.05, 0.0, 0.0, 0.0, 0.0, 0.0, 0.0
2013-07-16, 0.05, 0.05, 0.05, 0.05, 900.0, 0.05, 0.0, 0.0, 0.0, 0.0, 0.0, 0.0
2013-07-17, 0.05, 0.05, 0.05, 0.05, 700.0, 0.05, 0.0, 0.0, 0.0, 0.0, 0.0, 0.0
2013-07-18, 0.05, 0.05, 0.05, 0.05, 700.0, 0.05, 0.0, 0.0, 0.0, 0.0, 0.0, 0.0
2013-07-19, 0.05, 0.05, 0.05, 0.05, 0.0, 0.05, 0.0, 0.0, 0.0, 0.0, 0.0, 0.0
2013-07-22, 0.05, 0.05, 0.05, 0.05, 2100.0, 0.05, 0.0, 0.0, 0.0, 0.0, 0.0, 0.0
2013-07-23, 0.05, 0.05, 0.05, 0.05, 1000.0, 0.05, 0.0, 0.0, 0.0, 0.0, 0.0, 0.0
2013-07-24, 0.05, 0.05, 0.04, 0.04, 17500.0, 0.04, 0.0, 0.0, 0.0, 0.0, 0.0, 0.0
2013-07-25, 0.04, 0.04, 0.04, 0.04, 2600.0, 0.04, 0.0, 0.0, 0.0, 0.0, 0.0, 0.0
2013-07-26, 0.05, 0.05, 0.05, 0.05, 10000.0, 0.05, 0.0, 0.0, 0.0, 0.0, 0.0, 0.0
2013-07-29, 0.07, 0.07, 0.05, 0.05, 16500.0, 0.05, 0.0, 0.0, 0.0, 0.0, 0.0, 0.0
2013-07-30, 0.05, 0.05, 0.05, 0.05, 200.0, 0.05, 0.0, 0.0, 0.0, 0.0, 0.0, 0.0
2013-07-31, 0.05, 0.05, 0.05, 0.05, 0.0, 0.05, 0.0, 0.0, 0.0, 0.0, 0.0, 0.0
2013-08-01, 0.05, 0.05, 0.05, 0.05, 0.0, 0.05, 0.0, 0.0, 0.0, 0.0, 0.0, 0.0
2013-08-02, 0.05, 0.05, 0.05, 0.05, 9600.0, 0.05, 0.0, 0.0, 0.0, 0.0, 0.0, 0.0
2013-08-05, 0.07, 0.07, 0.05, 0.05, 1500.0, 0.05, 0.0, 0.0, 0.0, 0.0, 0.0, 0.0
2013-08-06, 0.05, 0.05, 0.05, 0.05, 0.0, 0.05, 0.0, 0.0, 0.0, 0.0, 0.0, 0.0
2013-08-07, 0.05, 0.05, 0.05, 0.05, 0.0, 0.05, 0.0, 0.0, 0.0, 0.0, 0.0, 0.0
2013-08-08, 0.05, 0.07, 0.05, 0.05, 12800.0, 0.05, 0.0, 0.0, 0.0, 0.0, 0.0, 0.0
2013-08-09, 0.05, 0.05, 0.05, 0.05, 300.0, 0.05, 0.0, 0.0, 0.0, 0.0, 0.0, 0.0
2013-08-12, 0.05, 0.05, 0.05, 0.05, 8500.0, 0.05, 0.0, 0.0, 0.0, 0.0, 0.0, 0.0
2013-08-13, 0.05, 0.05, 0.05, 0.05, 1700.0, 0.05, 0.0, 0.0, 0.0, 0.0, 0.0, 0.0
2013-08-14, 0.05, 0.05, 0.05, 0.05, 800.0, 0.05, 0.0, 0.0, 0.0, 0.0, 0.0, 0.0
2013-08-15, 0.05, 0.05, 0.05, 0.05, 0.0, 0.05, 0.0, 0.0, 0.0, 0.0, 0.0, 0.0
2013-08-16, 0.05, 0.05, 0.05, 0.05, 300.0, 0.05, 0.0, 0.0, 0.0, 0.0, 0.0, 0.0
2013-08-19, 0.05, 0.05, 0.05, 0.05, 10000.0, 0.05, 0.0, 0.0, 0.0, 0.0, 0.0, 0.0
2013-08-20, 0.05, 0.05, 0.05, 0.05, 0.0, 0.05, 0.0, 0.0, 0.0, 0.0, 0.0, 0.0
2013-08-21, 0.05, 0.05, 0.05, 0.05, 4000.0, 0.05, 0.0, 0.0, 0.0, 0.0, 0.0, 0.0
2013-08-22, 0.05, 0.05, 0.05, 0.05, 0.0, 0.05, 0.0, 0.0, 0.0, 0.0, 0.0, 0.0
2013-08-23, 0.05, 0.05, 0.05, 0.05, 0.0, 0.05, 0.0, 0.0, 0.0, 0.0, 0.0, 0.0
2013-08-26, 0.05, 0.05, 0.05, 0.05, 4800.0, 0.05, 0.0, 0.0, 0.0, 0.0, 0.0, 0.0
2013-08-27, 0.05, 0.05, 0.05, 0.05, 0.0, 0.05, 0.0, 0.0, 0.0, 0.0, 0.0, 0.0
2013-08-28, 0.05, 0.05, 0.05, 0.05, 0.0, 0.05, 0.0, 0.0, 0.0, 0.0, 0.0, 0.0
2013-08-29, 0.05, 0.05, 0.05, 0.05, 0.0, 0.05, 0.0, 0.0, 0.0, 0.0, 0.0, 0.0
2013-08-30, 0.05, 0.05, 0.05, 0.05, 25300.0, 0.05, 0.0, 0.0, 0.0, 0.0, 0.0, 0.0
2013-09-03, 0.06, 0.06, 0.05, 0.05, 15700.0, 0.05, 0.0, 0.0, 0.0, 0.0, 0.0, 0.0
2013-09-04, 0.05, 0.05, 0.05, 0.05, 0.0, 0.05, 0.0, 0.0, 0.0, 0.0, 0.0, 0.0
2013-09-05, 0.05, 0.05, 0.05, 0.05, 0.0, 0.05, 0.0, 0.0, 0.0, 0.0, 0.0, 0.0
2013-09-06, 0.04, 0.04, 0.04, 0.04, 7300.0, 0.04, 0.0, 0.0, 0.0, 0.0, 0.0, 0.0
2013-09-09, 0.04, 0.04, 0.04, 0.04, 2000.0, 0.04, 0.0, 0.0, 0.0, 0.0, 0.0, 0.0
2013-09-10, 0.04, 0.04, 0.04, 0.04, 3800.0, 0.04, 0.0, 0.0, 0.0, 0.0, 0.0, 0.0
2013-09-11, 0.04, 0.04, 0.04, 0.04, 11000.0, 0.04, 0.0, 0.0, 0.0, 0.0, 0.0, 0.0
2013-09-12, 0.04, 0.06, 0.04, 0.06, 2100.0, 0.06, 0.0, 0.0, 0.0, 0.0, 0.0, 0.0
2013-09-13, 0.04, 0.04, 0.04, 0.04, 500.0, 0.04, 0.0, 0.0, 0.0, 0.0, 0.0, 0.0
2013-09-16, 0.04, 0.04, 0.04, 0.04, 0.0, 0.04, 0.0, 0.0, 0.0, 0.0, 0.0, 0.0
2013-09-17, 0.04, 0.04, 0.04, 0.04, 0.0, 0.04, 0.0, 0.0, 0.0, 0.0, 0.0, 0.0
2013-09-18, 0.04, 0.04, 0.04, 0.04, 2400.0, 0.04, 0.0, 0.0, 0.0, 0.0, 0.0, 0.0
2013-09-19, 0.04, 0.04, 0.04, 0.04, 0.0, 0.04, 0.0, 0.0, 0.0, 0.0, 0.0, 0.0
2013-09-20, 0.04, 0.04, 0.04, 0.04, 2000.0, 0.04, 0.0, 0.0, 0.0, 0.0, 0.0, 0.0
2013-09-23, 0.04, 0.04, 0.04, 0.04, 200.0, 0.04, 0.0, 0.0, 0.0, 0.0, 0.0, 0.0
2013-09-24, 0.04, 0.04, 0.04, 0.04, 0.0, 0.04, 0.0, 0.0, 0.0, 0.0, 0.0, 0.0
2013-09-25, 0.04, 0.04, 0.04, 0.04, 10800.0, 0.04, 0.0, 0.0, 0.0, 0.0, 0.0, 0.0
2013-09-26, 0.04, 0.04, 0.04, 0.04, 2900.0, 0.04, 0.0, 0.0, 0.0, 0.0, 0.0, 0.0
2013-09-27, 0.04, 0.04, 0.04, 0.04, 11600.0, 0.04, 0.0, 0.0, 0.0, 0.0, 0.0, 0.0
2013-09-30, 0.04, 0.04, 0.04, 0.04, 1100.0, 0.04, 0.0, 0.0, 0.0, 0.0, 0.0, 0.0
2013-10-01, 0.04, 0.04, 0.04, 0.04, 0.0, 0.04, 0.0, 0.0, 0.0, 0.0, 0.0, 0.0
2013-10-02, 0.04, 0.04, 0.04, 0.04, 0.0, 0.04, 0.0, 0.0, 0.0, 0.0, 0.0, 0.0
2013-10-03, 0.04, 0.04, 0.04, 0.04, 400.0, 0.04, 0.0, 0.0, 0.0, 0.0, 0.0, 0.0
2013-10-04, 0.04, 0.04, 0.04, 0.04, 8000.0, 0.04, 0.0, 0.0, 0.0, 0.0, 0.0, 0.0
2013-10-07, 0.04, 0.04, 0.04, 0.04, 13800.0, 0.04, 0.0, 0.0, 0.0, 0.0, 0.0, 0.0
2013-10-08, 0.04, 0.04, 0.04, 0.04, 400.0, 0.04, 0.0, 0.0, 0.0, 0.0, 0.0, 0.0
2013-10-09, 0.04, 0.04, 0.04, 0.04, 0.0, 0.04, 0.0, 0.0, 0.0, 0.0, 0.0, 0.0
2013-10-10, 0.04, 0.04, 0.04, 0.04, 3000.0, 0.04, 0.0, 0.0, 0.0, 0.0, 0.0, 0.0
2013-10-11, 0.04, 0.04, 0.04, 0.04, 13000.0, 0.04, 0.0, 0.0, 0.0, 0.0, 0.0, 0.0
2013-10-14, 0.04, 0.04, 0.04, 0.04, 1000.0, 0.04, 0.0, 0.0, 0.0, 0.0, 0.0, 0.0
2013-10-15, 0.04, 0.04, 0.04, 0.04, 100.0, 0.04, 0.0, 0.0, 0.0, 0.0, 0.0, 0.0
2013-10-16, 0.04, 0.05, 0.04, 0.04, 3800.0, 0.04, 0.0, 0.0, 0.0, 0.0, 0.0, 0.0
2013-10-17, 0.04, 0.04, 0.04, 0.04, 16000.0, 0.04, 0.0, 0.0, 0.0, 0.0, 0.0, 0.0
2013-10-18, 0.04, 0.04, 0.04, 0.04, 3000.0, 0.04, 0.0, 0.0, 0.0, 0.0, 0.0, 0.0
2013-10-21, 0.04, 0.04, 0.04, 0.04, 1000.0, 0.04, 0.0, 0.0, 0.0, 0.0, 0.0, 0.0
2013-10-22, 0.04, 0.04, 0.04, 0.04, 15000.0, 0.04, 0.0, 0.0, 0.0, 0.0, 0.0, 0.0
2013-10-23, 0.04, 0.04, 0.04, 0.04, 700.0, 0.04, 0.0, 0.0, 0.0, 0.0, 0.0, 0.0
2013-10-24, 0.04, 0.04, 0.04, 0.04, 2000.0, 0.04, 0.0, 0.0, 0.0, 0.0, 0.0, 0.0
2013-10-25, 0.04, 0.04, 0.04, 0.04, 31600.0, 0.04, 0.0, 0.0, 0.0, 0.0, 0.0, 0.0
2013-10-28, 0.04, 0.04, 0.04, 0.04, 2700.0, 0.04, 0.0, 0.0, 0.0, 0.0, 0.0, 0.0
2013-10-29, 0.04, 0.04, 0.04, 0.04, 200.0, 0.04, 0.0, 0.0, 0.0, 0.0, 0.0, 0.0
2013-10-30, 0.04, 0.04, 0.04, 0.04, 200.0, 0.04, 0.0, 0.0, 0.0, 0.0, 0.0, 0.0
2013-10-31, 0.04, 0.04, 0.04, 0.04, 500.0, 0.04, 0.0, 0.0, 0.0, 0.0, 0.0, 0.0
2013-11-01, 0.04, 0.05, 0.04, 0.05, 2200.0, 0.05, 0.0, 0.0, 0.0, 0.0, 0.0, 0.0
2013-11-04, 0.05, 0.05, 0.05, 0.05, 0.0, 0.05, 0.0, 0.0, 0.0, 0.0, 0.0, 0.0
2013-11-05, 0.05, 0.05, 0.05, 0.05, 0.0, 0.05, 0.0, 0.0, 0.0, 0.0, 0.0, 0.0
2013-11-06, 0.05, 0.05, 0.05, 0.05, 0.0, 0.05, 0.0, 0.0, 0.0, 0.0, 0.0, 0.0
2013-11-07, 0.04, 0.04, 0.04, 0.04, 6200.0, 0.04, 0.0, 0.0, 0.0, 0.0, 0.0, 0.0
2013-11-08, 0.04, 0.04, 0.04, 0.04, 0.0, 0.04, 0.0, 0.0, 0.0, 0.0, 0.0, 0.0
2013-11-11, 0.04, 0.04, 0.04, 0.04, 0.0, 0.04, 0.0, 0.0, 0.0, 0.0, 0.0, 0.0
2013-11-12, 0.04, 0.04, 0.04, 0.04, 0.0, 0.04, 0.0, 0.0, 0.0, 0.0, 0.0, 0.0
2013-11-13, 0.04, 0.04, 0.04, 0.04, 2200.0, 0.04, 0.0, 0.0, 0.0, 0.0, 0.0, 0.0
2013-11-14, 0.04, 0.04, 0.04, 0.04, 0.0, 0.04, 0.0, 0.0, 0.0, 0.0, 0.0, 0.0
2013-11-15, 0.04, 0.04, 0.04, 0.04, 0.0, 0.04, 0.0, 0.0, 0.0, 0.0, 0.0, 0.0
2013-11-18, 0.04, 0.04, 0.04, 0.04, 2500.0, 0.04, 0.0, 0.0, 0.0, 0.0, 0.0, 0.0
2013-11-19, 0.04, 0.04, 0.04, 0.04, 5000.0, 0.04, 0.0, 0.0, 0.0, 0.0, 0.0, 0.0
2013-11-20, 0.04, 0.04, 0.04, 0.04, 100.0, 0.04, 0.0, 0.0, 0.0, 0.0, 0.0, 0.0
2013-11-21, 0.04, 0.04, 0.04, 0.04, 1100.0, 0.04, 0.0, 0.0, 0.0, 0.0, 0.0, 0.0
2013-11-22, 0.04, 0.04, 0.04, 0.04, 2500.0, 0.04, 0.0, 0.0, 0.0, 0.0, 0.0, 0.0
2013-11-25, 0.04, 0.04, 0.04, 0.04, 13000.0, 0.04, 0.0, 0.0, 0.0, 0.0, 0.0, 0.0
2013-11-26, 0.04, 0.04, 0.04, 0.04, 1800.0, 0.04, 0.0, 0.0, 0.0, 0.0, 0.0, 0.0
2013-11-27, 0.04, 0.04, 0.04, 0.04, 1500.0, 0.04, 0.0, 0.0, 0.0, 0.0, 0.0, 0.0
2013-11-29, 0.04, 0.04, 0.04, 0.04, 1000.0, 0.04, 0.0, 0.0, 0.0, 0.0, 0.0, 0.0
2013-12-02, 0.05, 0.05, 0.05, 0.05, 100.0, 0.05, 0.0, 0.0, 0.0, 0.0, 0.0, 0.0
2013-12-03, 0.04, 0.04, 0.04, 0.04, 100.0, 0.04, 0.0, 0.0, 0.0, 0.0, 0.0, 0.0
2013-12-04, 0.04, 0.04, 0.04, 0.04, 1800.0, 0.04, 0.0, 0.0, 0.0, 0.0, 0.0, 0.0
2013-12-05, 0.04, 0.04, 0.04, 0.04, 15600.0, 0.04, 0.0, 0.0, 0.0, 0.0, 0.0, 0.0
2013-12-06, 0.04, 0.04, 0.04, 0.04, 1000.0, 0.04, 0.0, 0.0, 0.0, 0.0, 0.0, 0.0
2013-12-09, 0.04, 0.04, 0.04, 0.04, 10300.0, 0.04, 0.0, 0.0, 0.0, 0.0, 0.0, 0.0
2013-12-10, 0.05, 0.05, 0.04, 0.04, 4000.0, 0.04, 0.0, 0.0, 0.0, 0.0, 0.0, 0.0
2013-12-11, 0.04, 0.04, 0.04, 0.04, 2100.0, 0.04, 0.0, 0.0, 0.0, 0.0, 0.0, 0.0
2013-12-12, 0.04, 0.04, 0.04, 0.04, 0.0, 0.04, 0.0, 0.0, 0.0, 0.0, 0.0, 0.0
2013-12-13, 0.04, 0.04, 0.04, 0.04, 7300.0, 0.04, 0.0, 0.0, 0.0, 0.0, 0.0, 0.0
2013-12-16, 0.04, 0.04, 0.04, 0.04, 28100.0, 0.04, 0.0, 0.0, 0.0, 0.0, 0.0, 0.0
2013-12-17, 0.04, 0.04, 0.04, 0.04, 900.0, 0.04, 0.0, 0.0, 0.0, 0.0, 0.0, 0.0
2013-12-18, 0.04, 0.04, 0.04, 0.04, 0.0, 0.04, 0.0, 0.0, 0.0, 0.0, 0.0, 0.0
2013-12-19, 0.04, 0.04, 0.04, 0.04, 1000.0, 0.04, 0.0, 0.0, 0.0, 0.0, 0.0, 0.0
2013-12-20, 0.04, 0.04, 0.04, 0.04, 11300.0, 0.04, 0.0, 0.0, 0.0, 0.0, 0.0, 0.0
2013-12-23, 0.04, 0.04, 0.04, 0.04, 26000.0, 0.04, 0.0, 0.0, 0.0, 0.0, 0.0, 0.0
2013-12-24, 0.04, 0.04, 0.04, 0.04, 2900.0, 0.04, 0.0, 0.0, 0.0, 0.0, 0.0, 0.0
2013-12-26, 0.05, 0.05, 0.04, 0.04, 7900.0, 0.04, 0.0, 0.0, 0.0, 0.0, 0.0, 0.0
2013-12-27, 0.04, 0.05, 0.04, 0.04, 86900.0, 0.04, 0.0, 0.0, 0.0, 0.0, 0.0, 0.0
2013-12-30, 0.04, 0.04, 0.04, 0.04, 5800.0, 0.04, 0.0, 0.0, 0.0, 0.0, 0.0, 0.0
2013-12-31, 0.04, 0.04, 0.04, 0.04, 9100.0, 0.04, 0.0, 0.0, 0.0, 0.0, 0.0, 0.0
2014-01-02, 0.04, 0.04, 0.04, 0.04, 10000.0, 0.04, 0.0, 0.0, 0.0, 0.0, 0.0, 0.0
2014-01-03, 0.04, 0.04, 0.04, 0.04, 0.0, 0.04, 0.0, 0.0, 0.0, 0.0, 0.0, 0.0
2014-01-06, 0.04, 0.04, 0.04, 0.04, 0.0, 0.04, 0.0, 0.0, 0.0, 0.0, 0.0, 0.0
2014-01-07, 0.04, 0.04, 0.04, 0.04, 0.0, 0.04, 0.0, 0.0, 0.0, 0.0, 0.0, 0.0
2014-01-08, 0.04, 0.04, 0.04, 0.04, 100.0, 0.04, 0.0, 0.0, 0.0, 0.0, 0.0, 0.0
2014-01-09, 0.04, 0.04, 0.04, 0.04, 6500.0, 0.04, 0.0, 0.0, 0.0, 0.0, 0.0, 0.0
2014-01-10, 0.04, 0.04, 0.04, 0.04, 10200.0, 0.04, 0.0, 0.0, 0.0, 0.0, 0.0, 0.0
2014-01-13, 0.04, 0.04, 0.04, 0.04, 0.0, 0.04, 0.0, 0.0, 0.0, 0.0, 0.0, 0.0
2014-01-14, 0.04, 0.04, 0.04, 0.04, 200.0, 0.04, 0.0, 0.0, 0.0, 0.0, 0.0, 0.0
2014-01-15, 0.04, 0.04, 0.04, 0.04, 500.0, 0.04, 0.0, 0.0, 0.0, 0.0, 0.0, 0.0
2014-01-16, 0.05, 0.05, 0.05, 0.05, 5000.0, 0.05, 0.0, 0.0, 0.0, 0.0, 0.0, 0.0
2014-01-17, 0.05, 0.05, 0.05, 0.05, 900.0, 0.05, 0.0, 0.0, 0.0, 0.0, 0.0, 0.0
2014-01-21, 0.05, 0.05, 0.05, 0.05, 0.0, 0.05, 0.0, 0.0, 0.0, 0.0, 0.0, 0.0
2014-01-22, 0.04, 0.04, 0.04, 0.04, 1000.0, 0.04, 0.0, 0.0, 0.0, 0.0, 0.0, 0.0
2014-01-23, 0.04, 0.04, 0.04, 0.04, 1200.0, 0.04, 0.0, 0.0, 0.0, 0.0, 0.0, 0.0
2014-01-24, 0.04, 0.04, 0.04, 0.04, 6000.0, 0.04, 0.0, 0.0, 0.0, 0.0, 0.0, 0.0
2014-01-27, 0.04, 0.04, 0.04, 0.04, 100.0, 0.04, 0.0, 0.0, 0.0, 0.0, 0.0, 0.0
2014-01-28, 0.04, 0.04, 0.04, 0.04, 1200.0, 0.04, 0.0, 0.0, 0.0, 0.0, 0.0, 0.0
2014-01-29, 0.04, 0.04, 0.04, 0.04, 14200.0, 0.04, 0.0, 0.0, 0.0, 0.0, 0.0, 0.0
2014-01-30, 0.04, 0.04, 0.04, 0.04, 3700.0, 0.04, 0.0, 0.0, 0.0, 0.0, 0.0, 0.0
2014-01-31, 0.04, 0.04, 0.04, 0.04, 0.0, 0.04, 0.0, 0.0, 0.0, 0.0, 0.0, 0.0
2014-02-03, 0.04, 0.04, 0.04, 0.04, 2000.0, 0.04, 0.0, 0.0, 0.0, 0.0, 0.0, 0.0
2014-02-04, 0.04, 0.04, 0.04, 0.04, 600.0, 0.04, 0.0, 0.0, 0.0, 0.0, 0.0, 0.0
2014-02-05, 0.04, 0.04, 0.04, 0.04, 1200.0, 0.04, 0.0, 0.0, 0.0, 0.0, 0.0, 0.0
2014-02-06, 0.04, 0.04, 0.04, 0.04, 20000.0, 0.04, 0.0, 0.0, 0.0, 0.0, 0.0, 0.0
2014-02-07, 0.04, 0.04, 0.04, 0.04, 0.0, 0.04, 0.0, 0.0, 0.0, 0.0, 0.0, 0.0
2014-02-10, 0.04, 0.04, 0.04, 0.04, 0.0, 0.04, 0.0, 0.0, 0.0, 0.0, 0.0, 0.0
2014-02-11, 0.04, 0.04, 0.04, 0.04, 0.0, 0.04, 0.0, 0.0, 0.0, 0.0, 0.0, 0.0
2014-02-12, 0.04, 0.04, 0.04, 0.04, 2000.0, 0.04, 0.0, 0.0, 0.0, 0.0, 0.0, 0.0
2014-02-13, 0.04, 0.04, 0.04, 0.04, 11500.0, 0.04, 0.0, 0.0, 0.0, 0.0, 0.0, 0.0
2014-02-14, 0.04, 0.04, 0.04, 0.04, 1000.0, 0.04, 0.0, 0.0, 0.0, 0.0, 0.0, 0.0
2014-02-18, 0.04, 0.04, 0.04, 0.04, 500.0, 0.04, 0.0, 0.0, 0.0, 0.0, 0.0, 0.0
2014-02-19, 0.04, 0.04, 0.04, 0.04, 12900.0, 0.04, 0.0, 0.0, 0.0, 0.0, 0.0, 0.0
2014-02-20, 0.04, 0.04, 0.04, 0.04, 200.0, 0.04, 0.0, 0.0, 0.0, 0.0, 0.0, 0.0
2014-02-21, 0.04, 0.04, 0.04, 0.04, 0.0, 0.04, 0.0, 0.0, 0.0, 0.0, 0.0, 0.0
2014-02-24, 0.04, 0.04, 0.04, 0.04, 0.0, 0.04, 0.0, 0.0, 0.0, 0.0, 0.0, 0.0
2014-02-25, 0.04, 0.04, 0.04, 0.04, 2100.0, 0.04, 0.0, 0.0, 0.0, 0.0, 0.0, 0.0
2014-02-26, 0.04, 0.04, 0.04, 0.04, 0.0, 0.04, 0.0, 0.0, 0.0, 0.0, 0.0, 0.0
2014-02-27, 0.04, 0.04, 0.04, 0.04, 32000.0, 0.04, 0.0, 0.0, 0.0, 0.0, 0.0, 0.0
2014-02-28, 0.04, 0.04, 0.04, 0.04, 0.0, 0.04, 0.0, 0.0, 0.0, 0.0, 0.0, 0.0
2014-03-03, 0.04, 0.04, 0.04, 0.04, 1000.0, 0.04, 0.0, 0.0, 0.0, 0.0, 0.0, 0.0
2014-03-04, 0.04, 0.04, 0.04, 0.04, 1000.0, 0.04, 0.0, 0.0, 0.0, 0.0, 0.0, 0.0
2014-03-05, 0.04, 0.04, 0.04, 0.04, 0.0, 0.04, 0.0, 0.0, 0.0, 0.0, 0.0, 0.0
2014-03-06, 0.04, 0.04, 0.04, 0.04, 3500.0, 0.04, 0.0, 0.0, 0.0, 0.0, 0.0, 0.0
2014-03-07, 0.04, 0.04, 0.04, 0.04, 0.0, 0.04, 0.0, 0.0, 0.0, 0.0, 0.0, 0.0
2014-03-10, 0.04, 0.04, 0.04, 0.04, 0.0, 0.04, 0.0, 0.0, 0.0, 0.0, 0.0, 0.0
2014-03-11, 0.04, 0.04, 0.04, 0.04, 0.0, 0.04, 0.0, 0.0, 0.0, 0.0, 0.0, 0.0
2014-03-12, 0.04, 0.04, 0.04, 0.04, 1900.0, 0.04, 0.0, 0.0, 0.0, 0.0, 0.0, 0.0
2014-03-13, 0.04, 0.04, 0.04, 0.04, 10500.0, 0.04, 0.0, 0.0, 0.0, 0.0, 0.0, 0.0
2014-03-14, 0.04, 0.04, 0.04, 0.04, 400.0, 0.04, 0.0, 0.0, 0.0, 0.0, 0.0, 0.0
2014-03-17, 0.04, 0.04, 0.04, 0.04, 6000.0, 0.04, 0.0, 0.0, 0.0, 0.0, 0.0, 0.0
2014-03-18, 0.04, 0.04, 0.04, 0.04, 2100.0, 0.04, 0.0, 0.0, 0.0, 0.0, 0.0, 0.0
2014-03-19, 0.04, 0.04, 0.04, 0.04, 0.0, 0.04, 0.0, 0.0, 0.0, 0.0, 0.0, 0.0
2014-03-20, 0.04, 0.04, 0.04, 0.04, 800.0, 0.04, 0.0, 0.0, 0.0, 0.0, 0.0, 0.0
2014-03-21, 0.04, 0.04, 0.04, 0.04, 0.0, 0.04, 0.0, 0.0, 0.0, 0.0, 0.0, 0.0
2014-03-24, 0.04, 0.04, 0.04, 0.04, 500.0, 0.04, 0.0, 0.0, 0.0, 0.0, 0.0, 0.0
2014-03-25, 0.04, 0.04, 0.04, 0.04, 1000.0, 0.04, 0.0, 0.0, 0.0, 0.0, 0.0, 0.0
2014-03-26, 0.04, 0.04, 0.04, 0.04, 0.0, 0.04, 0.0, 0.0, 0.0, 0.0, 0.0, 0.0
2014-03-27, 0.04, 0.04, 0.04, 0.04, 25000.0, 0.04, 0.0, 0.0, 0.0, 0.0, 0.0, 0.0
2014-03-28, 0.04, 0.04, 0.04, 0.04, 0.0, 0.04, 0.0, 0.0, 0.0, 0.0, 0.0, 0.0
2014-03-31, 0.04, 0.04, 0.04, 0.04, 4600.0, 0.04, 0.0, 0.0, 0.0, 0.0, 0.0, 0.0
2014-04-01, 0.04, 0.04, 0.04, 0.04, 40000.0, 0.04, 0.0, 0.0, 0.0, 0.0, 0.0, 0.0
2014-04-02, 0.04, 0.04, 0.04, 0.04, 0.0, 0.04, 0.0, 0.0, 0.0, 0.0, 0.0, 0.0
2014-04-03, 0.04, 0.04, 0.04, 0.04, 2000.0, 0.04, 0.0, 0.0, 0.0, 0.0, 0.0, 0.0
2014-04-04, 0.04, 0.04, 0.04, 0.04, 2000.0, 0.04, 0.0, 0.0, 0.0, 0.0, 0.0, 0.0
2014-04-07, 0.04, 0.04, 0.04, 0.04, 500.0, 0.04, 0.0, 0.0, 0.0, 0.0, 0.0, 0.0
2014-04-08, 0.04, 0.04, 0.04, 0.04, 0.0, 0.04, 0.0, 0.0, 0.0, 0.0, 0.0, 0.0
2014-04-09, 0.04, 0.04, 0.04, 0.04, 10000.0, 0.04, 0.0, 0.0, 0.0, 0.0, 0.0, 0.0
2014-04-10, 0.04, 0.04, 0.04, 0.04, 500.0, 0.04, 0.0, 0.0, 0.0, 0.0, 0.0, 0.0
2014-04-11, 0.04, 0.04, 0.04, 0.04, 6000.0, 0.04, 0.0, 0.0, 0.0, 0.0, 0.0, 0.0
2014-04-14, 0.04, 0.04, 0.04, 0.04, 200.0, 0.04, 0.0, 0.0, 0.0, 0.0, 0.0, 0.0
2014-04-15, 0.04, 0.04, 0.04, 0.04, 2000.0, 0.04, 0.0, 0.0, 0.0, 0.0, 0.0, 0.0
2014-04-16, 0.04, 0.04, 0.04, 0.04, 0.0, 0.04, 0.0, 0.0, 0.0, 0.0, 0.0, 0.0
2014-04-17, 0.04, 0.04, 0.04, 0.04, 7300.0, 0.04, 0.0, 0.0, 0.0, 0.0, 0.0, 0.0
2014-04-21, 0.04, 0.04, 0.04, 0.04, 500.0, 0.04, 0.0, 0.0, 0.0, 0.0, 0.0, 0.0
2014-04-22, 0.04, 0.04, 0.04, 0.04, 7100.0, 0.04, 0.0, 0.0, 0.0, 0.0, 0.0, 0.0
2014-04-23, 0.04, 0.04, 0.04, 0.04, 0.0, 0.04, 0.0, 0.0, 0.0, 0.0, 0.0, 0.0
2014-04-24, 0.04, 0.04, 0.04, 0.04, 0.0, 0.04, 0.0, 0.0, 0.0, 0.0, 0.0, 0.0
2014-04-25, 0.04, 0.04, 0.04, 0.04, 0.0, 0.04, 0.0, 0.0, 0.0, 0.0, 0.0, 0.0
2014-04-28, 0.04, 0.04, 0.04, 0.04, 0.0, 0.04, 0.0, 0.0, 0.0, 0.0, 0.0, 0.0
2014-04-29, 0.04, 0.04, 0.04, 0.04, 200.0, 0.04, 0.0, 0.0, 0.0, 0.0, 0.0, 0.0
2014-04-30, 0.04, 0.04, 0.04, 0.04, 6000.0, 0.04, 0.0, 0.0, 0.0, 0.0, 0.0, 0.0
2014-05-01, 0.04, 0.04, 0.04, 0.04, 0.0, 0.04, 0.0, 0.0, 0.0, 0.0, 0.0, 0.0
2014-05-02, 0.04, 0.04, 0.04, 0.04, 1000.0, 0.04, 0.0, 0.0, 0.0, 0.0, 0.0, 0.0
2014-05-05, 0.04, 0.04, 0.04, 0.04, 0.0, 0.04, 0.0, 0.0, 0.0, 0.0, 0.0, 0.0
2014-05-06, 0.04, 0.04, 0.04, 0.04, 300.0, 0.04, 0.0, 0.0, 0.0, 0.0, 0.0, 0.0
2014-05-07, 0.04, 0.04, 0.04, 0.04, 500.0, 0.04, 0.0, 0.0, 0.0, 0.0, 0.0, 0.0
2014-05-08, 0.04, 0.04, 0.04, 0.04, 0.0, 0.04, 0.0, 0.0, 0.0, 0.0, 0.0, 0.0
2014-05-09, 0.04, 0.04, 0.04, 0.04, 0.0, 0.04, 0.0, 0.0, 0.0, 0.0, 0.0, 0.0
2014-05-12, 0.04, 0.04, 0.04, 0.04, 1600.0, 0.04, 0.0, 0.0, 0.0, 0.0, 0.0, 0.0
2014-05-13, 0.04, 0.04, 0.04, 0.04, 0.0, 0.04, 0.0, 0.0, 0.0, 0.0, 0.0, 0.0
2014-05-14, 0.04, 0.04, 0.04, 0.04, 200.0, 0.04, 0.0, 0.0, 0.0, 0.0, 0.0, 0.0
2014-05-15, 0.04, 0.04, 0.04, 0.04, 0.0, 0.04, 0.0, 0.0, 0.0, 0.0, 0.0, 0.0
2014-05-16, 0.04, 0.04, 0.04, 0.04, 0.0, 0.04, 0.0, 0.0, 0.0, 0.0, 0.0, 0.0
2014-05-19, 0.04, 0.04, 0.04, 0.04, 0.0, 0.04, 0.0, 0.0, 0.0, 0.0, 0.0, 0.0
2014-05-20, 0.04, 0.04, 0.04, 0.04, 0.0, 0.04, 0.0, 0.0, 0.0, 0.0, 0.0, 0.0
2014-05-21, 0.04, 0.04, 0.04, 0.04, 0.0, 0.04, 0.0, 0.0, 0.0, 0.0, 0.0, 0.0
2014-05-22, 0.04, 0.04, 0.04, 0.04, 10300.0, 0.04, 0.0, 0.0, 0.0, 0.0, 0.0, 0.0
2014-05-23, 0.04, 0.04, 0.04, 0.04, 0.0, 0.04, 0.0, 0.0, 0.0, 0.0, 0.0, 0.0
2014-05-26, 0.04, 0.04, 0.04, 0.04, 0.0, 0.04, 0.0, 0.0, 0.0, 0.0, 0.0, 0.0
2014-05-27, 0.04, 0.04, 0.04, 0.04, 5100.0, 0.04, 0.0, 0.0, 0.0, 0.0, 0.0, 0.0
2014-05-28, 0.04, 0.04, 0.04, 0.04, 0.0, 0.04, 0.0, 0.0, 0.0, 0.0, 0.0, 0.0
2014-05-29, 0.04, 0.04, 0.04, 0.04, 5000.0, 0.04, 0.0, 0.0, 0.0, 0.0, 0.0, 0.0
2014-05-30, 0.04, 0.04, 0.04, 0.04, 400.0, 0.04, 0.0, 0.0, 0.0, 0.0, 0.0, 0.0
2014-06-02, 0.04, 0.04, 0.04, 0.04, 800.0, 0.04, 0.0, 0.0, 0.0, 0.0, 0.0, 0.0
2014-06-03, 0.04, 0.04, 0.04, 0.04, 0.0, 0.04, 0.0, 0.0, 0.0, 0.0, 0.0, 0.0
2014-06-04, 0.04, 0.04, 0.04, 0.04, 0.0, 0.04, 0.0, 0.0, 0.0, 0.0, 0.0, 0.0
2014-06-05, 0.04, 0.04, 0.04, 0.04, 100.0, 0.04, 0.0, 0.0, 0.0, 0.0, 0.0, 0.0
2014-06-06, 0.04, 0.04, 0.04, 0.04, 0.0, 0.04, 0.0, 0.0, 0.0, 0.0, 0.0, 0.0
2014-06-09, 0.04, 0.04, 0.04, 0.04, 0.0, 0.04, 0.0, 0.0, 0.0, 0.0, 0.0, 0.0
2014-06-10, 0.04, 0.04, 0.04, 0.04, 700.0, 0.04, 0.0, 0.0, 0.0, 0.0, 0.0, 0.0
2014-06-11, 0.04, 0.04, 0.04, 0.04, 0.0, 0.04, 0.0, 0.0, 0.0, 0.0, 0.0, 0.0
2014-06-12, 0.04, 0.04, 0.04, 0.04, 0.0, 0.04, 0.0, 0.0, 0.0, 0.0, 0.0, 0.0
2014-06-13, 0.04, 0.04, 0.04, 0.04, 500.0, 0.04, 0.0, 0.0, 0.0, 0.0, 0.0, 0.0
2014-06-16, 0.04, 0.04, 0.04, 0.04, 5500.0, 0.04, 0.0, 0.0, 0.0, 0.0, 0.0, 0.0
2014-06-17, 0.04, 0.04, 0.04, 0.04, 0.0, 0.04, 0.0, 0.0, 0.0, 0.0, 0.0, 0.0
2014-06-18, 0.04, 0.04, 0.04, 0.04, 29100.0, 0.04, 0.0, 0.0, 0.0, 0.0, 0.0, 0.0
2014-06-19, 0.04, 0.04, 0.04, 0.04, 0.0, 0.04, 0.0, 0.0, 0.0, 0.0, 0.0, 0.0
2014-06-20, 0.04, 0.04, 0.04, 0.04, 10000.0, 0.04, 0.0, 0.0, 0.0, 0.0, 0.0, 0.0
2014-06-23, 0.04, 0.04, 0.03, 0.04, 21800.0, 0.04, 0.0, 0.0, 0.0, 0.0, 0.0, 0.0
2014-06-24, 0.03, 0.03, 0.03, 0.03, 5000.0, 0.03, 0.0, 0.0, 0.0, 0.0, 0.0, 0.0
2014-06-25, 0.03, 0.04, 0.03, 0.04, 6600.0, 0.04, 0.0, 0.0, 0.0, 0.0, 0.0, 0.0
2014-06-26, 0.04, 0.04, 0.04, 0.04, 1500.0, 0.04, 0.0, 0.0, 0.0, 0.0, 0.0, 0.0
2014-06-27, 0.04, 0.04, 0.04, 0.04, 2100.0, 0.04, 0.0, 0.0, 0.0, 0.0, 0.0, 0.0
2014-06-30, 0.03, 0.03, 0.03, 0.03, 1700.0, 0.03, 0.0, 0.0, 0.0, 0.0, 0.0, 0.0
2014-07-01, 0.04, 0.04, 0.04, 0.04, 600.0, 0.04, 0.0, 0.0, 0.0, 0.0, 0.0, 0.0
2014-07-02, 0.04, 0.04, 0.04, 0.04, 1100.0, 0.04, 0.0, 0.0, 0.0, 0.0, 0.0, 0.0
2014-07-03, 0.04, 0.04, 0.04, 0.04, 10400.0, 0.04, 0.0, 0.0, 0.0, 0.0, 0.0, 0.0
2014-07-07, 0.04, 0.04, 0.04, 0.04, 0.0, 0.04, 0.0, 0.0, 0.0, 0.0, 0.0, 0.0
2014-07-08, 0.04, 0.04, 0.04, 0.04, 0.0, 0.04, 0.0, 0.0, 0.0, 0.0, 0.0, 0.0
2014-07-09, 0.03, 0.03, 0.03, 0.03, 1200.0, 0.03, 0.0, 0.0, 0.0, 0.0, 0.0, 0.0
2014-07-10, 0.03, 0.03, 0.03, 0.03, 100.0, 0.03, 0.0, 0.0, 0.0, 0.0, 0.0, 0.0
2014-07-11, 0.03, 0.03, 0.03, 0.03, 400.0, 0.03, 0.0, 0.0, 0.0, 0.0, 0.0, 0.0
2014-07-14, 0.03, 0.03, 0.03, 0.03, 0.0, 0.03, 0.0, 0.0, 0.0, 0.0, 0.0, 0.0
2014-07-15, 0.03, 0.03, 0.03, 0.03, 0.0, 0.03, 0.0, 0.0, 0.0, 0.0, 0.0, 0.0
2014-07-16, 0.03, 0.03, 0.03, 0.03, 0.0, 0.03, 0.0, 0.0, 0.0, 0.0, 0.0, 0.0
2014-07-17, 0.03, 0.03, 0.03, 0.03, 0.0, 0.03, 0.0, 0.0, 0.0, 0.0, 0.0, 0.0
2014-07-18, 0.03, 0.03, 0.03, 0.03, 2000.0, 0.03, 0.0, 0.0, 0.0, 0.0, 0.0, 0.0
2014-07-21, 0.03, 0.03, 0.03, 0.03, 0.0, 0.03, 0.0, 0.0, 0.0, 0.0, 0.0, 0.0
2014-07-22, 0.03, 0.03, 0.03, 0.03, 1000.0, 0.03, 0.0, 0.0, 0.0, 0.0, 0.0, 0.0
2014-07-23, 0.03, 0.03, 0.03, 0.03, 0.0, 0.03, 0.0, 0.0, 0.0, 0.0, 0.0, 0.0
2014-07-24, 0.03, 0.03, 0.03, 0.03, 0.0, 0.03, 0.0, 0.0, 0.0, 0.0, 0.0, 0.0
2014-07-25, 0.03, 0.03, 0.03, 0.03, 0.0, 0.03, 0.0, 0.0, 0.0, 0.0, 0.0, 0.0
2014-07-28, 0.03, 0.03, 0.03, 0.03, 4000.0, 0.03, 0.0, 0.0, 0.0, 0.0, 0.0, 0.0
2014-07-29, 0.03, 0.03, 0.03, 0.03, 3100.0, 0.03, 0.0, 0.0, 0.0, 0.0, 0.0, 0.0
2014-07-30, 0.03, 0.03, 0.03, 0.03, 20000.0, 0.03, 0.0, 0.0, 0.0, 0.0, 0.0, 0.0
2014-07-31, 0.03, 0.03, 0.03, 0.03, 0.0, 0.03, 0.0, 0.0, 0.0, 0.0, 0.0, 0.0
2014-08-01, 0.03, 0.03, 0.03, 0.03, 0.0, 0.03, 0.0, 0.0, 0.0, 0.0, 0.0, 0.0
2014-08-04, 0.03, 0.03, 0.03, 0.03, 0.0, 0.03, 0.0, 0.0, 0.0, 0.0, 0.0, 0.0
2014-08-05, 0.03, 0.03, 0.03, 0.03, 0.0, 0.03, 0.0, 0.0, 0.0, 0.0, 0.0, 0.0
2014-08-06, 0.03, 0.03, 0.03, 0.03, 0.0, 0.03, 0.0, 0.0, 0.0, 0.0, 0.0, 0.0
2014-08-07, 0.03, 0.03, 0.03, 0.03, 0.0, 0.03, 0.0, 0.0, 0.0, 0.0, 0.0, 0.0
2014-08-08, 0.03, 0.03, 0.03, 0.03, 0.0, 0.03, 0.0, 0.0, 0.0, 0.0, 0.0, 0.0
2014-08-11, 0.03, 0.03, 0.03, 0.03, 800.0, 0.03, 0.0, 0.0, 0.0, 0.0, 0.0, 0.0
2014-08-12, 0.03, 0.03, 0.03, 0.03, 3600.0, 0.03, 0.0, 0.0, 0.0, 0.0, 0.0, 0.0
2014-08-13, 0.03, 0.03, 0.03, 0.03, 0.0, 0.03, 0.0, 0.0, 0.0, 0.0, 0.0, 0.0
2014-08-14, 0.03, 0.03, 0.03, 0.03, 0.0, 0.03, 0.0, 0.0, 0.0, 0.0, 0.0, 0.0
2014-08-15, 0.03, 0.03, 0.03, 0.03, 7600.0, 0.03, 0.0, 0.0, 0.0, 0.0, 0.0, 0.0
2014-08-18, 0.03, 0.03, 0.03, 0.03, 2000.0, 0.03, 0.0, 0.0, 0.0, 0.0, 0.0, 0.0
2014-08-19, 0.03, 0.04, 0.03, 0.04, 60800.0, 0.04, 0.0, 0.0, 0.0, 0.0, 0.0, 0.0
2014-08-20, 0.04, 0.04, 0.04, 0.04, 0.0, 0.04, 0.0, 0.0, 0.0, 0.0, 0.0, 0.0
2014-08-21, 0.04, 0.04, 0.04, 0.04, 30000.0, 0.04, 0.0, 0.0, 0.0, 0.0, 0.0, 0.0
2014-08-22, 0.04, 0.04, 0.04, 0.04, 0.0, 0.04, 0.0, 0.0, 0.0, 0.0, 0.0, 0.0
2014-08-25, 0.04, 0.04, 0.04, 0.04, 10000.0, 0.04, 0.0, 0.0, 0.0, 0.0, 0.0, 0.0
2014-08-26, 0.04, 0.04, 0.04, 0.04, 1800.0, 0.04, 0.0, 0.0, 0.0, 0.0, 0.0, 0.0
2014-08-27, 0.04, 0.04, 0.04, 0.04, 2000.0, 0.04, 0.0, 0.0, 0.0, 0.0, 0.0, 0.0
2014-08-28, 0.04, 0.04, 0.04, 0.04, 0.0, 0.04, 0.0, 0.0, 0.0, 0.0, 0.0, 0.0
2014-08-29, 0.04, 0.04, 0.04, 0.04, 0.0, 0.04, 0.0, 0.0, 0.0, 0.0, 0.0, 0.0
2014-09-02, 0.04, 0.04, 0.04, 0.04, 300.0, 0.04, 0.0, 0.0, 0.0, 0.0, 0.0, 0.0
2014-09-03, 0.04, 0.04, 0.04, 0.04, 400.0, 0.04, 0.0, 0.0, 0.0, 0.0, 0.0, 0.0
2014-09-04, 0.04, 0.04, 0.04, 0.04, 1100.0, 0.04, 0.0, 0.0, 0.0, 0.0, 0.0, 0.0
2014-09-05, 0.04, 0.04, 0.04, 0.04, 0.0, 0.04, 0.0, 0.0, 0.0, 0.0, 0.0, 0.0
2014-09-08, 0.04, 0.04, 0.04, 0.04, 0.0, 0.04, 0.0, 0.0, 0.0, 0.0, 0.0, 0.0
2014-09-09, 0.04, 0.04, 0.04, 0.04, 600.0, 0.04, 0.0, 0.0, 0.0, 0.0, 0.0, 0.0
2014-09-10, 0.04, 0.04, 0.04, 0.04, 1500.0, 0.04, 0.0, 0.0, 0.0, 0.0, 0.0, 0.0
2014-09-11, 0.04, 0.04, 0.04, 0.04, 0.0, 0.04, 0.0, 0.0, 0.0, 0.0, 0.0, 0.0
2014-09-12, 0.04, 0.04, 0.04, 0.04, 1000.0, 0.04, 0.0, 0.0, 0.0, 0.0, 0.0, 0.0
2014-09-15, 0.04, 0.04, 0.04, 0.04, 257000.0, 0.04, 0.0, 0.0, 0.0, 0.0, 0.0, 0.0
2014-09-16, 0.04, 0.04, 0.04, 0.04, 2000.0, 0.04, 0.0, 0.0, 0.0, 0.0, 0.0, 0.0
2014-09-17, 0.04, 0.04, 0.04, 0.04, 6600.0, 0.04, 0.0, 0.0, 0.0, 0.0, 0.0, 0.0
2014-09-18, 0.04, 0.04, 0.04, 0.04, 0.0, 0.04, 0.0, 0.0, 0.0, 0.0, 0.0, 0.0
2014-09-19, 0.04, 0.04, 0.04, 0.04, 3700.0, 0.04, 0.0, 0.0, 0.0, 0.0, 0.0, 0.0
2014-09-22, 0.04, 0.04, 0.04, 0.04, 0.0, 0.04, 0.0, 0.0, 0.0, 0.0, 0.0, 0.0
2014-09-23, 0.04, 0.04, 0.04, 0.04, 0.0, 0.04, 0.0, 0.0, 0.0, 0.0, 0.0, 0.0
2014-09-24, 0.04, 0.04, 0.04, 0.04, 500.0, 0.04, 0.0, 0.0, 0.0, 0.0, 0.0, 0.0
2014-09-25, 0.04, 0.04, 0.04, 0.04, 0.0, 0.04, 0.0, 0.0, 0.0, 0.0, 0.0, 0.0
2014-09-26, 0.04, 0.04, 0.04, 0.04, 0.0, 0.04, 0.0, 0.0, 0.0, 0.0, 0.0, 0.0
2014-09-29, 0.04, 0.04, 0.04, 0.04, 0.0, 0.04, 0.0, 0.0, 0.0, 0.0, 0.0, 0.0
2014-09-30, 0.04, 0.04, 0.04, 0.04, 0.0, 0.04, 0.0, 0.0, 0.0, 0.0, 0.0, 0.0
2014-10-01, 0.04, 0.04, 0.04, 0.04, 0.0, 0.04, 0.0, 0.0, 0.0, 0.0, 0.0, 0.0
2014-10-02, 0.04, 0.04, 0.04, 0.04, 40300.0, 0.04, 0.0, 0.0, 0.0, 0.0, 0.0, 0.0
2014-10-03, 0.04, 0.04, 0.04, 0.04, 0.0, 0.04, 0.0, 0.0, 0.0, 0.0, 0.0, 0.0
2014-10-06, 0.04, 0.04, 0.04, 0.04, 200.0, 0.04, 0.0, 0.0, 0.0, 0.0, 0.0, 0.0
2014-10-07, 0.04, 0.04, 0.04, 0.04, 4000.0, 0.04, 0.0, 0.0, 0.0, 0.0, 0.0, 0.0
2014-10-08, 0.04, 0.04, 0.04, 0.04, 0.0, 0.04, 0.0, 0.0, 0.0, 0.0, 0.0, 0.0
2014-10-09, 0.04, 0.04, 0.04, 0.04, 0.0, 0.04, 0.0, 0.0, 0.0, 0.0, 0.0, 0.0
2014-10-10, 0.04, 0.04, 0.04, 0.04, 0.0, 0.04, 0.0, 0.0, 0.0, 0.0, 0.0, 0.0
2014-10-13, 0.04, 0.04, 0.04, 0.04, 0.0, 0.04, 0.0, 0.0, 0.0, 0.0, 0.0, 0.0
2014-10-14, 0.04, 0.04, 0.04, 0.04, 0.0, 0.04, 0.0, 0.0, 0.0, 0.0, 0.0, 0.0
2014-10-15, 0.03, 0.03, 0.03, 0.03, 10600.0, 0.03, 0.0, 0.0, 0.0, 0.0, 0.0, 0.0
2014-10-16, 0.03, 0.03, 0.03, 0.03, 0.0, 0.03, 0.0, 0.0, 0.0, 0.0, 0.0, 0.0
2014-10-17, 0.03, 0.03, 0.03, 0.03, 0.0, 0.03, 0.0, 0.0, 0.0, 0.0, 0.0, 0.0
2014-10-20, 0.03, 0.03, 0.03, 0.03, 4800.0, 0.03, 0.0, 0.0, 0.0, 0.0, 0.0, 0.0
2014-10-21, 0.03, 0.03, 0.03, 0.03, 0.0, 0.03, 0.0, 0.0, 0.0, 0.0, 0.0, 0.0
2014-10-22, 0.03, 0.03, 0.03, 0.03, 0.0, 0.03, 0.0, 0.0, 0.0, 0.0, 0.0, 0.0
2014-10-23, 0.03, 0.03, 0.03, 0.03, 0.0, 0.03, 0.0, 0.0, 0.0, 0.0, 0.0, 0.0
2014-10-24, 0.03, 0.03, 0.03, 0.03, 0.0, 0.03, 0.0, 0.0, 0.0, 0.0, 0.0, 0.0
2014-10-27, 0.03, 0.03, 0.03, 0.03, 2100.0, 0.03, 0.0, 0.0, 0.0, 0.0, 0.0, 0.0
2014-10-28, 0.03, 0.03, 0.03, 0.03, 0.0, 0.03, 0.0, 0.0, 0.0, 0.0, 0.0, 0.0
2014-10-29, 0.03, 0.03, 0.03, 0.03, 0.0, 0.03, 0.0, 0.0, 0.0, 0.0, 0.0, 0.0
2014-10-30, 0.03, 0.03, 0.03, 0.03, 5000.0, 0.03, 0.0, 0.0, 0.0, 0.0, 0.0, 0.0
2014-10-31, 0.03, 0.03, 0.03, 0.03, 200.0, 0.03, 0.0, 0.0, 0.0, 0.0, 0.0, 0.0
2014-11-03, 0.03, 0.03, 0.03, 0.03, 6200.0, 0.03, 0.0, 0.0, 0.0, 0.0, 0.0, 0.0
2014-11-04, 0.03, 0.03, 0.03, 0.03, 0.0, 0.03, 0.0, 0.0, 0.0, 0.0, 0.0, 0.0
2014-11-05, 0.03, 0.03, 0.03, 0.03, 1000.0, 0.03, 0.0, 0.0, 0.0, 0.0, 0.0, 0.0
2014-11-06, 0.03, 0.03, 0.03, 0.03, 0.0, 0.03, 0.0, 0.0, 0.0, 0.0, 0.0, 0.0
2014-11-07, 0.03, 0.03, 0.03, 0.03, 200.0, 0.03, 0.0, 0.0, 0.0, 0.0, 0.0, 0.0
2014-11-10, 0.03, 0.03, 0.03, 0.03, 5000.0, 0.03, 0.0, 0.0, 0.0, 0.0, 0.0, 0.0
2014-11-11, 0.03, 0.03, 0.03, 0.03, 0.0, 0.03, 0.0, 0.0, 0.0, 0.0, 0.0, 0.0
2014-11-12, 0.03, 0.03, 0.03, 0.03, 0.0, 0.03, 0.0, 0.0, 0.0, 0.0, 0.0, 0.0
2014-11-13, 0.03, 0.03, 0.03, 0.03, 4100.0, 0.03, 0.0, 0.0, 0.0, 0.0, 0.0, 0.0
2014-11-14, 0.03, 0.03, 0.03, 0.03, 0.0, 0.03, 0.0, 0.0, 0.0, 0.0, 0.0, 0.0
2014-11-17, 0.03, 0.03, 0.03, 0.03, 600.0, 0.03, 0.0, 0.0, 0.0, 0.0, 0.0, 0.0
2014-11-18, 0.03, 0.03, 0.03, 0.03, 2000.0, 0.03, 0.0, 0.0, 0.0, 0.0, 0.0, 0.0
2014-11-19, 0.03, 0.03, 0.03, 0.03, 2000.0, 0.03, 0.0, 0.0, 0.0, 0.0, 0.0, 0.0
2014-11-20, 0.03, 0.03, 0.02, 0.02, 92000.0, 0.02, 0.0, 0.0, 0.0, 0.0, 0.0, 0.0
2014-11-21, 0.02, 0.02, 0.02, 0.02, 49000.0, 0.02, 0.0, 0.0, 0.0, 0.0, 0.0, 0.0
2014-11-24, 0.02, 0.02, 0.02, 0.02, 0.0, 0.02, 0.0, 0.0, 0.0, 0.0, 0.0, 0.0
2014-11-25, 0.02, 0.02, 0.02, 0.02, 2000.0, 0.02, 0.0, 0.0, 0.0, 0.0, 0.0, 0.0
2014-11-26, 0.02, 0.02, 0.02, 0.02, 0.0, 0.02, 0.0, 0.0, 0.0, 0.0, 0.0, 0.0
2014-11-28, 0.02, 0.02, 0.02, 0.02, 0.0, 0.02, 0.0, 0.0, 0.0, 0.0, 0.0, 0.0
2014-12-01, 0.02, 0.02, 0.02, 0.02, 2500.0, 0.02, 0.0, 0.0, 0.0, 0.0, 0.0, 0.0
2014-12-02, 0.02, 0.02, 0.02, 0.02, 500.0, 0.02, 0.0, 0.0, 0.0, 0.0, 0.0, 0.0
2014-12-03, 0.02, 0.02, 0.02, 0.02, 6000.0, 0.02, 0.0, 0.0, 0.0, 0.0, 0.0, 0.0
2014-12-04, 0.02, 0.02, 0.02, 0.02, 2700.0, 0.02, 0.0, 0.0, 0.0, 0.0, 0.0, 0.0
2014-12-05, 0.02, 0.02, 0.02, 0.02, 1000.0, 0.02, 0.0, 0.0, 0.0, 0.0, 0.0, 0.0
2014-12-08, 0.02, 0.02, 0.02, 0.02, 0.0, 0.02, 0.0, 0.0, 0.0, 0.0, 0.0, 0.0
2014-12-09, 0.02, 0.02, 0.02, 0.02, 2000.0, 0.02, 0.0, 0.0, 0.0, 0.0, 0.0, 0.0
2014-12-10, 0.02, 0.02, 0.02, 0.02, 0.0, 0.02, 0.0, 0.0, 0.0, 0.0, 0.0, 0.0
2014-12-11, 0.02, 0.02, 0.02, 0.02, 0.0, 0.02, 0.0, 0.0, 0.0, 0.0, 0.0, 0.0
2014-12-12, 0.02, 0.02, 0.02, 0.02, 0.0, 0.02, 0.0, 0.0, 0.0, 0.0, 0.0, 0.0
2014-12-15, 0.02, 0.02, 0.02, 0.02, 0.0, 0.02, 0.0, 0.0, 0.0, 0.0, 0.0, 0.0
2014-12-16, 0.02, 0.02, 0.02, 0.02, 1000.0, 0.02, 0.0, 0.0, 0.0, 0.0, 0.0, 0.0
2014-12-17, 0.02, 0.02, 0.02, 0.02, 0.0, 0.02, 0.0, 0.0, 0.0, 0.0, 0.0, 0.0
2014-12-18, 0.02, 0.02, 0.02, 0.02, 0.0, 0.02, 0.0, 0.0, 0.0, 0.0, 0.0, 0.0
2014-12-19, 0.02, 0.02, 0.02, 0.02, 300.0, 0.02, 0.0, 0.0, 0.0, 0.0, 0.0, 0.0
2014-12-22, 0.02, 0.02, 0.02, 0.02, 2300.0, 0.02, 0.0, 0.0, 0.0, 0.0, 0.0, 0.0
2014-12-23, 0.02, 0.02, 0.02, 0.02, 4600.0, 0.02, 0.0, 0.0, 0.0, 0.0, 0.0, 0.0
2014-12-24, 0.02, 0.02, 0.01, 0.01, 2000.0, 0.01, 0.0, 0.0, 0.0, 0.0, 0.0, 0.0
2014-12-25, 0.01, 0.01, 0.01, 0.01, 0.0, 0.01, 0.0, 0.0, 0.0, 0.0, 0.0, 0.0
2014-12-26, 0.01, 0.01, 0.01, 0.01, 0.0, 0.01, 0.0, 0.0, 0.0, 0.0, 0.0, 0.0
2014-12-29, 0.02, 0.02, 0.01, 0.01, 4300.0, 0.01, 0.0, 0.0, 0.0, 0.0, 0.0, 0.0
2014-12-30, 0.01, 0.01, 0.01, 0.01, 200.0, 0.01, 0.0, 0.0, 0.0, 0.0, 0.0, 0.0
2014-12-31, 0.01, 0.01, 0.01, 0.01, 0.0, 0.01, 0.0, 0.0, 0.0, 0.0, 0.0, 0.0
2015-01-01, 0.01, 0.01, 0.01, 0.01, 0.0, 0.01, 0.0, 0.0, 0.0, 0.0, 0.0, 0.0
2015-01-02, 0.01, 0.01, 0.01, 0.01, 0.0, 0.01, 0.0, 0.0, 0.0, 0.0, 0.0, 0.0
2015-01-05, 0.01, 0.01, 0.01, 0.01, 0.0, 0.01, 0.0, 0.0, 0.0, 0.0, 0.0, 0.0
2015-01-06, 0.01, 0.01, 0.01, 0.01, 0.0, 0.01, 0.0, 0.0, 0.0, 0.0, 0.0, 0.0
2015-01-07, 0.02, 0.02, 0.02, 0.02, 100.0, 0.02, 0.0, 0.0, 0.0, 0.0, 0.0, 0.0
2015-01-08, 0.02, 0.02, 0.02, 0.02, 0.0, 0.02, 0.0, 0.0, 0.0, 0.0, 0.0, 0.0
2015-01-09, 0.02, 0.02, 0.02, 0.02, 0.0, 0.02, 0.0, 0.0, 0.0, 0.0, 0.0, 0.0
2015-01-12, 0.02, 0.02, 0.02, 0.02, 0.0, 0.02, 0.0, 0.0, 0.0, 0.0, 0.0, 0.0
2015-01-13, 0.01, 0.02, 0.01, 0.01, 73800.0, 0.01, 0.0, 0.0, 0.0, 0.0, 0.0, 0.0
2015-01-14, 0.01, 0.01, 0.01, 0.01, 0.0, 0.01, 0.0, 0.0, 0.0, 0.0, 0.0, 0.0
2015-01-15, 0.01, 0.01, 0.01, 0.01, 1000.0, 0.01, 0.0, 0.0, 0.0, 0.0, 0.0, 0.0
2015-01-16, 0.01, 0.01, 0.01, 0.01, 0.0, 0.01, 0.0, 0.0, 0.0, 0.0, 0.0, 0.0
2015-01-19, 0.01, 0.01, 0.01, 0.01, 0.0, 0.01, 0.0, 0.0, 0.0, 0.0, 0.0, 0.0
2015-01-20, 0.01, 0.01, 0.01, 0.01, 0.0, 0.01, 0.0, 0.0, 0.0, 0.0, 0.0, 0.0
2015-01-21, 0.01, 0.01, 0.01, 0.01, 0.0, 0.01, 0.0, 0.0, 0.0, 0.0, 0.0, 0.0
2015-01-22, 0.01, 0.01, 0.01, 0.01, 0.0, 0.01, 0.0, 0.0, 0.0, 0.0, 0.0, 0.0
2015-01-23, 0.01, 0.01, 0.01, 0.01, 0.0, 0.01, 0.0, 0.0, 0.0, 0.0, 0.0, 0.0
2015-01-26, 0.01, 0.02, 0.01, 0.02, 203100.0, 0.02, 0.0, 0.0, 0.0, 0.0, 0.0, 0.0
2015-01-27, 0.01, 0.01, 0.01, 0.01, 44000.0, 0.01, 0.0, 0.0, 0.0, 0.0, 0.0, 0.0
2015-01-28, 0.01, 0.01, 0.01, 0.01, 0.0, 0.01, 0.0, 0.0, 0.0, 0.0, 0.0, 0.0
2015-01-29, 0.01, 0.01, 0.01, 0.01, 80100.0, 0.01, 0.0, 0.0, 0.0, 0.0, 0.0, 0.0
2015-01-30, 0.01, 0.01, 0.01, 0.01, 0.0, 0.01, 0.0, 0.0, 0.0, 0.0, 0.0, 0.0
2015-02-02, 0.01, 0.01, 0.01, 0.01, 0.0, 0.01, 0.0, 0.0, 0.0, 0.0, 0.0, 0.0
2015-02-03, 0.01, 0.01, 0.01, 0.01, 1000.0, 0.01, 0.0, 0.0, 0.0, 0.0, 0.0, 0.0
2015-02-04, 0.01, 0.01, 0.01, 0.01, 5000.0, 0.01, 0.0, 0.0, 0.0, 0.0, 0.0, 0.0
2015-02-05, 0.0, 0.0, 0.0, 0.0, 138600.0, 0.0, 0.0, 0.0, 0.0, 0.0, 0.0, 0.0
2015-02-06, 0.0, 0.0, 0.0, 0.0, 11000.0, 0.0, 0.0, 0.0, 0.0, 0.0, 0.0, 0.0
2015-02-09, 0.0, 0.0, 0.0, 0.0, 10000.0, 0.0, 0.0, 0.0, 0.0, 0.0, 0.0, 0.0
2015-02-10, 0.0, 0.0, 0.0, 0.0, 0.0, 0.0, 0.0, 0.0, 0.0, 0.0, 0.0, 0.0
2015-02-11, 0.0, 0.0, 0.0, 0.0, 1.09534E7, 0.0, 0.0, 0.0, 0.0, 0.0, 0.0, 0.0
2015-02-12, 0.0, 0.0, 0.0, 0.0, 111000.0, 0.0, 0.0, 0.0, 0.0, 0.0, 0.0, 0.0
2015-02-13, 0.0, 0.0, 0.0, 0.0, 573200.0, 0.0, 0.0, 0.0, 0.0, 0.0, 0.0, 0.0
2015-02-16, 0.0, 0.0, 0.0, 0.0, 0.0, 0.0, 0.0, 0.0, 0.0, 0.0, 0.0, 0.0
2015-02-17, 0.0, 0.0, 0.0, 0.0, 11100.0, 0.0, 0.0, 0.0, 0.0, 0.0, 0.0, 0.0
2015-02-18, 0.0, 0.0, 0.0, 0.0, 235000.0, 0.0, 0.0, 0.0, 0.0, 0.0, 0.0, 0.0
2015-02-19, 0.0, 0.0, 0.0, 0.0, 0.0, 0.0, 0.0, 0.0, 0.0, 0.0, 0.0, 0.0
2015-02-20, 0.0, 0.0, 0.0, 0.0, 0.0, 0.0, 0.0, 0.0, 0.0, 0.0, 0.0, 0.0
2015-02-23, 0.0, 0.0, 0.0, 0.0, 428200.0, 0.0, 0.0, 0.0, 0.0, 0.0, 0.0, 0.0
2015-02-24, 0.0, 0.0, 0.0, 0.0, 200100.0, 0.0, 0.0, 0.0, 0.0, 0.0, 0.0, 0.0
2015-02-25, 0.0, 0.0, 0.0, 0.0, 68000.0, 0.0, 0.0, 0.0, 0.0, 0.0, 0.0, 0.0
2015-02-26, 0.0, 0.0, 0.0, 0.0, 30500.0, 0.0, 0.0, 0.0, 0.0, 0.0, 0.0, 0.0
2015-02-27, 0.0, 0.0, 0.0, 0.0, 113500.0, 0.0, 0.0, 0.0, 0.0, 0.0, 0.0, 0.0
2015-03-02, 0.0, 0.0, 0.0, 0.0, 1000.0, 0.0, 0.0, 0.0, 0.0, 0.0, 0.0, 0.0
2015-03-03, 0.0, 0.0, 0.0, 0.0, 81000.0, 0.0, 0.0, 0.0, 0.0, 0.0, 0.0, 0.0
2015-03-04, 0.0, 0.0, 0.0, 0.0, 800.0, 0.0, 0.0, 0.0, 0.0, 0.0, 0.0, 0.0
2015-03-05, 0.0, 0.0, 0.0, 0.0, 100.0, 0.0, 0.0, 0.0, 0.0, 0.0, 0.0, 0.0
2015-03-06, 0.0, 0.0, 0.0, 0.0, 174800.0, 0.0, 0.0, 0.0, 0.0, 0.0, 0.0, 0.0
2015-03-09, 0.0, 0.0, 0.0, 0.0, 0.0, 0.0, 0.0, 0.0, 0.0, 0.0, 0.0, 0.0
2015-03-10, 0.0, 0.0, 0.0, 0.0, 12000.0, 0.0, 0.0, 0.0, 0.0, 0.0, 0.0, 0.0
2015-03-11, 0.0, 0.0, 0.0, 0.0, 0.0, 0.0, 0.0, 0.0, 0.0, 0.0, 0.0, 0.0
2015-03-12, 0.0, 0.0, 0.0, 0.0, 9900.0, 0.0, 0.0, 0.0, 0.0, 0.0, 0.0, 0.0
2015-03-13, 0.0, 0.0, 0.0, 0.0, 293900.0, 0.0, 0.0, 0.0, 0.0, 0.0, 0.0, 0.0
2015-03-16, 0.0, 0.0, 0.0, 0.0, 637200.0, 0.0, 0.0, 0.0, 0.0, 0.0, 0.0, 0.0
2015-03-17, 0.0, 0.0, 0.0, 0.0, 0.0, 0.0, 0.0, 0.0, 0.0, 0.0, 0.0, 0.0
2015-03-18, 0.0, 0.0, 0.0, 0.0, 0.0, 0.0, 0.0, 0.0, 0.0, 0.0, 0.0, 0.0
2015-03-19, 0.0, 0.0, 0.0, 0.0, 0.0, 0.0, 0.0, 0.0, 0.0, 0.0, 0.0, 0.0
2015-03-20, 0.0, 0.0, 0.0, 0.0, 0.0, 0.0, 0.0, 0.0, 0.0, 0.0, 0.0, 0.0
2015-03-23, 0.0, 0.0, 0.0, 0.0, 100.0, 0.0, 0.0, 0.0, 0.0, 0.0, 0.0, 0.0
2015-03-24, 0.0, 0.0, 0.0, 0.0, 308000.0, 0.0, 0.0, 0.0, 0.0, 0.0, 0.0, 0.0
2015-03-25, 0.0, 0.0, 0.0, 0.0, 11600.0, 0.0, 0.0, 0.0, 0.0, 0.0, 0.0, 0.0
2015-03-26, 0.0, 0.0, 0.0, 0.0, 0.0, 0.0, 0.0, 0.0, 0.0, 0.0, 0.0, 0.0
2015-03-27, 0.0, 0.0, 0.0, 0.0, 0.0, 0.0, 0.0, 0.0, 0.0, 0.0, 0.0, 0.0
2015-03-30, 0.0, 0.0, 0.0, 0.0, 0.0, 0.0, 0.0, 0.0, 0.0, 0.0, 0.0, 0.0
2015-03-31, 0.0011, 0.0011, 0.0011, 0.0011, 0.0, 0.0011, 0.0, 0.0, 0.0, 0.0, 0.0, 0.0
2015-04-01, 0.0011, 0.0011, 0.0011, 0.0011, 0.0, 0.0011, 0.0, 0.0, 0.0, 0.0, 0.0, 0.0
2015-04-02, 0.0017, 0.0018, 0.00165, 0.0018, 262700.0, 0.0018, 0.0, 0.0, 0.0, 0.0, 0.0, 0.0
2015-04-03, 0.0018, 0.0018, 0.0018, 0.0018, 0.0, 0.0018, 0.0, 0.0, 0.0, 0.0, 0.0, 0.0
2015-04-06, 0.00165, 0.0018, 0.00165, 0.0018, 198000.0, 0.0018, 0.0, 0.0, 0.0, 0.0, 0.0, 0.0
2015-04-07, 0.0018, 0.0018, 0.0018, 0.0018, 0.0, 0.0018, 0.0, 0.0, 0.0, 0.0, 0.0, 0.0
2015-04-08, 0.0018, 0.0018, 0.0018, 0.0018, 0.0, 0.0018, 0.0, 0.0, 0.0, 0.0, 0.0, 0.0
2015-04-09, 0.0015, 0.0015, 0.0015, 0.0015, 100.0, 0.0015, 0.0, 0.0, 0.0, 0.0, 0.0, 0.0
2015-04-10, 0.0015, 0.0015, 0.0015, 0.0015, 40000.0, 0.0015, 0.0, 0.0, 0.0, 0.0, 0.0, 0.0
2015-04-13, 0.0015, 0.0015, 0.0011, 0.0011, 48700.0, 0.0011, 0.0, 0.0, 0.0, 0.0, 0.0, 0.0
2015-04-14, 0.0011, 0.0011, 0.0011, 0.0011, 2000.0, 0.0011, 0.0, 0.0, 0.0, 0.0, 0.0, 0.0
2015-04-15, 0.0012, 0.0012, 0.0012, 0.0012, 100.0, 0.0012, 0.0, 0.0, 0.0, 0.0, 0.0, 0.0
2015-04-16, 0.0012, 0.0012, 0.0012, 0.0012, 0.0, 0.0012, 0.0, 0.0, 0.0, 0.0, 0.0, 0.0
2015-04-17, 0.00128, 0.00128, 0.0012, 0.0012, 170000.0, 0.0012, 0.0, 0.0, 0.0, 0.0, 0.0, 0.0
2015-04-20, 0.0012, 0.0012, 0.0012, 0.0012, 2000.0, 0.0012, 0.0, 0.0, 0.0, 0.0, 0.0, 0.0
2015-04-21, 0.00127, 0.00127, 0.0012, 0.0012, 78000.0, 0.0012, 0.0, 0.0, 0.0, 0.0, 0.0, 0.0
2015-04-22, 0.0012, 0.0012, 0.0012, 0.0012, 0.0, 0.0012, 0.0, 0.0, 0.0, 0.0, 0.0, 0.0
2015-04-23, 0.0012, 0.0012, 0.0012, 0.0012, 0.0, 0.0012, 0.0, 0.0, 0.0, 0.0, 0.0, 0.0
2015-04-24, 0.0012, 0.0012, 0.0012, 0.0012, 0.0, 0.0012, 0.0, 0.0, 0.0, 0.0, 0.0, 0.0
2015-04-27, 0.0012, 0.0012, 0.0012, 0.0012, 0.0, 0.0012, 0.0, 0.0, 0.0, 0.0, 0.0, 0.0
2015-04-28, 0.0012, 0.0012, 0.0012, 0.0012, 0.0, 0.0012, 0.0, 0.0, 0.0, 0.0, 0.0, 0.0
2015-04-29, 0.0011, 0.0011, 0.0011, 0.0011, 3900.0, 0.0011, 0.0, 0.0, 0.0, 0.0, 0.0, 0.0
2015-04-30, 0.0011, 0.0011, 0.0011, 0.0011, 60000.0, 0.0011, 0.0, 0.0, 0.0, 0.0, 0.0, 0.0
2015-05-01, 0.0011, 0.0011, 0.0011, 0.0011, 0.0, 0.0011, 0.0, 0.0, 0.0, 0.0, 0.0, 0.0
2015-05-04, 0.0011, 0.0011, 0.0011, 0.0011, 0.0, 0.0011, 0.0, 0.0, 0.0, 0.0, 0.0, 0.0
2015-05-05, 0.00155, 0.00155, 0.00155, 0.00155, 1000.0, 0.00155, 0.0, 0.0, 0.0, 0.0, 0.0, 0.0
2015-05-06, 0.0013, 0.0015, 0.0013, 0.0015, 1000.0, 0.0015, 0.0, 0.0, 0.0, 0.0, 0.0, 0.0
2015-05-07, 0.0015, 0.0015, 0.0015, 0.0015, 0.0, 0.0015, 0.0, 0.0, 0.0, 0.0, 0.0, 0.0
2015-05-08, 0.0015, 0.0015, 0.0015, 0.0015, 0.0, 0.0015, 0.0, 0.0, 0.0, 0.0, 0.0, 0.0
2015-05-11, 0.0015, 0.0015, 0.0015, 0.0015, 0.0, 0.0015, 0.0, 0.0, 0.0, 0.0, 0.0, 0.0
2015-05-12, 0.0015, 0.0015, 0.0015, 0.0015, 0.0, 0.0015, 0.0, 0.0, 0.0, 0.0, 0.0, 0.0
2015-05-13, 0.0015, 0.0015, 0.0015, 0.0015, 0.0, 0.0015, 0.0, 0.0, 0.0, 0.0, 0.0, 0.0
2015-05-14, 0.0015, 0.0015, 0.0015, 0.0015, 4500.0, 0.0015, 0.0, 0.0, 0.0, 0.0, 0.0, 0.0
2015-05-15, 0.0015, 0.0015, 0.0015, 0.0015, 0.0, 0.0015, 0.0, 0.0, 0.0, 0.0, 0.0, 0.0
2015-05-18, 0.0015, 0.0015, 0.0015, 0.0015, 0.0, 0.0015, 0.0, 0.0, 0.0, 0.0, 0.0, 0.0
2015-05-19, 0.00159, 0.0016, 0.00155, 0.00155, 45000.0, 0.00155, 0.0, 0.0, 0.0, 0.0, 0.0, 0.0
2015-05-20, 0.00155, 0.00155, 0.00155, 0.00155, 0.0, 0.00155, 0.0, 0.0, 0.0, 0.0, 0.0, 0.0
2015-05-21, 0.0015, 0.0015, 0.0015, 0.0015, 200.0, 0.0015, 0.0, 0.0, 0.0, 0.0, 0.0, 0.0
2015-05-22, 0.0015, 0.0015, 0.0015, 0.0015, 0.0, 0.0015, 0.0, 0.0, 0.0, 0.0, 0.0, 0.0
2015-05-25, 0.0015, 0.0015, 0.0015, 0.0015, 0.0, 0.0015, 0.0, 0.0, 0.0, 0.0, 0.0, 0.0
2015-05-26, 0.0015, 0.0015, 0.0015, 0.0015, 0.0, 0.0015, 0.0, 0.0, 0.0, 0.0, 0.0, 0.0
2015-05-27, 0.00151, 0.00151, 0.0015, 0.0015, 21800.0, 0.0015, 0.0, 0.0, 0.0, 0.0, 0.0, 0.0
2015-05-28, 0.0015, 0.0015, 0.0015, 0.0015, 0.0, 0.0015, 0.0, 0.0, 0.0, 0.0, 0.0, 0.0
2015-05-29, 0.0015, 0.0015, 0.0015, 0.0015, 0.0, 0.0015, 0.0, 0.0, 0.0, 0.0, 0.0, 0.0
2015-06-01, 0.0015, 0.0015, 0.0015, 0.0015, 0.0, 0.0015, 0.0, 0.0, 0.0, 0.0, 0.0, 0.0
2015-06-02, 0.0015, 0.0015, 0.0015, 0.0015, 0.0, 0.0015, 0.0, 0.0, 0.0, 0.0, 0.0, 0.0
2015-06-03, 0.0015, 0.0015, 0.0015, 0.0015, 0.0, 0.0015, 0.0, 0.0, 0.0, 0.0, 0.0, 0.0
2015-06-04, 0.0015, 0.0015, 0.0015, 0.0015, 0.0, 0.0015, 0.0, 0.0, 0.0, 0.0, 0.0, 0.0
2015-06-05, 0.0015, 0.0015, 0.0015, 0.0015, 0.0, 0.0015, 0.0, 0.0, 0.0, 0.0, 0.0, 0.0
2015-06-08, 0.0015, 0.0015, 0.0015, 0.0015, 0.0, 0.0015, 0.0, 0.0, 0.0, 0.0, 0.0, 0.0
2015-06-09, 0.0015, 0.0015, 0.0015, 0.0015, 0.0, 0.0015, 0.0, 0.0, 0.0, 0.0, 0.0, 0.0
2015-06-10, 0.0015, 0.0015, 0.0015, 0.0015, 2000.0, 0.0015, 0.0, 0.0, 0.0, 0.0, 0.0, 0.0
2015-06-11, 0.0015, 0.0015, 0.0015, 0.0015, 0.0, 0.0015, 0.0, 0.0, 0.0, 0.0, 0.0, 0.0
2015-06-12, 0.0015, 0.0015, 0.0015, 0.0015, 0.0, 0.0015, 0.0, 0.0, 0.0, 0.0, 0.0, 0.0
2015-06-15, 0.0015, 0.0015, 0.0015, 0.0015, 0.0, 0.0015, 0.0, 0.0, 0.0, 0.0, 0.0, 0.0
2015-06-16, 0.0015, 0.0015, 0.0015, 0.0015, 1300.0, 0.0015, 0.0, 0.0, 0.0, 0.0, 0.0, 0.0
2015-06-17, 0.0015, 0.0015, 0.0015, 0.0015, 2000.0, 0.0015, 0.0, 0.0, 0.0, 0.0, 0.0, 0.0
2015-06-18, 0.0015, 0.0015, 0.0015, 0.0015, 500.0, 0.0015, 0.0, 0.0, 0.0, 0.0, 0.0, 0.0
2015-06-19, 0.00151, 0.00151, 0.0015, 0.0015, 6000.0, 0.0015, 0.0, 0.0, 0.0, 0.0, 0.0, 0.0
2015-06-22, 0.0015, 0.0015, 0.0015, 0.0015, 0.0, 0.0015, 0.0, 0.0, 0.0, 0.0, 0.0, 0.0
2015-06-23, 0.0015, 0.0015, 0.0015, 0.0015, 500.0, 0.0015, 0.0, 0.0, 0.0, 0.0, 0.0, 0.0
2015-06-24, 0.0015, 0.0015, 0.0015, 0.0015, 0.0, 0.0015, 0.0, 0.0, 0.0, 0.0, 0.0, 0.0
2015-06-25, 0.0015, 0.0015, 0.0015, 0.0015, 0.0, 0.0015, 0.0, 0.0, 0.0, 0.0, 0.0, 0.0
2015-06-26, 0.0015, 0.0015, 0.0015, 0.0015, 3600.0, 0.0015, 0.0, 0.0, 0.0, 0.0, 0.0, 0.0
2015-06-29, 0.0015, 0.0015, 0.0015, 0.0015, 0.0, 0.0015, 0.0, 0.0, 0.0, 0.0, 0.0, 0.0
2015-06-30, 0.0015, 0.0015, 0.0015, 0.0015, 0.0, 0.0015, 0.0, 0.0, 0.0, 0.0, 0.0, 0.0
2015-07-01, 0.0015, 0.0015, 0.0015, 0.0015, 0.0, 0.0015, 0.0, 0.0, 0.0, 0.0, 0.0, 0.0
2015-07-02, 0.0015, 0.0015, 0.0015, 0.0015, 0.0, 0.0015, 0.0, 0.0, 0.0, 0.0, 0.0, 0.0
2015-07-03, 0.0015, 0.0015, 0.0015, 0.0015, 0.0, 0.0015, 0.0, 0.0, 0.0, 0.0, 0.0, 0.0
2015-07-06, 0.0015, 0.0015, 0.0015, 0.0015, 0.0, 0.0015, 0.0, 0.0, 0.0, 0.0, 0.0, 0.0
2015-07-07, 0.0015, 0.0015, 0.0015, 0.0015, 0.0, 0.0015, 0.0, 0.0, 0.0, 0.0, 0.0, 0.0
2015-07-08, 0.0015, 0.0015, 0.0015, 0.0015, 0.0, 0.0015, 0.0, 0.0, 0.0, 0.0, 0.0, 0.0
2015-07-09, 0.0015, 0.0015, 0.0015, 0.0015, 5200.0, 0.0015, 0.0, 0.0, 0.0, 0.0, 0.0, 0.0
2015-07-10, 0.0015, 0.0015, 0.0015, 0.0015, 0.0, 0.0015, 0.0, 0.0, 0.0, 0.0, 0.0, 0.0
2015-07-13, 0.0015, 0.00154, 0.0015, 0.00154, 51900.0, 0.00154, 0.0, 0.0, 0.0, 0.0, 0.0, 0.0
2015-07-14, 0.0015, 0.0015, 0.0015, 0.0015, 125000.0, 0.0015, 0.0, 0.0, 0.0, 0.0, 0.0, 0.0
2015-07-15, 0.0015, 0.0015, 0.0015, 0.0015, 0.0, 0.0015, 0.0, 0.0, 0.0, 0.0, 0.0, 0.0
2015-07-16, 0.00154, 0.00154, 0.0015, 0.0015, 500.0, 0.0015, 0.0, 0.0, 0.0, 0.0, 0.0, 0.0
2015-07-17, 0.0015, 0.0015, 0.0015, 0.0015, 0.0, 0.0015, 0.0, 0.0, 0.0, 0.0, 0.0, 0.0
2015-07-20, 0.0015, 0.0015, 0.0015, 0.0015, 100.0, 0.0015, 0.0, 0.0, 0.0, 0.0, 0.0, 0.0
2015-07-21, 0.00186, 0.0019, 0.0015, 0.0015, 10200.0, 0.0015, 0.0, 0.0, 0.0, 0.0, 0.0, 0.0
2015-07-22, 0.0015, 0.0015, 0.0015, 0.0015, 281400.0, 0.0015, 0.0, 0.0, 0.0, 0.0, 0.0, 0.0
2015-07-23, 0.0015, 0.0015, 0.0015, 0.0015, 0.0, 0.0015, 0.0, 0.0, 0.0, 0.0, 0.0, 0.0
2015-07-24, 0.00186, 0.0019, 0.00186, 0.0019, 15000.0, 0.0019, 0.0, 0.0, 0.0, 0.0, 0.0, 0.0
2015-07-27, 0.0019, 0.0019, 0.0019, 0.0019, 0.0, 0.0019, 0.0, 0.0, 0.0, 0.0, 0.0, 0.0
2015-07-28, 0.0019, 0.0019, 0.0019, 0.0019, 0.0, 0.0019, 0.0, 0.0, 0.0, 0.0, 0.0, 0.0
2015-07-29, 0.0015, 0.0015, 0.0015, 0.0015, 1000.0, 0.0015, 0.0, 0.0, 0.0, 0.0, 0.0, 0.0
2015-07-30, 0.0015, 0.0015, 0.0015, 0.0015, 0.0, 0.0015, 0.0, 0.0, 0.0, 0.0, 0.0, 0.0
2015-07-31, 0.0015, 0.0015, 0.0015, 0.0015, 0.0, 0.0015, 0.0, 0.0, 0.0, 0.0, 0.0, 0.0
2015-08-03, 0.0015, 0.0015, 0.0015, 0.0015, 1000.0, 0.0015, 0.0, 0.0, 0.0, 0.0, 0.0, 0.0
2015-08-04, 0.0015, 0.0015, 0.0015, 0.0015, 0.0, 0.0015, 0.0, 0.0, 0.0, 0.0, 0.0, 0.0
2015-08-05, 0.0015, 0.0015, 0.0015, 0.0015, 0.0, 0.0015, 0.0, 0.0, 0.0, 0.0, 0.0, 0.0
2015-08-06, 0.0015, 0.0015, 0.0015, 0.0015, 0.0, 0.0015, 0.0, 0.0, 0.0, 0.0, 0.0, 0.0
2015-08-07, 0.0015, 0.0015, 0.0015, 0.0015, 0.0, 0.0015, 0.0, 0.0, 0.0, 0.0, 0.0, 0.0
2015-08-10, 0.0015, 0.0015, 0.0015, 0.0015, 0.0, 0.0015, 0.0, 0.0, 0.0, 0.0, 0.0, 0.0
2015-08-11, 0.0015, 0.0015, 0.0015, 0.0015, 201000.0, 0.0015, 0.0, 0.0, 0.0, 0.0, 0.0, 0.0
2015-08-12, 0.0015, 0.0015, 0.0015, 0.0015, 300.0, 0.0015, 0.0, 0.0, 0.0, 0.0, 0.0, 0.0
2015-08-13, 0.0015, 0.0015, 0.0015, 0.0015, 0.0, 0.0015, 0.0, 0.0, 0.0, 0.0, 0.0, 0.0
2015-08-14, 0.0015, 0.0015, 0.0015, 0.0015, 0.0, 0.0015, 0.0, 0.0, 0.0, 0.0, 0.0, 0.0
2015-08-17, 0.0015, 0.0015, 0.0015, 0.0015, 0.0, 0.0015, 0.0, 0.0, 0.0, 0.0, 0.0, 0.0
2015-08-18, 0.0015, 0.0015, 0.0015, 0.0015, 2700.0, 0.0015, 0.0, 0.0, 0.0, 0.0, 0.0, 0.0
2015-08-19, 0.0015, 0.0015, 0.0015, 0.0015, 0.0, 0.0015, 0.0, 0.0, 0.0, 0.0, 0.0, 0.0
2015-08-20, 0.00154, 0.00154, 0.0015, 0.0015, 1000.0, 0.0015, 0.0, 0.0, 0.0, 0.0, 0.0, 0.0
2015-08-21, 0.0015, 0.0015, 0.0015, 0.0015, 0.0, 0.0015, 0.0, 0.0, 0.0, 0.0, 0.0, 0.0
2015-08-24, 0.0015, 0.0015, 0.0015, 0.0015, 0.0, 0.0015, 0.0, 0.0, 0.0, 0.0, 0.0, 0.0
2015-08-25, 0.0015, 0.0015, 0.0015, 0.0015, 0.0, 0.0015, 0.0, 0.0, 0.0, 0.0, 0.0, 0.0
2015-08-26, 0.0015, 0.0015, 0.0015, 0.0015, 0.0, 0.0015, 0.0, 0.0, 0.0, 0.0, 0.0, 0.0
2015-08-27, 0.0015, 0.0015, 0.0015, 0.0015, 0.0, 0.0015, 0.0, 0.0, 0.0, 0.0, 0.0, 0.0
2015-08-28, 0.0015, 0.0015, 0.0015, 0.0015, 0.0, 0.0015, 0.0, 0.0, 0.0, 0.0, 0.0, 0.0
2015-08-31, 0.0015, 0.0015, 0.0015, 0.0015, 0.0, 0.0015, 0.0, 0.0, 0.0, 0.0, 0.0, 0.0
2015-09-01, 0.0015, 0.0015, 0.0015, 0.0015, 0.0, 0.0015, 0.0, 0.0, 0.0, 0.0, 0.0, 0.0
2015-09-02, 0.0015, 0.0015, 0.0015, 0.0015, 0.0, 0.0015, 0.0, 0.0, 0.0, 0.0, 0.0, 0.0
2015-09-03, 0.0015, 0.0015, 0.0015, 0.0015, 0.0, 0.0015, 0.0, 0.0, 0.0, 0.0, 0.0, 0.0
2015-09-04, 0.0015, 0.0015, 0.0015, 0.0015, 400.0, 0.0015, 0.0, 0.0, 0.0, 0.0, 0.0, 0.0
2015-09-07, 0.0015, 0.0015, 0.0015, 0.0015, 0.0, 0.0015, 0.0, 0.0, 0.0, 0.0, 0.0, 0.0
2015-09-08, 0.0015, 0.0015, 0.0015, 0.0015, 900.0, 0.0015, 0.0, 0.0, 0.0, 0.0, 0.0, 0.0
2015-09-09, 0.0015, 0.0015, 0.0015, 0.0015, 0.0, 0.0015, 0.0, 0.0, 0.0, 0.0, 0.0, 0.0
2015-09-10, 0.0015, 0.0015, 0.0015, 0.0015, 0.0, 0.0015, 0.0, 0.0, 0.0, 0.0, 0.0, 0.0
2015-09-11, 0.0015, 0.0015, 0.0015, 0.0015, 0.0, 0.0015, 0.0, 0.0, 0.0, 0.0, 0.0, 0.0
2015-09-14, 0.0015, 0.0015, 0.0015, 0.0015, 0.0, 0.0015, 0.0, 0.0, 0.0, 0.0, 0.0, 0.0
2015-09-15, 0.0015, 0.0015, 0.0015, 0.0015, 0.0, 0.0015, 0.0, 0.0, 0.0, 0.0, 0.0, 0.0
2015-09-16, 0.0015, 0.0015, 0.0015, 0.0015, 0.0, 0.0015, 0.0, 0.0, 0.0, 0.0, 0.0, 0.0
2015-09-17, 0.0015, 0.0015, 0.0015, 0.0015, 0.0, 0.0015, 0.0, 0.0, 0.0, 0.0, 0.0, 0.0
2015-09-18, 0.0015, 0.0015, 0.0015, 0.0015, 0.0, 0.0015, 0.0, 0.0, 0.0, 0.0, 0.0, 0.0
2015-09-21, 0.0015, 0.0015, 0.0015, 0.0015, 0.0, 0.0015, 0.0, 0.0, 0.0, 0.0, 0.0, 0.0
2015-09-22, 0.0015, 0.0015, 0.0015, 0.0015, 0.0, 0.0015, 0.0, 0.0, 0.0, 0.0, 0.0, 0.0
2015-09-23, 0.0015, 0.0015, 0.0015, 0.0015, 500.0, 0.0015, 0.0, 0.0, 0.0, 0.0, 0.0, 0.0
2015-09-24, 0.0015, 0.0015, 0.0015, 0.0015, 0.0, 0.0015, 0.0, 0.0, 0.0, 0.0, 0.0, 0.0
2015-09-25, 0.0015, 0.0015, 0.0015, 0.0015, 0.0, 0.0015, 0.0, 0.0, 0.0, 0.0, 0.0, 0.0
2015-09-28, 0.0015, 0.0015, 0.0015, 0.0015, 0.0, 0.0015, 0.0, 0.0, 0.0, 0.0, 0.0, 0.0
2015-09-29, 0.0015, 0.0015, 0.0015, 0.0015, 0.0, 0.0015, 0.0, 0.0, 0.0, 0.0, 0.0, 0.0
2015-09-30, 0.0015, 0.0015, 0.0015, 0.0015, 4000.0, 0.0015, 0.0, 0.0, 0.0, 0.0, 0.0, 0.0
2015-10-01, 0.0015, 0.0015, 0.0015, 0.0015, 0.0, 0.0015, 0.0, 0.0, 0.0, 0.0, 0.0, 0.0
2015-10-02, 0.0015, 0.0015, 0.0015, 0.0015, 0.0, 0.0015, 0.0, 0.0, 0.0, 0.0, 0.0, 0.0
2015-10-05, 0.0015, 0.0015, 0.0015, 0.0015, 0.0, 0.0015, 0.0, 0.0, 0.0, 0.0, 0.0, 0.0
2015-10-06, 0.0015, 0.0015, 0.0015, 0.0015, 100.0, 0.0015, 0.0, 0.0, 0.0, 0.0, 0.0, 0.0
2015-10-07, 0.0015, 0.0015, 0.0015, 0.0015, 0.0, 0.0015, 0.0, 0.0, 0.0, 0.0, 0.0, 0.0
2015-10-08, 0.0015, 0.0015, 0.0015, 0.0015, 3100.0, 0.0015, 0.0, 0.0, 0.0, 0.0, 0.0, 0.0
2015-10-09, 0.00154, 0.00154, 0.0015, 0.0015, 3000.0, 0.0015, 0.0, 0.0, 0.0, 0.0, 0.0, 0.0
2015-10-12, 0.0015, 0.0015, 0.0015, 0.0015, 0.0, 0.0015, 0.0, 0.0, 0.0, 0.0, 0.0, 0.0
2015-10-13, 0.0015, 0.0015, 0.0015, 0.0015, 0.0, 0.0015, 0.0, 0.0, 0.0, 0.0, 0.0, 0.0
2015-10-14, 0.0015, 0.0015, 0.0015, 0.0015, 0.0, 0.0015, 0.0, 0.0, 0.0, 0.0, 0.0, 0.0
2015-10-15, 0.0015, 0.0015, 0.0015, 0.0015, 0.0, 0.0015, 0.0, 0.0, 0.0, 0.0, 0.0, 0.0
2015-10-16, 0.0015, 0.0015, 0.0015, 0.0015, 100.0, 0.0015, 0.0, 0.0, 0.0, 0.0, 0.0, 0.0
2015-10-19, 0.0015, 0.0015, 0.0015, 0.0015, 0.0, 0.0015, 0.0, 0.0, 0.0, 0.0, 0.0, 0.0
2015-10-20, 0.0015, 0.0015, 0.0015, 0.0015, 100.0, 0.0015, 0.0, 0.0, 0.0, 0.0, 0.0, 0.0
2015-10-21, 0.0015, 0.0015, 0.0015, 0.0015, 0.0, 0.0015, 0.0, 0.0, 0.0, 0.0, 0.0, 0.0
2015-10-22, 0.0015, 0.0015, 0.0015, 0.0015, 2300.0, 0.0015, 0.0, 0.0, 0.0, 0.0, 0.0, 0.0
2015-10-23, 0.0015, 0.0015, 0.0015, 0.0015, 0.0, 0.0015, 0.0, 0.0, 0.0, 0.0, 0.0, 0.0
2015-10-26, 0.0015, 0.0015, 0.0015, 0.0015, 0.0, 0.0015, 0.0, 0.0, 0.0, 0.0, 0.0, 0.0
2015-10-27, 0.0015, 0.0015, 0.0015, 0.0015, 100.0, 0.0015, 0.0, 0.0, 0.0, 0.0, 0.0, 0.0
2015-10-28, 0.0015, 0.0015, 0.0015, 0.0015, 2000.0, 0.0015, 0.0, 0.0, 0.0, 0.0, 0.0, 0.0
2015-10-29, 0.0015, 0.0015, 0.0015, 0.0015, 0.0, 0.0015, 0.0, 0.0, 0.0, 0.0, 0.0, 0.0
2015-10-30, 0.0015, 0.0015, 0.0015, 0.0015, 0.0, 0.0015, 0.0, 0.0, 0.0, 0.0, 0.0, 0.0
2015-11-02, 0.0015, 0.0015, 0.0015, 0.0015, 3000.0, 0.0015, 0.0, 0.0, 0.0, 0.0, 0.0, 0.0
2015-11-03, 0.0015, 0.0015, 0.0015, 0.0015, 0.0, 0.0015, 0.0, 0.0, 0.0, 0.0, 0.0, 0.0
2015-11-04, 0.0015, 0.0015, 0.0015, 0.0015, 0.0, 0.0015, 0.0, 0.0, 0.0, 0.0, 0.0, 0.0
2015-11-05, 0.0015, 0.0015, 0.0015, 0.0015, 0.0, 0.0015, 0.0, 0.0, 0.0, 0.0, 0.0, 0.0
2015-11-06, 0.0015, 0.0015, 0.0015, 0.0015, 61800.0, 0.0015, 0.0, 0.0, 0.0, 0.0, 0.0, 0.0
2015-11-09, 0.0015, 0.0015, 0.0015, 0.0015, 100.0, 0.0015, 0.0, 0.0, 0.0, 0.0, 0.0, 0.0
2015-11-10, 0.00154, 0.00154, 0.0015, 0.00154, 2200.0, 0.00154, 0.0, 0.0, 0.0, 0.0, 0.0, 0.0
2015-11-11, 0.0015, 0.0015, 0.0015, 0.0015, 300.0, 0.0015, 0.0, 0.0, 0.0, 0.0, 0.0, 0.0
2015-11-12, 0.0015, 0.0015, 0.0015, 0.0015, 0.0, 0.0015, 0.0, 0.0, 0.0, 0.0, 0.0, 0.0
2015-11-13, 0.0015, 0.0015, 0.0015, 0.0015, 500.0, 0.0015, 0.0, 0.0, 0.0, 0.0, 0.0, 0.0
2015-11-16, 0.0015, 0.0015, 0.0015, 0.0015, 0.0, 0.0015, 0.0, 0.0, 0.0, 0.0, 0.0, 0.0
2015-11-17, 0.0015, 0.0015, 0.0015, 0.0015, 200.0, 0.0015, 0.0, 0.0, 0.0, 0.0, 0.0, 0.0
2015-11-18, 0.0015, 0.0015, 0.0015, 0.0015, 0.0, 0.0015, 0.0, 0.0, 0.0, 0.0, 0.0, 0.0
2015-11-19, 0.0015, 0.0015, 0.0015, 0.0015, 0.0, 0.0015, 0.0, 0.0, 0.0, 0.0, 0.0, 0.0
2015-11-20, 0.0015, 0.0015, 0.0015, 0.0015, 500.0, 0.0015, 0.0, 0.0, 0.0, 0.0, 0.0, 0.0
2015-11-23, 0.0015, 0.0015, 0.0015, 0.0015, 0.0, 0.0015, 0.0, 0.0, 0.0, 0.0, 0.0, 0.0
2015-11-24, 0.0015, 0.0015, 0.0015, 0.0015, 1000.0, 0.0015, 0.0, 0.0, 0.0, 0.0, 0.0, 0.0
2015-11-25, 0.0015, 0.0015, 0.0015, 0.0015, 800.0, 0.0015, 0.0, 0.0, 0.0, 0.0, 0.0, 0.0
2015-11-26, 0.0015, 0.0015, 0.0015, 0.0015, 0.0, 0.0015, 0.0, 0.0, 0.0, 0.0, 0.0, 0.0
2015-11-27, 0.0015, 0.0015, 0.0015, 0.0015, 0.0, 0.0015, 0.0, 0.0, 0.0, 0.0, 0.0, 0.0
2015-11-30, 0.0015, 0.0015, 0.0015, 0.0015, 38000.0, 0.0015, 0.0, 0.0, 0.0, 0.0, 0.0, 0.0
2015-12-01, 0.00143, 0.00143, 0.0014, 0.0014, 1400.0, 0.0014, 0.0, 0.0, 0.0, 0.0, 0.0, 0.0
2015-12-02, 0.0014, 0.0014, 0.0014, 0.0014, 0.0, 0.0014, 0.0, 0.0, 0.0, 0.0, 0.0, 0.0
2015-12-03, 0.00143, 0.00143, 0.0014, 0.0014, 900.0, 0.0014, 0.0, 0.0, 0.0, 0.0, 0.0, 0.0
2015-12-04, 0.0014, 0.0014, 0.0014, 0.0014, 0.0, 0.0014, 0.0, 0.0, 0.0, 0.0, 0.0, 0.0
2015-12-07, 0.0014, 0.0014, 0.0014, 0.0014, 0.0, 0.0014, 0.0, 0.0, 0.0, 0.0, 0.0, 0.0
2015-12-08, 0.0014, 0.0014, 0.0014, 0.0014, 0.0, 0.0014, 0.0, 0.0, 0.0, 0.0, 0.0, 0.0
2015-12-09, 0.0014, 0.0014, 0.0014, 0.0014, 0.0, 0.0014, 0.0, 0.0, 0.0, 0.0, 0.0, 0.0
2015-12-10, 0.0014, 0.0014, 0.0014, 0.0014, 0.0, 0.0014, 0.0, 0.0, 0.0, 0.0, 0.0, 0.0
2015-12-11, 0.00143, 0.00143, 0.0014, 0.0014, 1800.0, 0.0014, 0.0, 0.0, 0.0, 0.0, 0.0, 0.0
2015-12-14, 0.0014, 0.0014, 0.0014, 0.0014, 0.0, 0.0014, 0.0, 0.0, 0.0, 0.0, 0.0, 0.0
2015-12-15, 0.0014, 0.0014, 0.0014, 0.0014, 0.0, 0.0014, 0.0, 0.0, 0.0, 0.0, 0.0, 0.0
2015-12-16, 0.0014, 0.0014, 0.0014, 0.0014, 0.0, 0.0014, 0.0, 0.0, 0.0, 0.0, 0.0, 0.0
2015-12-17, 0.0014, 0.0014, 0.0014, 0.0014, 5000.0, 0.0014, 0.0, 0.0, 0.0, 0.0, 0.0, 0.0
2015-12-18, 0.00143, 0.00143, 0.0014, 0.0014, 13100.0, 0.0014, 0.0, 0.0, 0.0, 0.0, 0.0, 0.0
2015-12-21, 0.0014, 0.0014, 0.0014, 0.0014, 0.0, 0.0014, 0.0, 0.0, 0.0, 0.0, 0.0, 0.0
2015-12-22, 0.0014, 0.0014, 0.0014, 0.0014, 7500.0, 0.0014, 0.0, 0.0, 0.0, 0.0, 0.0, 0.0
2015-12-23, 0.0014, 0.0014, 0.0014, 0.0014, 0.0, 0.0014, 0.0, 0.0, 0.0, 0.0, 0.0, 0.0
2015-12-24, 0.0014, 0.0014, 0.0014, 0.0014, 600.0, 0.0014, 0.0, 0.0, 0.0, 0.0, 0.0, 0.0
2015-12-25, 0.0014, 0.0014, 0.0014, 0.0014, 0.0, 0.0014, 0.0, 0.0, 0.0, 0.0, 0.0, 0.0
2015-12-28, 0.00143, 0.00143, 0.0014, 0.0014, 600.0, 0.0014, 0.0, 0.0, 0.0, 0.0, 0.0, 0.0
2015-12-29, 0.0014, 0.0014, 0.0014, 0.0014, 3000.0, 0.0014, 0.0, 0.0, 0.0, 0.0, 0.0, 0.0
2015-12-30, 0.0014, 0.0014, 0.0014, 0.0014, 2500.0, 0.0014, 0.0, 0.0, 0.0, 0.0, 0.0, 0.0
2015-12-31, 0.0014, 0.0014, 0.0014, 0.0014, 4500.0, 0.0014, 0.0, 0.0, 0.0, 0.0, 0.0, 0.0
2016-01-01, 0.0014, 0.0014, 0.0014, 0.0014, 0.0, 0.0014, 0.0, 0.0, 0.0, 0.0, 0.0, 0.0
2016-01-04, 0.0014, 0.0014, 0.0014, 0.0014, 0.0, 0.0014, 0.0, 0.0, 0.0, 0.0, 0.0, 0.0
2016-01-05, 0.0014, 0.0014, 0.0014, 0.0014, 0.0, 0.0014, 0.0, 0.0, 0.0, 0.0, 0.0, 0.0
2016-01-06, 0.0014, 0.0014, 0.0014, 0.0014, 0.0, 0.0014, 0.0, 0.0, 0.0, 0.0, 0.0, 0.0
2016-01-07, 0.0014, 0.0014, 0.0014, 0.0014, 0.0, 0.0014, 0.0, 0.0, 0.0, 0.0, 0.0, 0.0
2016-01-08, 0.0014, 0.0014, 0.0014, 0.0014, 0.0, 0.0014, 0.0, 0.0, 0.0, 0.0, 0.0, 0.0
2016-01-11, 0.0014, 0.0014, 0.0014, 0.0014, 0.0, 0.0014, 0.0, 0.0, 0.0, 0.0, 0.0, 0.0
2016-01-12, 0.0014, 0.0014, 0.0014, 0.0014, 0.0, 0.0014, 0.0, 0.0, 0.0, 0.0, 0.0, 0.0
2016-01-13, 0.0014, 0.0014, 0.0014, 0.0014, 0.0, 0.0014, 0.0, 0.0, 0.0, 0.0, 0.0, 0.0
2016-01-14, 0.0014, 0.0014, 0.0014, 0.0014, 0.0, 0.0014, 0.0, 0.0, 0.0, 0.0, 0.0, 0.0
2016-01-15, 0.0014, 0.0014, 0.0014, 0.0014, 3300.0, 0.0014, 0.0, 0.0, 0.0, 0.0, 0.0, 0.0
2016-01-18, 0.0014, 0.0014, 0.0014, 0.0014, 0.0, 0.0014, 0.0, 0.0, 0.0, 0.0, 0.0, 0.0
2016-01-19, 0.00143, 0.00143, 0.0014, 0.0014, 25000.0, 0.0014, 0.0, 0.0, 0.0, 0.0, 0.0, 0.0
2016-01-20, 0.0014, 0.0014, 0.0014, 0.0014, 300.0, 0.0014, 0.0, 0.0, 0.0, 0.0, 0.0, 0.0
2016-01-21, 0.0014, 0.0014, 0.0014, 0.0014, 0.0, 0.0014, 0.0, 0.0, 0.0, 0.0, 0.0, 0.0
2016-01-22, 0.0014, 0.0014, 0.0014, 0.0014, 0.0, 0.0014, 0.0, 0.0, 0.0, 0.0, 0.0, 0.0
2016-01-25, 0.0014, 0.0014, 0.0014, 0.0014, 100.0, 0.0014, 0.0, 0.0, 0.0, 0.0, 0.0, 0.0
2016-01-26, 0.0014, 0.0014, 0.0014, 0.0014, 0.0, 0.0014, 0.0, 0.0, 0.0, 0.0, 0.0, 0.0
2016-01-27, 0.0014, 0.0014, 0.0014, 0.0014, 0.0, 0.0014, 0.0, 0.0, 0.0, 0.0, 0.0, 0.0
2016-01-28, 0.0014, 0.0014, 0.0014, 0.0014, 0.0, 0.0014, 0.0, 0.0, 0.0, 0.0, 0.0, 0.0
2016-01-29, 0.0014, 0.0014, 0.0014, 0.0014, 1300.0, 0.0014, 0.0, 0.0, 0.0, 0.0, 0.0, 0.0
2016-02-01, 0.0014, 0.0014, 0.0014, 0.0014, 0.0, 0.0014, 0.0, 0.0, 0.0, 0.0, 0.0, 0.0
2016-02-02, 0.0014, 0.0014, 0.0014, 0.0014, 0.0, 0.0014, 0.0, 0.0, 0.0, 0.0, 0.0, 0.0
2016-02-03, 0.0014, 0.0014, 0.0014, 0.0014, 0.0, 0.0014, 0.0, 0.0, 0.0, 0.0, 0.0, 0.0
2016-02-04, 0.0017, 0.0017, 0.0017, 0.0017, 98000.0, 0.0017, 0.0, 0.0, 0.0, 0.0, 0.0, 0.0
2016-02-05, 0.0014, 0.0014, 0.0014, 0.0014, 1000.0, 0.0014, 0.0, 0.0, 0.0, 0.0, 0.0, 0.0
2016-02-08, 0.0019, 0.0019, 0.0019, 0.0019, 1100.0, 0.0019, 0.0, 0.0, 0.0, 0.0, 0.0, 0.0
2016-02-09, 0.0019, 0.0019, 0.0019, 0.0019, 0.0, 0.0019, 0.0, 0.0, 0.0, 0.0, 0.0, 0.0
2016-02-10, 0.0019, 0.0019, 0.0019, 0.0019, 0.0, 0.0019, 0.0, 0.0, 0.0, 0.0, 0.0, 0.0
2016-02-11, 0.0019, 0.0019, 0.0019, 0.0019, 0.0, 0.0019, 0.0, 0.0, 0.0, 0.0, 0.0, 0.0
2016-02-12, 0.0014, 0.0014, 0.0014, 0.0014, 10400.0, 0.0014, 0.0, 0.0, 0.0, 0.0, 0.0, 0.0
2016-02-15, 0.0014, 0.0014, 0.0014, 0.0014, 0.0, 0.0014, 0.0, 0.0, 0.0, 0.0, 0.0, 0.0
2016-02-16, 0.00144, 0.00144, 0.0014, 0.0014, 1000.0, 0.0014, 0.0, 0.0, 0.0, 0.0, 0.0, 0.0
2016-02-17, 0.0014, 0.0014, 0.0014, 0.0014, 0.0, 0.0014, 0.0, 0.0, 0.0, 0.0, 0.0, 0.0
2016-02-18, 0.0014, 0.0014, 0.0014, 0.0014, 0.0, 0.0014, 0.0, 0.0, 0.0, 0.0, 0.0, 0.0
2016-02-19, 0.0014, 0.0014, 0.0014, 0.0014, 0.0, 0.0014, 0.0, 0.0, 0.0, 0.0, 0.0, 0.0
2016-02-22, 0.0014, 0.0014, 0.0014, 0.0014, 0.0, 0.0014, 0.0, 0.0, 0.0, 0.0, 0.0, 0.0
2016-02-23, 0.0014, 0.0014, 0.0014, 0.0014, 0.0, 0.0014, 0.0, 0.0, 0.0, 0.0, 0.0, 0.0
2016-02-24, 0.0014, 0.0014, 0.0014, 0.0014, 2500.0, 0.0014, 0.0, 0.0, 0.0, 0.0, 0.0, 0.0
2016-02-25, 0.0014, 0.0014, 0.0014, 0.0014, 0.0, 0.0014, 0.0, 0.0, 0.0, 0.0, 0.0, 0.0
2016-02-26, 0.0014, 0.0014, 0.0014, 0.0014, 200.0, 0.0014, 0.0, 0.0, 0.0, 0.0, 0.0, 0.0
2016-02-29, 0.0014, 0.0014, 0.0014, 0.0014, 2500.0, 0.0014, 0.0, 0.0, 0.0, 0.0, 0.0, 0.0
2016-03-01, 0.0014, 0.0014, 0.0014, 0.0014, 0.0, 0.0014, 0.0, 0.0, 0.0, 0.0, 0.0, 0.0
2016-03-02, 0.0014, 0.0014, 0.0014, 0.0014, 0.0, 0.0014, 0.0, 0.0, 0.0, 0.0, 0.0, 0.0
2016-03-03, 0.0014, 0.0014, 0.0014, 0.0014, 0.0, 0.0014, 0.0, 0.0, 0.0, 0.0, 0.0, 0.0
2016-03-04, 0.0019, 0.0019, 0.0019, 0.0019, 5000.0, 0.0019, 0.0, 0.0, 0.0, 0.0, 0.0, 0.0
2016-03-07, 0.0019, 0.0019, 0.0019, 0.0019, 0.0, 0.0019, 0.0, 0.0, 0.0, 0.0, 0.0, 0.0
2016-03-08, 0.0019, 0.0019, 0.0019, 0.0019, 0.0, 0.0019, 0.0, 0.0, 0.0, 0.0, 0.0, 0.0
2016-03-09, 0.0019, 0.0019, 0.0019, 0.0019, 0.0, 0.0019, 0.0, 0.0, 0.0, 0.0, 0.0, 0.0
2016-03-10, 0.0017, 0.0017, 0.0017, 0.0017, 300.0, 0.0017, 0.0, 0.0, 0.0, 0.0, 0.0, 0.0
2016-03-11, 0.0017, 0.0017, 0.0017, 0.0017, 0.0, 0.0017, 0.0, 0.0, 0.0, 0.0, 0.0, 0.0
2016-03-14, 0.0018, 0.0018, 0.0015, 0.0016, 44600.0, 0.0016, 0.0, 0.0, 0.0, 0.0, 0.0, 0.0
2016-03-15, 0.0016, 0.0016, 0.0016, 0.0016, 0.0, 0.0016, 0.0, 0.0, 0.0, 0.0, 0.0, 0.0
2016-03-16, 0.0019, 0.0019, 0.0016, 0.0016, 140000.0, 0.0016, 0.0, 0.0, 0.0, 0.0, 0.0, 0.0
2016-03-17, 0.0016, 0.0016, 0.0016, 0.0016, 0.0, 0.0016, 0.0, 0.0, 0.0, 0.0, 0.0, 0.0
2016-03-18, 0.0016, 0.0016, 0.0016, 0.0016, 0.0, 0.0016, 0.0, 0.0, 0.0, 0.0, 0.0, 0.0
2016-03-21, 0.0018, 0.0018, 0.0018, 0.0018, 1000.0, 0.0018, 0.0, 0.0, 0.0, 0.0, 0.0, 0.0
2016-03-22, 0.0018, 0.0018, 0.0018, 0.0018, 0.0, 0.0018, 0.0, 0.0, 0.0, 0.0, 0.0, 0.0
2016-03-23, 0.0016, 0.0016, 0.0016, 0.0016, 7500.0, 0.0016, 0.0, 0.0, 0.0, 0.0, 0.0, 0.0
2016-03-24, 0.0016, 0.0016, 0.0016, 0.0016, 0.0, 0.0016, 0.0, 0.0, 0.0, 0.0, 0.0, 0.0
2016-03-25, 0.0016, 0.0016, 0.0016, 0.0016, 0.0, 0.0016, 0.0, 0.0, 0.0, 0.0, 0.0, 0.0
2016-03-28, 0.0016, 0.0016, 0.0016, 0.0016, 100.0, 0.0016, 0.0, 0.0, 0.0, 0.0, 0.0, 0.0
2016-03-29, 0.0016, 0.0016, 0.0016, 0.0016, 0.0, 0.0016, 0.0, 0.0, 0.0, 0.0, 0.0, 0.0
2016-03-30, 0.0016, 0.0016, 0.0016, 0.0016, 0.0, 0.0016, 0.0, 0.0, 0.0, 0.0, 0.0, 0.0
2016-03-31, 0.0016, 0.0016, 0.0016, 0.0016, 0.0, 0.0016, 0.0, 0.0, 0.0, 0.0, 0.0, 0.0
2016-04-01, 0.0016, 0.0016, 0.0016, 0.0016, 0.0, 0.0016, 0.0, 0.0, 0.0, 0.0, 0.0, 0.0
2016-04-04, 0.0016, 0.0016, 0.0016, 0.0016, 0.0, 0.0016, 0.0, 0.0, 0.0, 0.0, 0.0, 0.0
2016-04-05, 0.0016, 0.0016, 0.0016, 0.0016, 0.0, 0.0016, 0.0, 0.0, 0.0, 0.0, 0.0, 0.0
2016-04-06, 0.0016, 0.0016, 0.0016, 0.0016, 0.0, 0.0016, 0.0, 0.0, 0.0, 0.0, 0.0, 0.0
2016-04-07, 0.0018, 0.0018, 0.0018, 0.0018, 300.0, 0.0018, 0.0, 0.0, 0.0, 0.0, 0.0, 0.0
2016-04-08, 0.0018, 0.0018, 0.0018, 0.0018, 0.0, 0.0018, 0.0, 0.0, 0.0, 0.0, 0.0, 0.0
2016-04-11, 0.0018, 0.0018, 0.0018, 0.0018, 0.0, 0.0018, 0.0, 0.0, 0.0, 0.0, 0.0, 0.0
2016-04-12, 0.0018, 0.0018, 0.0018, 0.0018, 0.0, 0.0018, 0.0, 0.0, 0.0, 0.0, 0.0, 0.0
2016-04-13, 0.0019, 0.0019, 0.0019, 0.0019, 10000.0, 0.0019, 0.0, 0.0, 0.0, 0.0, 0.0, 0.0
2016-04-14, 0.0019, 0.0019, 0.0019, 0.0019, 0.0, 0.0019, 0.0, 0.0, 0.0, 0.0, 0.0, 0.0
2016-04-15, 0.0019, 0.0019, 0.0019, 0.0019, 0.0, 0.0019, 0.0, 0.0, 0.0, 0.0, 0.0, 0.0
2016-04-18, 0.0019, 0.0019, 0.0019, 0.0019, 0.0, 0.0019, 0.0, 0.0, 0.0, 0.0, 0.0, 0.0
2016-04-19, 0.0016, 0.0016, 0.0016, 0.0016, 100.0, 0.0016, 0.0, 0.0, 0.0, 0.0, 0.0, 0.0
2016-04-20, 0.0018, 0.0018, 0.0018, 0.0018, 500.0, 0.0018, 0.0, 0.0, 0.0, 0.0, 0.0, 0.0
2016-04-21, 0.0018, 0.0018, 0.0018, 0.0018, 0.0, 0.0018, 0.0, 0.0, 0.0, 0.0, 0.0, 0.0
2016-04-22, 0.0016, 0.0016, 0.0016, 0.0016, 500.0, 0.0016, 0.0, 0.0, 0.0, 0.0, 0.0, 0.0
2016-04-25, 0.0016, 0.0016, 0.0016, 0.0016, 0.0, 0.0016, 0.0, 0.0, 0.0, 0.0, 0.0, 0.0
2016-04-26, 0.0016, 0.0016, 0.0016, 0.0016, 300.0, 0.0016, 0.0, 0.0, 0.0, 0.0, 0.0, 0.0
2016-04-27, 0.0016, 0.0016, 0.0016, 0.0016, 0.0, 0.0016, 0.0, 0.0, 0.0, 0.0, 0.0, 0.0
2016-04-28, 0.0016, 0.0016, 0.0016, 0.0016, 0.0, 0.0016, 0.0, 0.0, 0.0, 0.0, 0.0, 0.0
2016-04-29, 0.0016, 0.0016, 0.0016, 0.0016, 0.0, 0.0016, 0.0, 0.0, 0.0, 0.0, 0.0, 0.0
2016-05-02, 0.0016, 0.0016, 0.0016, 0.0016, 10000.0, 0.0016, 0.0, 0.0, 0.0, 0.0, 0.0, 0.0
2016-05-03, 0.0016, 0.0016, 0.0016, 0.0016, 0.0, 0.0016, 0.0, 0.0, 0.0, 0.0, 0.0, 0.0
2016-05-04, 0.0016, 0.0016, 0.0016, 0.0016, 0.0, 0.0016, 0.0, 0.0, 0.0, 0.0, 0.0, 0.0
2016-05-05, 0.00163, 0.00163, 0.0016, 0.0016, 2000.0, 0.0016, 0.0, 0.0, 0.0, 0.0, 0.0, 0.0
2016-05-06, 0.0016, 0.0016, 0.0016, 0.0016, 0.0, 0.0016, 0.0, 0.0, 0.0, 0.0, 0.0, 0.0
2016-05-09, 0.00163, 0.00163, 0.00163, 0.00163, 800.0, 0.00163, 0.0, 0.0, 0.0, 0.0, 0.0, 0.0
2016-05-10, 0.0019, 0.0019, 0.0019, 0.0019, 10000.0, 0.0019, 0.0, 0.0, 0.0, 0.0, 0.0, 0.0
2016-05-11, 0.0019, 0.0019, 0.0019, 0.0019, 0.0, 0.0019, 0.0, 0.0, 0.0, 0.0, 0.0, 0.0
2016-05-12, 0.00163, 0.00163, 0.0016, 0.0016, 1200.0, 0.0016, 0.0, 0.0, 0.0, 0.0, 0.0, 0.0
2016-05-13, 0.0016, 0.0016, 0.0016, 0.0016, 500.0, 0.0016, 0.0, 0.0, 0.0, 0.0, 0.0, 0.0
2016-05-16, 0.0016, 0.0016, 0.0016, 0.0016, 200.0, 0.0016, 0.0, 0.0, 0.0, 0.0, 0.0, 0.0
2016-05-17, 0.0016, 0.0016, 0.0016, 0.0016, 0.0, 0.0016, 0.0, 0.0, 0.0, 0.0, 0.0, 0.0
2016-05-18, 0.0016, 0.0016, 0.0016, 0.0016, 0.0, 0.0016, 0.0, 0.0, 0.0, 0.0, 0.0, 0.0
2016-05-19, 0.0016, 0.0016, 0.0016, 0.0016, 0.0, 0.0016, 0.0, 0.0, 0.0, 0.0, 0.0, 0.0
2016-05-20, 0.0016, 0.0016, 0.0016, 0.0016, 2000.0, 0.0016, 0.0, 0.0, 0.0, 0.0, 0.0, 0.0
2016-05-23, 0.00163, 0.00163, 0.0016, 0.0016, 400.0, 0.0016, 0.0, 0.0, 0.0, 0.0, 0.0, 0.0
2016-05-24, 0.0016, 0.0016, 0.0016, 0.0016, 5600.0, 0.0016, 0.0, 0.0, 0.0, 0.0, 0.0, 0.0
2016-05-25, 0.0016, 0.0016, 0.0016, 0.0016, 0.0, 0.0016, 0.0, 0.0, 0.0, 0.0, 0.0, 0.0
2016-05-26, 0.0016, 0.0016, 0.0016, 0.0016, 0.0, 0.0016, 0.0, 0.0, 0.0, 0.0, 0.0, 0.0
2016-05-27, 0.0016, 0.0016, 0.0016, 0.0016, 4900.0, 0.0016, 0.0, 0.0, 0.0, 0.0, 0.0, 0.0
2016-05-30, 0.0016, 0.0016, 0.0016, 0.0016, 0.0, 0.0016, 0.0, 0.0, 0.0, 0.0, 0.0, 0.0
2016-05-31, 0.0016, 0.0016, 0.0016, 0.0016, 0.0, 0.0016, 0.0, 0.0, 0.0, 0.0, 0.0, 0.0
2016-06-01, 0.0016, 0.0016, 0.0016, 0.0016, 0.0, 0.0016, 0.0, 0.0, 0.0, 0.0, 0.0, 0.0
2016-06-02, 0.0016, 0.0016, 0.0016, 0.0016, 0.0, 0.0016, 0.0, 0.0, 0.0, 0.0, 0.0, 0.0
2016-06-03, 0.0016, 0.0016, 0.0016, 0.0016, 0.0, 0.0016, 0.0, 0.0, 0.0, 0.0, 0.0, 0.0
2016-06-06, 0.0016, 0.0016, 0.0016, 0.0016, 2000.0, 0.0016, 0.0, 0.0, 0.0, 0.0, 0.0, 0.0
2016-06-07, 0.0016, 0.0016, 0.0016, 0.0016, 0.0, 0.0016, 0.0, 0.0, 0.0, 0.0, 0.0, 0.0
2016-06-08, 0.0016, 0.0016, 0.0016, 0.0016, 0.0, 0.0016, 0.0, 0.0, 0.0, 0.0, 0.0, 0.0
2016-06-09, 0.0016, 0.0016, 0.0016, 0.0016, 1000.0, 0.0016, 0.0, 0.0, 0.0, 0.0, 0.0, 0.0
2016-06-10, 0.0016, 0.0016, 0.0016, 0.0016, 0.0, 0.0016, 0.0, 0.0, 0.0, 0.0, 0.0, 0.0
2016-06-13, 0.0016, 0.0016, 0.0016, 0.0016, 0.0, 0.0016, 0.0, 0.0, 0.0, 0.0, 0.0, 0.0
2016-06-14, 0.0016, 0.0016, 0.0016, 0.0016, 0.0, 0.0016, 0.0, 0.0, 0.0, 0.0, 0.0, 0.0
2016-06-15, 0.0016, 0.0016, 0.0016, 0.0016, 0.0, 0.0016, 0.0, 0.0, 0.0, 0.0, 0.0, 0.0
2016-06-16, 0.0016, 0.0016, 0.0016, 0.0016, 0.0, 0.0016, 0.0, 0.0, 0.0, 0.0, 0.0, 0.0
2016-06-17, 0.0016, 0.0016, 0.0016, 0.0016, 0.0, 0.0016, 0.0, 0.0, 0.0, 0.0, 0.0, 0.0
2016-06-20, 0.0016, 0.0016, 0.0016, 0.0016, 1000.0, 0.0016, 0.0, 0.0, 0.0, 0.0, 0.0, 0.0
2016-06-21, 0.0016, 0.0016, 0.0016, 0.0016, 500.0, 0.0016, 0.0, 0.0, 0.0, 0.0, 0.0, 0.0
2016-06-22, 0.0016, 0.0016, 0.0016, 0.0016, 0.0, 0.0016, 0.0, 0.0, 0.0, 0.0, 0.0, 0.0
2016-06-23, 0.0016, 0.0016, 0.0016, 0.0016, 0.0, 0.0016, 0.0, 0.0, 0.0, 0.0, 0.0, 0.0
2016-06-24, 0.0016, 0.0016, 0.0016, 0.0016, 0.0, 0.0016, 0.0, 0.0, 0.0, 0.0, 0.0, 0.0
2016-06-27, 0.0016, 0.0016, 0.0016, 0.0016, 0.0, 0.0016, 0.0, 0.0, 0.0, 0.0, 0.0, 0.0
2016-06-28, 0.0016, 0.0016, 0.0016, 0.0016, 0.0, 0.0016, 0.0, 0.0, 0.0, 0.0, 0.0, 0.0
2016-06-29, 0.0016, 0.0016, 0.0016, 0.0016, 0.0, 0.0016, 0.0, 0.0, 0.0, 0.0, 0.0, 0.0
2016-06-30, 0.0016, 0.0016, 0.0016, 0.0016, 0.0, 0.0016, 0.0, 0.0, 0.0, 0.0, 0.0, 0.0
2016-07-01, 0.0016, 0.0016, 0.0016, 0.0016, 100.0, 0.0016, 0.0, 0.0, 0.0, 0.0, 0.0, 0.0
2016-07-04, 0.0016, 0.0016, 0.0016, 0.0016, 0.0, 0.0016, 0.0, 0.0, 0.0, 0.0, 0.0, 0.0
2016-07-05, 0.0016, 0.0016, 0.0016, 0.0016, 0.0, 0.0016, 0.0, 0.0, 0.0, 0.0, 0.0, 0.0
2016-07-06, 0.0016, 0.0016, 0.0016, 0.0016, 0.0, 0.0016, 0.0, 0.0, 0.0, 0.0, 0.0, 0.0
