2013-10-25, 10.55, 10.86, 10.25, 10.61, 2678900.0, 10.61, 0.0, 0.0, 0.0, 0.0, 0.0, 0.0
2013-10-28, 10.5, 10.7, 10.32, 10.55, 157700.0, 10.55, 0.0, 0.0, 0.0, 0.0, 0.0, 0.0
2013-10-29, 10.41, 10.55, 10.31, 10.53, 94400.0, 10.53, 0.0, 0.0, 0.0, 0.0, 0.0, 0.0
2013-10-30, 10.53, 10.53, 10.32, 10.4, 78200.0, 10.4, 0.0, 0.0, 0.0, 0.0, 0.0, 0.0
2013-10-31, 10.45, 10.54, 10.38, 10.5, 61200.0, 10.5, 0.0, 0.0, 0.0, 0.0, 0.0, 0.0
2013-11-01, 10.5, 10.52, 10.46, 10.5, 35700.0, 10.5, 0.0, 0.0, 0.0, 0.0, 0.0, 0.0
2013-11-04, 10.49, 10.84, 10.49, 10.82, 36800.0, 10.82, 0.0, 0.0, 0.0, 0.0, 0.0, 0.0
2013-11-05, 11.0, 12.08, 10.85, 11.51, 123500.0, 11.51, 0.0, 0.0, 0.0, 0.0, 0.0, 0.0
2013-11-06, 11.57, 12.03, 10.84, 10.93, 63900.0, 10.93, 0.0, 0.0, 0.0, 0.0, 0.0, 0.0
2013-11-07, 10.76, 11.28, 10.4, 10.42, 120800.0, 10.42, 0.0, 0.0, 0.0, 0.0, 0.0, 0.0
2013-11-08, 10.68, 11.0, 10.38, 10.89, 60400.0, 10.89, 0.0, 0.0, 0.0, 0.0, 0.0, 0.0
2013-11-11, 11.3, 11.3, 10.88, 10.88, 19900.0, 10.88, 0.0, 0.0, 0.0, 0.0, 0.0, 0.0
2013-11-12, 10.63, 11.04, 10.63, 10.67, 39300.0, 10.67, 0.0, 0.0, 0.0, 0.0, 0.0, 0.0
2013-11-13, 10.75, 10.99, 10.5, 10.51, 38000.0, 10.51, 0.0, 0.0, 0.0, 0.0, 0.0, 0.0
2013-11-14, 10.51, 10.63, 10.45, 10.58, 212200.0, 10.58, 0.0, 0.0, 0.0, 0.0, 0.0, 0.0
2013-11-15, 10.61, 10.72, 10.61, 10.7, 2600.0, 10.7, 0.0, 0.0, 0.0, 0.0, 0.0, 0.0
2013-11-18, 10.76, 10.76, 10.5, 10.61, 13600.0, 10.61, 0.0, 0.0, 0.0, 0.0, 0.0, 0.0
2013-11-19, 11.0, 11.88, 10.8, 11.45, 168600.0, 11.45, 0.0, 0.0, 0.0, 0.0, 0.0, 0.0
2013-11-20, 12.04, 12.5, 11.38, 11.84, 103600.0, 11.84, 0.0, 0.0, 0.0, 0.0, 0.0, 0.0
2013-11-21, 12.0, 12.43, 11.6, 11.6, 57900.0, 11.6, 0.0, 0.0, 0.0, 0.0, 0.0, 0.0
2013-11-22, 12.18, 12.3, 11.62, 11.64, 34600.0, 11.64, 0.0, 0.0, 0.0, 0.0, 0.0, 0.0
2013-11-25, 11.64, 11.75, 11.25, 11.25, 38600.0, 11.25, 0.0, 0.0, 0.0, 0.0, 0.0, 0.0
2013-11-26, 11.77, 11.77, 10.65, 10.79, 46000.0, 10.79, 0.0, 0.0, 0.0, 0.0, 0.0, 0.0
2013-11-27, 10.84, 11.76, 10.6, 11.67, 23900.0, 11.67, 0.0, 0.0, 0.0, 0.0, 0.0, 0.0
2013-11-29, 11.26, 11.77, 11.0, 11.25, 35600.0, 11.25, 0.0, 0.0, 0.0, 0.0, 0.0, 0.0
2013-12-02, 11.15, 11.68, 10.98, 11.49, 31200.0, 11.49, 0.0, 0.0, 0.0, 0.0, 0.0, 0.0
2013-12-03, 12.0, 12.01, 11.57, 12.01, 92400.0, 12.01, 0.0, 0.0, 0.0, 0.0, 0.0, 0.0
2013-12-04, 11.7, 14.21, 11.7, 13.6, 141900.0, 13.6, 0.0, 0.0, 0.0, 0.0, 0.0, 0.0
2013-12-05, 13.5, 15.66, 12.5, 14.35, 248800.0, 14.35, 0.0, 0.0, 0.0, 0.0, 0.0, 0.0
2013-12-06, 14.48, 16.0, 14.48, 15.35, 348200.0, 15.35, 0.0, 0.0, 0.0, 0.0, 0.0, 0.0
2013-12-09, 15.51, 16.75, 14.91, 16.0, 274000.0, 16.0, 0.0, 0.0, 0.0, 0.0, 0.0, 0.0
2013-12-10, 15.98, 16.73, 15.03, 15.99, 177700.0, 15.99, 0.0, 0.0, 0.0, 0.0, 0.0, 0.0
2013-12-11, 16.0, 16.2, 14.62, 14.93, 97500.0, 14.93, 0.0, 0.0, 0.0, 0.0, 0.0, 0.0
2013-12-12, 14.93, 15.16, 14.52, 14.95, 68400.0, 14.95, 0.0, 0.0, 0.0, 0.0, 0.0, 0.0
2013-12-13, 15.03, 15.2, 13.79, 14.26, 119000.0, 14.26, 0.0, 0.0, 0.0, 0.0, 0.0, 0.0
2013-12-16, 14.41, 14.97, 13.56, 14.8, 118600.0, 14.8, 0.0, 0.0, 0.0, 0.0, 0.0, 0.0
2013-12-17, 15.06, 16.0, 14.68, 15.73, 120800.0, 15.73, 0.0, 0.0, 0.0, 0.0, 0.0, 0.0
2013-12-18, 15.83, 16.34, 15.83, 16.08, 131700.0, 16.08, 0.0, 0.0, 0.0, 0.0, 0.0, 0.0
2013-12-19, 16.11, 16.88, 15.6, 15.92, 102400.0, 15.92, 0.0, 0.0, 0.0, 0.0, 0.0, 0.0
2013-12-20, 15.98, 16.39, 15.1, 16.39, 1195600.0, 16.39, 0.0, 0.0, 0.0, 0.0, 0.0, 0.0
2013-12-23, 16.69, 17.64, 16.69, 17.08, 76600.0, 17.08, 0.0, 0.0, 0.0, 0.0, 0.0, 0.0
2013-12-24, 17.0, 17.78, 16.84, 16.98, 27400.0, 16.98, 0.0, 0.0, 0.0, 0.0, 0.0, 0.0
2013-12-26, 17.26, 17.78, 16.79, 16.96, 32200.0, 16.96, 0.0, 0.0, 0.0, 0.0, 0.0, 0.0
2013-12-27, 17.0, 17.55, 17.0, 17.38, 63900.0, 17.38, 0.0, 0.0, 0.0, 0.0, 0.0, 0.0
2013-12-30, 17.4, 18.31, 17.4, 17.89, 86500.0, 17.89, 0.0, 0.0, 0.0, 0.0, 0.0, 0.0
2013-12-31, 17.96, 18.5, 17.65, 17.96, 80500.0, 17.96, 0.0, 0.0, 0.0, 0.0, 0.0, 0.0
2014-01-02, 17.92, 18.03, 17.08, 17.26, 56100.0, 17.26, 0.0, 0.0, 0.0, 0.0, 0.0, 0.0
2014-01-03, 17.29, 17.69, 17.14, 17.53, 80000.0, 17.53, 0.0, 0.0, 0.0, 0.0, 0.0, 0.0
2014-01-06, 17.66, 18.2, 17.51, 18.13, 39200.0, 18.13, 0.0, 0.0, 0.0, 0.0, 0.0, 0.0
2014-01-07, 18.25, 19.09, 18.16, 18.93, 98400.0, 18.93, 0.0, 0.0, 0.0, 0.0, 0.0, 0.0
2014-01-08, 19.07, 19.58, 18.11, 18.3, 69600.0, 18.3, 0.0, 0.0, 0.0, 0.0, 0.0, 0.0
2014-01-09, 18.65, 20.25, 18.58, 19.99, 221900.0, 19.99, 0.0, 0.0, 0.0, 0.0, 0.0, 0.0
2014-01-10, 19.99, 20.25, 19.51, 19.82, 73200.0, 19.82, 0.0, 0.0, 0.0, 0.0, 0.0, 0.0
2014-01-13, 19.86, 20.23, 19.01, 19.28, 68200.0, 19.28, 0.0, 0.0, 0.0, 0.0, 0.0, 0.0
2014-01-14, 19.31, 21.27, 19.31, 20.48, 125100.0, 20.48, 0.0, 0.0, 0.0, 0.0, 0.0, 0.0
2014-01-15, 20.43, 21.99, 20.43, 21.46, 99300.0, 21.46, 0.0, 0.0, 0.0, 0.0, 0.0, 0.0
2014-01-16, 21.32, 21.73, 20.75, 21.14, 47900.0, 21.14, 0.0, 0.0, 0.0, 0.0, 0.0, 0.0
2014-01-17, 21.05, 21.89, 20.56, 20.71, 67700.0, 20.71, 0.0, 0.0, 0.0, 0.0, 0.0, 0.0
2014-01-21, 21.0, 21.31, 20.76, 20.92, 138500.0, 20.92, 0.0, 0.0, 0.0, 0.0, 0.0, 0.0
2014-01-22, 21.0, 21.02, 19.74, 20.25, 85500.0, 20.25, 0.0, 0.0, 0.0, 0.0, 0.0, 0.0
2014-01-23, 20.22, 20.6, 19.63, 20.06, 31200.0, 20.06, 0.0, 0.0, 0.0, 0.0, 0.0, 0.0
2014-01-24, 19.61, 20.26, 18.59, 18.71, 54300.0, 18.71, 0.0, 0.0, 0.0, 0.0, 0.0, 0.0
2014-01-27, 19.28, 19.5, 15.74, 16.74, 134100.0, 16.74, 0.0, 0.0, 0.0, 0.0, 0.0, 0.0
2014-01-28, 16.73, 17.06, 15.03, 15.76, 180100.0, 15.76, 0.0, 0.0, 0.0, 0.0, 0.0, 0.0
2014-01-29, 16.51, 19.47, 15.65, 16.73, 173100.0, 16.73, 0.0, 0.0, 0.0, 0.0, 0.0, 0.0
2014-01-30, 18.0, 18.0, 17.05, 17.91, 83000.0, 17.91, 0.0, 0.0, 0.0, 0.0, 0.0, 0.0
2014-01-31, 17.9, 18.74, 17.54, 18.46, 72500.0, 18.46, 0.0, 0.0, 0.0, 0.0, 0.0, 0.0
2014-02-03, 18.28, 18.34, 16.61, 17.0, 81900.0, 17.0, 0.0, 0.0, 0.0, 0.0, 0.0, 0.0
2014-02-04, 16.61, 17.81, 16.5, 17.07, 35500.0, 17.07, 0.0, 0.0, 0.0, 0.0, 0.0, 0.0
2014-02-05, 17.1, 18.83, 16.87, 17.13, 52100.0, 17.13, 0.0, 0.0, 0.0, 0.0, 0.0, 0.0
2014-02-06, 17.28, 18.71, 16.65, 17.97, 53800.0, 17.97, 0.0, 0.0, 0.0, 0.0, 0.0, 0.0
2014-02-07, 18.1, 19.15, 17.91, 18.96, 130800.0, 18.96, 0.0, 0.0, 0.0, 0.0, 0.0, 0.0
2014-02-10, 18.81, 18.86, 18.09, 18.18, 63700.0, 18.18, 0.0, 0.0, 0.0, 0.0, 0.0, 0.0
2014-02-11, 18.12, 18.6, 18.05, 18.37, 60500.0, 18.37, 0.0, 0.0, 0.0, 0.0, 0.0, 0.0
2014-02-12, 18.48, 18.71, 18.23, 18.39, 57000.0, 18.39, 0.0, 0.0, 0.0, 0.0, 0.0, 0.0
2014-02-13, 18.16, 18.59, 18.16, 18.54, 68500.0, 18.54, 0.0, 0.0, 0.0, 0.0, 0.0, 0.0
2014-02-14, 18.5, 19.74, 18.4, 19.26, 105300.0, 19.26, 0.0, 0.0, 0.0, 0.0, 0.0, 0.0
2014-02-18, 19.88, 21.3, 19.85, 20.68, 124500.0, 20.68, 0.0, 0.0, 0.0, 0.0, 0.0, 0.0
2014-02-19, 20.55, 21.54, 20.1, 20.9, 98800.0, 20.9, 0.0, 0.0, 0.0, 0.0, 0.0, 0.0
2014-02-20, 21.02, 21.66, 20.79, 21.25, 50200.0, 21.25, 0.0, 0.0, 0.0, 0.0, 0.0, 0.0
2014-02-21, 21.39, 21.39, 20.35, 21.04, 80200.0, 21.04, 0.0, 0.0, 0.0, 0.0, 0.0, 0.0
2014-02-24, 21.17, 21.17, 20.0, 20.04, 124800.0, 20.04, 0.0, 0.0, 0.0, 0.0, 0.0, 0.0
2014-02-25, 20.0, 20.97, 20.0, 20.57, 34200.0, 20.57, 0.0, 0.0, 0.0, 0.0, 0.0, 0.0
2014-02-26, 21.83, 21.83, 20.59, 21.33, 74500.0, 21.33, 0.0, 0.0, 0.0, 0.0, 0.0, 0.0
2014-02-27, 21.16, 24.91, 21.01, 24.49, 167700.0, 24.49, 0.0, 0.0, 0.0, 0.0, 0.0, 0.0
2014-02-28, 25.0, 27.15, 22.49, 22.97, 178400.0, 22.97, 0.0, 0.0, 0.0, 0.0, 0.0, 0.0
2014-03-03, 22.97, 24.2, 22.05, 23.37, 81400.0, 23.37, 0.0, 0.0, 0.0, 0.0, 0.0, 0.0
2014-03-04, 23.96, 25.99, 23.96, 24.92, 72100.0, 24.92, 0.0, 0.0, 0.0, 0.0, 0.0, 0.0
2014-03-05, 24.66, 25.16, 24.32, 24.64, 41900.0, 24.64, 0.0, 0.0, 0.0, 0.0, 0.0, 0.0
2014-03-06, 24.63, 24.74, 21.04, 22.56, 204500.0, 22.56, 0.0, 0.0, 0.0, 0.0, 0.0, 0.0
2014-03-07, 22.78, 25.09, 20.81, 21.0, 111300.0, 21.0, 0.0, 0.0, 0.0, 0.0, 0.0, 0.0
2014-03-10, 21.0, 22.73, 19.53, 22.31, 248000.0, 22.31, 0.0, 0.0, 0.0, 0.0, 0.0, 0.0
2014-03-11, 22.48, 23.77, 21.96, 22.41, 85500.0, 22.41, 0.0, 0.0, 0.0, 0.0, 0.0, 0.0
2014-03-12, 22.18, 22.99, 20.88, 21.91, 96400.0, 21.91, 0.0, 0.0, 0.0, 0.0, 0.0, 0.0
2014-03-13, 22.09, 22.09, 20.29, 20.7, 55300.0, 20.7, 0.0, 0.0, 0.0, 0.0, 0.0, 0.0
2014-03-14, 20.54, 21.23, 19.9, 20.0, 45900.0, 20.0, 0.0, 0.0, 0.0, 0.0, 0.0, 0.0
2014-03-17, 20.07, 20.9, 19.06, 20.78, 155600.0, 20.78, 0.0, 0.0, 0.0, 0.0, 0.0, 0.0
2014-03-18, 20.78, 21.93, 20.43, 21.89, 101300.0, 21.89, 0.0, 0.0, 0.0, 0.0, 0.0, 0.0
2014-03-19, 21.5, 23.97, 21.5, 23.73, 131400.0, 23.73, 0.0, 0.0, 0.0, 0.0, 0.0, 0.0
2014-03-20, 23.58, 23.95, 22.55, 22.78, 89500.0, 22.78, 0.0, 0.0, 0.0, 0.0, 0.0, 0.0
2014-03-21, 22.8, 22.88, 21.62, 22.54, 104900.0, 22.54, 0.0, 0.0, 0.0, 0.0, 0.0, 0.0
2014-03-24, 22.67, 22.88, 20.66, 20.68, 121800.0, 20.68, 0.0, 0.0, 0.0, 0.0, 0.0, 0.0
2014-03-25, 21.1, 21.34, 19.54, 20.2, 141600.0, 20.2, 0.0, 0.0, 0.0, 0.0, 0.0, 0.0
2014-03-26, 20.34, 22.76, 19.96, 20.6, 76400.0, 20.6, 0.0, 0.0, 0.0, 0.0, 0.0, 0.0
2014-03-27, 20.73, 21.61, 19.96, 20.51, 62900.0, 20.51, 0.0, 0.0, 0.0, 0.0, 0.0, 0.0
2014-03-28, 20.51, 22.0, 20.51, 21.12, 36500.0, 21.12, 0.0, 0.0, 0.0, 0.0, 0.0, 0.0
2014-03-31, 21.36, 21.45, 20.15, 21.19, 127500.0, 21.19, 0.0, 0.0, 0.0, 0.0, 0.0, 0.0
2014-04-01, 21.28, 22.6, 21.28, 22.37, 44600.0, 22.37, 0.0, 0.0, 0.0, 0.0, 0.0, 0.0
2014-04-02, 22.43, 22.58, 20.8, 21.17, 66300.0, 21.17, 0.0, 0.0, 0.0, 0.0, 0.0, 0.0
2014-04-03, 21.1, 21.42, 19.85, 19.97, 43700.0, 19.97, 0.0, 0.0, 0.0, 0.0, 0.0, 0.0
2014-04-04, 20.12, 21.56, 18.75, 19.06, 157100.0, 19.06, 0.0, 0.0, 0.0, 0.0, 0.0, 0.0
2014-04-07, 19.0, 19.74, 18.03, 18.1, 87500.0, 18.1, 0.0, 0.0, 0.0, 0.0, 0.0, 0.0
2014-04-08, 18.15, 19.24, 18.05, 19.06, 99000.0, 19.06, 0.0, 0.0, 0.0, 0.0, 0.0, 0.0
2014-04-09, 19.08, 19.25, 18.11, 19.14, 147800.0, 19.14, 0.0, 0.0, 0.0, 0.0, 0.0, 0.0
2014-04-10, 19.05, 19.05, 17.18, 17.28, 90100.0, 17.28, 0.0, 0.0, 0.0, 0.0, 0.0, 0.0
2014-04-11, 17.0, 18.29, 16.94, 16.96, 67100.0, 16.96, 0.0, 0.0, 0.0, 0.0, 0.0, 0.0
2014-04-14, 17.08, 17.58, 16.19, 16.54, 145400.0, 16.54, 0.0, 0.0, 0.0, 0.0, 0.0, 0.0
2014-04-15, 16.69, 16.77, 14.3, 14.93, 156500.0, 14.93, 0.0, 0.0, 0.0, 0.0, 0.0, 0.0
2014-04-16, 15.1, 15.79, 14.59, 14.91, 59400.0, 14.91, 0.0, 0.0, 0.0, 0.0, 0.0, 0.0
2014-04-17, 14.89, 15.16, 13.69, 14.94, 119100.0, 14.94, 0.0, 0.0, 0.0, 0.0, 0.0, 0.0
2014-04-21, 14.9, 15.94, 14.52, 15.22, 80600.0, 15.22, 0.0, 0.0, 0.0, 0.0, 0.0, 0.0
2014-04-22, 15.32, 17.01, 15.06, 16.42, 57900.0, 16.42, 0.0, 0.0, 0.0, 0.0, 0.0, 0.0
2014-04-23, 16.41, 16.86, 15.72, 16.21, 77800.0, 16.21, 0.0, 0.0, 0.0, 0.0, 0.0, 0.0
2014-04-24, 16.31, 17.02, 15.48, 15.95, 73900.0, 15.95, 0.0, 0.0, 0.0, 0.0, 0.0, 0.0
2014-04-25, 15.76, 15.93, 14.62, 14.99, 75600.0, 14.99, 0.0, 0.0, 0.0, 0.0, 0.0, 0.0
2014-04-28, 15.01, 15.98, 14.38, 15.83, 109400.0, 15.83, 0.0, 0.0, 0.0, 0.0, 0.0, 0.0
2014-04-29, 15.86, 16.26, 14.97, 15.61, 57800.0, 15.61, 0.0, 0.0, 0.0, 0.0, 0.0, 0.0
2014-04-30, 15.41, 16.36, 15.01, 15.66, 49300.0, 15.66, 0.0, 0.0, 0.0, 0.0, 0.0, 0.0
2014-05-01, 15.62, 15.93, 14.81, 15.25, 77600.0, 15.25, 0.0, 0.0, 0.0, 0.0, 0.0, 0.0
2014-05-02, 15.36, 15.36, 14.97, 15.1, 45100.0, 15.1, 0.0, 0.0, 0.0, 0.0, 0.0, 0.0
2014-05-05, 15.01, 15.83, 14.98, 15.42, 31900.0, 15.42, 0.0, 0.0, 0.0, 0.0, 0.0, 0.0
2014-05-06, 15.34, 15.34, 14.89, 15.01, 46600.0, 15.01, 0.0, 0.0, 0.0, 0.0, 0.0, 0.0
2014-05-07, 15.07, 15.09, 14.31, 14.52, 64900.0, 14.52, 0.0, 0.0, 0.0, 0.0, 0.0, 0.0
2014-05-08, 14.46, 14.68, 13.67, 13.76, 78100.0, 13.76, 0.0, 0.0, 0.0, 0.0, 0.0, 0.0
2014-05-09, 13.73, 15.44, 13.66, 14.85, 66000.0, 14.85, 0.0, 0.0, 0.0, 0.0, 0.0, 0.0
2014-05-12, 14.93, 15.88, 14.62, 15.32, 67000.0, 15.32, 0.0, 0.0, 0.0, 0.0, 0.0, 0.0
2014-05-13, 15.25, 15.54, 14.29, 15.28, 69200.0, 15.28, 0.0, 0.0, 0.0, 0.0, 0.0, 0.0
2014-05-14, 15.2, 16.8, 15.06, 16.57, 74200.0, 16.57, 0.0, 0.0, 0.0, 0.0, 0.0, 0.0
2014-05-15, 16.4, 16.68, 15.09, 15.35, 42700.0, 15.35, 0.0, 0.0, 0.0, 0.0, 0.0, 0.0
2014-05-16, 15.34, 15.52, 14.72, 15.33, 50600.0, 15.33, 0.0, 0.0, 0.0, 0.0, 0.0, 0.0
2014-05-19, 15.33, 15.98, 15.24, 15.55, 26700.0, 15.55, 0.0, 0.0, 0.0, 0.0, 0.0, 0.0
2014-05-20, 15.61, 15.91, 15.1, 15.58, 66800.0, 15.58, 0.0, 0.0, 0.0, 0.0, 0.0, 0.0
2014-05-21, 15.83, 16.33, 15.01, 15.22, 42500.0, 15.22, 0.0, 0.0, 0.0, 0.0, 0.0, 0.0
2014-05-22, 15.38, 16.78, 15.18, 15.87, 686200.0, 15.87, 0.0, 0.0, 0.0, 0.0, 0.0, 0.0
2014-05-23, 15.89, 16.09, 15.55, 15.95, 68100.0, 15.95, 0.0, 0.0, 0.0, 0.0, 0.0, 0.0
2014-05-27, 16.0, 16.16, 15.61, 15.84, 52100.0, 15.84, 0.0, 0.0, 0.0, 0.0, 0.0, 0.0
2014-05-28, 15.73, 15.88, 15.29, 15.38, 61800.0, 15.38, 0.0, 0.0, 0.0, 0.0, 0.0, 0.0
2014-05-29, 15.4, 16.16, 15.32, 15.84, 142700.0, 15.84, 0.0, 0.0, 0.0, 0.0, 0.0, 0.0
2014-05-30, 15.91, 16.04, 15.1, 15.67, 244700.0, 15.67, 0.0, 0.0, 0.0, 0.0, 0.0, 0.0
2014-06-02, 16.78, 16.78, 15.84, 15.97, 237200.0, 15.97, 0.0, 0.0, 0.0, 0.0, 0.0, 0.0
2014-06-03, 16.07, 16.76, 15.55, 15.68, 198400.0, 15.68, 0.0, 0.0, 0.0, 0.0, 0.0, 0.0
2014-06-04, 15.72, 15.83, 14.55, 14.8, 151100.0, 14.8, 0.0, 0.0, 0.0, 0.0, 0.0, 0.0
2014-06-05, 14.8, 15.64, 14.4, 15.6, 107400.0, 15.6, 0.0, 0.0, 0.0, 0.0, 0.0, 0.0
2014-06-06, 15.79, 16.75, 15.01, 16.49, 357500.0, 16.49, 0.0, 0.0, 0.0, 0.0, 0.0, 0.0
2014-06-09, 16.5, 17.21, 16.42, 16.73, 335400.0, 16.73, 0.0, 0.0, 0.0, 0.0, 0.0, 0.0
2014-06-10, 16.74, 17.24, 16.58, 17.19, 65000.0, 17.19, 0.0, 0.0, 0.0, 0.0, 0.0, 0.0
2014-06-11, 17.16, 18.22, 16.8, 17.55, 91300.0, 17.55, 0.0, 0.0, 0.0, 0.0, 0.0, 0.0
2014-06-12, 17.59, 17.75, 17.16, 17.51, 161700.0, 17.51, 0.0, 0.0, 0.0, 0.0, 0.0, 0.0
2014-06-13, 17.59, 17.8, 17.2, 17.41, 81200.0, 17.41, 0.0, 0.0, 0.0, 0.0, 0.0, 0.0
2014-06-16, 17.46, 19.44, 17.42, 19.07, 170200.0, 19.07, 0.0, 0.0, 0.0, 0.0, 0.0, 0.0
2014-06-17, 19.14, 19.45, 18.0, 18.65, 148900.0, 18.65, 0.0, 0.0, 0.0, 0.0, 0.0, 0.0
2014-06-18, 18.78, 19.1, 18.08, 18.87, 117300.0, 18.87, 0.0, 0.0, 0.0, 0.0, 0.0, 0.0
2014-06-19, 18.99, 20.28, 18.9, 20.15, 358100.0, 20.15, 0.0, 0.0, 0.0, 0.0, 0.0, 0.0
2014-06-20, 20.32, 20.5, 19.62, 19.72, 175700.0, 19.72, 0.0, 0.0, 0.0, 0.0, 0.0, 0.0
2014-06-23, 19.68, 21.0, 19.66, 20.59, 210900.0, 20.59, 0.0, 0.0, 0.0, 0.0, 0.0, 0.0
2014-06-24, 20.61, 21.37, 20.26, 21.03, 210400.0, 21.03, 0.0, 0.0, 0.0, 0.0, 0.0, 0.0
2014-06-25, 28.85, 29.71, 26.27, 26.98, 5045000.0, 26.98, 0.0, 0.0, 0.0, 0.0, 0.0, 0.0
2014-06-26, 26.98, 27.95, 26.31, 26.98, 841700.0, 26.98, 0.0, 0.0, 0.0, 0.0, 0.0, 0.0
2014-06-27, 26.52, 27.1, 25.32, 26.58, 703000.0, 26.58, 0.0, 0.0, 0.0, 0.0, 0.0, 0.0
2014-06-30, 26.0, 26.27, 24.5, 24.77, 354500.0, 24.77, 0.0, 0.0, 0.0, 0.0, 0.0, 0.0
2014-07-01, 24.72, 25.89, 24.51, 25.06, 239500.0, 25.06, 0.0, 0.0, 0.0, 0.0, 0.0, 0.0
2014-07-02, 24.65, 25.0, 23.75, 23.99, 238900.0, 23.99, 0.0, 0.0, 0.0, 0.0, 0.0, 0.0
2014-07-03, 25.45, 25.45, 24.5, 25.31, 198500.0, 25.31, 0.0, 0.0, 0.0, 0.0, 0.0, 0.0
2014-07-07, 25.29, 25.95, 24.91, 25.5, 261500.0, 25.5, 0.0, 0.0, 0.0, 0.0, 0.0, 0.0
2014-07-08, 25.4, 25.4, 23.89, 24.36, 312200.0, 24.36, 0.0, 0.0, 0.0, 0.0, 0.0, 0.0
2014-07-09, 24.42, 27.23, 24.0, 26.4, 2014000.0, 26.4, 0.0, 0.0, 0.0, 0.0, 0.0, 0.0
2014-07-10, 25.42, 26.08, 24.72, 25.42, 1276400.0, 25.42, 0.0, 0.0, 0.0, 0.0, 0.0, 0.0
2014-07-11, 25.5, 26.14, 25.3, 25.97, 345800.0, 25.97, 0.0, 0.0, 0.0, 0.0, 0.0, 0.0
2014-07-14, 26.52, 27.25, 25.33, 25.55, 197600.0, 25.55, 0.0, 0.0, 0.0, 0.0, 0.0, 0.0
2014-07-15, 25.52, 25.56, 24.0, 24.05, 205200.0, 24.05, 0.0, 0.0, 0.0, 0.0, 0.0, 0.0
2014-07-16, 24.13, 24.2, 22.51, 23.21, 206900.0, 23.21, 0.0, 0.0, 0.0, 0.0, 0.0, 0.0
2014-07-17, 23.14, 23.7, 21.65, 21.72, 349000.0, 21.72, 0.0, 0.0, 0.0, 0.0, 0.0, 0.0
2014-07-18, 21.62, 22.14, 21.4, 21.9, 194600.0, 21.9, 0.0, 0.0, 0.0, 0.0, 0.0, 0.0
2014-07-21, 21.6, 22.0, 21.14, 21.7, 155900.0, 21.7, 0.0, 0.0, 0.0, 0.0, 0.0, 0.0
2014-07-22, 21.75, 22.07, 21.19, 21.36, 170600.0, 21.36, 0.0, 0.0, 0.0, 0.0, 0.0, 0.0
2014-07-23, 21.51, 21.81, 21.31, 21.64, 180600.0, 21.64, 0.0, 0.0, 0.0, 0.0, 0.0, 0.0
2014-07-24, 21.7, 22.42, 21.16, 21.34, 171200.0, 21.34, 0.0, 0.0, 0.0, 0.0, 0.0, 0.0
2014-07-25, 21.18, 21.45, 19.46, 19.61, 297700.0, 19.61, 0.0, 0.0, 0.0, 0.0, 0.0, 0.0
2014-07-28, 19.67, 19.73, 18.11, 18.53, 411000.0, 18.53, 0.0, 0.0, 0.0, 0.0, 0.0, 0.0
2014-07-29, 18.65, 19.43, 18.65, 19.3, 376100.0, 19.3, 0.0, 0.0, 0.0, 0.0, 0.0, 0.0
2014-07-30, 19.04, 19.57, 18.5, 18.98, 279200.0, 18.98, 0.0, 0.0, 0.0, 0.0, 0.0, 0.0
2014-07-31, 18.5, 18.91, 17.46, 17.73, 326600.0, 17.73, 0.0, 0.0, 0.0, 0.0, 0.0, 0.0
2014-08-01, 17.61, 17.88, 17.01, 17.46, 198000.0, 17.46, 0.0, 0.0, 0.0, 0.0, 0.0, 0.0
2014-08-04, 17.62, 18.25, 17.01, 17.19, 344500.0, 17.19, 0.0, 0.0, 0.0, 0.0, 0.0, 0.0
2014-08-05, 16.99, 17.67, 16.99, 17.49, 173200.0, 17.49, 0.0, 0.0, 0.0, 0.0, 0.0, 0.0
2014-08-06, 17.32, 17.8, 16.89, 17.18, 188700.0, 17.18, 0.0, 0.0, 0.0, 0.0, 0.0, 0.0
2014-08-07, 17.23, 17.43, 16.05, 16.31, 280700.0, 16.31, 0.0, 0.0, 0.0, 0.0, 0.0, 0.0
2014-08-08, 16.42, 17.2, 16.15, 17.09, 130000.0, 17.09, 0.0, 0.0, 0.0, 0.0, 0.0, 0.0
2014-08-11, 17.1, 17.68, 16.82, 17.2, 162000.0, 17.2, 0.0, 0.0, 0.0, 0.0, 0.0, 0.0
2014-08-12, 17.03, 17.45, 17.03, 17.14, 135500.0, 17.14, 0.0, 0.0, 0.0, 0.0, 0.0, 0.0
2014-08-13, 17.17, 17.79, 17.17, 17.45, 109300.0, 17.45, 0.0, 0.0, 0.0, 0.0, 0.0, 0.0
2014-08-14, 17.5, 18.69, 17.47, 18.62, 211300.0, 18.62, 0.0, 0.0, 0.0, 0.0, 0.0, 0.0
2014-08-15, 18.77, 19.64, 18.06, 18.08, 221900.0, 18.08, 0.0, 0.0, 0.0, 0.0, 0.0, 0.0
2014-08-18, 18.3, 18.4, 17.6, 18.0, 249900.0, 18.0, 0.0, 0.0, 0.0, 0.0, 0.0, 0.0
2014-08-19, 18.0, 18.28, 17.72, 17.77, 82100.0, 17.77, 0.0, 0.0, 0.0, 0.0, 0.0, 0.0
2014-08-20, 17.78, 18.27, 17.31, 17.51, 173000.0, 17.51, 0.0, 0.0, 0.0, 0.0, 0.0, 0.0
2014-08-21, 17.45, 17.58, 16.66, 16.87, 89400.0, 16.87, 0.0, 0.0, 0.0, 0.0, 0.0, 0.0
2014-08-22, 16.84, 17.31, 16.57, 16.73, 118100.0, 16.73, 0.0, 0.0, 0.0, 0.0, 0.0, 0.0
2014-08-25, 16.99, 17.32, 16.73, 17.22, 174400.0, 17.22, 0.0, 0.0, 0.0, 0.0, 0.0, 0.0
2014-08-26, 17.1, 17.86, 17.06, 17.49, 178600.0, 17.49, 0.0, 0.0, 0.0, 0.0, 0.0, 0.0
2014-08-27, 17.47, 17.53, 16.9, 17.19, 227200.0, 17.19, 0.0, 0.0, 0.0, 0.0, 0.0, 0.0
2014-08-28, 17.13, 17.49, 16.69, 16.81, 131500.0, 16.81, 0.0, 0.0, 0.0, 0.0, 0.0, 0.0
2014-08-29, 16.81, 17.02, 16.22, 16.38, 217800.0, 16.38, 0.0, 0.0, 0.0, 0.0, 0.0, 0.0
2014-09-02, 16.43, 17.55, 16.4, 17.24, 138200.0, 17.24, 0.0, 0.0, 0.0, 0.0, 0.0, 0.0
2014-09-03, 17.3, 18.03, 17.24, 17.95, 209000.0, 17.95, 0.0, 0.0, 0.0, 0.0, 0.0, 0.0
2014-09-04, 18.02, 19.19, 18.01, 19.04, 299200.0, 19.04, 0.0, 0.0, 0.0, 0.0, 0.0, 0.0
2014-09-05, 18.88, 19.06, 18.4, 18.51, 178000.0, 18.51, 0.0, 0.0, 0.0, 0.0, 0.0, 0.0
2014-09-08, 18.54, 19.17, 18.5, 19.08, 104400.0, 19.08, 0.0, 0.0, 0.0, 0.0, 0.0, 0.0
2014-09-09, 19.25, 21.49, 19.25, 20.53, 389500.0, 20.53, 0.0, 0.0, 0.0, 0.0, 0.0, 0.0
2014-09-10, 20.41, 20.84, 20.03, 20.35, 191100.0, 20.35, 0.0, 0.0, 0.0, 0.0, 0.0, 0.0
2014-09-11, 20.68, 20.85, 19.97, 20.13, 185700.0, 20.13, 0.0, 0.0, 0.0, 0.0, 0.0, 0.0
2014-09-12, 20.06, 20.46, 19.53, 19.74, 360100.0, 19.74, 0.0, 0.0, 0.0, 0.0, 0.0, 0.0
2014-09-15, 19.77, 20.14, 18.86, 19.13, 152900.0, 19.13, 0.0, 0.0, 0.0, 0.0, 0.0, 0.0
2014-09-16, 19.02, 19.49, 18.54, 18.57, 113900.0, 18.57, 0.0, 0.0, 0.0, 0.0, 0.0, 0.0
2014-09-17, 18.63, 19.07, 18.46, 18.63, 171300.0, 18.63, 0.0, 0.0, 0.0, 0.0, 0.0, 0.0
2014-09-18, 18.64, 18.98, 18.3, 18.56, 79800.0, 18.56, 0.0, 0.0, 0.0, 0.0, 0.0, 0.0
2014-09-19, 18.65, 18.94, 18.28, 18.43, 356400.0, 18.43, 0.0, 0.0, 0.0, 0.0, 0.0, 0.0
2014-09-22, 18.34, 18.38, 17.31, 17.58, 165800.0, 17.58, 0.0, 0.0, 0.0, 0.0, 0.0, 0.0
2014-09-23, 17.27, 18.1, 17.27, 17.97, 200400.0, 17.97, 0.0, 0.0, 0.0, 0.0, 0.0, 0.0
2014-09-24, 17.98, 18.42, 17.45, 18.27, 196700.0, 18.27, 0.0, 0.0, 0.0, 0.0, 0.0, 0.0
2014-09-25, 18.2, 19.92, 18.2, 19.42, 284600.0, 19.42, 0.0, 0.0, 0.0, 0.0, 0.0, 0.0
2014-09-26, 19.49, 19.81, 18.74, 19.26, 159200.0, 19.26, 0.0, 0.0, 0.0, 0.0, 0.0, 0.0
2014-09-29, 19.46, 21.4, 19.46, 20.99, 342000.0, 20.99, 0.0, 0.0, 0.0, 0.0, 0.0, 0.0
2014-09-30, 21.0, 21.11, 20.28, 20.69, 328500.0, 20.69, 0.0, 0.0, 0.0, 0.0, 0.0, 0.0
2014-10-01, 20.5, 20.78, 19.46, 19.58, 245600.0, 19.58, 0.0, 0.0, 0.0, 0.0, 0.0, 0.0
2014-10-02, 19.59, 20.58, 19.59, 20.47, 272900.0, 20.47, 0.0, 0.0, 0.0, 0.0, 0.0, 0.0
2014-10-03, 20.53, 20.69, 20.18, 20.27, 144800.0, 20.27, 0.0, 0.0, 0.0, 0.0, 0.0, 0.0
2014-10-06, 20.92, 20.92, 20.06, 20.31, 151200.0, 20.31, 0.0, 0.0, 0.0, 0.0, 0.0, 0.0
2014-10-07, 20.3, 20.44, 20.0, 20.16, 265900.0, 20.16, 0.0, 0.0, 0.0, 0.0, 0.0, 0.0
2014-10-08, 20.12, 20.8, 19.93, 20.41, 189000.0, 20.41, 0.0, 0.0, 0.0, 0.0, 0.0, 0.0
2014-10-09, 20.48, 20.58, 20.07, 20.37, 261400.0, 20.37, 0.0, 0.0, 0.0, 0.0, 0.0, 0.0
2014-10-10, 20.27, 20.75, 20.0, 20.31, 208600.0, 20.31, 0.0, 0.0, 0.0, 0.0, 0.0, 0.0
2014-10-13, 20.4, 20.46, 19.98, 20.23, 199100.0, 20.23, 0.0, 0.0, 0.0, 0.0, 0.0, 0.0
2014-10-14, 20.35, 21.09, 19.95, 20.98, 240600.0, 20.98, 0.0, 0.0, 0.0, 0.0, 0.0, 0.0
2014-10-15, 20.46, 22.14, 20.25, 21.64, 333600.0, 21.64, 0.0, 0.0, 0.0, 0.0, 0.0, 0.0
2014-10-16, 21.29, 22.08, 20.97, 21.27, 190300.0, 21.27, 0.0, 0.0, 0.0, 0.0, 0.0, 0.0
2014-10-17, 21.52, 21.75, 20.99, 21.55, 136900.0, 21.55, 0.0, 0.0, 0.0, 0.0, 0.0, 0.0
2014-10-20, 21.29, 22.02, 21.29, 21.75, 271500.0, 21.75, 0.0, 0.0, 0.0, 0.0, 0.0, 0.0
2014-10-21, 21.98, 22.01, 21.51, 21.75, 187600.0, 21.75, 0.0, 0.0, 0.0, 0.0, 0.0, 0.0
2014-10-22, 21.95, 22.85, 21.58, 22.28, 187600.0, 22.28, 0.0, 0.0, 0.0, 0.0, 0.0, 0.0
2014-10-23, 22.46, 22.78, 22.18, 22.65, 125100.0, 22.65, 0.0, 0.0, 0.0, 0.0, 0.0, 0.0
2014-10-24, 22.71, 23.7, 22.5, 23.42, 254400.0, 23.42, 0.0, 0.0, 0.0, 0.0, 0.0, 0.0
2014-10-27, 23.42, 23.5, 22.77, 23.16, 139700.0, 23.16, 0.0, 0.0, 0.0, 0.0, 0.0, 0.0
2014-10-28, 23.15, 23.96, 23.15, 23.79, 105700.0, 23.79, 0.0, 0.0, 0.0, 0.0, 0.0, 0.0
2014-10-29, 23.79, 23.9, 23.63, 23.85, 207600.0, 23.85, 0.0, 0.0, 0.0, 0.0, 0.0, 0.0
2014-10-30, 23.67, 24.99, 23.6, 24.79, 165400.0, 24.79, 0.0, 0.0, 0.0, 0.0, 0.0, 0.0
2014-10-31, 25.28, 25.98, 24.72, 25.22, 328100.0, 25.22, 0.0, 0.0, 0.0, 0.0, 0.0, 0.0
2014-11-03, 25.31, 25.97, 24.38, 24.59, 188500.0, 24.59, 0.0, 0.0, 0.0, 0.0, 0.0, 0.0
2014-11-04, 24.17, 24.32, 23.11, 23.29, 153300.0, 23.29, 0.0, 0.0, 0.0, 0.0, 0.0, 0.0
2014-11-05, 23.37, 23.63, 22.79, 23.15, 112800.0, 23.15, 0.0, 0.0, 0.0, 0.0, 0.0, 0.0
2014-11-06, 23.28, 25.06, 23.07, 24.99, 256500.0, 24.99, 0.0, 0.0, 0.0, 0.0, 0.0, 0.0
2014-11-07, 25.06, 25.06, 23.84, 24.63, 143900.0, 24.63, 0.0, 0.0, 0.0, 0.0, 0.0, 0.0
2014-11-10, 24.64, 25.67, 24.37, 25.4, 207900.0, 25.4, 0.0, 0.0, 0.0, 0.0, 0.0, 0.0
2014-11-11, 25.46, 25.73, 24.64, 24.83, 99800.0, 24.83, 0.0, 0.0, 0.0, 0.0, 0.0, 0.0
2014-11-12, 24.4, 25.16, 24.0, 25.05, 138300.0, 25.05, 0.0, 0.0, 0.0, 0.0, 0.0, 0.0
2014-11-13, 25.0, 25.83, 24.33, 24.37, 239700.0, 24.37, 0.0, 0.0, 0.0, 0.0, 0.0, 0.0
2014-11-14, 24.35, 24.5, 23.86, 24.02, 258200.0, 24.02, 0.0, 0.0, 0.0, 0.0, 0.0, 0.0
2014-11-17, 23.75, 24.78, 23.75, 24.7, 233000.0, 24.7, 0.0, 0.0, 0.0, 0.0, 0.0, 0.0
2014-11-18, 24.89, 25.42, 24.5, 24.77, 126100.0, 24.77, 0.0, 0.0, 0.0, 0.0, 0.0, 0.0
2014-11-19, 24.66, 25.3, 24.47, 24.76, 85100.0, 24.76, 0.0, 0.0, 0.0, 0.0, 0.0, 0.0
2014-11-20, 24.75, 25.49, 24.75, 24.98, 154400.0, 24.98, 0.0, 0.0, 0.0, 0.0, 0.0, 0.0
2014-11-21, 25.43, 25.85, 24.74, 25.03, 192100.0, 25.03, 0.0, 0.0, 0.0, 0.0, 0.0, 0.0
2014-11-24, 24.99, 25.88, 24.76, 25.72, 183900.0, 25.72, 0.0, 0.0, 0.0, 0.0, 0.0, 0.0
2014-11-25, 25.71, 27.45, 25.49, 27.24, 2810600.0, 27.24, 0.0, 0.0, 0.0, 0.0, 0.0, 0.0
2014-11-26, 26.92, 27.34, 26.51, 26.85, 221900.0, 26.85, 0.0, 0.0, 0.0, 0.0, 0.0, 0.0
2014-11-28, 26.88, 27.01, 26.23, 26.37, 88800.0, 26.37, 0.0, 0.0, 0.0, 0.0, 0.0, 0.0
2014-12-01, 26.3, 26.51, 25.5, 25.99, 178500.0, 25.99, 0.0, 0.0, 0.0, 0.0, 0.0, 0.0
2014-12-02, 26.14, 28.96, 26.14, 28.51, 521400.0, 28.51, 0.0, 0.0, 0.0, 0.0, 0.0, 0.0
2014-12-03, 28.42, 28.63, 27.06, 28.47, 233300.0, 28.47, 0.0, 0.0, 0.0, 0.0, 0.0, 0.0
2014-12-04, 28.19, 29.14, 28.19, 28.76, 249800.0, 28.76, 0.0, 0.0, 0.0, 0.0, 0.0, 0.0
2014-12-05, 28.92, 29.61, 28.71, 29.31, 255400.0, 29.31, 0.0, 0.0, 0.0, 0.0, 0.0, 0.0
2014-12-08, 29.36, 30.32, 29.06, 29.89, 283400.0, 29.89, 0.0, 0.0, 0.0, 0.0, 0.0, 0.0
2014-12-09, 29.53, 31.18, 29.5, 31.08, 378200.0, 31.08, 0.0, 0.0, 0.0, 0.0, 0.0, 0.0
2014-12-10, 30.96, 32.4, 30.64, 31.24, 268600.0, 31.24, 0.0, 0.0, 0.0, 0.0, 0.0, 0.0
2014-12-11, 31.52, 32.5, 30.76, 30.85, 222200.0, 30.85, 0.0, 0.0, 0.0, 0.0, 0.0, 0.0
2014-12-12, 30.55, 31.08, 29.63, 29.73, 296000.0, 29.73, 0.0, 0.0, 0.0, 0.0, 0.0, 0.0
2014-12-15, 29.83, 31.28, 28.74, 29.12, 232000.0, 29.12, 0.0, 0.0, 0.0, 0.0, 0.0, 0.0
2014-12-16, 29.07, 29.37, 27.94, 28.04, 192000.0, 28.04, 0.0, 0.0, 0.0, 0.0, 0.0, 0.0
2014-12-17, 27.98, 30.23, 27.98, 30.17, 164600.0, 30.17, 0.0, 0.0, 0.0, 0.0, 0.0, 0.0
2014-12-18, 30.52, 30.88, 29.86, 30.1, 144500.0, 30.1, 0.0, 0.0, 0.0, 0.0, 0.0, 0.0
2014-12-19, 30.01, 31.08, 29.84, 30.76, 826000.0, 30.76, 0.0, 0.0, 0.0, 0.0, 0.0, 0.0
2014-12-22, 30.71, 30.9, 29.82, 29.91, 199400.0, 29.91, 0.0, 0.0, 0.0, 0.0, 0.0, 0.0
2014-12-23, 30.0, 30.32, 27.98, 28.26, 154800.0, 28.26, 0.0, 0.0, 0.0, 0.0, 0.0, 0.0
2014-12-24, 28.44, 29.75, 28.4, 29.49, 54000.0, 29.49, 0.0, 0.0, 0.0, 0.0, 0.0, 0.0
2014-12-26, 29.69, 30.3, 29.69, 29.98, 233700.0, 29.98, 0.0, 0.0, 0.0, 0.0, 0.0, 0.0
2014-12-29, 29.83, 30.56, 29.63, 30.03, 92700.0, 30.03, 0.0, 0.0, 0.0, 0.0, 0.0, 0.0
2014-12-30, 30.04, 30.6, 29.0, 29.06, 106700.0, 29.06, 0.0, 0.0, 0.0, 0.0, 0.0, 0.0
2014-12-31, 28.97, 29.99, 28.8, 29.19, 196100.0, 29.19, 0.0, 0.0, 0.0, 0.0, 0.0, 0.0
2015-01-02, 29.45, 31.34, 29.23, 31.25, 283800.0, 31.25, 0.0, 0.0, 0.0, 0.0, 0.0, 0.0
2015-01-05, 31.3, 31.39, 29.65, 29.93, 220700.0, 29.93, 0.0, 0.0, 0.0, 0.0, 0.0, 0.0
2015-01-06, 30.11, 30.86, 29.41, 30.21, 289200.0, 30.21, 0.0, 0.0, 0.0, 0.0, 0.0, 0.0
2015-01-07, 30.21, 31.29, 30.21, 31.06, 286200.0, 31.06, 0.0, 0.0, 0.0, 0.0, 0.0, 0.0
2015-01-08, 32.0, 32.0, 30.88, 30.94, 689800.0, 30.94, 0.0, 0.0, 0.0, 0.0, 0.0, 0.0
2015-01-09, 30.94, 30.94, 29.56, 30.09, 224200.0, 30.09, 0.0, 0.0, 0.0, 0.0, 0.0, 0.0
2015-01-12, 30.26, 30.5, 28.66, 29.51, 172500.0, 29.51, 0.0, 0.0, 0.0, 0.0, 0.0, 0.0
2015-01-13, 29.65, 30.03, 29.35, 29.81, 239500.0, 29.81, 0.0, 0.0, 0.0, 0.0, 0.0, 0.0
2015-01-14, 29.4, 31.21, 29.18, 30.85, 311300.0, 30.85, 0.0, 0.0, 0.0, 0.0, 0.0, 0.0
2015-01-15, 30.8, 31.3, 27.35, 27.88, 267800.0, 27.88, 0.0, 0.0, 0.0, 0.0, 0.0, 0.0
2015-01-16, 27.75, 29.54, 27.26, 29.52, 118500.0, 29.52, 0.0, 0.0, 0.0, 0.0, 0.0, 0.0
2015-01-20, 29.42, 30.23, 29.25, 29.82, 133000.0, 29.82, 0.0, 0.0, 0.0, 0.0, 0.0, 0.0
2015-01-21, 29.63, 29.63, 28.56, 28.82, 113300.0, 28.82, 0.0, 0.0, 0.0, 0.0, 0.0, 0.0
2015-01-22, 29.0, 29.8, 28.3, 29.75, 95800.0, 29.75, 0.0, 0.0, 0.0, 0.0, 0.0, 0.0
2015-01-23, 29.87, 30.14, 29.21, 29.92, 107600.0, 29.92, 0.0, 0.0, 0.0, 0.0, 0.0, 0.0
2015-01-26, 30.16, 30.18, 29.39, 30.03, 149400.0, 30.03, 0.0, 0.0, 0.0, 0.0, 0.0, 0.0
2015-01-27, 29.63, 30.05, 29.25, 29.6, 130400.0, 29.6, 0.0, 0.0, 0.0, 0.0, 0.0, 0.0
2015-01-28, 29.82, 29.82, 28.54, 28.67, 152200.0, 28.67, 0.0, 0.0, 0.0, 0.0, 0.0, 0.0
2015-01-29, 28.0, 28.08, 22.36, 27.53, 1774000.0, 27.53, 0.0, 0.0, 0.0, 0.0, 0.0, 0.0
2015-01-30, 28.24, 28.63, 27.13, 27.96, 479200.0, 27.96, 0.0, 0.0, 0.0, 0.0, 0.0, 0.0
2015-02-02, 28.02, 28.44, 26.39, 26.76, 374800.0, 26.76, 0.0, 0.0, 0.0, 0.0, 0.0, 0.0
2015-02-03, 27.13, 27.21, 24.77, 25.91, 377100.0, 25.91, 0.0, 0.0, 0.0, 0.0, 0.0, 0.0
2015-02-04, 25.92, 26.11, 25.13, 25.4, 285200.0, 25.4, 0.0, 0.0, 0.0, 0.0, 0.0, 0.0
2015-02-05, 25.56, 25.83, 24.29, 24.53, 456000.0, 24.53, 0.0, 0.0, 0.0, 0.0, 0.0, 0.0
2015-02-06, 25.08, 26.59, 24.53, 26.06, 217900.0, 26.06, 0.0, 0.0, 0.0, 0.0, 0.0, 0.0
2015-02-09, 26.06, 26.45, 25.57, 26.08, 213100.0, 26.08, 0.0, 0.0, 0.0, 0.0, 0.0, 0.0
2015-02-10, 26.29, 27.83, 26.29, 27.74, 185900.0, 27.74, 0.0, 0.0, 0.0, 0.0, 0.0, 0.0
2015-02-11, 27.8, 28.17, 26.73, 27.27, 95300.0, 27.27, 0.0, 0.0, 0.0, 0.0, 0.0, 0.0
2015-02-12, 27.58, 27.95, 27.09, 27.77, 174300.0, 27.77, 0.0, 0.0, 0.0, 0.0, 0.0, 0.0
2015-02-13, 28.01, 28.49, 27.27, 27.91, 172300.0, 27.91, 0.0, 0.0, 0.0, 0.0, 0.0, 0.0
2015-02-17, 28.05, 28.43, 27.82, 28.04, 163000.0, 28.04, 0.0, 0.0, 0.0, 0.0, 0.0, 0.0
2015-02-18, 28.53, 29.5, 28.24, 28.82, 538900.0, 28.82, 0.0, 0.0, 0.0, 0.0, 0.0, 0.0
2015-02-19, 28.89, 29.02, 28.11, 28.22, 82800.0, 28.22, 0.0, 0.0, 0.0, 0.0, 0.0, 0.0
2015-02-20, 28.22, 28.39, 27.44, 27.71, 251300.0, 27.71, 0.0, 0.0, 0.0, 0.0, 0.0, 0.0
2015-02-23, 27.52, 29.05, 27.52, 28.84, 543200.0, 28.84, 0.0, 0.0, 0.0, 0.0, 0.0, 0.0
2015-02-24, 28.14, 29.2, 28.14, 28.79, 472500.0, 28.79, 0.0, 0.0, 0.0, 0.0, 0.0, 0.0
2015-02-25, 28.69, 28.92, 27.98, 28.03, 359900.0, 28.03, 0.0, 0.0, 0.0, 0.0, 0.0, 0.0
2015-02-26, 28.1, 28.7, 28.04, 28.61, 291700.0, 28.61, 0.0, 0.0, 0.0, 0.0, 0.0, 0.0
2015-02-27, 28.74, 28.8, 28.07, 28.12, 304800.0, 28.12, 0.0, 0.0, 0.0, 0.0, 0.0, 0.0
2015-03-02, 28.19, 29.13, 28.19, 28.93, 566900.0, 28.93, 0.0, 0.0, 0.0, 0.0, 0.0, 0.0
2015-03-03, 28.81, 29.46, 28.39, 28.6, 339900.0, 28.6, 0.0, 0.0, 0.0, 0.0, 0.0, 0.0
2015-03-04, 28.38, 29.18, 28.06, 28.8, 425300.0, 28.8, 0.0, 0.0, 0.0, 0.0, 0.0, 0.0
2015-03-05, 29.04, 29.43, 28.76, 28.92, 241700.0, 28.92, 0.0, 0.0, 0.0, 0.0, 0.0, 0.0
2015-03-06, 28.87, 29.24, 27.62, 28.29, 207900.0, 28.29, 0.0, 0.0, 0.0, 0.0, 0.0, 0.0
2015-03-09, 28.26, 28.67, 27.16, 28.4, 260300.0, 28.4, 0.0, 0.0, 0.0, 0.0, 0.0, 0.0
2015-03-10, 28.08, 28.69, 27.89, 28.52, 225100.0, 28.52, 0.0, 0.0, 0.0, 0.0, 0.0, 0.0
2015-03-11, 28.55, 28.94, 28.29, 28.74, 341500.0, 28.74, 0.0, 0.0, 0.0, 0.0, 0.0, 0.0
2015-03-12, 28.93, 29.12, 28.56, 28.94, 290600.0, 28.94, 0.0, 0.0, 0.0, 0.0, 0.0, 0.0
2015-03-13, 29.04, 29.46, 28.7, 29.15, 226800.0, 29.15, 0.0, 0.0, 0.0, 0.0, 0.0, 0.0
2015-03-16, 29.57, 29.66, 29.04, 29.39, 399600.0, 29.39, 0.0, 0.0, 0.0, 0.0, 0.0, 0.0
2015-03-17, 29.25, 29.61, 29.13, 29.45, 427300.0, 29.45, 0.0, 0.0, 0.0, 0.0, 0.0, 0.0
2015-03-18, 29.5, 29.83, 29.0, 29.75, 463700.0, 29.75, 0.0, 0.0, 0.0, 0.0, 0.0, 0.0
2015-03-19, 29.86, 30.65, 29.76, 30.61, 588400.0, 30.61, 0.0, 0.0, 0.0, 0.0, 0.0, 0.0
2015-03-20, 30.93, 31.6, 30.81, 31.45, 1979600.0, 31.45, 0.0, 0.0, 0.0, 0.0, 0.0, 0.0
2015-03-23, 31.14, 31.74, 30.9, 31.41, 346300.0, 31.41, 0.0, 0.0, 0.0, 0.0, 0.0, 0.0
2015-03-24, 31.38, 31.88, 30.75, 31.08, 360900.0, 31.08, 0.0, 0.0, 0.0, 0.0, 0.0, 0.0
2015-03-25, 31.73, 31.77, 29.72, 29.93, 371300.0, 29.93, 0.0, 0.0, 0.0, 0.0, 0.0, 0.0
2015-03-26, 29.44, 30.87, 28.47, 30.47, 479500.0, 30.47, 0.0, 0.0, 0.0, 0.0, 0.0, 0.0
2015-03-27, 30.39, 31.22, 30.13, 30.89, 134300.0, 30.89, 0.0, 0.0, 0.0, 0.0, 0.0, 0.0
2015-03-30, 30.97, 32.0, 30.53, 31.27, 528000.0, 31.27, 0.0, 0.0, 0.0, 0.0, 0.0, 0.0
2015-03-31, 31.290001, 32.064999, 31.08, 31.34, 443700.0, 31.34, 0.0, 0.0, 0.0, 0.0, 0.0, 0.0
2015-04-01, 31.450001, 31.950001, 30.18, 31.24, 336800.0, 31.24, 0.0, 0.0, 0.0, 0.0, 0.0, 0.0
2015-04-02, 30.719999, 31.24, 30.18, 30.889999, 409800.0, 30.889999, 0.0, 0.0, 0.0, 0.0, 0.0, 0.0
2015-04-06, 30.879999, 31.43, 30.559999, 31.16, 208900.0, 31.16, 0.0, 0.0, 0.0, 0.0, 0.0, 0.0
2015-04-07, 31.48, 32.02, 31.15, 31.51, 347900.0, 31.51, 0.0, 0.0, 0.0, 0.0, 0.0, 0.0
2015-04-08, 31.639999, 32.299999, 31.639999, 32.029999, 248900.0, 32.029999, 0.0, 0.0, 0.0, 0.0, 0.0, 0.0
2015-04-09, 32.099998, 32.400002, 31.49, 32.16, 213300.0, 32.16, 0.0, 0.0, 0.0, 0.0, 0.0, 0.0
2015-04-10, 32.389999, 32.389999, 31.879999, 32.299999, 278400.0, 32.299999, 0.0, 0.0, 0.0, 0.0, 0.0, 0.0
2015-04-13, 32.450001, 35.563999, 32.290001, 34.970001, 916800.0, 34.970001, 0.0, 0.0, 0.0, 0.0, 0.0, 0.0
2015-04-14, 35.0, 35.889999, 33.790001, 33.990002, 697100.0, 33.990002, 0.0, 0.0, 0.0, 0.0, 0.0, 0.0
2015-04-15, 34.470001, 34.5, 32.939999, 33.02, 582100.0, 33.02, 0.0, 0.0, 0.0, 0.0, 0.0, 0.0
2015-04-16, 33.720001, 34.529999, 33.200001, 34.330002, 485100.0, 34.330002, 0.0, 0.0, 0.0, 0.0, 0.0, 0.0
2015-04-17, 34.119999, 34.950001, 33.529999, 34.150002, 481000.0, 34.150002, 0.0, 0.0, 0.0, 0.0, 0.0, 0.0
2015-04-20, 34.419998, 35.02, 33.799999, 34.98, 532400.0, 34.98, 0.0, 0.0, 0.0, 0.0, 0.0, 0.0
2015-04-21, 35.029999, 35.549999, 34.290001, 35.119999, 385300.0, 35.119999, 0.0, 0.0, 0.0, 0.0, 0.0, 0.0
2015-04-22, 35.0, 35.459999, 33.75, 34.419998, 298000.0, 34.419998, 0.0, 0.0, 0.0, 0.0, 0.0, 0.0
2015-04-23, 34.310001, 35.599998, 34.169998, 35.389999, 2458700.0, 35.389999, 0.0, 0.0, 0.0, 0.0, 0.0, 0.0
2015-04-24, 15.9, 16.049999, 12.79, 12.87, 1.46683E7, 12.87, 0.0, 0.0, 0.0, 0.0, 0.0, 0.0
2015-04-27, 12.54, 12.85, 10.52, 10.7, 5649500.0, 10.7, 0.0, 0.0, 0.0, 0.0, 0.0, 0.0
2015-04-28, 10.87, 11.24, 9.64, 11.0, 4568800.0, 11.0, 0.0, 0.0, 0.0, 0.0, 0.0, 0.0
2015-04-29, 11.01, 11.07, 10.05, 10.08, 1941600.0, 10.08, 0.0, 0.0, 0.0, 0.0, 0.0, 0.0
2015-04-30, 10.07, 10.13, 9.545, 9.64, 1981400.0, 9.64, 0.0, 0.0, 0.0, 0.0, 0.0, 0.0
2015-05-01, 9.8, 9.87, 8.835, 9.37, 2583500.0, 9.37, 0.0, 0.0, 0.0, 0.0, 0.0, 0.0
2015-05-04, 9.5, 10.99, 9.4, 10.92, 2585300.0, 10.92, 0.0, 0.0, 0.0, 0.0, 0.0, 0.0
2015-05-05, 10.65, 11.28, 10.25, 10.61, 1492200.0, 10.61, 0.0, 0.0, 0.0, 0.0, 0.0, 0.0
2015-05-06, 10.52, 10.766, 10.125, 10.71, 1051200.0, 10.71, 0.0, 0.0, 0.0, 0.0, 0.0, 0.0
2015-05-07, 10.68, 10.82, 10.32, 10.44, 941000.0, 10.44, 0.0, 0.0, 0.0, 0.0, 0.0, 0.0
2015-05-08, 11.25, 12.54, 11.18, 11.19, 3189900.0, 11.19, 0.0, 0.0, 0.0, 0.0, 0.0, 0.0
2015-05-11, 11.15, 11.8, 11.01, 11.42, 1107000.0, 11.42, 0.0, 0.0, 0.0, 0.0, 0.0, 0.0
2015-05-12, 11.4, 11.66, 11.07, 11.61, 675600.0, 11.61, 0.0, 0.0, 0.0, 0.0, 0.0, 0.0
2015-05-13, 11.7, 11.7, 11.35, 11.35, 498800.0, 11.35, 0.0, 0.0, 0.0, 0.0, 0.0, 0.0
2015-05-14, 11.39, 11.474, 11.12, 11.25, 387100.0, 11.25, 0.0, 0.0, 0.0, 0.0, 0.0, 0.0
2015-05-15, 11.23, 11.37, 11.1, 11.26, 337800.0, 11.26, 0.0, 0.0, 0.0, 0.0, 0.0, 0.0
2015-05-18, 11.26, 11.38, 11.002, 11.22, 392700.0, 11.22, 0.0, 0.0, 0.0, 0.0, 0.0, 0.0
2015-05-19, 11.28, 11.36, 11.03, 11.25, 391300.0, 11.25, 0.0, 0.0, 0.0, 0.0, 0.0, 0.0
2015-05-20, 11.24, 11.32, 10.83, 10.92, 417600.0, 10.92, 0.0, 0.0, 0.0, 0.0, 0.0, 0.0
2015-05-21, 10.87, 10.91, 10.5, 10.56, 447200.0, 10.56, 0.0, 0.0, 0.0, 0.0, 0.0, 0.0
2015-05-22, 10.81, 11.0, 10.53, 10.92, 345900.0, 10.92, 0.0, 0.0, 0.0, 0.0, 0.0, 0.0
2015-05-26, 10.99, 11.04, 10.6, 10.62, 386200.0, 10.62, 0.0, 0.0, 0.0, 0.0, 0.0, 0.0
2015-05-27, 10.66, 10.92, 10.5, 10.89, 530300.0, 10.89, 0.0, 0.0, 0.0, 0.0, 0.0, 0.0
2015-05-28, 10.87, 11.43, 10.86, 11.19, 515100.0, 11.19, 0.0, 0.0, 0.0, 0.0, 0.0, 0.0
2015-05-29, 11.13, 11.5, 11.02, 11.13, 521900.0, 11.13, 0.0, 0.0, 0.0, 0.0, 0.0, 0.0
2015-06-01, 11.23, 12.15, 11.17, 12.1, 855900.0, 12.1, 0.0, 0.0, 0.0, 0.0, 0.0, 0.0
2015-06-02, 12.04, 12.46, 11.61, 12.33, 666400.0, 12.33, 0.0, 0.0, 0.0, 0.0, 0.0, 0.0
2015-06-03, 12.5, 13.3, 12.475, 13.04, 1381000.0, 13.04, 0.0, 0.0, 0.0, 0.0, 0.0, 0.0
2015-06-04, 12.9, 13.49, 12.745, 13.23, 577400.0, 13.23, 0.0, 0.0, 0.0, 0.0, 0.0, 0.0
2015-06-05, 13.2, 13.39, 12.88, 12.97, 523200.0, 12.97, 0.0, 0.0, 0.0, 0.0, 0.0, 0.0
2015-06-08, 12.97, 13.18, 12.32, 12.65, 686500.0, 12.65, 0.0, 0.0, 0.0, 0.0, 0.0, 0.0
2015-06-09, 12.6, 12.63, 12.3, 12.39, 407100.0, 12.39, 0.0, 0.0, 0.0, 0.0, 0.0, 0.0
2015-06-10, 12.49, 12.785, 12.36, 12.74, 382300.0, 12.74, 0.0, 0.0, 0.0, 0.0, 0.0, 0.0
2015-06-11, 12.81, 13.32, 12.72, 13.23, 454500.0, 13.23, 0.0, 0.0, 0.0, 0.0, 0.0, 0.0
2015-06-12, 13.23, 13.45, 13.02, 13.03, 402100.0, 13.03, 0.0, 0.0, 0.0, 0.0, 0.0, 0.0
2015-06-15, 12.97, 13.31, 12.471, 13.27, 560600.0, 13.27, 0.0, 0.0, 0.0, 0.0, 0.0, 0.0
2015-06-16, 19.58, 20.969999, 18.809999, 19.91, 1.62225E7, 19.91, 0.0, 0.0, 0.0, 0.0, 0.0, 0.0
2015-06-17, 19.969999, 20.605, 19.549999, 20.48, 2753000.0, 20.48, 0.0, 0.0, 0.0, 0.0, 0.0, 0.0
2015-06-18, 20.43, 20.450001, 19.75, 20.030001, 1250600.0, 20.030001, 0.0, 0.0, 0.0, 0.0, 0.0, 0.0
2015-06-19, 21.83, 22.379, 19.450001, 20.02, 5692400.0, 20.02, 0.0, 0.0, 0.0, 0.0, 0.0, 0.0
2015-06-22, 20.219999, 20.219999, 19.459999, 19.809999, 1114600.0, 19.809999, 0.0, 0.0, 0.0, 0.0, 0.0, 0.0
2015-06-23, 19.73, 19.9, 18.639999, 18.889999, 1140000.0, 18.889999, 0.0, 0.0, 0.0, 0.0, 0.0, 0.0
2015-06-24, 18.83, 19.73, 18.754999, 18.799999, 790600.0, 18.799999, 0.0, 0.0, 0.0, 0.0, 0.0, 0.0
2015-06-25, 18.83, 18.99, 18.219999, 18.42, 717300.0, 18.42, 0.0, 0.0, 0.0, 0.0, 0.0, 0.0
2015-06-26, 18.290001, 18.392, 17.41, 17.959999, 1583600.0, 17.959999, 0.0, 0.0, 0.0, 0.0, 0.0, 0.0
2015-06-29, 17.559999, 17.99, 17.08, 17.18, 783100.0, 17.18, 0.0, 0.0, 0.0, 0.0, 0.0, 0.0
2015-06-30, 17.360001, 17.73, 16.67, 17.65, 613200.0, 17.65, 0.0, 0.0, 0.0, 0.0, 0.0, 0.0
2015-07-01, 17.870001, 18.280001, 17.351999, 17.58, 508000.0, 17.58, 0.0, 0.0, 0.0, 0.0, 0.0, 0.0
2015-07-02, 17.58, 17.690001, 16.74, 17.280001, 469700.0, 17.280001, 0.0, 0.0, 0.0, 0.0, 0.0, 0.0
2015-07-06, 17.08, 17.870001, 16.889999, 17.83, 557400.0, 17.83, 0.0, 0.0, 0.0, 0.0, 0.0, 0.0
2015-07-07, 17.870001, 18.030001, 17.32, 17.99, 652600.0, 17.99, 0.0, 0.0, 0.0, 0.0, 0.0, 0.0
2015-07-08, 17.84, 17.98, 17.360001, 17.49, 785600.0, 17.49, 0.0, 0.0, 0.0, 0.0, 0.0, 0.0
2015-07-09, 17.68, 18.27, 17.51, 17.68, 618900.0, 17.68, 0.0, 0.0, 0.0, 0.0, 0.0, 0.0
2015-07-10, 18.48, 18.48, 17.219999, 17.799999, 651200.0, 17.799999, 0.0, 0.0, 0.0, 0.0, 0.0, 0.0
2015-07-13, 17.9, 18.75, 17.799999, 18.68, 537900.0, 18.68, 0.0, 0.0, 0.0, 0.0, 0.0, 0.0
2015-07-14, 18.709999, 19.790001, 18.66, 19.76, 565200.0, 19.76, 0.0, 0.0, 0.0, 0.0, 0.0, 0.0
2015-07-15, 19.77, 20.02, 19.34, 19.469999, 890900.0, 19.469999, 0.0, 0.0, 0.0, 0.0, 0.0, 0.0
2015-07-16, 19.549999, 19.799999, 18.889999, 19.02, 733100.0, 19.02, 0.0, 0.0, 0.0, 0.0, 0.0, 0.0
2015-07-17, 19.309999, 19.556999, 18.59, 18.74, 701400.0, 18.74, 0.0, 0.0, 0.0, 0.0, 0.0, 0.0
2015-07-20, 18.889999, 18.98, 17.84, 18.209999, 650100.0, 18.209999, 0.0, 0.0, 0.0, 0.0, 0.0, 0.0
2015-07-21, 18.290001, 19.049999, 17.870001, 18.959999, 429400.0, 18.959999, 0.0, 0.0, 0.0, 0.0, 0.0, 0.0
2015-07-22, 18.73, 19.15, 18.209999, 18.68, 340400.0, 18.68, 0.0, 0.0, 0.0, 0.0, 0.0, 0.0
2015-07-23, 18.67, 19.4, 18.334999, 19.219999, 784600.0, 19.219999, 0.0, 0.0, 0.0, 0.0, 0.0, 0.0
2015-07-24, 19.280001, 19.389999, 18.4, 18.620001, 465200.0, 18.620001, 0.0, 0.0, 0.0, 0.0, 0.0, 0.0
2015-07-27, 18.57, 18.91, 18.200001, 18.549999, 343200.0, 18.549999, 0.0, 0.0, 0.0, 0.0, 0.0, 0.0
2015-07-28, 18.57, 19.34, 18.475, 19.139999, 364700.0, 19.139999, 0.0, 0.0, 0.0, 0.0, 0.0, 0.0
2015-07-29, 19.07, 19.27, 18.459999, 18.6, 360500.0, 18.6, 0.0, 0.0, 0.0, 0.0, 0.0, 0.0
2015-07-30, 18.59, 18.889999, 17.85, 17.91, 302100.0, 17.91, 0.0, 0.0, 0.0, 0.0, 0.0, 0.0
2015-07-31, 17.870001, 18.35, 17.620001, 18.139999, 292800.0, 18.139999, 0.0, 0.0, 0.0, 0.0, 0.0, 0.0
2015-08-03, 18.030001, 18.379999, 17.66, 18.139999, 286300.0, 18.139999, 0.0, 0.0, 0.0, 0.0, 0.0, 0.0
2015-08-04, 18.139999, 18.34, 17.75, 18.15, 315700.0, 18.15, 0.0, 0.0, 0.0, 0.0, 0.0, 0.0
2015-08-05, 17.889999, 18.25, 17.434999, 17.6, 299900.0, 17.6, 0.0, 0.0, 0.0, 0.0, 0.0, 0.0
2015-08-06, 18.370001, 18.370001, 15.66, 15.88, 567800.0, 15.88, 0.0, 0.0, 0.0, 0.0, 0.0, 0.0
2015-08-07, 15.92, 16.110001, 15.06, 15.75, 511400.0, 15.75, 0.0, 0.0, 0.0, 0.0, 0.0, 0.0
2015-08-10, 15.81, 16.93, 15.81, 16.25, 516800.0, 16.25, 0.0, 0.0, 0.0, 0.0, 0.0, 0.0
2015-08-11, 16.09, 16.6, 15.54, 16.040001, 353400.0, 16.040001, 0.0, 0.0, 0.0, 0.0, 0.0, 0.0
2015-08-12, 15.8, 17.030001, 15.4, 16.77, 462300.0, 16.77, 0.0, 0.0, 0.0, 0.0, 0.0, 0.0
2015-08-13, 16.719999, 16.989, 15.63, 15.63, 605900.0, 15.63, 0.0, 0.0, 0.0, 0.0, 0.0, 0.0
2015-08-14, 15.68, 16.1, 15.12, 15.37, 555600.0, 15.37, 0.0, 0.0, 0.0, 0.0, 0.0, 0.0
2015-08-17, 15.4, 16.280001, 15.28, 16.209999, 341400.0, 16.209999, 0.0, 0.0, 0.0, 0.0, 0.0, 0.0
2015-08-18, 15.91, 16.389999, 15.75, 16.1, 394400.0, 16.1, 0.0, 0.0, 0.0, 0.0, 0.0, 0.0
2015-08-19, 16.1, 16.67, 15.71, 16.34, 558200.0, 16.34, 0.0, 0.0, 0.0, 0.0, 0.0, 0.0
2015-08-20, 16.1, 16.406, 15.6, 15.63, 467600.0, 15.63, 0.0, 0.0, 0.0, 0.0, 0.0, 0.0
2015-08-21, 15.44, 16.370001, 14.83, 15.92, 619500.0, 15.92, 0.0, 0.0, 0.0, 0.0, 0.0, 0.0
2015-08-24, 15.44, 16.42, 14.29, 15.56, 684200.0, 15.56, 0.0, 0.0, 0.0, 0.0, 0.0, 0.0
2015-08-25, 16.440001, 16.440001, 15.51, 15.52, 420800.0, 15.52, 0.0, 0.0, 0.0, 0.0, 0.0, 0.0
2015-08-26, 15.81, 16.0, 15.29, 15.96, 415700.0, 15.96, 0.0, 0.0, 0.0, 0.0, 0.0, 0.0
2015-08-27, 16.35, 16.77, 16.08, 16.5, 797400.0, 16.5, 0.0, 0.0, 0.0, 0.0, 0.0, 0.0
2015-08-28, 16.34, 17.110001, 16.299999, 16.49, 596100.0, 16.49, 0.0, 0.0, 0.0, 0.0, 0.0, 0.0
2015-08-31, 16.469999, 16.639999, 15.746, 15.81, 1043500.0, 15.81, 0.0, 0.0, 0.0, 0.0, 0.0, 0.0
2015-09-01, 15.43, 16.024, 15.1, 15.2, 658300.0, 15.2, 0.0, 0.0, 0.0, 0.0, 0.0, 0.0
2015-09-02, 15.45, 15.9, 14.93, 15.88, 766700.0, 15.88, 0.0, 0.0, 0.0, 0.0, 0.0, 0.0
2015-09-03, 16.0, 16.24, 15.62, 15.75, 522200.0, 15.75, 0.0, 0.0, 0.0, 0.0, 0.0, 0.0
2015-09-04, 15.58, 16.690001, 15.4, 16.200001, 389800.0, 16.200001, 0.0, 0.0, 0.0, 0.0, 0.0, 0.0
2015-09-08, 16.450001, 16.74, 16.018, 16.440001, 518300.0, 16.440001, 0.0, 0.0, 0.0, 0.0, 0.0, 0.0
2015-09-09, 16.93, 17.879999, 16.719999, 16.790001, 1153400.0, 16.790001, 0.0, 0.0, 0.0, 0.0, 0.0, 0.0
2015-09-10, 16.6, 17.639999, 16.6, 17.58, 437900.0, 17.58, 0.0, 0.0, 0.0, 0.0, 0.0, 0.0
2015-09-11, 17.809999, 18.5, 17.51, 18.389999, 476000.0, 18.389999, 0.0, 0.0, 0.0, 0.0, 0.0, 0.0
2015-09-14, 18.34, 18.379999, 17.24, 17.639999, 392000.0, 17.639999, 0.0, 0.0, 0.0, 0.0, 0.0, 0.0
2015-09-15, 17.540001, 18.129999, 17.540001, 17.969999, 341700.0, 17.969999, 0.0, 0.0, 0.0, 0.0, 0.0, 0.0
2015-09-16, 18.08, 18.299999, 17.629999, 18.0, 2556600.0, 18.0, 0.0, 0.0, 0.0, 0.0, 0.0, 0.0
2015-09-17, 32.5, 33.25, 28.780001, 30.08, 1.74642E7, 30.08, 0.0, 0.0, 0.0, 0.0, 0.0, 0.0
2015-09-18, 29.040001, 30.4, 26.93, 27.870001, 3837200.0, 27.870001, 0.0, 0.0, 0.0, 0.0, 0.0, 0.0
2015-09-21, 28.34, 28.860001, 23.18, 24.51, 3244100.0, 24.51, 0.0, 0.0, 0.0, 0.0, 0.0, 0.0
2015-09-22, 23.299999, 25.389999, 23.299999, 23.99, 1327000.0, 23.99, 0.0, 0.0, 0.0, 0.0, 0.0, 0.0
2015-09-23, 24.0, 24.4, 23.08, 23.17, 639100.0, 23.17, 0.0, 0.0, 0.0, 0.0, 0.0, 0.0
2015-09-24, 22.98, 23.087999, 21.32, 22.52, 739100.0, 22.52, 0.0, 0.0, 0.0, 0.0, 0.0, 0.0
2015-09-25, 22.75, 23.299999, 20.73, 20.99, 861300.0, 20.99, 0.0, 0.0, 0.0, 0.0, 0.0, 0.0
2015-09-28, 21.02, 21.6, 18.0, 18.530001, 1112100.0, 18.530001, 0.0, 0.0, 0.0, 0.0, 0.0, 0.0
2015-09-29, 18.309999, 19.709999, 16.76, 16.969999, 1191400.0, 16.969999, 0.0, 0.0, 0.0, 0.0, 0.0, 0.0
2015-09-30, 17.35, 18.1, 16.6, 17.74, 1360800.0, 17.74, 0.0, 0.0, 0.0, 0.0, 0.0, 0.0
2015-10-01, 17.25, 18.5, 16.52, 18.469999, 1421500.0, 18.469999, 0.0, 0.0, 0.0, 0.0, 0.0, 0.0
2015-10-02, 18.41, 19.9, 18.129999, 19.35, 1559300.0, 19.35, 0.0, 0.0, 0.0, 0.0, 0.0, 0.0
2015-10-05, 19.23, 20.1, 18.799999, 20.01, 769800.0, 20.01, 0.0, 0.0, 0.0, 0.0, 0.0, 0.0
2015-10-06, 19.91, 20.0, 18.209999, 18.9, 619400.0, 18.9, 0.0, 0.0, 0.0, 0.0, 0.0, 0.0
2015-10-07, 18.959999, 21.43, 18.459999, 21.25, 1099500.0, 21.25, 0.0, 0.0, 0.0, 0.0, 0.0, 0.0
2015-10-08, 20.85, 20.85, 18.700001, 18.780001, 1294000.0, 18.780001, 0.0, 0.0, 0.0, 0.0, 0.0, 0.0
2015-10-09, 18.860001, 19.5, 18.289, 18.870001, 460600.0, 18.870001, 0.0, 0.0, 0.0, 0.0, 0.0, 0.0
2015-10-12, 18.690001, 19.379999, 18.559999, 18.719999, 378700.0, 18.719999, 0.0, 0.0, 0.0, 0.0, 0.0, 0.0
2015-10-13, 18.549999, 19.74, 18.23, 18.540001, 413600.0, 18.540001, 0.0, 0.0, 0.0, 0.0, 0.0, 0.0
2015-10-14, 18.639999, 19.65, 18.42, 19.1, 609600.0, 19.1, 0.0, 0.0, 0.0, 0.0, 0.0, 0.0
2015-10-15, 18.82, 20.870001, 18.82, 20.780001, 536700.0, 20.780001, 0.0, 0.0, 0.0, 0.0, 0.0, 0.0
2015-10-16, 20.889999, 21.35, 20.5, 21.219999, 560900.0, 21.219999, 0.0, 0.0, 0.0, 0.0, 0.0, 0.0
2015-10-19, 21.219999, 21.791, 20.48, 21.08, 458800.0, 21.08, 0.0, 0.0, 0.0, 0.0, 0.0, 0.0
2015-10-20, 20.92, 21.4, 20.459999, 21.16, 503700.0, 21.16, 0.0, 0.0, 0.0, 0.0, 0.0, 0.0
2015-10-21, 21.200001, 21.200001, 19.549999, 20.59, 834500.0, 20.59, 0.0, 0.0, 0.0, 0.0, 0.0, 0.0
2015-10-22, 20.370001, 20.879, 19.73, 20.51, 426900.0, 20.51, 0.0, 0.0, 0.0, 0.0, 0.0, 0.0
2015-10-23, 20.76, 22.249001, 20.41, 21.879999, 417500.0, 21.879999, 0.0, 0.0, 0.0, 0.0, 0.0, 0.0
2015-10-26, 21.57, 22.120001, 20.700001, 21.940001, 407200.0, 21.940001, 0.0, 0.0, 0.0, 0.0, 0.0, 0.0
2015-10-27, 21.950001, 23.440001, 21.076, 23.25, 573200.0, 23.25, 0.0, 0.0, 0.0, 0.0, 0.0, 0.0
2015-10-28, 23.32, 24.67, 22.629999, 22.98, 586600.0, 22.98, 0.0, 0.0, 0.0, 0.0, 0.0, 0.0
2015-10-29, 22.809999, 23.879999, 22.271, 22.620001, 357100.0, 22.620001, 0.0, 0.0, 0.0, 0.0, 0.0, 0.0
2015-10-30, 22.629999, 23.139999, 22.07, 22.809999, 308300.0, 22.809999, 0.0, 0.0, 0.0, 0.0, 0.0, 0.0
2015-11-02, 22.959999, 24.75, 22.540001, 24.35, 353400.0, 24.35, 0.0, 0.0, 0.0, 0.0, 0.0, 0.0
2015-11-03, 24.219999, 25.33, 22.299999, 23.549999, 792700.0, 23.549999, 0.0, 0.0, 0.0, 0.0, 0.0, 0.0
2015-11-04, 23.790001, 24.809999, 22.51, 23.66, 798900.0, 23.66, 0.0, 0.0, 0.0, 0.0, 0.0, 0.0
2015-11-05, 23.84, 25.01, 23.530001, 24.700001, 634800.0, 24.700001, 0.0, 0.0, 0.0, 0.0, 0.0, 0.0
2015-11-06, 24.719999, 26.629999, 24.16, 26.129999, 491400.0, 26.129999, 0.0, 0.0, 0.0, 0.0, 0.0, 0.0
2015-11-09, 25.93, 26.780001, 25.120001, 25.35, 381300.0, 25.35, 0.0, 0.0, 0.0, 0.0, 0.0, 0.0
2015-11-10, 25.24, 26.129999, 25.0, 25.809999, 450700.0, 25.809999, 0.0, 0.0, 0.0, 0.0, 0.0, 0.0
2015-11-11, 26.129999, 26.370001, 25.16, 25.200001, 396700.0, 25.200001, 0.0, 0.0, 0.0, 0.0, 0.0, 0.0
2015-11-12, 25.52, 25.59, 24.57, 24.83, 300200.0, 24.83, 0.0, 0.0, 0.0, 0.0, 0.0, 0.0
2015-11-13, 24.65, 25.85, 24.34, 25.530001, 341500.0, 25.530001, 0.0, 0.0, 0.0, 0.0, 0.0, 0.0
2015-11-16, 25.34, 26.059999, 23.540001, 24.09, 454900.0, 24.09, 0.0, 0.0, 0.0, 0.0, 0.0, 0.0
2015-11-17, 25.34, 25.34, 23.42, 23.959999, 357200.0, 23.959999, 0.0, 0.0, 0.0, 0.0, 0.0, 0.0
2015-11-18, 24.01, 24.969999, 23.879999, 24.889999, 243300.0, 24.889999, 0.0, 0.0, 0.0, 0.0, 0.0, 0.0
2015-11-19, 24.889999, 25.209999, 24.41, 24.76, 127900.0, 24.76, 0.0, 0.0, 0.0, 0.0, 0.0, 0.0
2015-11-20, 25.0, 25.23, 24.66, 24.870001, 266000.0, 24.870001, 0.0, 0.0, 0.0, 0.0, 0.0, 0.0
2015-11-23, 24.690001, 26.01, 24.58, 25.639999, 270200.0, 25.639999, 0.0, 0.0, 0.0, 0.0, 0.0, 0.0
2015-11-24, 25.5, 26.93, 25.5, 26.49, 248700.0, 26.49, 0.0, 0.0, 0.0, 0.0, 0.0, 0.0
2015-11-25, 26.43, 28.209999, 26.43, 27.629999, 352600.0, 27.629999, 0.0, 0.0, 0.0, 0.0, 0.0, 0.0
2015-11-27, 27.629999, 27.950001, 27.16, 27.27, 128300.0, 27.27, 0.0, 0.0, 0.0, 0.0, 0.0, 0.0
2015-11-30, 27.290001, 27.74, 26.690001, 27.440001, 211500.0, 27.440001, 0.0, 0.0, 0.0, 0.0, 0.0, 0.0
2015-12-01, 27.58, 27.6, 25.75, 26.33, 394800.0, 26.33, 0.0, 0.0, 0.0, 0.0, 0.0, 0.0
2015-12-02, 26.42, 27.200001, 25.620001, 25.959999, 326900.0, 25.959999, 0.0, 0.0, 0.0, 0.0, 0.0, 0.0
2015-12-03, 26.1, 26.91, 24.389999, 24.75, 322500.0, 24.75, 0.0, 0.0, 0.0, 0.0, 0.0, 0.0
2015-12-04, 24.700001, 24.959999, 24.190001, 24.9, 311800.0, 24.9, 0.0, 0.0, 0.0, 0.0, 0.0, 0.0
2015-12-07, 25.1, 25.370001, 23.52, 23.73, 270000.0, 23.73, 0.0, 0.0, 0.0, 0.0, 0.0, 0.0
2015-12-08, 23.5, 25.264999, 23.07, 24.98, 260700.0, 24.98, 0.0, 0.0, 0.0, 0.0, 0.0, 0.0
2015-12-09, 24.74, 25.09, 24.25, 24.48, 184700.0, 24.48, 0.0, 0.0, 0.0, 0.0, 0.0, 0.0
2015-12-10, 24.440001, 25.99, 24.215, 25.33, 328700.0, 25.33, 0.0, 0.0, 0.0, 0.0, 0.0, 0.0
2015-12-11, 24.91, 25.610001, 24.41, 24.6, 295800.0, 24.6, 0.0, 0.0, 0.0, 0.0, 0.0, 0.0
2015-12-14, 24.42, 24.6, 22.5, 22.73, 320600.0, 22.73, 0.0, 0.0, 0.0, 0.0, 0.0, 0.0
2015-12-15, 22.629999, 23.59, 22.629999, 23.34, 210700.0, 23.34, 0.0, 0.0, 0.0, 0.0, 0.0, 0.0
2015-12-16, 23.65, 24.68, 23.440001, 24.57, 207900.0, 24.57, 0.0, 0.0, 0.0, 0.0, 0.0, 0.0
2015-12-17, 24.629999, 24.799999, 23.299999, 23.709999, 369900.0, 23.709999, 0.0, 0.0, 0.0, 0.0, 0.0, 0.0
2015-12-18, 23.65, 25.4, 22.889999, 23.27, 1091900.0, 23.27, 0.0, 0.0, 0.0, 0.0, 0.0, 0.0
2015-12-21, 23.530001, 25.26, 23.440001, 24.83, 270400.0, 24.83, 0.0, 0.0, 0.0, 0.0, 0.0, 0.0
2015-12-22, 24.889999, 24.889999, 23.34, 23.719999, 291900.0, 23.719999, 0.0, 0.0, 0.0, 0.0, 0.0, 0.0
2015-12-23, 23.879999, 24.25, 23.65, 23.950001, 144800.0, 23.950001, 0.0, 0.0, 0.0, 0.0, 0.0, 0.0
2015-12-24, 24.120001, 24.145, 23.190001, 23.559999, 151800.0, 23.559999, 0.0, 0.0, 0.0, 0.0, 0.0, 0.0
2015-12-28, 23.299999, 23.75, 22.59, 23.16, 367300.0, 23.16, 0.0, 0.0, 0.0, 0.0, 0.0, 0.0
2015-12-29, 23.219999, 23.93, 23.08, 23.83, 208300.0, 23.83, 0.0, 0.0, 0.0, 0.0, 0.0, 0.0
2015-12-30, 23.700001, 24.68, 23.700001, 24.450001, 182800.0, 24.450001, 0.0, 0.0, 0.0, 0.0, 0.0, 0.0
2015-12-31, 24.34, 24.82, 23.92, 24.35, 273900.0, 24.35, 0.0, 0.0, 0.0, 0.0, 0.0, 0.0
2016-01-04, 23.9, 24.08, 22.58, 23.309999, 472500.0, 23.309999, 0.0, 0.0, 0.0, 0.0, 0.0, 0.0
2016-01-05, 23.48, 23.51, 21.92, 22.51, 422400.0, 22.51, 0.0, 0.0, 0.0, 0.0, 0.0, 0.0
2016-01-06, 22.02, 22.312, 21.07, 21.83, 377500.0, 21.83, 0.0, 0.0, 0.0, 0.0, 0.0, 0.0
2016-01-07, 21.290001, 21.51, 20.15, 20.280001, 255500.0, 20.280001, 0.0, 0.0, 0.0, 0.0, 0.0, 0.0
2016-01-08, 20.4, 21.129999, 19.559999, 19.889999, 242400.0, 19.889999, 0.0, 0.0, 0.0, 0.0, 0.0, 0.0
2016-01-11, 20.139999, 20.139999, 17.746, 18.379999, 342300.0, 18.379999, 0.0, 0.0, 0.0, 0.0, 0.0, 0.0
2016-01-12, 18.68, 19.27, 17.709999, 18.469999, 233200.0, 18.469999, 0.0, 0.0, 0.0, 0.0, 0.0, 0.0
2016-01-13, 19.16, 19.16, 17.639999, 17.709999, 465200.0, 17.709999, 0.0, 0.0, 0.0, 0.0, 0.0, 0.0
2016-01-14, 17.99, 18.67, 16.9, 18.27, 353600.0, 18.27, 0.0, 0.0, 0.0, 0.0, 0.0, 0.0
2016-01-15, 17.639999, 19.030001, 16.34, 18.68, 381200.0, 18.68, 0.0, 0.0, 0.0, 0.0, 0.0, 0.0
2016-01-19, 18.98, 19.459999, 17.620001, 17.799999, 286700.0, 17.799999, 0.0, 0.0, 0.0, 0.0, 0.0, 0.0
2016-01-20, 17.459999, 19.690001, 16.809999, 18.76, 450400.0, 18.76, 0.0, 0.0, 0.0, 0.0, 0.0, 0.0
2016-01-21, 18.76, 19.780001, 18.27, 18.639999, 323600.0, 18.639999, 0.0, 0.0, 0.0, 0.0, 0.0, 0.0
2016-01-22, 19.08, 19.66, 18.59, 19.1, 329600.0, 19.1, 0.0, 0.0, 0.0, 0.0, 0.0, 0.0
2016-01-25, 19.030001, 19.98, 18.709999, 18.93, 265100.0, 18.93, 0.0, 0.0, 0.0, 0.0, 0.0, 0.0
2016-01-26, 18.889999, 19.18, 18.01, 18.85, 296500.0, 18.85, 0.0, 0.0, 0.0, 0.0, 0.0, 0.0
2016-01-27, 18.6, 19.09, 17.407, 17.6, 417300.0, 17.6, 0.0, 0.0, 0.0, 0.0, 0.0, 0.0
2016-01-28, 17.889999, 17.915001, 16.49, 16.6, 389600.0, 16.6, 0.0, 0.0, 0.0, 0.0, 0.0, 0.0
2016-01-29, 16.620001, 17.35, 16.33, 16.540001, 442700.0, 16.540001, 0.0, 0.0, 0.0, 0.0, 0.0, 0.0
2016-02-01, 16.52, 17.455, 15.875, 16.389999, 452100.0, 16.389999, 0.0, 0.0, 0.0, 0.0, 0.0, 0.0
2016-02-02, 16.18, 16.18, 15.14, 15.71, 338300.0, 15.71, 0.0, 0.0, 0.0, 0.0, 0.0, 0.0
2016-02-03, 15.85, 16.540001, 15.22, 16.280001, 321200.0, 16.280001, 0.0, 0.0, 0.0, 0.0, 0.0, 0.0
2016-02-04, 16.139999, 17.110001, 15.772, 16.370001, 283500.0, 16.370001, 0.0, 0.0, 0.0, 0.0, 0.0, 0.0
2016-02-05, 16.18, 16.514999, 15.05, 15.22, 379500.0, 15.22, 0.0, 0.0, 0.0, 0.0, 0.0, 0.0
2016-02-08, 15.01, 15.05, 13.38, 13.76, 394800.0, 13.76, 0.0, 0.0, 0.0, 0.0, 0.0, 0.0
2016-02-09, 13.43, 14.58, 13.225, 13.8, 539600.0, 13.8, 0.0, 0.0, 0.0, 0.0, 0.0, 0.0
2016-02-10, 13.84, 15.0, 13.84, 14.16, 376700.0, 14.16, 0.0, 0.0, 0.0, 0.0, 0.0, 0.0
2016-02-11, 13.74, 14.48, 13.69, 13.92, 389900.0, 13.92, 0.0, 0.0, 0.0, 0.0, 0.0, 0.0
2016-02-12, 14.09, 14.44, 13.01, 13.75, 425500.0, 13.75, 0.0, 0.0, 0.0, 0.0, 0.0, 0.0
2016-02-16, 13.87, 14.38, 13.65, 13.94, 430100.0, 13.94, 0.0, 0.0, 0.0, 0.0, 0.0, 0.0
2016-02-17, 14.18, 14.95, 14.1, 14.84, 1213900.0, 14.84, 0.0, 0.0, 0.0, 0.0, 0.0, 0.0
2016-02-18, 17.530001, 19.24, 16.559999, 17.389999, 5107000.0, 17.389999, 0.0, 0.0, 0.0, 0.0, 0.0, 0.0
2016-02-19, 17.0, 18.360001, 16.309999, 17.709999, 1533300.0, 17.709999, 0.0, 0.0, 0.0, 0.0, 0.0, 0.0
2016-02-22, 17.85, 18.35, 16.5, 16.559999, 665000.0, 16.559999, 0.0, 0.0, 0.0, 0.0, 0.0, 0.0
2016-02-23, 16.5, 17.18, 16.309999, 16.5, 511300.0, 16.5, 0.0, 0.0, 0.0, 0.0, 0.0, 0.0
2016-02-24, 16.24, 16.9, 15.76, 16.690001, 518300.0, 16.690001, 0.0, 0.0, 0.0, 0.0, 0.0, 0.0
2016-02-25, 16.68, 16.879999, 15.86, 16.34, 465200.0, 16.34, 0.0, 0.0, 0.0, 0.0, 0.0, 0.0
2016-02-26, 16.43, 17.41, 16.280001, 16.969999, 531000.0, 16.969999, 0.0, 0.0, 0.0, 0.0, 0.0, 0.0
2016-02-29, 16.77, 17.129999, 16.6, 16.84, 455900.0, 16.84, 0.0, 0.0, 0.0, 0.0, 0.0, 0.0
2016-03-01, 16.799999, 17.09, 15.86, 16.76, 572000.0, 16.76, 0.0, 0.0, 0.0, 0.0, 0.0, 0.0
2016-03-02, 16.440001, 18.549999, 15.95, 17.629999, 905000.0, 17.629999, 0.0, 0.0, 0.0, 0.0, 0.0, 0.0
2016-03-03, 17.0, 17.1, 14.52, 15.08, 2726600.0, 15.08, 0.0, 0.0, 0.0, 0.0, 0.0, 0.0
2016-03-04, 15.18, 15.59, 14.626, 14.84, 769900.0, 14.84, 0.0, 0.0, 0.0, 0.0, 0.0, 0.0
2016-03-07, 14.63, 15.4, 14.31, 14.86, 704300.0, 14.86, 0.0, 0.0, 0.0, 0.0, 0.0, 0.0
2016-03-08, 14.81, 15.02, 13.84, 13.93, 519400.0, 13.93, 0.0, 0.0, 0.0, 0.0, 0.0, 0.0
2016-03-09, 13.97, 14.24, 12.83, 13.0, 660500.0, 13.0, 0.0, 0.0, 0.0, 0.0, 0.0, 0.0
2016-03-10, 13.22, 13.46, 12.08, 12.53, 533800.0, 12.53, 0.0, 0.0, 0.0, 0.0, 0.0, 0.0
2016-03-11, 12.52, 13.56, 12.29, 13.5, 531400.0, 13.5, 0.0, 0.0, 0.0, 0.0, 0.0, 0.0
2016-03-14, 13.57, 13.91, 13.41, 13.56, 423100.0, 13.56, 0.0, 0.0, 0.0, 0.0, 0.0, 0.0
2016-03-15, 13.48, 13.5, 12.407, 12.48, 317200.0, 12.48, 0.0, 0.0, 0.0, 0.0, 0.0, 0.0
2016-03-16, 12.36, 12.69, 11.45, 11.53, 607200.0, 11.53, 0.0, 0.0, 0.0, 0.0, 0.0, 0.0
2016-03-17, 11.57, 11.74, 10.884, 11.09, 670000.0, 11.09, 0.0, 0.0, 0.0, 0.0, 0.0, 0.0
2016-03-18, 11.93, 13.05, 11.1, 12.37, 1331400.0, 12.37, 0.0, 0.0, 0.0, 0.0, 0.0, 0.0
2016-03-21, 12.39, 12.71, 11.76, 12.07, 564500.0, 12.07, 0.0, 0.0, 0.0, 0.0, 0.0, 0.0
2016-03-22, 12.0, 12.81, 11.89, 12.49, 588900.0, 12.49, 0.0, 0.0, 0.0, 0.0, 0.0, 0.0
2016-03-23, 12.45, 12.574, 11.64, 11.82, 526300.0, 11.82, 0.0, 0.0, 0.0, 0.0, 0.0, 0.0
2016-03-24, 11.67, 12.23, 11.161, 11.97, 377400.0, 11.97, 0.0, 0.0, 0.0, 0.0, 0.0, 0.0
2016-03-28, 12.0, 12.04, 10.923, 11.65, 563700.0, 11.65, 0.0, 0.0, 0.0, 0.0, 0.0, 0.0
2016-03-29, 11.49, 12.45, 10.82, 12.41, 601700.0, 12.41, 0.0, 0.0, 0.0, 0.0, 0.0, 0.0
2016-03-30, 12.54, 12.99, 12.05, 12.14, 317500.0, 12.14, 0.0, 0.0, 0.0, 0.0, 0.0, 0.0
2016-03-31, 12.11, 12.509, 11.99, 12.16, 398700.0, 12.16, 0.0, 0.0, 0.0, 0.0, 0.0, 0.0
2016-04-01, 12.01, 13.23, 11.89, 13.17, 499600.0, 13.17, 0.0, 0.0, 0.0, 0.0, 0.0, 0.0
2016-04-04, 13.24, 13.61, 13.0, 13.31, 419500.0, 13.31, 0.0, 0.0, 0.0, 0.0, 0.0, 0.0
2016-04-05, 13.27, 13.48, 12.94, 12.96, 430600.0, 12.96, 0.0, 0.0, 0.0, 0.0, 0.0, 0.0
2016-04-06, 13.0, 14.76, 13.0, 14.68, 540400.0, 14.68, 0.0, 0.0, 0.0, 0.0, 0.0, 0.0
2016-04-07, 14.64, 15.62, 14.64, 15.06, 494800.0, 15.06, 0.0, 0.0, 0.0, 0.0, 0.0, 0.0
2016-04-08, 15.13, 15.61, 14.79, 15.1, 288500.0, 15.1, 0.0, 0.0, 0.0, 0.0, 0.0, 0.0
2016-04-11, 15.12, 15.387, 14.54, 14.61, 192900.0, 14.61, 0.0, 0.0, 0.0, 0.0, 0.0, 0.0
2016-04-12, 14.59, 14.75, 13.95, 14.49, 286100.0, 14.49, 0.0, 0.0, 0.0, 0.0, 0.0, 0.0
2016-04-13, 14.54, 15.06, 14.28, 14.95, 204200.0, 14.95, 0.0, 0.0, 0.0, 0.0, 0.0, 0.0
2016-04-14, 15.0, 15.2, 14.73, 15.15, 210000.0, 15.15, 0.0, 0.0, 0.0, 0.0, 0.0, 0.0
2016-04-15, 15.04, 15.49, 14.85, 15.15, 164900.0, 15.15, 0.0, 0.0, 0.0, 0.0, 0.0, 0.0
2016-04-18, 15.15, 16.24, 15.043, 16.049999, 359600.0, 16.049999, 0.0, 0.0, 0.0, 0.0, 0.0, 0.0
2016-04-19, 16.0, 16.280001, 15.0, 15.37, 486000.0, 15.37, 0.0, 0.0, 0.0, 0.0, 0.0, 0.0
2016-04-20, 15.49, 15.73, 15.13, 15.26, 299000.0, 15.26, 0.0, 0.0, 0.0, 0.0, 0.0, 0.0
2016-04-21, 15.2, 16.200001, 15.2, 16.0, 534800.0, 16.0, 0.0, 0.0, 0.0, 0.0, 0.0, 0.0
2016-04-22, 15.97, 16.57, 15.73, 16.559999, 325600.0, 16.559999, 0.0, 0.0, 0.0, 0.0, 0.0, 0.0
2016-04-25, 16.540001, 16.540001, 15.8, 16.0, 330400.0, 16.0, 0.0, 0.0, 0.0, 0.0, 0.0, 0.0
2016-04-26, 15.96, 16.57, 15.715, 16.365, 394100.0, 16.365, 0.0, 0.0, 0.0, 0.0, 0.0, 0.0
2016-04-27, 16.48, 16.5, 15.66, 15.97, 302100.0, 15.97, 0.0, 0.0, 0.0, 0.0, 0.0, 0.0
2016-04-28, 15.9, 16.379999, 15.57, 16.02, 245600.0, 16.02, 0.0, 0.0, 0.0, 0.0, 0.0, 0.0
2016-04-29, 15.99, 16.25, 15.55, 15.86, 247600.0, 15.86, 0.0, 0.0, 0.0, 0.0, 0.0, 0.0
2016-05-02, 15.99, 16.35, 15.49, 16.33, 336100.0, 16.33, 0.0, 0.0, 0.0, 0.0, 0.0, 0.0
2016-05-03, 15.52, 16.504999, 14.63, 15.87, 610400.0, 15.87, 0.0, 0.0, 0.0, 0.0, 0.0, 0.0
2016-05-04, 15.62, 16.280001, 15.58, 15.84, 276300.0, 15.84, 0.0, 0.0, 0.0, 0.0, 0.0, 0.0
2016-05-05, 15.91, 15.94, 14.47, 14.52, 542200.0, 14.52, 0.0, 0.0, 0.0, 0.0, 0.0, 0.0
2016-05-06, 14.34, 14.66, 13.23, 13.44, 518600.0, 13.44, 0.0, 0.0, 0.0, 0.0, 0.0, 0.0
2016-05-09, 13.36, 14.78, 13.26, 14.51, 324600.0, 14.51, 0.0, 0.0, 0.0, 0.0, 0.0, 0.0
2016-05-10, 14.67, 14.67, 13.8, 13.85, 320900.0, 13.85, 0.0, 0.0, 0.0, 0.0, 0.0, 0.0
2016-05-11, 13.77, 14.3, 13.31, 13.385, 222900.0, 13.385, 0.0, 0.0, 0.0, 0.0, 0.0, 0.0
2016-05-12, 13.5, 13.57, 12.63, 12.88, 234800.0, 12.88, 0.0, 0.0, 0.0, 0.0, 0.0, 0.0
2016-05-13, 12.9, 13.15, 12.56, 12.93, 179500.0, 12.93, 0.0, 0.0, 0.0, 0.0, 0.0, 0.0
2016-05-16, 13.08, 13.94, 12.63, 13.88, 365100.0, 13.88, 0.0, 0.0, 0.0, 0.0, 0.0, 0.0
2016-05-17, 13.75, 14.43, 13.52, 13.69, 401600.0, 13.69, 0.0, 0.0, 0.0, 0.0, 0.0, 0.0
2016-05-18, 13.57, 15.68, 13.52, 15.62, 745500.0, 15.62, 0.0, 0.0, 0.0, 0.0, 0.0, 0.0
2016-05-19, 15.52, 16.040001, 14.62, 14.65, 459700.0, 14.65, 0.0, 0.0, 0.0, 0.0, 0.0, 0.0
2016-05-20, 14.81, 15.29, 14.5, 15.24, 337800.0, 15.24, 0.0, 0.0, 0.0, 0.0, 0.0, 0.0
2016-05-23, 15.33, 15.77, 14.91, 15.47, 156200.0, 15.47, 0.0, 0.0, 0.0, 0.0, 0.0, 0.0
2016-05-24, 15.69, 16.85, 15.52, 16.75, 335300.0, 16.75, 0.0, 0.0, 0.0, 0.0, 0.0, 0.0
2016-05-25, 16.85, 17.26, 16.42, 16.66, 282800.0, 16.66, 0.0, 0.0, 0.0, 0.0, 0.0, 0.0
2016-05-26, 16.540001, 16.83, 16.281, 16.540001, 144300.0, 16.540001, 0.0, 0.0, 0.0, 0.0, 0.0, 0.0
2016-05-27, 16.67, 17.4, 16.559999, 17.139999, 278500.0, 17.139999, 0.0, 0.0, 0.0, 0.0, 0.0, 0.0
2016-05-31, 17.299999, 17.950001, 16.41, 17.870001, 273000.0, 17.870001, 0.0, 0.0, 0.0, 0.0, 0.0, 0.0
2016-06-01, 17.74, 17.889999, 17.360001, 17.719999, 263200.0, 17.719999, 0.0, 0.0, 0.0, 0.0, 0.0, 0.0
2016-06-02, 17.629999, 19.190001, 17.215, 19.059999, 384000.0, 19.059999, 0.0, 0.0, 0.0, 0.0, 0.0, 0.0
2016-06-03, 19.75, 19.889999, 18.27, 18.290001, 382800.0, 18.290001, 0.0, 0.0, 0.0, 0.0, 0.0, 0.0
2016-06-06, 18.469999, 19.24, 18.1, 18.889999, 291700.0, 18.889999, 0.0, 0.0, 0.0, 0.0, 0.0, 0.0
2016-06-07, 18.690001, 19.99, 18.4, 19.92, 399700.0, 19.92, 0.0, 0.0, 0.0, 0.0, 0.0, 0.0
2016-06-08, 19.950001, 19.950001, 19.33, 19.5, 282600.0, 19.5, 0.0, 0.0, 0.0, 0.0, 0.0, 0.0
2016-06-09, 19.309999, 19.59, 18.6, 18.809999, 303700.0, 18.809999, 0.0, 0.0, 0.0, 0.0, 0.0, 0.0
2016-06-10, 18.610001, 18.91, 18.26, 18.59, 208400.0, 18.59, 0.0, 0.0, 0.0, 0.0, 0.0, 0.0
2016-06-13, 18.389999, 19.389999, 18.280001, 18.35, 192000.0, 18.35, 0.0, 0.0, 0.0, 0.0, 0.0, 0.0
2016-06-14, 18.219999, 18.75, 17.780001, 18.35, 208300.0, 18.35, 0.0, 0.0, 0.0, 0.0, 0.0, 0.0
2016-06-15, 18.469999, 18.799999, 18.110001, 18.4, 189800.0, 18.4, 0.0, 0.0, 0.0, 0.0, 0.0, 0.0
2016-06-16, 18.280001, 19.139999, 17.93, 18.51, 182500.0, 18.51, 0.0, 0.0, 0.0, 0.0, 0.0, 0.0
2016-06-17, 18.49, 18.530001, 17.790001, 17.99, 537900.0, 17.99, 0.0, 0.0, 0.0, 0.0, 0.0, 0.0
2016-06-20, 18.309999, 18.41, 17.74, 17.99, 163000.0, 17.99, 0.0, 0.0, 0.0, 0.0, 0.0, 0.0
2016-06-21, 18.08, 18.08, 17.219999, 17.58, 184500.0, 17.58, 0.0, 0.0, 0.0, 0.0, 0.0, 0.0
2016-06-22, 17.549999, 18.43, 17.15, 17.559999, 264300.0, 17.559999, 0.0, 0.0, 0.0, 0.0, 0.0, 0.0
2016-06-23, 17.93, 18.26, 17.625, 18.18, 257400.0, 18.18, 0.0, 0.0, 0.0, 0.0, 0.0, 0.0
2016-06-24, 16.950001, 17.974001, 16.861, 17.139999, 944600.0, 17.139999, 0.0, 0.0, 0.0, 0.0, 0.0, 0.0
2016-06-27, 16.99, 17.459999, 16.450001, 16.700001, 403000.0, 16.700001, 0.0, 0.0, 0.0, 0.0, 0.0, 0.0
2016-06-28, 17.02, 18.190001, 17.01, 17.77, 301900.0, 17.77, 0.0, 0.0, 0.0, 0.0, 0.0, 0.0
2016-06-29, 18.040001, 18.379999, 17.745001, 18.0, 409500.0, 18.0, 0.0, 0.0, 0.0, 0.0, 0.0, 0.0
2016-06-30, 18.120001, 18.4, 17.43, 17.6, 277900.0, 17.6, 0.0, 0.0, 0.0, 0.0, 0.0, 0.0
2016-07-01, 17.58, 18.049999, 17.33, 17.51, 260500.0, 17.51, 0.0, 0.0, 0.0, 0.0, 0.0, 0.0
2016-07-05, 17.469999, 17.620001, 17.139999, 17.35, 270300.0, 17.35, 0.0, 0.0, 0.0, 0.0, 0.0, 0.0
2016-07-06, 17.18, 17.67, 17.18, 17.389999, 565400.0, 17.389999, 0.0, 0.0, 0.0, 0.0, 0.0, 0.0
