2012-08-28, 25.0, 25.25, 25.0, 25.16, 309800.0, 22.71
2012-08-29, 25.16, 25.22, 25.08, 25.14, 128100.0, 22.69
2012-08-30, 25.17, 25.18, 25.1, 25.15, 97500.0, 22.7
2012-08-31, 25.22, 25.22, 25.13, 25.19, 40600.0, 22.73
2012-09-04, 25.19, 25.23, 25.14, 25.16, 135800.0, 22.71
2012-09-05, 25.18, 25.18, 25.11, 25.13, 67300.0, 22.68
2012-09-06, 25.13, 25.14, 25.11, 25.13, 149200.0, 22.68
2012-09-07, 25.1, 25.15, 25.07, 25.14, 51400.0, 22.69
2012-09-10, 25.17, 25.17, 25.11, 25.11, 40000.0, 22.66
2012-09-11, 25.12, 25.16, 25.12, 25.16, 56800.0, 22.71
2012-09-12, 25.17, 25.18, 25.14, 25.15, 55600.0, 22.7
2012-09-13, 25.15, 25.15, 25.07, 25.1, 119800.0, 22.65
2012-09-14, 25.14, 25.14, 25.08, 25.1, 37300.0, 22.65
2012-09-17, 25.13, 25.13, 25.01, 25.06, 66400.0, 22.62
2012-09-18, 25.08, 25.08, 25.04, 25.06, 47300.0, 22.62
2012-09-19, 25.1, 25.1, 25.01, 25.03, 29900.0, 22.59
2012-09-20, 25.05, 25.06, 25.02, 25.04, 20500.0, 22.6
2012-09-21, 25.08, 25.08, 25.03, 25.03, 25700.0, 22.59
2012-09-24, 25.07, 25.11, 25.05, 25.1, 33700.0, 22.65
2012-09-25, 25.12, 25.12, 25.06, 25.09, 30000.0, 22.64
2012-09-26, 25.12, 25.12, 25.07, 25.09, 38900.0, 22.64
2012-09-27, 25.12, 25.15, 25.1, 25.15, 55100.0, 22.7
2012-09-28, 25.15, 25.15, 25.12, 25.15, 21500.0, 22.7
2012-10-01, 25.18, 25.25, 25.13, 25.17, 60000.0, 22.72
2012-10-02, 25.24, 25.24, 25.14, 25.18, 37600.0, 22.73
2012-10-03, 25.17, 25.19, 25.17, 25.18, 22000.0, 22.73
2012-10-04, 25.28, 25.33, 25.21, 25.33, 29800.0, 22.86
2012-10-05, 25.43, 25.48, 25.31, 25.48, 54400.0, 23.0
2012-10-08, 25.59, 25.59, 25.44, 25.48, 42800.0, 23.0
2012-10-09, 25.5, 25.53, 25.35, 25.47, 60400.0, 22.99
2012-10-10, 25.48, 25.59, 25.42, 25.59, 57800.0, 23.1
2012-10-11, 25.61, 25.72, 25.46, 25.67, 74200.0, 23.17
2012-10-12, 25.67, 25.67, 25.54, 25.58, 18500.0, 23.09
2012-10-15, 25.57, 25.67, 25.5, 25.67, 28300.0, 23.17
2012-10-16, 25.68, 25.71, 25.62, 25.71, 22300.0, 23.2
2012-10-17, 25.82, 25.82, 25.65, 25.68, 10800.0, 23.18
2012-10-18, 25.76, 25.76, 25.65, 25.7, 27600.0, 23.19
2012-10-19, 25.75, 26.25, 25.68, 25.89, 210200.0, 23.37
2012-10-22, 25.89, 25.9, 25.75, 25.77, 25000.0, 23.26
2012-10-23, 25.75, 25.75, 25.56, 25.6, 31000.0, 23.1
2012-10-24, 25.77, 25.81, 25.47, 25.59, 41700.0, 23.1
2012-10-25, 25.64, 25.69, 25.55, 25.57, 81300.0, 23.08
2012-10-26, 25.7, 25.7, 25.56, 25.61, 17900.0, 23.11
2012-10-31, 25.72, 25.72, 25.47, 25.68, 35800.0, 23.18
2012-11-01, 25.72, 25.72, 25.6, 25.62, 28500.0, 23.12
2012-11-02, 25.72, 25.72, 25.59, 25.67, 15700.0, 23.17
2012-11-05, 25.7, 25.78, 25.57, 25.67, 27100.0, 23.17
2012-11-06, 25.6, 25.73, 25.53, 25.55, 72300.0, 23.06
2012-11-07, 25.6, 25.7, 25.46, 25.6, 123900.0, 23.1
2012-11-08, 25.47, 25.55, 25.27, 25.35, 91900.0, 23.21
2012-11-09, 25.39, 25.39, 25.26, 25.39, 21000.0, 23.24
2012-11-12, 25.39, 25.65, 25.33, 25.6, 28700.0, 23.44
2012-11-13, 25.59, 25.62, 25.33, 25.35, 43400.0, 23.21
2012-11-14, 25.42, 25.55, 25.35, 25.41, 69200.0, 23.26
2012-11-15, 25.45, 25.45, 25.09, 25.23, 45600.0, 23.1
2012-11-16, 25.29, 25.58, 25.27, 25.49, 31100.0, 23.34
2012-11-19, 25.5, 25.62, 25.23, 25.32, 30000.0, 23.18
2012-11-20, 25.38, 25.38, 25.3, 25.33, 15400.0, 23.19
2012-11-21, 25.4, 25.5, 25.3, 25.46, 15000.0, 23.31
2012-11-23, 25.57, 25.57, 25.38, 25.42, 4200.0, 23.27
2012-11-26, 25.51, 25.51, 25.28, 25.41, 13700.0, 23.26
2012-11-27, 25.54, 25.54, 25.23, 25.31, 45300.0, 23.17
2012-11-28, 25.3, 25.3, 25.15, 25.19, 22100.0, 23.06
2012-11-29, 25.24, 25.27, 25.16, 25.26, 22000.0, 23.13
2012-11-30, 25.3, 25.59, 25.3, 25.53, 22800.0, 23.37
2012-12-03, 25.53, 25.53, 25.38, 25.48, 7000.0, 23.33
2012-12-04, 25.45, 25.5, 25.29, 25.45, 30200.0, 23.3
2012-12-05, 25.51, 25.53, 25.29, 25.37, 13800.0, 23.23
2012-12-06, 25.36, 25.38, 25.25, 25.3, 10500.0, 23.16
2012-12-07, 25.45, 25.45, 25.31, 25.43, 13200.0, 23.28
2012-12-10, 25.43, 25.54, 25.31, 25.52, 15400.0, 23.36
2012-12-11, 25.5, 25.51, 25.38, 25.5, 20500.0, 23.35
2012-12-12, 25.35, 25.51, 25.35, 25.51, 23700.0, 23.35
2012-12-13, 25.39, 25.6, 25.39, 25.51, 12500.0, 23.35
2012-12-14, 25.6, 25.6, 25.41, 25.43, 95000.0, 23.28
2012-12-17, 25.43, 25.45, 25.36, 25.43, 19500.0, 23.28
2012-12-18, 25.48, 25.49, 25.35, 25.36, 30200.0, 23.22
2012-12-19, 25.44, 25.5, 25.39, 25.49, 8400.0, 23.34
2012-12-20, 25.5, 25.5, 25.46, 25.48, 10700.0, 23.33
2012-12-21, 25.5, 25.7, 25.43, 25.7, 44200.0, 23.53
2012-12-24, 25.7, 25.7, 25.46, 25.46, 7300.0, 23.31
2012-12-26, 25.43, 25.44, 25.4, 25.43, 10900.0, 23.28
2012-12-27, 25.43, 25.45, 25.37, 25.43, 3700.0, 23.28
2012-12-28, 25.5, 25.5, 25.34, 25.4, 11600.0, 23.25
2012-12-31, 25.47, 25.47, 25.32, 25.33, 8100.0, 23.19
2013-01-02, 25.35, 25.45, 25.33, 25.4, 31000.0, 23.25
2013-01-03, 25.4, 25.48, 25.4, 25.47, 21300.0, 23.32
2013-01-04, 25.49, 25.49, 25.42, 25.43, 68300.0, 23.28
2013-01-07, 25.49, 25.49, 25.4, 25.43, 22800.0, 23.28
2013-01-08, 25.49, 25.5, 25.43, 25.43, 100800.0, 23.28
2013-01-09, 25.45, 25.46, 25.43, 25.43, 37100.0, 23.28
2013-01-10, 25.49, 25.49, 25.34, 25.34, 66200.0, 23.2
2013-01-11, 25.42, 25.43, 25.37, 25.43, 19900.0, 23.28
2013-01-14, 25.51, 25.51, 25.39, 25.43, 23600.0, 23.28
2013-01-15, 25.48, 25.48, 25.41, 25.43, 38500.0, 23.28
2013-01-16, 25.44, 25.44, 25.38, 25.43, 30800.0, 23.28
2013-01-17, 25.45, 25.46, 25.43, 25.43, 59200.0, 23.28
2013-01-18, 25.45, 25.66, 25.43, 25.63, 49500.0, 23.46
2013-01-22, 25.59, 25.72, 25.51, 25.51, 66400.0, 23.35
2013-01-23, 25.62, 25.76, 25.6, 25.69, 30600.0, 23.52
2013-01-24, 25.74, 25.8, 25.6, 25.8, 24800.0, 23.62
2013-01-25, 25.84, 26.21, 25.75, 26.18, 38900.0, 23.97
2013-01-28, 26.15, 26.15, 25.89, 26.1, 30600.0, 23.89
2013-01-29, 26.07, 26.07, 25.7, 25.89, 26900.0, 23.7
2013-01-30, 26.03, 26.1, 25.79, 25.99, 23200.0, 23.79
2013-01-31, 25.99, 26.0, 25.79, 25.98, 17100.0, 23.78
2013-02-01, 25.85, 26.1, 25.85, 26.04, 21100.0, 23.84
2013-02-04, 26.1, 26.1, 25.92, 25.92, 6100.0, 23.73
2013-02-05, 25.82, 26.14, 25.72, 25.82, 21300.0, 23.64
2013-02-06, 25.99, 26.0, 25.76, 25.76, 14300.0, 23.58
2013-02-07, 25.59, 25.66, 25.42, 25.53, 22800.0, 23.7
2013-02-08, 25.43, 25.57, 25.43, 25.57, 9700.0, 23.74
2013-02-11, 25.69, 25.69, 25.43, 25.57, 14500.0, 23.74
2013-02-12, 25.42, 25.63, 25.42, 25.58, 5900.0, 23.75
2013-02-13, 25.53, 25.59, 25.53, 25.58, 7200.0, 23.75
2013-02-14, 25.47, 25.58, 25.47, 25.54, 4900.0, 23.71
2013-02-15, 25.6, 25.68, 25.47, 25.6, 14300.0, 23.77
2013-02-19, 25.63, 25.66, 25.53, 25.55, 13200.0, 23.72
2013-02-20, 25.58, 25.85, 25.55, 25.76, 10600.0, 23.92
2013-02-21, 25.87, 25.87, 25.59, 25.69, 9100.0, 23.85
2013-02-22, 25.82, 25.87, 25.75, 25.85, 10500.0, 24.0
2013-02-25, 25.89, 25.91, 25.82, 25.87, 8500.0, 24.02
2013-02-26, 25.9, 25.97, 25.87, 25.97, 7100.0, 24.11
2013-02-27, 26.1, 26.1, 25.7, 25.8, 9300.0, 23.95
2013-02-28, 25.87, 25.91, 25.73, 25.75, 10500.0, 23.91
2013-03-01, 26.07, 26.07, 25.68, 25.75, 9600.0, 23.91
2013-03-04, 25.76, 25.84, 25.7, 25.74, 16500.0, 23.9
2013-03-05, 25.86, 25.86, 25.7, 25.77, 13800.0, 23.93
2013-03-06, 25.68, 25.83, 25.68, 25.8, 9800.0, 23.95
2013-03-07, 25.89, 25.89, 25.62, 25.78, 13700.0, 23.94
2013-03-08, 25.9, 25.9, 25.76, 25.88, 10400.0, 24.03
2013-03-11, 25.84, 25.92, 25.8, 25.84, 10900.0, 23.99
2013-03-12, 25.94, 26.04, 25.81, 25.84, 17100.0, 23.99
2013-03-13, 25.97, 26.0, 25.74, 25.78, 7900.0, 23.94
2013-03-14, 25.72, 25.86, 25.7, 25.85, 10300.0, 24.0
2013-03-15, 25.88, 25.98, 25.88, 25.98, 5100.0, 24.12
2013-03-18, 26.0, 26.04, 25.88, 25.88, 15200.0, 24.03
2013-03-19, 26.08, 26.08, 25.89, 25.96, 9000.0, 24.1
2013-03-20, 25.89, 26.04, 25.89, 25.95, 5800.0, 24.09
2013-03-21, 25.9, 26.1, 25.85, 26.06, 21200.0, 24.2
2013-03-22, 26.06, 26.19, 25.92, 26.19, 17800.0, 24.32
2013-03-25, 26.19, 26.29, 26.05, 26.17, 23900.0, 24.3
2013-03-26, 26.18, 26.22, 26.05, 26.17, 11400.0, 24.3
2013-03-27, 26.08, 26.56, 26.08, 26.43, 47800.0, 24.54
2013-03-28, 26.36, 26.48, 26.36, 26.42, 11000.0, 24.53
2013-04-01, 26.42, 26.55, 26.36, 26.47, 7400.0, 24.58
2013-04-02, 26.67, 26.68, 26.4, 26.43, 9400.0, 24.54
2013-04-03, 26.57, 26.61, 26.25, 26.27, 10600.0, 24.39
2013-04-04, 26.41, 26.51, 26.16, 26.34, 13900.0, 24.46
2013-04-05, 26.36, 26.42, 26.25, 26.38, 4800.0, 24.49
2013-04-08, 26.35, 26.52, 26.35, 26.48, 9100.0, 24.59
2013-04-09, 26.49, 26.49, 26.34, 26.4, 6400.0, 24.51
2013-04-10, 26.37, 26.46, 26.37, 26.37, 8400.0, 24.48
2013-04-11, 26.47, 26.48, 26.37, 26.4, 9400.0, 24.51
2013-04-12, 26.4, 26.48, 26.33, 26.48, 8700.0, 24.59
2013-04-15, 26.38, 26.47, 26.38, 26.41, 5400.0, 24.52
2013-04-16, 26.39, 26.48, 26.39, 26.42, 6000.0, 24.53
2013-04-17, 26.49, 26.49, 26.39, 26.4, 5800.0, 24.51
2013-04-18, 26.45, 26.5, 26.42, 26.43, 5900.0, 24.54
2013-04-19, 26.4, 26.52, 26.19, 26.2, 28000.0, 24.33
2013-04-22, 26.25, 26.35, 26.2, 26.24, 49400.0, 24.36
2013-04-23, 26.32, 26.32, 26.2, 26.2, 11200.0, 24.33
2013-04-24, 26.26, 26.29, 26.17, 26.2, 20500.0, 24.33
2013-04-25, 26.23, 26.23, 26.16, 26.18, 16300.0, 24.31
2013-04-26, 26.12, 26.22, 26.12, 26.19, 9800.0, 24.32
2013-04-29, 26.23, 26.31, 26.2, 26.26, 18800.0, 24.38
2013-04-30, 26.32, 26.47, 26.23, 26.46, 13900.0, 24.57
2013-05-01, 26.37, 26.53, 26.32, 26.46, 24100.0, 24.57
2013-05-02, 26.5, 26.92, 26.5, 26.72, 16000.0, 24.81
2013-05-03, 26.6, 26.76, 26.6, 26.72, 6900.0, 24.81
2013-05-06, 26.58, 26.75, 26.58, 26.64, 10500.0, 24.73
2013-05-07, 26.59, 26.92, 26.59, 26.92, 14300.0, 24.99
2013-05-08, 26.7, 26.74, 26.46, 26.46, 3400.0, 24.9
2013-05-09, 26.8, 26.8, 26.34, 26.34, 4400.0, 24.79
2013-05-10, 26.44, 26.54, 26.31, 26.32, 11000.0, 24.77
2013-05-13, 26.51, 26.55, 26.37, 26.37, 3200.0, 24.81
2013-05-14, 26.31, 26.39, 26.3, 26.37, 12000.0, 24.81
2013-05-15, 26.3, 26.37, 26.13, 26.24, 11300.0, 24.69
2013-05-16, 26.14, 26.23, 26.14, 26.23, 2700.0, 24.68
2013-05-17, 26.42, 26.42, 26.09, 26.26, 18000.0, 24.71
2013-05-20, 26.22, 26.25, 26.17, 26.17, 3900.0, 24.63
2013-05-21, 26.16, 26.3, 26.16, 26.28, 8600.0, 24.73
2013-05-22, 26.18, 26.33, 26.16, 26.3, 13800.0, 24.75
2013-05-23, 26.32, 26.37, 26.16, 26.37, 6200.0, 24.81
2013-05-24, 26.29, 26.43, 26.25, 26.25, 11800.0, 24.7
2013-05-28, 26.54, 26.57, 26.32, 26.4, 9600.0, 24.84
2013-05-29, 26.21, 26.27, 25.67, 26.1, 16900.0, 24.56
2013-05-30, 26.03, 26.2, 26.0, 26.05, 5100.0, 24.51
2013-05-31, 25.97, 26.0, 25.56, 25.56, 11500.0, 24.05
2013-06-03, 25.75, 25.75, 24.72, 25.07, 47200.0, 23.59
2013-06-04, 24.97, 25.23, 24.97, 25.17, 15900.0, 23.68
2013-06-05, 25.07, 25.07, 24.75, 24.79, 18500.0, 23.33
2013-06-06, 24.68, 25.05, 24.53, 25.01, 23500.0, 23.53
2013-06-07, 24.93, 25.53, 24.93, 25.53, 5100.0, 24.02
2013-06-10, 25.07, 25.12, 24.77, 24.92, 20600.0, 23.45
2013-06-11, 24.79, 24.79, 24.12, 24.28, 26700.0, 22.85
2013-06-12, 24.4, 24.45, 23.52, 23.55, 24400.0, 22.16
2013-06-13, 23.73, 24.02, 22.33, 23.94, 41200.0, 22.53
2013-06-14, 24.06, 24.2, 23.96, 24.16, 19500.0, 22.73
2013-06-17, 24.22, 24.4, 24.07, 24.2, 24500.0, 22.77
2013-06-18, 24.14, 24.45, 24.11, 24.42, 19400.0, 22.98
2013-06-19, 24.44, 24.44, 23.81, 23.9, 35400.0, 22.49
2013-06-20, 23.62, 23.85, 23.13, 23.54, 29000.0, 22.15
2013-06-21, 23.67, 23.99, 23.45, 23.45, 26400.0, 22.07
2013-06-24, 23.44, 23.61, 22.86, 23.21, 38200.0, 21.84
2013-06-25, 23.57, 23.76, 23.06, 23.56, 16300.0, 22.17
2013-06-26, 23.55, 24.2, 23.39, 24.17, 13100.0, 22.74
2013-06-27, 24.33, 24.45, 24.04, 24.45, 10500.0, 23.01
2013-06-28, 24.4, 24.92, 24.3, 24.71, 16600.0, 23.25
2013-07-01, 24.72, 24.96, 24.41, 24.47, 10300.0, 23.03
2013-07-02, 24.57, 24.61, 24.14, 24.15, 5600.0, 22.72
2013-07-03, 24.38, 24.61, 24.15, 24.44, 7700.0, 23.0
2013-07-05, 24.49, 24.49, 23.85, 24.06, 23600.0, 22.64
2013-07-08, 23.97, 24.16, 23.62, 23.72, 6200.0, 22.32
2013-07-09, 23.83, 23.9, 23.65, 23.74, 6100.0, 22.34
2013-07-10, 23.79, 24.21, 23.53, 24.17, 8900.0, 22.74
2013-07-11, 24.3, 24.33, 24.08, 24.22, 4100.0, 22.79
2013-07-12, 24.14, 24.39, 24.03, 24.18, 5600.0, 22.75
2013-07-15, 24.2, 24.4, 24.14, 24.28, 23700.0, 22.85
2013-07-16, 24.4, 24.4, 24.07, 24.4, 6700.0, 22.96
2013-07-17, 24.4, 24.5, 24.24, 24.44, 7100.0, 23.0
2013-07-18, 24.4, 24.4, 24.12, 24.17, 11800.0, 22.74
2013-07-19, 24.36, 24.4, 24.05, 24.22, 7700.0, 22.79
2013-07-22, 24.33, 24.69, 24.25, 24.66, 12500.0, 23.2
2013-07-23, 24.65, 24.87, 24.45, 24.86, 14400.0, 23.39
2013-07-24, 24.83, 24.84, 24.32, 24.4, 19600.0, 22.96
2013-07-25, 24.33, 24.5, 24.07, 24.34, 9600.0, 22.9
2013-07-26, 24.39, 24.62, 24.23, 24.62, 10300.0, 23.17
2013-07-29, 24.44, 24.6, 24.21, 24.45, 4400.0, 23.01
2013-07-30, 24.35, 24.59, 24.16, 24.16, 9400.0, 22.73
2013-07-31, 24.16, 24.57, 24.16, 24.23, 8600.0, 22.8
2013-08-01, 24.23, 24.35, 24.12, 24.12, 11900.0, 22.7
2013-08-02, 24.21, 24.21, 23.77, 24.0, 11400.0, 22.58
2013-08-05, 24.31, 24.47, 24.1, 24.14, 9400.0, 22.72
2013-08-06, 24.12, 24.12, 23.81, 23.81, 13600.0, 22.4
2013-08-07, 23.14, 23.52, 23.0, 23.0, 22000.0, 21.97
2013-08-08, 23.01, 23.34, 22.69, 22.73, 23000.0, 21.72
2013-08-09, 22.68, 22.89, 22.65, 22.65, 12400.0, 21.64
2013-08-12, 22.64, 22.98, 22.64, 22.92, 13100.0, 21.9
2013-08-13, 22.65, 22.88, 22.35, 22.5, 12100.0, 21.5
2013-08-14, 22.5, 22.83, 22.19, 22.72, 25100.0, 21.71
2013-08-15, 22.5, 22.52, 21.7, 21.93, 26700.0, 20.95
2013-08-16, 22.0, 22.0, 21.51, 21.65, 20000.0, 20.68
2013-08-19, 21.72, 22.01, 20.8, 20.96, 22000.0, 20.03
2013-08-20, 21.0, 21.83, 20.86, 21.64, 22900.0, 20.67
2013-08-21, 21.47, 21.84, 21.16, 21.63, 16200.0, 20.67
2013-08-22, 22.0, 22.0, 21.54, 21.74, 11500.0, 20.77
2013-08-23, 21.86, 22.07, 21.63, 22.07, 11300.0, 21.09
2013-08-26, 22.3, 22.63, 22.03, 22.03, 6200.0, 21.05
2013-08-27, 22.08, 22.24, 22.03, 22.24, 6100.0, 21.25
2013-08-28, 22.1, 22.55, 22.03, 22.05, 13000.0, 21.07
2013-08-29, 22.2, 22.3, 22.05, 22.14, 7100.0, 21.15
2013-08-30, 22.15, 22.23, 22.06, 22.08, 16200.0, 21.1
2013-09-03, 22.07, 22.12, 22.0, 22.01, 11400.0, 21.03
2013-09-04, 22.04, 22.16, 22.0, 22.0, 8800.0, 21.02
2013-09-05, 22.08, 22.12, 21.52, 21.79, 12400.0, 20.82
2013-09-06, 21.78, 22.03, 21.72, 21.86, 7800.0, 20.88
2013-09-09, 22.02, 22.02, 21.75, 21.75, 4900.0, 20.78
2013-09-10, 21.75, 21.78, 21.58, 21.78, 8500.0, 20.81
2013-09-11, 21.79, 21.79, 21.55, 21.59, 5300.0, 20.63
2013-09-12, 21.67, 21.67, 21.48, 21.62, 14500.0, 20.66
2013-09-13, 21.65, 21.8, 21.65, 21.66, 2300.0, 20.69
2013-09-16, 21.76, 21.86, 21.65, 21.74, 15900.0, 20.77
2013-09-17, 21.86, 21.86, 21.66, 21.7, 13300.0, 20.73
2013-09-18, 21.65, 22.22, 21.65, 22.22, 17800.0, 21.23
2013-09-19, 22.15, 22.18, 21.84, 21.86, 9800.0, 20.88
2013-09-20, 21.79, 21.98, 21.65, 21.67, 15200.0, 20.7
2013-09-23, 21.67, 21.9, 21.66, 21.9, 9100.0, 20.92
2013-09-24, 21.96, 21.97, 21.72, 21.78, 12700.0, 20.81
2013-09-25, 21.71, 21.77, 21.67, 21.7, 19900.0, 20.73
2013-09-26, 21.67, 21.77, 21.67, 21.74, 6200.0, 20.77
2013-09-27, 21.8, 21.8, 21.65, 21.72, 8100.0, 20.75
2013-09-30, 21.67, 21.78, 21.65, 21.75, 4000.0, 20.78
2013-10-01, 21.67, 21.79, 21.66, 21.67, 6700.0, 20.7
2013-10-02, 21.65, 21.75, 21.65, 21.7, 15300.0, 20.73
2013-10-03, 21.66, 21.7, 21.48, 21.53, 24700.0, 20.57
2013-10-04, 21.52, 21.71, 21.48, 21.61, 33700.0, 20.65
2013-10-07, 21.54, 21.7, 21.52, 21.58, 17200.0, 20.62
2013-10-08, 21.6, 21.72, 21.59, 21.68, 20200.0, 20.71
2013-10-09, 21.63, 21.68, 21.4, 21.41, 20100.0, 20.45
2013-10-10, 21.5, 21.69, 21.5, 21.64, 21900.0, 20.67
2013-10-11, 21.67, 21.67, 21.48, 21.53, 8000.0, 20.57
2013-10-14, 21.6, 21.76, 21.6, 21.63, 9600.0, 20.67
2013-10-15, 21.6, 21.78, 21.5, 21.5, 18600.0, 20.54
2013-10-16, 21.6, 21.65, 21.51, 21.6, 8300.0, 20.64
2013-10-17, 21.61, 21.96, 21.61, 21.73, 16000.0, 20.76
2013-10-18, 21.8, 22.22, 21.76, 22.09, 12500.0, 21.1
2013-10-21, 21.99, 22.14, 21.85, 22.1, 2400.0, 21.11
2013-10-22, 22.05, 22.49, 22.05, 22.29, 13500.0, 21.3
2013-10-23, 22.23, 22.4, 22.23, 22.36, 9200.0, 21.36
2013-10-24, 22.36, 22.59, 22.34, 22.51, 14800.0, 21.51
2013-10-25, 22.5, 22.68, 22.44, 22.65, 8500.0, 21.64
2013-10-28, 22.73, 22.73, 22.42, 22.57, 16100.0, 21.56
2013-10-29, 22.59, 22.67, 22.44, 22.67, 8300.0, 21.66
2013-10-30, 22.58, 22.67, 22.44, 22.5, 11500.0, 21.5
2013-10-31, 22.44, 22.55, 22.44, 22.44, 10400.0, 21.44
2013-11-01, 22.9, 22.9, 22.54, 22.57, 10200.0, 21.56
2013-11-04, 22.7, 22.7, 22.49, 22.56, 9600.0, 21.55
2013-11-05, 22.74, 22.74, 22.42, 22.59, 10100.0, 21.58
2013-11-06, 22.39, 22.4, 22.01, 22.21, 13000.0, 21.56
2013-11-07, 22.09, 22.25, 22.04, 22.22, 6600.0, 21.57
2013-11-08, 22.06, 22.18, 21.57, 21.93, 9300.0, 21.29
2013-11-11, 21.82, 22.07, 21.82, 22.04, 7400.0, 21.4
2013-11-12, 21.95, 22.1, 21.92, 21.94, 19700.0, 21.3
2013-11-13, 21.94, 22.07, 21.77, 21.8, 9000.0, 21.16
2013-11-14, 21.9, 21.9, 21.63, 21.63, 14300.0, 21.0
2013-11-15, 21.57, 21.95, 21.55, 21.68, 14700.0, 21.05
2013-11-18, 21.68, 21.88, 21.61, 21.8, 17700.0, 21.16
2013-11-19, 21.72, 21.78, 21.61, 21.62, 4700.0, 20.99
2013-11-20, 21.62, 21.86, 21.62, 21.64, 7400.0, 21.01
2013-11-21, 21.65, 21.74, 21.62, 21.64, 5800.0, 21.01
2013-11-22, 21.72, 21.88, 21.68, 21.68, 10100.0, 21.05
2013-11-25, 21.84, 21.85, 21.66, 21.71, 13300.0, 21.08
2013-11-26, 21.67, 21.84, 21.65, 21.79, 10500.0, 21.15
2013-11-27, 21.69, 21.76, 21.66, 21.72, 13300.0, 21.09
2013-11-29, 21.68, 21.74, 21.67, 21.67, 1400.0, 21.04
2013-12-02, 21.69, 21.82, 21.65, 21.72, 9000.0, 21.09
2013-12-03, 21.68, 21.74, 21.65, 21.65, 14300.0, 21.02
2013-12-04, 21.65, 21.67, 21.41, 21.43, 11000.0, 20.8
2013-12-05, 21.5, 21.5, 20.91, 20.95, 44300.0, 20.34
2013-12-06, 20.9, 21.22, 20.9, 21.0, 17600.0, 20.39
2013-12-09, 20.98, 21.18, 20.96, 21.12, 18800.0, 20.5
2013-12-10, 21.02, 21.13, 20.8, 21.02, 29400.0, 20.41
2013-12-11, 21.11, 21.11, 20.66, 20.91, 19300.0, 20.3
2013-12-12, 20.89, 20.89, 20.35, 20.71, 23400.0, 20.11
2013-12-13, 20.59, 20.89, 20.5, 20.85, 31900.0, 20.24
2013-12-16, 20.99, 20.99, 20.64, 20.95, 22800.0, 20.34
2013-12-17, 20.81, 21.18, 20.77, 21.05, 28800.0, 20.44
2013-12-18, 20.96, 21.28, 20.76, 21.25, 27600.0, 20.63
2013-12-19, 21.11, 21.42, 21.11, 21.4, 34700.0, 20.78
2013-12-20, 21.31, 21.33, 21.12, 21.23, 22000.0, 20.61
2013-12-23, 21.19, 21.25, 21.0, 21.1, 30100.0, 20.48
2013-12-24, 20.91, 21.0, 20.83, 20.88, 21800.0, 20.27
2013-12-26, 20.8, 21.13, 20.8, 21.1, 29800.0, 20.48
2013-12-27, 21.2, 21.2, 20.91, 21.1, 21500.0, 20.48
2013-12-30, 21.21, 21.21, 20.85, 21.2, 18700.0, 20.58
2013-12-31, 21.2, 21.34, 20.92, 21.34, 15100.0, 20.72
2014-01-02, 21.41, 21.71, 21.31, 21.7, 14300.0, 21.07
2014-01-03, 21.8, 21.92, 21.54, 21.9, 15100.0, 21.26
2014-01-06, 21.89, 22.05, 21.83, 22.05, 13600.0, 21.41
2014-01-07, 22.05, 22.23, 21.91, 22.2, 36900.0, 21.55
2014-01-08, 22.27, 22.27, 22.0, 22.14, 11800.0, 21.49
2014-01-09, 22.18, 22.25, 22.13, 22.25, 7300.0, 21.6
2014-01-10, 22.24, 22.79, 22.24, 22.52, 21600.0, 21.86
2014-01-13, 22.64, 22.76, 22.63, 22.76, 52800.0, 22.1
2014-01-14, 22.78, 22.8, 22.57, 22.65, 18700.0, 21.99
2014-01-15, 22.69, 22.76, 22.5, 22.5, 19500.0, 21.84
2014-01-16, 22.59, 22.87, 22.55, 22.77, 27600.0, 22.11
2014-01-17, 22.73, 22.78, 22.63, 22.63, 19200.0, 21.97
2014-01-21, 22.73, 22.87, 22.63, 22.85, 15100.0, 22.18
2014-01-22, 22.75, 22.94, 22.75, 22.87, 9800.0, 22.2
2014-01-23, 22.85, 23.0, 22.66, 22.68, 16900.0, 22.02
2014-01-24, 22.55, 22.7, 22.55, 22.7, 7400.0, 22.04
2014-01-27, 22.65, 22.89, 22.62, 22.89, 7800.0, 22.22
2014-01-28, 22.78, 22.91, 22.71, 22.91, 13700.0, 22.24
2014-01-29, 22.99, 23.0, 22.79, 22.85, 4800.0, 22.18
2014-01-30, 23.0, 23.36, 22.97, 23.25, 23800.0, 22.57
2014-01-31, 23.05, 23.6, 23.0, 23.6, 5600.0, 22.91
2014-02-03, 24.2, 24.2, 23.2, 23.2, 19200.0, 22.52
2014-02-04, 23.21, 23.66, 23.0, 23.0, 9200.0, 22.33
2014-02-05, 23.14, 23.95, 23.1, 23.62, 15800.0, 22.93
2014-02-06, 23.41, 23.65, 23.18, 23.22, 17500.0, 22.89
2014-02-07, 23.4, 23.85, 23.4, 23.52, 19000.0, 23.19
2014-02-10, 23.64, 23.83, 23.45, 23.79, 11000.0, 23.45
2014-02-11, 23.79, 23.8, 23.54, 23.55, 7300.0, 23.22
2014-02-12, 23.55, 23.59, 23.26, 23.59, 5600.0, 23.26
2014-02-13, 23.52, 23.68, 23.25, 23.47, 5600.0, 23.14
2014-02-14, 23.33, 23.47, 23.33, 23.4, 6800.0, 23.07
2014-02-18, 23.28, 23.4, 23.25, 23.38, 4700.0, 23.05
2014-02-19, 23.31, 23.52, 23.31, 23.43, 22900.0, 23.1
2014-02-20, 23.33, 23.51, 23.26, 23.36, 6200.0, 23.03
2014-02-21, 23.49, 23.51, 23.3, 23.39, 8600.0, 23.06
2014-02-24, 23.36, 23.45, 23.31, 23.37, 6000.0, 23.04
2014-02-25, 23.47, 23.49, 23.33, 23.43, 12200.0, 23.1
2014-02-26, 23.35, 23.48, 23.35, 23.39, 19100.0, 23.06
2014-02-27, 23.39, 23.63, 23.39, 23.53, 10100.0, 23.2
2014-02-28, 23.46, 23.8, 23.45, 23.79, 20800.0, 23.45
2014-03-03, 23.75, 23.79, 23.53, 23.66, 7200.0, 23.32
2014-03-04, 23.69, 23.79, 23.55, 23.79, 5800.0, 23.45
2014-03-05, 23.67, 23.77, 23.52, 23.76, 11500.0, 23.42
2014-03-06, 23.68, 23.88, 23.63, 23.8, 8800.0, 23.46
2014-03-07, 23.71, 23.89, 23.7, 23.74, 11600.0, 23.4
2014-03-10, 23.71, 23.76, 23.7, 23.75, 5400.0, 23.41
2014-03-11, 23.79, 24.02, 23.79, 24.02, 10300.0, 23.68
2014-03-12, 24.09, 24.19, 24.03, 24.19, 17300.0, 23.85
2014-03-13, 24.15, 24.32, 24.14, 24.32, 10800.0, 23.97
2014-03-14, 24.44, 24.44, 24.12, 24.3, 6900.0, 23.96
2014-03-17, 24.24, 24.55, 24.23, 24.45, 9000.0, 24.1
2014-03-18, 24.33, 24.59, 24.33, 24.54, 11100.0, 24.19
2014-03-19, 24.61, 24.61, 24.37, 24.37, 10600.0, 24.02
2014-03-20, 24.32, 24.45, 24.22, 24.39, 6600.0, 24.04
2014-03-21, 24.65, 24.65, 24.27, 24.34, 5900.0, 23.99
2014-03-24, 24.27, 24.34, 24.21, 24.22, 10100.0, 23.88
2014-03-25, 24.11, 24.23, 24.11, 24.15, 8900.0, 23.81
2014-03-26, 24.25, 24.38, 24.06, 24.1, 9900.0, 23.76
2014-03-27, 24.05, 24.24, 23.94, 24.02, 10100.0, 23.68
2014-03-28, 23.99, 24.05, 23.7, 23.75, 6600.0, 23.41
2014-03-31, 23.73, 23.86, 23.58, 23.86, 6800.0, 23.52
2014-04-01, 23.73, 24.18, 23.73, 24.13, 9100.0, 23.79
2014-04-02, 24.24, 24.24, 23.98, 24.0, 13500.0, 23.66
2014-04-03, 24.06, 24.06, 23.77, 23.85, 14800.0, 23.51
2014-04-04, 23.87, 23.94, 23.85, 23.85, 8700.0, 23.51
2014-04-07, 23.82, 24.0, 23.82, 23.87, 6100.0, 23.53
2014-04-08, 23.94, 24.03, 23.89, 23.95, 7500.0, 23.61
2014-04-09, 23.91, 24.01, 23.91, 23.98, 26000.0, 23.64
2014-04-10, 24.0, 24.02, 23.93, 23.93, 39600.0, 23.59
2014-04-11, 23.93, 24.01, 23.92, 23.96, 6100.0, 23.62
2014-04-14, 24.2, 24.25, 23.98, 24.25, 13000.0, 23.91
2014-04-15, 24.07, 24.25, 24.07, 24.12, 3500.0, 23.78
2014-04-16, 24.28, 24.35, 24.12, 24.23, 11300.0, 23.89
2014-04-17, 24.34, 24.49, 24.11, 24.49, 12700.0, 24.14
2014-04-21, 24.29, 24.37, 24.25, 24.29, 11500.0, 23.95
2014-04-22, 24.29, 24.37, 24.27, 24.29, 13000.0, 23.95
2014-04-23, 24.38, 24.39, 24.28, 24.28, 6100.0, 23.94
2014-04-24, 24.28, 24.39, 24.28, 24.39, 10900.0, 24.04
2014-04-25, 24.36, 24.39, 24.18, 24.25, 8900.0, 23.91
2014-04-28, 24.28, 24.54, 24.28, 24.53, 15500.0, 24.18
2014-04-29, 24.45, 24.75, 24.45, 24.71, 13700.0, 24.36
2014-04-30, 24.75, 24.86, 24.71, 24.84, 6700.0, 24.49
2014-05-01, 24.87, 25.0, 24.82, 24.99, 12200.0, 24.64
2014-05-02, 24.99, 25.46, 24.99, 25.3, 6000.0, 24.94
2014-05-05, 25.46, 25.68, 25.18, 25.32, 11700.0, 24.96
2014-05-06, 25.55, 25.83, 25.11, 25.3, 17900.0, 24.94
2014-05-07, 25.49, 25.49, 25.12, 25.29, 9700.0, 24.93
2014-05-08, 25.05, 25.05, 24.84, 24.89, 11100.0, 24.89
2014-05-09, 24.9, 24.94, 24.63, 24.7, 9400.0, 24.7
2014-05-12, 24.8, 24.8, 24.56, 24.76, 16900.0, 24.76
2014-05-13, 24.75, 24.75, 24.67, 24.74, 9800.0, 24.74
2014-05-14, 24.77, 24.86, 24.66, 24.86, 10800.0, 24.86
2014-05-15, 24.78, 24.82, 24.72, 24.76, 18400.0, 24.76
2014-05-16, 24.72, 24.8, 24.67, 24.79, 3900.0, 24.79
2014-05-19, 24.69, 24.82, 24.69, 24.8, 15100.0, 24.8
2014-05-20, 24.74, 24.87, 24.74, 24.8, 25800.0, 24.8
2014-05-21, 24.85, 24.86, 24.77, 24.77, 11500.0, 24.77
2014-05-22, 24.87, 24.87, 24.79, 24.85, 8100.0, 24.85
2014-05-23, 24.79, 24.84, 24.68, 24.69, 14000.0, 24.69
2014-05-27, 24.94, 24.97, 24.74, 24.89, 14100.0, 24.89
2014-05-28, 24.89, 24.96, 24.74, 24.89, 16500.0, 24.89
2014-05-29, 24.83, 24.89, 24.8, 24.84, 20900.0, 24.84
2014-05-30, 24.88, 24.9, 24.82, 24.89, 11400.0, 24.89
2014-06-02, 24.83, 24.89, 24.83, 24.84, 7400.0, 24.84
2014-06-03, 24.85, 24.85, 24.7, 24.72, 19500.0, 24.72
2014-06-04, 24.83, 24.83, 24.25, 24.46, 26300.0, 24.46
2014-06-05, 24.48, 24.61, 24.46, 24.54, 6200.0, 24.54
2014-06-06, 24.48, 24.73, 24.48, 24.57, 6500.0, 24.57
2014-06-09, 24.45, 24.71, 24.45, 24.7, 8600.0, 24.7
2014-06-10, 24.69, 24.69, 24.31, 24.31, 8800.0, 24.31
2014-06-11, 24.39, 24.52, 24.32, 24.4, 6900.0, 24.4
2014-06-12, 24.52, 24.63, 24.48, 24.6, 6900.0, 24.6
2014-06-13, 24.54, 24.87, 24.49, 24.83, 10500.0, 24.83
2014-06-16, 24.85, 24.85, 24.67, 24.7, 15500.0, 24.7
2014-06-17, 24.6, 24.76, 24.59, 24.64, 17500.0, 24.64
2014-06-18, 24.68, 24.77, 24.47, 24.5, 16100.0, 24.5
2014-06-19, 24.57, 24.74, 24.48, 24.5, 12600.0, 24.5
2014-06-20, 24.6, 24.62, 24.45, 24.45, 8800.0, 24.45
2014-06-23, 24.55, 24.55, 24.54, 24.55, 1700.0, 24.55
2014-06-24, 24.55, 24.62, 24.5, 24.5, 14200.0, 24.5
2014-06-25, 24.49, 24.58, 24.4, 24.45, 8800.0, 24.45
2014-06-26, 24.4, 24.56, 24.37, 24.56, 6700.0, 24.56
2014-06-27, 24.57, 24.65, 24.57, 24.63, 2000.0, 24.63
2014-06-30, 24.59, 24.87, 24.59, 24.71, 10300.0, 24.71
2014-07-01, 24.7, 24.82, 24.6, 24.82, 8300.0, 24.82
2014-07-02, 24.84, 24.9, 24.7, 24.85, 12400.0, 24.85
2014-07-03, 24.65, 24.9, 24.65, 24.81, 7900.0, 24.81
2014-07-07, 24.94, 25.53, 24.69, 24.78, 11000.0, 24.78
2014-07-08, 24.79, 24.92, 24.79, 24.85, 5900.0, 24.85
2014-07-09, 24.97, 25.08, 24.97, 25.06, 6800.0, 25.06
2014-07-10, 25.08, 25.16, 24.98, 24.98, 6600.0, 24.62
2014-07-11, 24.94, 25.31, 24.94, 25.31, 10200.0, 24.95
2014-07-14, 25.25, 25.42, 25.21, 25.22, 9600.0, 24.86
2014-07-15, 25.34, 25.4, 25.11, 25.13, 13500.0, 24.77
2014-07-16, 25.46, 25.46, 25.1, 25.11, 4700.0, 24.75
2014-07-17, 25.28, 26.03, 24.95, 24.95, 10500.0, 24.59
2014-07-18, 24.9, 25.05, 24.82, 24.91, 10800.0, 24.55
2014-07-21, 25.09, 25.12, 25.0, 25.12, 4700.0, 24.76
2014-07-22, 25.11, 25.15, 25.0, 25.03, 7400.0, 24.67
2014-07-23, 24.92, 25.03, 24.9, 24.97, 6800.0, 24.61
2014-07-24, 24.94, 25.04, 24.92, 25.03, 4800.0, 24.67
2014-07-25, 25.04, 25.07, 24.96, 24.96, 12800.0, 24.6
2014-07-28, 25.08, 25.15, 25.02, 25.07, 6400.0, 24.71
2014-07-29, 25.06, 25.24, 25.06, 25.1, 4300.0, 24.74
2014-07-30, 25.1, 25.25, 25.1, 25.11, 7600.0, 24.75
2014-07-31, 25.12, 25.25, 24.85, 24.95, 5500.0, 24.59
2014-08-01, 25.26, 25.26, 24.76, 24.79, 6700.0, 24.43
2014-08-04, 24.75, 25.11, 24.75, 25.11, 11800.0, 24.75
2014-08-05, 24.99, 25.0, 24.87, 24.94, 2900.0, 24.58
2014-08-06, 24.85, 24.93, 24.52, 24.88, 24700.0, 24.88
2014-08-07, 24.87, 24.94, 24.82, 24.91, 9900.0, 24.91
2014-08-08, 24.91, 24.94, 24.85, 24.85, 4800.0, 24.85
2014-08-11, 24.86, 24.97, 24.86, 24.95, 7100.0, 24.95
2014-08-12, 24.95, 24.96, 24.91, 24.94, 5200.0, 24.94
2014-08-13, 24.92, 25.0, 24.91, 25.0, 14400.0, 25.0
2014-08-14, 24.98, 25.05, 24.98, 25.05, 7100.0, 25.05
2014-08-15, 25.05, 25.12, 24.95, 25.0, 6300.0, 25.0
2014-08-18, 24.99, 25.2, 24.99, 25.17, 5400.0, 25.17
2014-08-19, 25.24, 25.24, 25.09, 25.13, 6000.0, 25.13
2014-08-20, 25.09, 25.14, 24.98, 25.04, 7100.0, 25.04
2014-08-21, 25.14, 25.14, 24.9, 24.96, 7900.0, 24.96
2014-08-22, 24.96, 24.98, 24.91, 24.94, 7200.0, 24.94
2014-08-25, 25.08, 25.08, 24.92, 24.94, 6700.0, 24.94
2014-08-26, 24.89, 25.0, 24.84, 24.84, 11100.0, 24.84
2014-08-27, 24.87, 24.96, 24.83, 24.86, 11100.0, 24.86
2014-08-28, 24.93, 24.93, 24.84, 24.84, 6400.0, 24.84
2014-08-29, 24.84, 24.94, 24.84, 24.86, 5800.0, 24.86
2014-09-02, 24.86, 24.89, 24.58, 24.72, 7000.0, 24.72
2014-09-03, 24.75, 24.82, 24.57, 24.57, 8100.0, 24.57
2014-09-04, 24.6, 24.74, 24.4, 24.42, 12500.0, 24.07
2014-09-05, 24.42, 24.51, 24.42, 24.49, 6300.0, 24.14
2014-09-08, 24.45, 24.58, 24.31, 24.32, 10800.0, 23.97
2014-09-09, 24.32, 24.49, 24.25, 24.25, 6100.0, 23.9
2014-09-10, 24.26, 24.34, 24.23, 24.34, 7200.0, 23.99
2014-09-11, 24.23, 24.51, 24.18, 24.18, 5100.0, 23.83
2014-09-12, 24.34, 24.39, 24.18, 24.18, 6400.0, 23.83
2014-09-15, 24.36, 24.37, 24.08, 24.23, 6800.0, 23.88
2014-09-16, 24.15, 24.24, 24.04, 24.23, 13800.0, 23.88
2014-09-17, 24.17, 24.4, 24.13, 24.17, 37400.0, 23.82
2014-09-18, 24.17, 24.32, 24.17, 24.22, 10100.0, 23.87
2014-09-19, 24.18, 24.27, 24.14, 24.24, 10000.0, 23.89
2014-09-22, 24.31, 24.31, 24.11, 24.24, 10700.0, 23.89
2014-09-23, 24.15, 24.18, 24.05, 24.07, 15100.0, 23.72
2014-09-24, 24.06, 24.11, 24.03, 24.08, 7600.0, 23.73
2014-09-25, 24.05, 24.1, 23.92, 23.95, 10200.0, 23.6
2014-09-26, 23.95, 24.04, 23.89, 23.97, 9800.0, 23.62
2014-09-29, 24.04, 24.1, 23.95, 24.1, 8400.0, 23.75
2014-09-30, 24.1, 24.3, 24.09, 24.3, 14900.0, 23.95
2014-10-01, 24.2, 24.3, 24.11, 24.21, 19800.0, 23.86
2014-10-02, 24.25, 24.25, 24.15, 24.23, 11400.0, 23.88
2014-10-03, 24.31, 24.55, 24.13, 24.16, 13900.0, 23.81
2014-10-06, 24.2, 24.43, 24.14, 24.24, 13600.0, 23.89
2014-10-07, 24.19, 24.28, 24.13, 24.2, 4300.0, 23.85
2014-10-08, 24.32, 24.41, 24.16, 24.41, 12900.0, 24.06
2014-10-09, 24.45, 24.51, 24.29, 24.48, 9100.0, 24.13
2014-10-10, 24.5, 24.5, 24.16, 24.33, 12900.0, 23.98
2014-10-13, 24.22, 24.34, 24.16, 24.16, 11700.0, 23.81
2014-10-14, 24.33, 24.33, 24.17, 24.33, 5000.0, 23.98
2014-10-15, 24.28, 24.36, 24.22, 24.25, 22800.0, 23.9
2014-10-16, 24.3, 24.38, 24.3, 24.36, 9800.0, 24.01
2014-10-17, 24.41, 24.55, 24.37, 24.55, 4500.0, 24.2
2014-10-20, 24.56, 24.69, 24.54, 24.66, 7100.0, 24.3
2014-10-21, 24.6, 24.69, 24.6, 24.69, 16800.0, 24.33
2014-10-22, 24.61, 24.74, 24.57, 24.74, 3500.0, 24.38
2014-10-23, 24.74, 24.8, 24.72, 24.74, 11500.0, 24.38
2014-10-24, 24.76, 24.82, 24.59, 24.82, 9400.0, 24.46
2014-10-27, 24.69, 24.85, 24.69, 24.85, 7700.0, 24.49
2014-10-28, 24.85, 24.85, 24.8, 24.84, 10600.0, 24.48
2014-10-29, 24.86, 24.86, 24.78, 24.81, 5600.0, 24.45
2014-10-30, 24.83, 24.87, 24.74, 24.79, 14000.0, 24.43
2014-10-31, 24.82, 24.85, 24.77, 24.78, 8100.0, 24.42
2014-11-03, 24.85, 24.88, 24.76, 24.81, 18200.0, 24.45
2014-11-04, 24.87, 24.88, 24.76, 24.88, 10700.0, 24.52
2014-11-05, 24.9, 24.9, 24.81, 24.88, 11900.0, 24.52
2014-11-06, 24.59, 24.59, 24.49, 24.55, 20500.0, 24.55
2014-11-07, 24.6, 24.7, 24.5, 24.58, 14800.0, 24.58
2014-11-10, 24.66, 24.66, 24.54, 24.65, 17800.0, 24.65
2014-11-11, 24.68, 24.7, 24.59, 24.7, 12000.0, 24.7
2014-11-12, 24.7, 24.86, 24.64, 24.82, 14600.0, 24.82
2014-11-13, 24.86, 24.86, 24.74, 24.85, 11500.0, 24.85
2014-11-14, 24.84, 24.91, 24.78, 24.91, 9100.0, 24.91
2014-11-17, 24.91, 24.99, 24.91, 24.99, 9800.0, 24.99
2014-11-18, 24.99, 25.0, 24.92, 24.93, 16000.0, 24.93
2014-11-19, 24.93, 25.05, 24.92, 25.05, 12000.0, 25.05
2014-11-20, 25.05, 25.08, 24.98, 25.08, 13000.0, 25.08
2014-11-21, 25.09, 25.14, 25.05, 25.05, 8200.0, 25.05
2014-11-24, 25.17, 25.24, 25.07, 25.21, 11900.0, 25.21
2014-11-25, 25.24, 25.46, 25.24, 25.46, 10900.0, 25.46
2014-11-26, 25.43, 25.58, 25.43, 25.44, 12400.0, 25.44
2014-11-28, 25.44, 25.55, 25.22, 25.22, 7300.0, 25.22
2014-12-01, 25.47, 25.47, 25.25, 25.29, 7400.0, 25.29
2014-12-02, 25.39, 25.41, 25.15, 25.32, 13300.0, 25.32
2014-12-03, 25.46, 25.46, 25.23, 25.24, 9600.0, 25.24
2014-12-04, 25.17, 25.27, 24.99, 25.04, 10700.0, 25.04
2014-12-05, 25.16, 25.16, 24.89, 24.99, 7100.0, 24.99
2014-12-08, 25.0, 25.39, 24.94, 24.94, 12700.0, 24.94
2014-12-09, 25.09, 25.09, 24.88, 25.03, 13600.0, 25.03
2014-12-10, 25.14, 25.14, 24.9, 24.91, 10800.0, 24.91
2014-12-11, 24.99, 24.99, 24.83, 24.83, 13000.0, 24.83
2014-12-12, 24.91, 24.91, 24.75, 24.76, 9200.0, 24.76
2014-12-15, 24.86, 24.94, 24.75, 24.86, 29100.0, 24.86
2014-12-16, 24.93, 25.14, 24.86, 25.04, 16400.0, 25.04
2014-12-17, 25.17, 25.35, 25.08, 25.13, 19100.0, 25.13
2014-12-18, 25.39, 25.42, 25.15, 25.24, 10700.0, 25.24
2014-12-19, 25.21, 25.42, 25.2, 25.21, 11200.0, 25.21
2014-12-22, 25.34, 25.38, 25.17, 25.33, 8900.0, 25.33
2014-12-23, 25.43, 25.43, 25.11, 25.42, 0.0, 25.42
2014-12-24, 25.42, 25.42, 25.4, 25.42, 0.0, 25.42
2014-12-26, 25.42, 25.46, 25.4, 25.46, 0.0, 25.46
2014-12-29, 25.5, 25.58, 25.5, 25.58, 0.0, 25.58
2014-12-30, 25.5, 25.58, 25.48, 25.51, 4800.0, 25.51
2014-12-31, 25.51, 25.58, 25.44, 25.55, 6400.0, 25.55
2015-01-02, 25.44, 25.63, 25.44, 25.54, 4800.0, 25.54
2015-01-05, 25.58, 25.64, 25.51, 25.64, 4300.0, 25.64
2015-01-06, 25.67, 25.73, 25.58, 25.73, 7800.0, 25.73
2015-01-07, 25.75, 25.84, 25.74, 25.78, 7000.0, 25.78
2015-01-08, 25.88, 25.89, 25.74, 25.79, 10300.0, 25.79
2015-01-09, 25.76, 25.92, 25.75, 25.79, 11300.0, 25.79
2015-01-12, 25.75, 25.85, 25.74, 25.84, 8200.0, 25.84
2015-01-13, 25.84, 25.98, 25.81, 25.97, 6000.0, 25.97
2015-01-14, 25.97, 25.97, 25.94, 25.94, 800.0, 25.94
2015-01-15, 25.87, 25.98, 25.8, 25.94, 8500.0, 25.94
2015-01-16, 25.85, 26.15, 25.85, 26.07, 6800.0, 26.07
2015-01-20, 26.07, 26.07, 25.9, 25.92, 9000.0, 25.92
2015-01-21, 25.91, 26.03, 25.91, 25.92, 7300.0, 25.92
2015-01-22, 25.93, 26.04, 25.92, 26.04, 8700.0, 26.04
2015-01-23, 25.97, 25.99, 25.93, 25.94, 8600.0, 25.94
2015-01-26, 26.0, 26.05, 25.93, 26.04, 12400.0, 26.04
2015-01-27, 25.93, 26.1, 25.93, 25.96, 11300.0, 25.96
2015-01-28, 25.99, 26.14, 25.99, 26.02, 10100.0, 26.02
2015-01-29, 26.02, 26.13, 26.0, 26.01, 3700.0, 26.01
2015-01-30, 26.01, 26.06, 26.0, 26.0, 2700.0, 26.0
2015-02-02, 26.0, 26.11, 26.0, 26.05, 4500.0, 26.05
2015-02-03, 26.04, 26.14, 26.04, 26.07, 5700.0, 26.07
2015-02-04, 26.07, 26.28, 26.06, 26.27, 8800.0, 26.27
2015-02-05, 26.2, 26.22, 26.06, 26.11, 10400.0, 26.11
2015-02-06, 25.94, 25.94, 25.72, 25.88, 15500.0, 25.88
2015-02-09, 25.79, 26.0, 25.78, 25.9, 13400.0, 25.9
2015-02-10, 25.83, 25.9, 25.75, 25.82, 4600.0, 25.82
2015-02-11, 25.91, 25.91, 25.83, 25.86, 3300.0, 25.86
2015-02-12, 25.91, 25.94, 25.77, 25.88, 31600.0, 25.88
2015-02-13, 25.83, 25.94, 25.83, 25.94, 2500.0, 25.94
2015-02-17, 25.83, 25.88, 25.61, 25.61, 16000.0, 25.61
2015-02-18, 25.55, 25.57, 25.28, 25.29, 11600.0, 25.29
2015-02-19, 25.28, 25.41, 25.27, 25.34, 12000.0, 25.34
2015-02-20, 25.39, 25.57, 25.39, 25.57, 9700.0, 25.57
2015-02-23, 25.54, 25.7, 25.44, 25.7, 5800.0, 25.7
2015-02-24, 25.63, 25.81, 25.63, 25.79, 9200.0, 25.79
2015-02-25, 25.84, 25.94, 25.78, 25.84, 7300.0, 25.84
2015-02-26, 25.76, 25.82, 25.76, 25.79, 6800.0, 25.79
2015-02-27, 25.83, 25.83, 25.76, 25.76, 6500.0, 25.76
2015-03-02, 25.86, 25.86, 25.81, 25.85, 2700.0, 25.85
2015-03-03, 25.78, 25.8, 25.76, 25.76, 3900.0, 25.76
2015-03-04, 25.84, 25.88, 25.73, 25.79, 7000.0, 25.79
2015-03-05, 25.71, 25.77, 25.71, 25.76, 3800.0, 25.76
2015-03-06, 25.66, 25.66, 25.4, 25.42, 7600.0, 25.42
2015-03-09, 25.6, 25.6, 25.3, 25.3, 5300.0, 25.3
2015-03-10, 25.44, 25.55, 25.32, 25.32, 3100.0, 25.32
2015-03-11, 25.6, 25.66, 25.43, 25.61, 5600.0, 25.61
2015-03-12, 25.59, 25.69, 25.43, 25.64, 3600.0, 25.64
2015-03-13, 25.67, 25.67, 25.56, 25.65, 9000.0, 25.65
2015-03-16, 25.63, 25.65, 25.58, 25.61, 2500.0, 25.61
2015-03-17, 25.61, 25.61, 25.53, 25.53, 10500.0, 25.53
2015-03-18, 25.9, 25.9, 25.53, 25.73, 5700.0, 25.73
2015-03-19, 25.73, 26.1, 25.73, 26.1, 4200.0, 26.1
2015-03-20, 26.1, 26.27, 26.07, 26.13, 3800.0, 26.13
2015-03-23, 26.32, 26.32, 25.63, 25.91, 9900.0, 25.91
2015-03-24, 25.9, 25.98, 25.81, 25.97, 4100.0, 25.97
2015-03-25, 25.96, 26.05, 25.95, 26.05, 4600.0, 26.05
2015-03-26, 25.93, 25.99, 25.9, 25.99, 2500.0, 25.99
2015-03-27, 25.85, 25.95, 25.85, 25.88, 2100.0, 25.88
2015-03-30, 26.0, 26.0, 25.71, 25.83, 7500.0, 25.83
2015-03-31, 25.780001, 25.9, 25.75, 25.85, 3600.0, 25.85
2015-04-01, 25.780001, 25.85, 25.75, 25.75, 4200.0, 25.75
2015-04-02, 25.9, 25.969999, 25.799999, 25.969999, 2100.0, 25.969999
2015-04-06, 25.99, 25.99, 25.809999, 25.809999, 2000.0, 25.809999
2015-04-07, 25.969999, 25.969999, 25.639999, 25.75, 9800.0, 25.75
2015-04-08, 25.58, 26.5, 25.58, 25.91, 122200.0, 25.91
2015-04-09, 25.959999, 26.190001, 25.91, 26.07, 3000.0, 26.07
2015-04-10, 25.84, 26.469999, 25.77, 26.25, 34200.0, 26.25
2015-04-13, 26.309999, 26.309999, 25.809999, 25.99, 8600.0, 25.99
2015-04-14, 26.0, 26.24, 25.99, 26.040001, 16500.0, 26.040001
2015-04-15, 26.02, 26.1, 25.99, 26.0, 6200.0, 26.0
2015-04-16, 25.9, 25.93, 25.74, 25.9, 9400.0, 25.9
2015-04-17, 25.76, 25.860001, 25.67, 25.68, 480700.0, 25.68
2015-04-20, 25.73, 25.93, 25.719999, 25.780001, 209700.0, 25.780001
2015-04-21, 25.85, 25.860001, 25.77, 25.860001, 11400.0, 25.860001
2015-04-22, 25.870001, 25.870001, 25.82, 25.84, 2000.0, 25.84
2015-04-23, 25.98, 25.98, 25.82, 25.84, 6900.0, 25.84
2015-04-24, 25.879999, 25.940001, 25.85, 25.889999, 1700.0, 25.889999
2015-04-27, 25.84, 25.969999, 25.84, 25.870001, 9300.0, 25.870001
2015-04-28, 25.84, 25.91, 25.84, 25.860001, 4900.0, 25.860001
2015-04-29, 25.75, 25.790001, 25.65, 25.790001, 4000.0, 25.790001
2015-04-30, 25.85, 25.85, 25.719999, 25.77, 2000.0, 25.77
2015-05-01, 25.709999, 25.719999, 25.709999, 25.709999, 4800.0, 25.709999
2015-05-04, 25.76, 25.76, 25.65, 25.65, 8800.0, 25.65
2015-05-05, 25.74, 25.889999, 25.58, 25.58, 15200.0, 25.58
2015-05-06, 25.639999, 25.780001, 24.959999, 25.25, 14800.0, 25.25
2015-05-07, 25.200001, 25.200001, 24.809999, 24.809999, 8900.0, 24.809999
2015-05-08, 25.15, 25.17, 24.82, 25.040001, 3800.0, 25.040001
2015-05-11, 25.27, 25.280001, 24.950001, 25.15, 8100.0, 25.15
2015-05-12, 24.950001, 25.23, 24.889999, 25.0, 6400.0, 25.0
2015-05-13, 25.17, 25.26, 25.02, 25.16, 11200.0, 25.16
2015-05-14, 25.02, 25.26, 24.969999, 25.25, 7200.0, 25.25
2015-05-15, 25.23, 25.33, 25.200001, 25.33, 12900.0, 25.33
2015-05-18, 25.23, 25.5, 25.23, 25.5, 11100.0, 25.5
2015-05-19, 25.5, 25.66, 25.43, 25.57, 11600.0, 25.57
2015-05-20, 25.67, 25.68, 25.33, 25.48, 6600.0, 25.48
2015-05-21, 25.370001, 25.549999, 25.360001, 25.540001, 5400.0, 25.540001
2015-05-22, 25.620001, 25.620001, 25.530001, 25.540001, 4500.0, 25.540001
2015-05-26, 25.639999, 25.639999, 25.52, 25.52, 3000.0, 25.52
2015-05-27, 25.530001, 25.639999, 25.530001, 25.58, 5300.0, 25.58
2015-05-28, 25.540001, 25.559999, 25.52, 25.52, 5700.0, 25.52
2015-05-29, 25.51, 25.59, 25.299999, 25.299999, 8100.0, 25.299999
2015-06-01, 25.309999, 25.43, 25.299999, 25.299999, 6700.0, 25.299999
2015-06-02, 25.299999, 25.370001, 25.219999, 25.309999, 10000.0, 25.309999
2015-06-03, 25.34, 25.469999, 25.299999, 25.33, 8300.0, 25.33
2015-06-04, 25.299999, 25.49, 25.299999, 25.309999, 2000.0, 25.309999
2015-06-05, 25.309999, 25.35, 25.309999, 25.34, 6800.0, 25.34
2015-06-08, 25.389999, 25.389999, 25.309999, 25.379999, 4300.0, 25.379999
2015-06-09, 25.309999, 25.379999, 25.299999, 25.309999, 6800.0, 25.309999
2015-06-10, 25.299999, 25.33, 25.299999, 25.299999, 5200.0, 25.299999
2015-06-11, 25.309999, 25.34, 25.16, 25.190001, 16800.0, 25.190001
2015-06-12, 25.190001, 25.290001, 24.940001, 24.940001, 7400.0, 24.940001
2015-06-15, 25.059999, 25.1, 25.049999, 25.1, 2100.0, 25.1
2015-06-16, 25.110001, 25.57, 25.110001, 25.360001, 5800.0, 25.360001
2015-06-17, 25.35, 25.35, 24.950001, 25.049999, 4700.0, 25.049999
2015-06-18, 25.059999, 25.07, 24.950001, 24.950001, 9300.0, 24.950001
2015-06-19, 24.950001, 25.07, 24.950001, 25.0, 6800.0, 25.0
2015-06-22, 25.040001, 25.059999, 24.82, 24.9, 12600.0, 24.9
2015-06-23, 24.91, 25.040001, 24.76, 25.0, 12100.0, 25.0
2015-06-24, 24.77, 25.01, 24.77, 24.98, 9800.0, 24.98
2015-06-25, 24.870001, 25.0, 24.860001, 24.860001, 2400.0, 24.860001
2015-06-26, 24.84, 24.969999, 24.790001, 24.85, 6700.0, 24.85
2015-06-29, 24.969999, 25.01, 24.780001, 24.780001, 18300.0, 24.780001
2015-06-30, 25.08, 25.08, 24.809999, 25.030001, 3800.0, 25.030001
2015-07-01, 24.950001, 25.190001, 24.950001, 25.09, 4400.0, 25.09
2015-07-02, 25.129999, 25.200001, 25.09, 25.1, 2000.0, 25.1
2015-07-06, 25.32, 25.34, 25.23, 25.25, 5900.0, 25.25
2015-07-07, 25.200001, 25.26, 25.049999, 25.190001, 4800.0, 25.190001
2015-07-08, 25.34, 25.34, 25.200001, 25.200001, 5500.0, 25.200001
2015-07-09, 25.27, 25.27, 25.200001, 25.200001, 1400.0, 25.200001
2015-07-10, 25.27, 25.27, 25.200001, 25.26, 4200.0, 25.26
2015-07-13, 25.27, 25.33, 25.200001, 25.32, 1400.0, 25.32
2015-07-14, 25.219999, 25.34, 25.219999, 25.33, 1300.0, 25.33
2015-07-15, 25.33, 25.34, 25.25, 25.309999, 1900.0, 25.309999
2015-07-16, 25.33, 25.440001, 25.26, 25.440001, 6400.0, 25.440001
2015-07-17, 25.4, 25.530001, 25.299999, 25.530001, 13800.0, 25.530001
2015-07-20, 25.6, 25.629999, 25.530001, 25.629999, 2200.0, 25.629999
2015-07-21, 25.48, 25.559999, 25.379999, 25.450001, 3500.0, 25.450001
2015-07-22, 25.48, 25.58, 25.48, 25.530001, 2600.0, 25.530001
2015-07-23, 25.52, 25.57, 25.52, 25.52, 2300.0, 25.52
2015-07-24, 25.52, 25.540001, 25.52, 25.52, 10700.0, 25.52
2015-07-27, 25.549999, 25.549999, 25.379999, 25.379999, 8400.0, 25.379999
2015-07-28, 25.440001, 25.530001, 25.389999, 25.43, 2600.0, 25.43
2015-07-29, 25.450001, 25.450001, 25.370001, 25.42, 2200.0, 25.42
2015-07-30, 25.32, 25.469999, 25.32, 25.450001, 3400.0, 25.450001
2015-07-31, 25.5, 25.6, 25.49, 25.49, 5600.0, 25.49
2015-08-03, 25.48, 25.6, 25.370001, 25.559999, 4700.0, 25.559999
2015-08-04, 25.6, 25.6, 25.49, 25.57, 1300.0, 25.57
2015-08-05, 25.559999, 25.58, 25.530001, 25.58, 1300.0, 25.58
2015-08-06, 25.24, 25.25, 25.23, 25.25, 1600.0, 25.25
2015-08-07, 25.25, 25.360001, 25.24, 25.360001, 4000.0, 25.360001
2015-08-10, 25.34, 25.540001, 25.26, 25.33, 6400.0, 25.33
2015-08-11, 25.25, 25.42, 25.25, 25.42, 2100.0, 25.42
2015-08-12, 25.299999, 25.459999, 25.280001, 25.290001, 4900.0, 25.290001
2015-08-13, 25.32, 25.32, 25.15, 25.200001, 17300.0, 25.200001
2015-08-14, 25.18, 25.27, 25.16, 25.16, 4200.0, 25.16
2015-08-17, 25.17, 25.27, 25.17, 25.200001, 5400.0, 25.200001
2015-08-18, 25.200001, 25.24, 25.139999, 25.200001, 7800.0, 25.200001
2015-08-19, 25.190001, 25.25, 25.190001, 25.200001, 3000.0, 25.200001
2015-08-20, 25.200001, 25.219999, 25.17, 25.18, 8200.0, 25.18
2015-08-21, 25.16, 25.209999, 25.110001, 25.110001, 3100.0, 25.110001
2015-08-24, 24.690001, 24.82, 24.690001, 24.82, 14300.0, 24.82
2015-08-25, 25.129999, 25.209999, 25.01, 25.049999, 14300.0, 25.049999
2015-08-26, 25.190001, 25.190001, 24.91, 24.950001, 19600.0, 24.950001
2015-08-27, 25.02, 25.25, 25.02, 25.23, 3900.0, 25.23
2015-08-28, 25.25, 25.290001, 25.129999, 25.290001, 7900.0, 25.290001
2015-08-31, 25.290001, 25.290001, 25.15, 25.209999, 4300.0, 25.209999
2015-09-01, 24.950001, 25.200001, 24.950001, 25.08, 9600.0, 25.08
2015-09-02, 25.129999, 25.209999, 25.110001, 25.15, 2200.0, 25.15
2015-09-03, 25.16, 25.16, 25.15, 25.15, 4900.0, 25.15
2015-09-04, 25.17, 25.26, 25.16, 25.18, 3200.0, 25.18
2015-09-08, 25.190001, 25.25, 25.190001, 25.25, 5500.0, 25.25
2015-09-09, 25.24, 25.24, 25.18, 25.24, 5200.0, 25.24
2015-09-10, 25.18, 25.18, 25.040001, 25.040001, 6900.0, 25.040001
2015-09-11, 25.139999, 25.139999, 25.01, 25.01, 5300.0, 25.01
2015-09-14, 25.15, 25.15, 25.049999, 25.07, 2500.0, 24.39059
2015-09-15, 25.200001, 25.200001, 25.040001, 25.07, 4100.0, 24.39059
2015-09-16, 25.120001, 25.129999, 25.110001, 25.110001, 2200.0, 24.429507
2015-09-17, 25.200001, 25.26, 25.129999, 25.129999, 8900.0, 24.448964
2015-09-18, 25.16, 25.16, 25.120001, 25.15, 6300.0, 24.468422
2015-09-21, 25.15, 25.27, 25.15, 25.200001, 3100.0, 24.517068
2015-09-22, 25.219999, 25.280001, 25.219999, 25.280001, 2700.0, 24.5949
2015-09-23, 25.290001, 25.33, 25.290001, 25.33, 4300.0, 24.643544
2015-09-24, 25.18, 25.27, 25.18, 25.27, 1000.0, 24.585171
2015-09-25, 25.33, 25.33, 25.200001, 25.290001, 5500.0, 24.604629
2015-09-28, 25.280001, 25.280001, 25.15, 25.200001, 3400.0, 24.517068
2015-09-29, 25.15, 25.200001, 25.15, 25.200001, 900.0, 24.517068
2015-09-30, 25.25, 25.34, 25.200001, 25.34, 4100.0, 24.653273
2015-10-01, 25.33, 25.4, 25.33, 25.34, 4500.0, 24.653273
2015-10-02, 25.440001, 25.549999, 25.33, 25.41, 8200.0, 24.721376
2015-10-05, 25.469999, 25.530001, 25.43, 25.43, 2300.0, 24.740834
2015-10-06, 25.48, 25.59, 25.389999, 25.549999, 5000.0, 24.857581
2015-10-07, 25.59, 25.59, 25.530001, 25.530001, 2200.0, 24.838125
2015-10-08, 25.5, 25.59, 25.5, 25.559999, 1000.0, 24.867311
2015-10-09, 25.6, 25.6, 25.5, 25.530001, 5400.0, 24.838125
2015-10-12, 25.690001, 25.709999, 25.540001, 25.709999, 6000.0, 25.013245
2015-10-13, 25.559999, 25.709999, 25.559999, 25.610001, 3400.0, 24.915957
2015-10-14, 25.549999, 25.77, 25.549999, 25.77, 7000.0, 25.07162
2015-10-15, 25.639999, 25.77, 25.540001, 25.540001, 4800.0, 24.847854
2015-10-16, 25.57, 25.790001, 25.57, 25.75, 2500.0, 25.052162
2015-10-19, 25.75, 25.790001, 25.559999, 25.6, 9900.0, 24.906227
2015-10-20, 25.43, 25.76, 25.43, 25.610001, 2900.0, 24.915957
2015-10-21, 25.719999, 25.780001, 25.620001, 25.75, 6300.0, 25.052162
2015-10-22, 25.57, 25.84, 25.57, 25.84, 10400.0, 25.139723
2015-10-23, 25.889999, 25.889999, 25.879999, 25.879999, 1800.0, 25.178638
2015-10-26, 25.74, 25.92, 25.74, 25.77, 2400.0, 25.07162
2015-10-27, 25.91, 25.91, 25.73, 25.77, 1600.0, 25.07162
2015-10-28, 25.73, 26.040001, 25.719999, 26.040001, 13300.0, 25.334304
2015-10-29, 25.950001, 26.040001, 25.9, 25.950001, 3500.0, 25.246743
2015-10-30, 25.9, 25.93, 25.85, 25.889999, 1800.0, 25.188367
2015-11-02, 25.860001, 26.02, 25.790001, 25.969999, 5900.0, 25.266199
2015-11-03, 25.85, 26.030001, 25.85, 26.02, 4800.0, 25.314845
2015-11-04, 26.02, 26.08, 26.02, 26.08, 1000.0, 25.373219
2015-11-05, 26.02, 26.200001, 26.02, 26.200001, 10300.0, 25.489968
2015-11-06, 25.889999, 25.889999, 25.6, 25.83, 7900.0, 25.129994
2015-11-09, 25.799999, 25.799999, 25.43, 25.540001, 20400.0, 24.847854
2015-11-10, 25.41, 25.66, 25.41, 25.530001, 3600.0, 24.838125
2015-11-11, 25.540001, 25.77, 25.5, 25.629999, 8200.0, 24.935413
2015-11-12, 25.629999, 25.66, 25.52, 25.52, 2800.0, 24.828396
2015-11-13, 25.59, 25.59, 25.58, 25.58, 1400.0, 24.886769
2015-11-16, 25.610001, 25.83, 25.610001, 25.809999, 4700.0, 25.110535
2015-11-17, 25.68, 25.709999, 25.58, 25.700001, 4700.0, 25.003518
2015-11-18, 25.610001, 25.709999, 25.610001, 25.690001, 4600.0, 24.993789
2015-11-19, 25.6, 25.719999, 25.6, 25.690001, 6300.0, 24.993789
2015-11-20, 25.690001, 25.719999, 25.67, 25.719999, 3100.0, 25.022974
2015-11-23, 25.66, 25.83, 25.66, 25.68, 10300.0, 24.984059
2015-11-24, 25.639999, 25.77, 25.639999, 25.719999, 9400.0, 25.022974
2015-11-25, 25.75, 25.76, 25.620001, 25.65, 8400.0, 24.954872
2015-11-27, 25.66, 25.709999, 25.620001, 25.66, 5100.0, 24.964601
2015-11-30, 25.700001, 25.76, 25.610001, 25.65, 8300.0, 24.954872
2015-12-01, 25.629999, 25.74, 25.620001, 25.65, 6300.0, 24.954872
2015-12-02, 25.700001, 25.700001, 25.639999, 25.639999, 3500.0, 24.945142
2015-12-03, 25.58, 25.75, 25.58, 25.75, 6000.0, 25.052162
2015-12-04, 25.629999, 25.690001, 25.58, 25.66, 10200.0, 24.964601
2015-12-07, 25.709999, 25.709999, 25.629999, 25.629999, 4500.0, 24.935413
2015-12-08, 25.620001, 25.68, 25.620001, 25.68, 5000.0, 24.984059
2015-12-09, 25.68, 25.690001, 25.620001, 25.620001, 5500.0, 24.925686
2015-12-10, 25.67, 25.68, 25.66, 25.67, 3800.0, 24.97433
2015-12-11, 25.620001, 25.629999, 25.559999, 25.59, 9900.0, 24.896498
2015-12-14, 25.5, 25.530001, 25.290001, 25.34, 48700.0, 24.653273
2015-12-15, 25.219999, 25.58, 25.219999, 25.559999, 3200.0, 24.867311
2015-12-16, 25.25, 25.450001, 25.25, 25.450001, 2300.0, 24.760293
2015-12-17, 25.450001, 25.620001, 25.43, 25.549999, 3900.0, 24.857581
2015-12-18, 25.610001, 25.67, 25.610001, 25.620001, 1200.0, 24.925686
2015-12-21, 25.68, 25.76, 25.639999, 25.719999, 2000.0, 25.022974
2015-12-22, 25.790001, 25.799999, 25.709999, 25.790001, 2200.0, 25.091079
2015-12-23, 25.639999, 25.74, 25.639999, 25.74, 7900.0, 25.042433
2015-12-24, 25.74, 25.74, 25.74, 25.74, 500.0, 25.042433
2015-12-28, 25.65, 25.799999, 25.65, 25.799999, 2400.0, 25.100806
2015-12-29, 25.799999, 25.98, 25.790001, 25.82, 6900.0, 25.120265
2015-12-30, 25.68, 25.98, 25.68, 25.98, 1400.0, 25.275928
2015-12-31, 25.870001, 25.870001, 25.83, 25.860001, 4200.0, 25.159182
2016-01-04, 25.77, 26.0, 25.719999, 26.0, 6200.0, 25.295387
2016-01-05, 25.93, 26.09, 25.92, 26.08, 9300.0, 25.373219
2016-01-06, 25.76, 26.07, 25.76, 25.969999, 6700.0, 25.266199
2016-01-07, 25.950001, 26.08, 25.860001, 26.08, 9800.0, 25.373219
2016-01-08, 25.959999, 26.0, 25.9, 26.0, 5900.0, 25.295387
2016-01-11, 25.969999, 26.110001, 25.969999, 26.110001, 4300.0, 25.402406
2016-01-12, 26.110001, 26.290001, 26.08, 26.08, 3600.0, 25.373219
2016-01-13, 26.34, 26.34, 26.08, 26.1, 11100.0, 25.392677
2016-01-14, 26.09, 26.1, 25.83, 26.1, 13200.0, 25.392677
2016-01-15, 26.09, 26.09, 25.940001, 26.08, 20300.0, 25.373219
2016-01-19, 26.209999, 26.309999, 26.07, 26.25, 6300.0, 25.538612
2016-01-20, 26.1, 26.1, 25.85, 26.08, 10400.0, 25.373219
2016-01-21, 26.1, 26.26, 25.860001, 26.209999, 6300.0, 25.499695
2016-01-22, 25.9, 26.25, 25.9, 26.17, 12400.0, 25.46078
2016-01-25, 26.040001, 26.129999, 25.870001, 25.870001, 7400.0, 25.168911
2016-01-26, 25.93, 26.1, 25.93, 26.0, 3600.0, 25.295387
2016-01-27, 25.93, 25.98, 25.93, 25.969999, 2000.0, 25.266199
2016-01-28, 25.98, 26.110001, 25.98, 26.0, 4100.0, 25.295387
2016-01-29, 25.940001, 26.1, 25.76, 25.98, 14900.0, 25.275928
2016-02-01, 25.99, 26.0, 25.83, 25.950001, 5100.0, 25.246743
2016-02-02, 25.969999, 25.99, 25.790001, 25.959999, 4000.0, 25.25647
2016-02-03, 25.969999, 26.0, 25.93, 25.93, 4100.0, 25.227284
2016-02-04, 25.93, 26.08, 25.93, 26.0, 3800.0, 25.295387
2016-02-05, 26.02, 26.16, 26.02, 26.1, 1200.0, 25.392677
2016-02-08, 25.780001, 25.780001, 25.459999, 25.77, 5600.0, 25.421284
2016-02-09, 25.309999, 25.65, 25.24, 25.65, 6100.0, 25.302907
2016-02-10, 25.49, 25.49, 25.280001, 25.280001, 1900.0, 24.937915
2016-02-11, 25.200001, 25.620001, 25.200001, 25.32, 3500.0, 24.977373
2016-02-12, 25.33, 25.6, 25.09, 25.200001, 7200.0, 24.858998
2016-02-16, 25.6, 25.6, 25.290001, 25.41, 11100.0, 25.066155
2016-02-17, 25.48, 25.77, 25.24, 25.639999, 15700.0, 25.293042
2016-02-18, 25.4, 25.559999, 25.32, 25.559999, 3800.0, 25.214125
2016-02-19, 25.52, 25.540001, 25.280001, 25.42, 8100.0, 25.07602
2016-02-22, 25.59, 25.629999, 25.530001, 25.530001, 6100.0, 25.184532
2016-02-23, 25.42, 25.709999, 25.34, 25.709999, 9600.0, 25.362095
2016-02-24, 25.690001, 25.709999, 25.5, 25.709999, 4500.0, 25.362095
2016-02-25, 25.75, 25.799999, 25.57, 25.700001, 13200.0, 25.352232
2016-02-26, 25.879999, 25.879999, 25.66, 25.709999, 4700.0, 25.362095
2016-02-29, 25.969999, 25.98, 25.700001, 25.709999, 8900.0, 25.362095
2016-03-01, 25.85, 25.85, 25.82, 25.82, 1500.0, 25.470607
2016-03-02, 25.950001, 26.02, 25.77, 25.77, 1100.0, 25.421284
2016-03-03, 25.719999, 25.790001, 25.67, 25.73, 2200.0, 25.381825
2016-03-04, 25.620001, 25.85, 25.620001, 25.799999, 4200.0, 25.450877
2016-03-07, 26.129999, 26.129999, 25.559999, 25.6, 1100.0, 25.253585
2016-03-08, 26.1, 26.1, 25.610001, 25.67, 2700.0, 25.322637
2016-03-09, 25.67, 26.049999, 25.65, 25.74, 3600.0, 25.39169
2016-03-10, 25.74, 25.889999, 25.559999, 25.57, 18800.0, 25.22399
2016-03-11, 25.77, 25.77, 25.58, 25.610001, 4300.0, 25.26345
2016-03-14, 25.6, 25.68, 25.57, 25.57, 4400.0, 25.22399
2016-03-15, 25.559999, 25.559999, 25.52, 25.52, 2600.0, 25.174667
2016-03-16, 25.5, 25.540001, 25.43, 25.530001, 5000.0, 25.184532
2016-03-17, 25.549999, 25.629999, 25.51, 25.540001, 7100.0, 25.194397
2016-03-18, 25.51, 25.58, 25.51, 25.549999, 4300.0, 25.20426
2016-03-21, 25.6, 25.6, 25.5, 25.57, 5500.0, 25.22399
2016-03-22, 25.459999, 25.690001, 25.459999, 25.65, 4800.0, 25.302907
2016-03-23, 25.66, 25.75, 25.66, 25.719999, 2000.0, 25.37196
2016-03-24, 25.68, 25.74, 25.58, 25.700001, 3600.0, 25.352232
2016-03-28, 25.77, 25.82, 25.76, 25.77, 6500.0, 25.421284
2016-03-29, 25.719999, 25.74, 25.66, 25.66, 7000.0, 25.312772
2016-03-30, 25.799999, 25.799999, 25.700001, 25.76, 1900.0, 25.411419
2016-03-31, 25.690001, 25.73, 25.620001, 25.73, 3100.0, 25.381825
2016-04-01, 25.780001, 25.790001, 25.65, 25.65, 5200.0, 25.302907
2016-04-04, 25.66, 25.73, 25.559999, 25.66, 7400.0, 25.312772
2016-04-05, 25.48, 25.709999, 25.48, 25.629999, 3100.0, 25.283178
2016-04-06, 25.74, 25.74, 25.559999, 25.66, 4200.0, 25.312772
2016-04-07, 25.76, 25.76, 25.67, 25.67, 2600.0, 25.322637
2016-04-08, 25.76, 25.76, 25.639999, 25.639999, 1800.0, 25.293042
2016-04-11, 25.620001, 25.73, 25.59, 25.6, 8300.0, 25.253585
2016-04-12, 25.639999, 25.719999, 25.639999, 25.690001, 6100.0, 25.342367
2016-04-13, 25.74, 25.790001, 25.67, 25.780001, 13100.0, 25.431149
2016-04-14, 25.780001, 25.940001, 25.74, 25.870001, 11400.0, 25.519932
2016-04-15, 25.93, 25.93, 25.799999, 25.889999, 6000.0, 25.539659
2016-04-18, 25.83, 25.959999, 25.780001, 25.809999, 4500.0, 25.460742
2016-04-19, 25.700001, 25.950001, 25.68, 25.860001, 6800.0, 25.510067
2016-04-20, 25.91, 25.959999, 25.85, 25.9, 2600.0, 25.549524
2016-04-21, 26.030001, 26.030001, 25.84, 26.01, 14300.0, 25.658036
2016-04-22, 25.959999, 25.969999, 25.889999, 25.889999, 2500.0, 25.539659
2016-04-25, 25.98, 25.99, 25.76, 25.77, 11700.0, 25.421284
2016-04-26, 25.860001, 25.92, 25.860001, 25.91, 2600.0, 25.559389
2016-04-27, 25.940001, 25.940001, 25.9, 25.940001, 2900.0, 25.588984
2016-04-28, 25.950001, 26.09, 25.950001, 26.07, 4100.0, 25.717224
2016-04-29, 25.959999, 26.620001, 25.959999, 26.35, 15900.0, 25.993436
2016-05-02, 26.25, 26.35, 26.23, 26.309999, 6300.0, 25.953976
2016-05-03, 26.290001, 26.360001, 26.24, 26.32, 3500.0, 25.963841
2016-05-04, 26.309999, 26.4, 26.26, 26.389999, 5900.0, 26.032894
2016-05-05, 26.43, 26.889999, 26.309999, 26.530001, 23200.0, 26.171
2016-05-06, 26.030001, 26.709999, 26.030001, 26.51, 6500.0, 26.51
2016-05-09, 26.309999, 26.450001, 26.309999, 26.450001, 3500.0, 26.450001
2016-05-10, 26.190001, 26.48, 26.129999, 26.26, 13600.0, 26.26
2016-05-11, 26.18, 26.299999, 26.18, 26.18, 2000.0, 26.18
2016-05-12, 26.280001, 26.280001, 26.01, 26.120001, 12700.0, 26.120001
2016-05-13, 25.99, 26.120001, 25.99, 26.120001, 1900.0, 26.120001
2016-05-16, 26.030001, 26.030001, 25.959999, 25.959999, 8100.0, 25.959999
2016-05-17, 25.940001, 25.99, 25.870001, 25.9, 5800.0, 25.9
2016-05-18, 25.959999, 25.959999, 25.780001, 25.91, 5800.0, 25.91
2016-05-19, 25.700001, 25.709999, 25.620001, 25.620001, 5700.0, 25.620001
2016-05-20, 25.620001, 25.690001, 25.33, 25.459999, 25900.0, 25.459999
2016-05-23, 25.59, 25.700001, 25.530001, 25.66, 10900.0, 25.66
2016-05-24, 25.68, 25.809999, 25.67, 25.75, 9500.0, 25.75
2016-05-25, 25.83, 25.879999, 25.76, 25.879999, 6600.0, 25.879999
2016-05-26, 25.83, 25.85, 25.77, 25.85, 6700.0, 25.85
2016-05-27, 25.860001, 25.860001, 25.74, 25.74, 4700.0, 25.74
2016-05-31, 25.780001, 25.83, 25.77, 25.780001, 2900.0, 25.780001
2016-06-01, 25.809999, 25.83, 25.77, 25.82, 5300.0, 25.82
2016-06-02, 25.83, 25.83, 25.780001, 25.82, 1400.0, 25.82
2016-06-03, 25.73, 25.950001, 25.73, 25.950001, 5300.0, 25.950001
2016-06-06, 25.870001, 25.950001, 25.870001, 25.950001, 3200.0, 25.950001
2016-06-07, 25.940001, 26.01, 25.91, 25.950001, 3100.0, 25.950001
2016-06-08, 26.0, 26.049999, 25.969999, 26.040001, 4300.0, 26.040001
2016-06-09, 25.99, 26.0, 25.91, 25.91, 11800.0, 25.91
2016-06-10, 26.030001, 26.030001, 25.870001, 25.889999, 2900.0, 25.889999
2016-06-13, 25.969999, 25.969999, 25.9, 25.92, 1200.0, 25.92
2016-06-14, 25.98, 25.98, 25.860001, 25.92, 4400.0, 25.92
2016-06-15, 26.0, 26.0, 25.879999, 25.959999, 3600.0, 25.959999
2016-06-16, 25.99, 25.99, 25.860001, 25.93, 4800.0, 25.93
2016-06-17, 25.85, 25.940001, 25.85, 25.9, 8600.0, 25.9
2016-06-20, 26.0, 26.0, 25.889999, 26.0, 5700.0, 26.0
2016-06-21, 26.059999, 26.059999, 25.969999, 25.969999, 10800.0, 25.969999
2016-06-22, 26.07, 26.07, 26.01, 26.049999, 3100.0, 26.049999
2016-06-23, 26.1, 26.1, 26.02, 26.049999, 2400.0, 26.049999
2016-06-24, 25.549999, 26.1, 25.549999, 25.780001, 6000.0, 25.780001
2016-06-27, 25.889999, 26.09, 25.889999, 26.0, 17600.0, 26.0
2016-06-28, 25.889999, 26.0, 25.889999, 25.950001, 7400.0, 25.950001
2016-06-29, 25.93, 26.08, 25.93, 26.01, 64500.0, 26.01
2016-06-30, 26.040001, 26.1, 26.01, 26.08, 4000.0, 26.08
2016-07-01, 26.02, 26.08, 26.02, 26.030001, 6000.0, 26.030001
2016-07-05, 26.02, 26.09, 25.92, 25.98, 4400.0, 25.98
2016-07-06, 25.99, 26.030001, 25.92, 26.0, 4000.0, 26.0
