2009-09-08, 6.75, 7.5, 6.0, 7.5, 4100.0, 375.0
2009-09-09, 6.15, 7.49, 6.15, 6.15, 1300.0, 307.5
2009-09-10, 5.75, 7.5, 5.75, 7.5, 3600.0, 375.0
2009-09-11, 7.5, 7.5, 5.75, 6.25, 5100.0, 312.5
2009-09-14, 6.0, 6.0, 5.05, 5.05, 600.0, 252.5
2009-09-15, 5.05, 5.05, 5.0, 5.0, 500.0, 250.0
2009-09-16, 5.0, 6.0, 4.15, 6.0, 300.0, 300.0
2009-09-21, 4.15, 4.15, 3.5, 4.0, 900.0, 200.0
2009-09-22, 3.51, 3.51, 3.0, 3.25, 2800.0, 162.5
2009-09-23, 3.26, 3.26, 3.0, 3.0, 1100.0, 150.0
2009-09-24, 3.0, 3.25, 2.5, 2.55, 4300.0, 127.5
2009-09-25, 2.55, 3.25, 2.55, 3.25, 2400.0, 162.5
2009-09-28, 3.0, 3.5, 3.0, 3.5, 300.0, 175.0
2009-09-29, 3.5, 3.5, 3.25, 3.5, 700.0, 175.0
2009-09-30, 3.5, 3.5, 3.25, 3.25, 1300.0, 162.5
2009-10-01, 3.25, 3.5, 3.25, 3.5, 2700.0, 175.0
2009-10-02, 3.0, 3.0, 2.75, 3.0, 500.0, 150.0
2009-10-05, 3.0, 3.0, 2.3, 2.5, 300.0, 125.0
2009-10-14, 2.5, 2.5, 2.5, 2.5, 500.0, 125.0
2009-10-15, 2.5, 2.5, 2.25, 2.25, 1800.0, 112.5
2009-10-19, 2.25, 2.25, 2.25, 2.25, 500.0, 112.5
2009-10-20, 2.05, 2.05, 2.0, 2.0, 500.0, 100.0
2009-10-21, 1.78, 1.78, 1.78, 1.78, 100.0, 89.25
2009-10-28, 1.8, 1.8, 1.5, 1.5, 600.0, 75.0
2009-10-29, 1.45, 1.45, 1.45, 1.45, 100.0, 72.5
2009-10-30, 1.15, 1.15, 1.15, 1.15, 300.0, 57.5
2009-11-02, 1.1, 1.1, 1.1, 1.1, 400.0, 55.0
2009-11-03, 1.15, 1.2, 1.15, 1.2, 12400.0, 60.0
2009-11-11, 1.2, 1.2, 0.8, 0.8, 4500.0, 40.0
2009-11-13, 0.8, 0.8, 0.75, 0.75, 1500.0, 37.5
2009-11-16, 0.75, 0.75, 0.75, 0.75, 200.0, 37.5
2009-11-20, 1.0, 1.0, 1.0, 1.0, 400.0, 50.0
2010-01-06, 0.5, 0.5, 0.5, 0.5, 100.0, 25.0
2010-01-25, 0.01, 0.01, 0.0, 0.0, 512000.0, 0.0
2010-01-26, 0.0, 0.0, 0.0, 0.0, 215000.0, 0.0
2010-02-03, 0.0, 0.0, 0.0, 0.0, 4000.0, 0.0
2010-02-08, 0.0, 0.0, 0.0, 0.0, 20000.0, 0.0
2010-02-09, 0.0, 0.0, 0.0, 0.0, 231900.0, 0.0
2010-03-15, 0.01, 0.01, 0.0, 0.0, 53200.0, 0.0
2010-03-26, 0.01, 0.01, 0.0, 0.0, 400.0, 0.0
2010-03-29, 0.01, 0.01, 0.01, 0.01, 13100.0, 0.01
2010-03-30, 0.01, 0.01, 0.0, 0.0, 77200.0, 0.0
2010-03-31, 0.01, 0.01, 0.0, 0.0, 53200.0, 0.0
2010-05-19, 0.01, 0.01, 0.0, 0.0, 4000.0, 0.0
2010-07-08, 0.0, 0.0, 0.0, 0.0, 55000.0, 0.0
2010-07-13, 0.0, 0.0, 0.0, 0.0, 25000.0, 0.0
2010-07-21, 0.01, 0.01, 0.01, 0.01, 45000.0, 0.01
2010-07-27, 0.01, 0.01, 0.01, 0.01, 50000.0, 0.01
2010-08-18, 0.01, 0.01, 0.01, 0.01, 20000.0, 0.01
2010-08-20, 0.01, 0.01, 0.01, 0.01, 5000.0, 0.01
2010-11-01, 0.01, 0.01, 0.0, 0.0, 255000.0, 0.0
2010-11-02, 0.0, 0.0, 0.0, 0.0, 270000.0, 0.0
2010-11-12, 0.0, 0.0, 0.0, 0.0, 100.0, 0.0
2010-12-17, 0.0, 0.01, 0.0, 0.0, 675000.0, 0.0
2010-12-20, 0.0, 0.0, 0.0, 0.0, 100000.0, 0.0
2011-01-04, 0.0, 0.0, 0.0, 0.0, 70000.0, 0.0
2011-02-03, 0.0, 0.0, 0.0, 0.0, 16000.0, 0.0
2011-03-02, 0.0, 0.01, 0.0, 0.0, 455000.0, 0.0
2011-03-04, 0.0, 0.0, 0.0, 0.0, 10000.0, 0.0
2011-03-10, 0.0, 0.0, 0.0, 0.0, 10000.0, 0.0
2011-03-30, 0.0, 0.0, 0.0, 0.0, 625000.0, 0.0
2011-04-26, 0.0, 0.0, 0.0, 0.0, 111400.0, 0.0
2011-05-20, 0.0, 0.0, 0.0, 0.0, 200.0, 0.0
2011-05-27, 0.01, 0.01, 0.01, 0.01, 50000.0, 0.01
2011-06-17, 0.0, 0.0, 0.0, 0.0, 150000.0, 0.0
2011-07-13, 0.0, 0.0, 0.0, 0.0, 25000.0, 0.0
2011-07-22, 0.0, 0.0, 0.0, 0.0, 5000.0, 0.0
2011-08-29, 0.0, 0.0, 0.0, 0.0, 400.0, 0.0
2011-09-09, 0.0, 0.0, 0.0, 0.0, 6000.0, 0.0
2011-11-17, 0.0, 0.0, 0.0, 0.0, 0.0, 0.0
2011-11-18, 0.0, 0.0, 0.0, 0.0, 0.0, 0.0
2011-11-21, 0.0, 0.0, 0.0, 0.0, 0.0, 0.0
2011-11-22, 0.0, 0.0, 0.0, 0.0, 0.0, 0.0
2011-11-23, 0.0, 0.0, 0.0, 0.0, 0.0, 0.0
2011-11-24, 0.0, 0.0, 0.0, 0.0, 0.0, 0.0
2011-11-25, 0.0, 0.0, 0.0, 0.0, 0.0, 0.0
2011-11-28, 0.0, 0.0, 0.0, 0.0, 0.0, 0.0
2011-11-29, 0.0, 0.0, 0.0, 0.0, 50000.0, 0.0
2011-11-30, 0.0, 0.0, 0.0, 0.0, 0.0, 0.0
2011-12-01, 0.0, 0.0, 0.0, 0.0, 0.0, 0.0
2011-12-02, 0.0, 0.0, 0.0, 0.0, 25000.0, 0.0
2011-12-05, 0.0, 0.0, 0.0, 0.0, 100000.0, 0.0
2011-12-06, 0.0, 0.0, 0.0, 0.0, 0.0, 0.0
2011-12-07, 0.0, 0.0, 0.0, 0.0, 0.0, 0.0
2011-12-08, 0.0, 0.0, 0.0, 0.0, 55000.0, 0.0
2011-12-09, 0.0, 0.0, 0.0, 0.0, 63000.0, 0.0
2011-12-12, 0.0, 0.0, 0.0, 0.0, 0.0, 0.0
2011-12-13, 0.0, 0.01, 0.0, 0.0, 265600.0, 0.0
2011-12-14, 0.0, 0.01, 0.0, 0.01, 85000.0, 0.01
2011-12-15, 0.01, 0.02, 0.01, 0.01, 4926100.0, 0.01
2011-12-16, 0.01, 0.01, 0.01, 0.01, 2395600.0, 0.01
2011-12-19, 0.01, 0.01, 0.01, 0.01, 154800.0, 0.01
2011-12-20, 0.01, 0.01, 0.01, 0.01, 491000.0, 0.01
2011-12-21, 0.01, 0.01, 0.0, 0.01, 469700.0, 0.01
2011-12-22, 0.01, 0.01, 0.01, 0.01, 324300.0, 0.01
2011-12-23, 0.01, 0.01, 0.01, 0.01, 1043900.0, 0.01
2011-12-26, 0.01, 0.01, 0.01, 0.01, 0.0, 0.01
2011-12-27, 0.01, 0.01, 0.01, 0.01, 580500.0, 0.01
2011-12-28, 0.01, 0.01, 0.01, 0.01, 345400.0, 0.01
2011-12-29, 0.01, 0.01, 0.0, 0.01, 831100.0, 0.01
2011-12-30, 0.0, 0.0, 0.0, 0.0, 76300.0, 0.0
2012-01-02, 0.0, 0.0, 0.0, 0.0, 0.0, 0.0
2012-01-03, 0.01, 0.01, 0.01, 0.01, 5000.0, 0.01
2012-01-04, 0.01, 0.01, 0.01, 0.01, 500.0, 0.01
2012-01-05, 0.0, 0.0, 0.0, 0.0, 5000.0, 0.0
2012-01-06, 0.0, 0.01, 0.0, 0.0, 313600.0, 0.0
2012-01-09, 0.0, 0.01, 0.0, 0.01, 137000.0, 0.01
2012-01-10, 0.01, 0.01, 0.01, 0.01, 45000.0, 0.01
2012-01-11, 0.01, 0.01, 0.01, 0.01, 406300.0, 0.01
2012-01-12, 0.01, 0.01, 0.01, 0.01, 0.0, 0.01
2012-01-13, 0.0, 0.0, 0.0, 0.0, 249000.0, 0.0
2012-01-16, 0.0, 0.0, 0.0, 0.0, 0.0, 0.0
2012-01-17, 0.01, 0.01, 0.0, 0.01, 345800.0, 0.01
2012-01-18, 0.0, 0.0, 0.0, 0.0, 15000.0, 0.0
2012-01-19, 0.0, 0.0, 0.0, 0.0, 60000.0, 0.0
2012-01-20, 0.01, 0.01, 0.01, 0.01, 27000.0, 0.01
2012-01-23, 0.01, 0.01, 0.01, 0.01, 29600.0, 0.01
2012-01-24, 0.01, 0.01, 0.0, 0.01, 613000.0, 0.01
2012-01-25, 0.01, 0.01, 0.01, 0.01, 10000.0, 0.01
2012-01-26, 0.01, 0.01, 0.01, 0.01, 282000.0, 0.01
2012-01-27, 0.01, 0.01, 0.01, 0.01, 142000.0, 0.01
2012-01-30, 0.01, 0.01, 0.01, 0.01, 247700.0, 0.01
2012-01-31, 0.01, 0.01, 0.01, 0.01, 211200.0, 0.01
2012-02-01, 0.01, 0.01, 0.01, 0.01, 50700.0, 0.01
2012-02-02, 0.01, 0.01, 0.01, 0.01, 0.0, 0.01
2012-02-03, 0.0, 0.0, 0.0, 0.0, 300000.0, 0.0
2012-02-06, 0.0, 0.0, 0.0, 0.0, 467700.0, 0.0
2012-02-07, 0.0, 0.0, 0.0, 0.0, 0.0, 0.0
2012-02-08, 0.0, 0.0, 0.0, 0.0, 0.0, 0.0
2012-02-09, 0.0, 0.0, 0.0, 0.0, 0.0, 0.0
2012-02-10, 0.0, 0.0, 0.0, 0.0, 155000.0, 0.0
2012-02-13, 0.0, 0.0, 0.0, 0.0, 17000.0, 0.0
2012-02-14, 0.0, 0.0, 0.0, 0.0, 10000.0, 0.0
2012-02-15, 0.0, 0.0, 0.0, 0.0, 3500.0, 0.0
2012-02-16, 0.0, 0.0, 0.0, 0.0, 0.0, 0.0
2012-02-17, 0.0, 0.0, 0.0, 0.0, 5000.0, 0.0
2012-02-20, 0.0, 0.0, 0.0, 0.0, 0.0, 0.0
2012-02-21, 0.0, 0.0, 0.0, 0.0, 0.0, 0.0
2012-02-22, 0.0, 0.0, 0.0, 0.0, 135200.0, 0.0
2012-02-23, 0.0, 0.0, 0.0, 0.0, 0.0, 0.0
2012-02-24, 0.0, 0.0, 0.0, 0.0, 0.0, 0.0
2012-02-27, 0.0, 0.0, 0.0, 0.0, 0.0, 0.0
2012-02-28, 0.0, 0.0, 0.0, 0.0, 50000.0, 0.0
2012-02-29, 0.0, 0.0, 0.0, 0.0, 203000.0, 0.0
2012-03-01, 0.0, 0.0, 0.0, 0.0, 25000.0, 0.0
2012-03-02, 0.0, 0.0, 0.0, 0.0, 205000.0, 0.0
2012-03-05, 0.0, 0.0, 0.0, 0.0, 0.0, 0.0
2012-03-06, 0.0, 0.0, 0.0, 0.0, 0.0, 0.0
2012-03-07, 0.0, 0.0, 0.0, 0.0, 60600.0, 0.0
2012-03-08, 0.0, 0.0, 0.0, 0.0, 997000.0, 0.0
2012-03-09, 0.0, 0.0, 0.0, 0.0, 0.0, 0.0
2012-03-12, 0.0, 0.0, 0.0, 0.0, 647000.0, 0.0
2012-03-13, 0.0, 0.0, 0.0, 0.0, 0.0, 0.0
2012-03-14, 0.0, 0.0, 0.0, 0.0, 0.0, 0.0
2012-03-15, 0.0, 0.0, 0.0, 0.0, 215600.0, 0.0
2012-03-16, 0.0, 0.0, 0.0, 0.0, 0.0, 0.0
2012-03-19, 0.0, 0.0, 0.0, 0.0, 0.0, 0.0
2012-03-20, 0.0, 0.0, 0.0, 0.0, 0.0, 0.0
2012-03-21, 0.0, 0.0, 0.0, 0.0, 0.0, 0.0
2012-03-22, 0.0, 0.0, 0.0, 0.0, 0.0, 0.0
2012-03-23, 0.0, 0.0, 0.0, 0.0, 365100.0, 0.0
2012-03-26, 0.0, 0.0, 0.0, 0.0, 0.0, 0.0
2012-03-27, 0.0, 0.0, 0.0, 0.0, 0.0, 0.0
2012-03-28, 0.0, 0.0, 0.0, 0.0, 0.0, 0.0
2012-03-29, 0.0, 0.0, 0.0, 0.0, 0.0, 0.0
2012-03-30, 0.0, 0.0, 0.0, 0.0, 97600.0, 0.0
2012-04-02, 0.0, 0.0, 0.0, 0.0, 0.0, 0.0
2012-04-03, 0.0, 0.0, 0.0, 0.0, 0.0, 0.0
2012-04-04, 0.0, 0.0, 0.0, 0.0, 100000.0, 0.0
2012-04-05, 0.0, 0.0, 0.0, 0.0, 0.0, 0.0
2012-04-06, 0.0, 0.0, 0.0, 0.0, 0.0, 0.0
2012-04-09, 0.0, 0.0, 0.0, 0.0, 0.0, 0.0
2012-04-10, 0.0, 0.0, 0.0, 0.0, 0.0, 0.0
2012-04-11, 0.0, 0.0, 0.0, 0.0, 0.0, 0.0
2012-04-12, 0.0, 0.0, 0.0, 0.0, 0.0, 0.0
2012-04-13, 0.0, 0.0, 0.0, 0.0, 0.0, 0.0
2012-04-16, 0.0, 0.0, 0.0, 0.0, 0.0, 0.0
2012-04-17, 0.0, 0.0, 0.0, 0.0, 0.0, 0.0
2012-04-18, 0.0, 0.0, 0.0, 0.0, 0.0, 0.0
2012-04-19, 0.0, 0.0, 0.0, 0.0, 0.0, 0.0
2012-04-20, 0.0, 0.0, 0.0, 0.0, 0.0, 0.0
2012-04-23, 0.0, 0.0, 0.0, 0.0, 0.0, 0.0
2012-04-24, 0.0, 0.0, 0.0, 0.0, 0.0, 0.0
2012-04-25, 0.0, 0.0, 0.0, 0.0, 0.0, 0.0
2012-04-26, 0.0, 0.0, 0.0, 0.0, 0.0, 0.0
2012-04-27, 0.0, 0.0, 0.0, 0.0, 0.0, 0.0
2012-04-30, 0.0, 0.0, 0.0, 0.0, 77000.0, 0.0
2012-05-01, 0.0, 0.0, 0.0, 0.0, 0.0, 0.0
2012-05-02, 0.0, 0.0, 0.0, 0.0, 0.0, 0.0
2012-05-03, 0.0, 0.0, 0.0, 0.0, 0.0, 0.0
2012-05-04, 0.0, 0.0, 0.0, 0.0, 0.0, 0.0
2012-05-07, 0.0, 0.0, 0.0, 0.0, 0.0, 0.0
2012-05-08, 0.0, 0.0, 0.0, 0.0, 0.0, 0.0
2012-05-09, 0.0, 0.0, 0.0, 0.0, 0.0, 0.0
2012-05-10, 0.0, 0.0, 0.0, 0.0, 0.0, 0.0
2012-05-11, 0.0, 0.0, 0.0, 0.0, 0.0, 0.0
2012-05-14, 0.0, 0.0, 0.0, 0.0, 0.0, 0.0
2012-05-15, 0.0, 0.0, 0.0, 0.0, 0.0, 0.0
2012-05-16, 0.0, 0.0, 0.0, 0.0, 420000.0, 0.0
2012-05-17, 0.0, 0.0, 0.0, 0.0, 0.0, 0.0
2012-05-18, 0.0, 0.0, 0.0, 0.0, 400000.0, 0.0
2012-05-21, 0.0, 0.0, 0.0, 0.0, 0.0, 0.0
2012-05-22, 0.0, 0.0, 0.0, 0.0, 0.0, 0.0
2012-05-23, 0.0, 0.0, 0.0, 0.0, 0.0, 0.0
2012-05-24, 0.0, 0.0, 0.0, 0.0, 0.0, 0.0
2012-05-25, 0.0, 0.0, 0.0, 0.0, 0.0, 0.0
2012-05-28, 0.0, 0.0, 0.0, 0.0, 0.0, 0.0
2012-05-29, 0.0, 0.0, 0.0, 0.0, 0.0, 0.0
2012-05-30, 0.0, 0.0, 0.0, 0.0, 0.0, 0.0
2012-05-31, 0.0, 0.0, 0.0, 0.0, 0.0, 0.0
2012-06-01, 0.0, 0.0, 0.0, 0.0, 0.0, 0.0
2012-06-04, 0.0, 0.0, 0.0, 0.0, 30000.0, 0.0
2012-06-05, 0.0, 0.0, 0.0, 0.0, 0.0, 0.0
2012-06-06, 0.0, 0.0, 0.0, 0.0, 0.0, 0.0
2012-06-07, 0.0, 0.0, 0.0, 0.0, 0.0, 0.0
2012-06-08, 0.0, 0.0, 0.0, 0.0, 0.0, 0.0
2012-06-11, 0.0, 0.0, 0.0, 0.0, 0.0, 0.0
2012-06-12, 0.0, 0.0, 0.0, 0.0, 0.0, 0.0
2012-06-13, 0.0, 0.0, 0.0, 0.0, 0.0, 0.0
2012-06-14, 0.0, 0.0, 0.0, 0.0, 0.0, 0.0
2012-06-15, 0.0, 0.0, 0.0, 0.0, 0.0, 0.0
2012-06-18, 0.0, 0.0, 0.0, 0.0, 605000.0, 0.0
2012-06-19, 0.0, 0.0, 0.0, 0.0, 0.0, 0.0
2012-06-20, 0.0, 0.0, 0.0, 0.0, 229000.0, 0.0
2012-06-21, 0.0, 0.0, 0.0, 0.0, 180000.0, 0.0
2012-06-22, 0.0, 0.0, 0.0, 0.0, 495000.0, 0.0
2012-06-25, 0.0, 0.0, 0.0, 0.0, 245000.0, 0.0
2012-06-26, 0.0, 0.01, 0.0, 0.0, 57700.0, 0.0
2012-06-27, 0.01, 0.01, 0.01, 0.01, 21300.0, 0.01
2012-06-28, 0.01, 0.01, 0.01, 0.01, 0.0, 0.01
2012-06-29, 0.0, 0.0, 0.0, 0.0, 759000.0, 0.0
2012-07-02, 0.0, 0.0, 0.0, 0.0, 100000.0, 0.0
2012-07-03, 0.0, 0.0, 0.0, 0.0, 51000.0, 0.0
2012-07-04, 0.0, 0.0, 0.0, 0.0, 0.0, 0.0
2012-07-05, 0.0, 0.0, 0.0, 0.0, 350000.0, 0.0
2012-07-06, 0.0, 0.0, 0.0, 0.0, 0.0, 0.0
2012-07-09, 0.0, 0.0, 0.0, 0.0, 0.0, 0.0
2012-07-10, 0.0, 0.0, 0.0, 0.0, 0.0, 0.0
2012-07-11, 0.0, 0.0, 0.0, 0.0, 0.0, 0.0
2012-07-12, 0.0, 0.0, 0.0, 0.0, 0.0, 0.0
2012-07-13, 0.0, 0.0, 0.0, 0.0, 0.0, 0.0
2012-07-16, 0.0, 0.0, 0.0, 0.0, 0.0, 0.0
2012-07-17, 0.0, 0.0, 0.0, 0.0, 0.0, 0.0
2012-07-18, 0.0, 0.0, 0.0, 0.0, 100000.0, 0.0
2012-07-19, 0.01, 0.01, 0.01, 0.01, 90000.0, 0.01
2012-07-20, 0.01, 0.01, 0.01, 0.01, 0.0, 0.01
2012-07-23, 0.01, 0.01, 0.01, 0.01, 0.0, 0.01
2012-07-24, 0.01, 0.01, 0.01, 0.01, 0.0, 0.01
2012-07-25, 0.0, 0.0, 0.0, 0.0, 200000.0, 0.0
2012-07-26, 0.0, 0.01, 0.0, 0.01, 110000.0, 0.01
2012-07-27, 0.01, 0.01, 0.01, 0.01, 26000.0, 0.01
2012-07-30, 0.01, 0.01, 0.01, 0.01, 11200.0, 0.01
2012-07-31, 0.01, 0.01, 0.01, 0.01, 20000.0, 0.01
2012-08-01, 0.01, 0.01, 0.01, 0.01, 46300.0, 0.01
2012-08-02, 0.01, 0.01, 0.01, 0.01, 357800.0, 0.01
2012-08-03, 0.01, 0.01, 0.01, 0.01, 31500.0, 0.01
2012-08-06, 0.01, 0.01, 0.01, 0.01, 57200.0, 0.01
2012-08-07, 0.01, 0.01, 0.01, 0.01, 330100.0, 0.01
2012-08-08, 0.0, 0.01, 0.0, 0.01, 97200.0, 0.01
2012-08-09, 0.01, 0.01, 0.01, 0.01, 72900.0, 0.01
2012-08-10, 0.01, 0.01, 0.0, 0.01, 280500.0, 0.01
2012-08-13, 0.01, 0.01, 0.01, 0.01, 0.0, 0.01
2012-08-14, 0.01, 0.01, 0.01, 0.01, 0.0, 0.01
2012-08-15, 0.01, 0.01, 0.01, 0.01, 11600.0, 0.01
2012-08-16, 0.01, 0.01, 0.01, 0.01, 87000.0, 0.01
2012-08-17, 0.01, 0.01, 0.01, 0.01, 0.0, 0.01
2012-08-20, 0.01, 0.01, 0.01, 0.01, 17200.0, 0.01
2012-08-21, 0.01, 0.01, 0.01, 0.01, 0.0, 0.01
2012-08-22, 0.01, 0.01, 0.01, 0.01, 0.0, 0.01
2012-08-23, 0.0, 0.0, 0.0, 0.0, 50000.0, 0.0
2012-08-24, 0.0, 0.0, 0.0, 0.0, 0.0, 0.0
2012-08-27, 0.0, 0.0, 0.0, 0.0, 0.0, 0.0
2012-08-28, 0.0, 0.0, 0.0, 0.0, 0.0, 0.0
2012-08-29, 0.0, 0.0, 0.0, 0.0, 0.0, 0.0
2012-08-30, 0.01, 0.01, 0.01, 0.01, 20000.0, 0.01
2012-08-31, 0.01, 0.01, 0.01, 0.01, 0.0, 0.01
2012-09-03, 0.01, 0.01, 0.01, 0.01, 0.0, 0.01
2012-09-04, 0.01, 0.01, 0.01, 0.01, 0.0, 0.01
2012-09-05, 0.01, 0.01, 0.01, 0.01, 0.0, 0.01
2012-09-06, 0.01, 0.01, 0.01, 0.01, 30000.0, 0.01
2012-09-07, 0.0, 0.0, 0.0, 0.0, 135000.0, 0.0
2012-09-10, 0.01, 0.01, 0.01, 0.01, 35700.0, 0.01
2012-09-11, 0.01, 0.01, 0.01, 0.01, 90000.0, 0.01
2012-09-12, 0.01, 0.01, 0.01, 0.01, 0.0, 0.01
2012-09-13, 0.01, 0.01, 0.01, 0.01, 0.0, 0.01
2012-09-14, 0.01, 0.01, 0.01, 0.01, 15000.0, 0.01
2012-09-17, 0.01, 0.01, 0.01, 0.01, 14300.0, 0.01
2012-09-18, 0.01, 0.01, 0.01, 0.01, 0.0, 0.01
2012-09-19, 0.01, 0.01, 0.01, 0.01, 11000.0, 0.01
2012-09-20, 0.01, 0.01, 0.01, 0.01, 0.0, 0.01
2012-09-21, 0.01, 0.01, 0.01, 0.01, 0.0, 0.01
2012-09-24, 0.01, 0.01, 0.01, 0.01, 30000.0, 0.01
2012-09-25, 0.01, 0.01, 0.01, 0.01, 100000.0, 0.01
2012-09-26, 0.01, 0.01, 0.01, 0.01, 0.0, 0.01
2012-09-27, 0.0, 0.01, 0.0, 0.01, 39700.0, 0.01
2012-09-28, 0.01, 0.01, 0.01, 0.01, 30000.0, 0.01
2012-10-01, 0.01, 0.01, 0.01, 0.01, 25000.0, 0.01
2012-10-02, 0.01, 0.01, 0.01, 0.01, 0.0, 0.01
2012-10-03, 0.01, 0.01, 0.01, 0.01, 53000.0, 0.01
2012-10-04, 0.01, 0.01, 0.01, 0.01, 0.0, 0.01
2012-10-08, 0.01, 0.01, 0.01, 0.01, 105000.0, 0.01
2012-10-09, 0.01, 0.01, 0.01, 0.01, 215000.0, 0.01
2012-10-10, 0.01, 0.01, 0.01, 0.01, 32100.0, 0.01
2012-10-11, 0.01, 0.01, 0.01, 0.01, 17000.0, 0.01
2012-10-12, 0.01, 0.02, 0.01, 0.02, 58000.0, 0.02
2012-10-15, 0.01, 0.01, 0.01, 0.01, 298800.0, 0.01
2012-10-16, 0.01, 0.01, 0.01, 0.01, 0.0, 0.01
2012-10-17, 0.01, 0.01, 0.01, 0.01, 40000.0, 0.01
2012-10-18, 0.01, 0.01, 0.01, 0.01, 0.0, 0.01
2012-10-19, 0.01, 0.01, 0.01, 0.01, 0.0, 0.01
2012-10-22, 0.01, 0.01, 0.01, 0.01, 17000.0, 0.01
2012-10-23, 0.01, 0.01, 0.01, 0.01, 0.0, 0.01
2012-10-24, 0.01, 0.01, 0.01, 0.01, 0.0, 0.01
2012-10-25, 0.01, 0.01, 0.01, 0.01, 0.0, 0.01
2012-10-26, 0.01, 0.01, 0.01, 0.01, 0.0, 0.01
2012-10-29, 0.01, 0.01, 0.01, 0.01, 0.0, 0.01
2012-10-30, 0.01, 0.01, 0.01, 0.01, 0.0, 0.01
2012-10-31, 0.01, 0.01, 0.01, 0.01, 0.0, 0.01
2012-11-01, 0.01, 0.01, 0.01, 0.01, 0.0, 0.01
2012-11-02, 0.01, 0.01, 0.01, 0.01, 100000.0, 0.01
2012-11-05, 0.01, 0.01, 0.01, 0.01, 40000.0, 0.01
2012-11-06, 0.01, 0.01, 0.01, 0.01, 0.0, 0.01
2012-11-07, 0.01, 0.01, 0.01, 0.01, 0.0, 0.01
2012-11-08, 0.01, 0.01, 0.01, 0.01, 0.0, 0.01
2012-11-09, 0.01, 0.01, 0.01, 0.01, 160300.0, 0.01
2012-11-12, 0.01, 0.01, 0.01, 0.01, 0.0, 0.01
2012-11-13, 0.01, 0.01, 0.01, 0.01, 0.0, 0.01
2012-11-14, 0.01, 0.01, 0.01, 0.01, 0.0, 0.01
2012-11-15, 0.01, 0.01, 0.01, 0.01, 30000.0, 0.01
2012-11-16, 0.01, 0.01, 0.01, 0.01, 0.0, 0.01
2012-11-19, 0.01, 0.01, 0.01, 0.01, 0.0, 0.01
2012-11-20, 0.01, 0.01, 0.01, 0.01, 0.0, 0.01
2012-11-21, 0.01, 0.01, 0.01, 0.01, 0.0, 0.01
2012-11-22, 0.01, 0.01, 0.01, 0.01, 0.0, 0.01
2012-11-23, 0.01, 0.01, 0.01, 0.01, 0.0, 0.01
2012-11-26, 0.01, 0.01, 0.01, 0.01, 41000.0, 0.01
2012-11-27, 0.01, 0.01, 0.01, 0.01, 0.0, 0.01
2012-11-28, 0.01, 0.01, 0.01, 0.01, 0.0, 0.01
2012-11-29, 0.01, 0.01, 0.01, 0.01, 0.0, 0.01
2012-11-30, 0.01, 0.01, 0.01, 0.01, 0.0, 0.01
2012-12-03, 0.01, 0.01, 0.01, 0.01, 0.0, 0.01
2012-12-04, 0.01, 0.01, 0.01, 0.01, 0.0, 0.01
2012-12-05, 0.01, 0.01, 0.01, 0.01, 0.0, 0.01
2012-12-06, 0.01, 0.01, 0.01, 0.01, 0.0, 0.01
2012-12-07, 0.01, 0.01, 0.01, 0.01, 0.0, 0.01
2012-12-10, 0.01, 0.01, 0.01, 0.01, 40000.0, 0.01
2012-12-11, 0.01, 0.01, 0.01, 0.01, 0.0, 0.01
2012-12-12, 0.01, 0.01, 0.01, 0.01, 0.0, 0.01
2012-12-13, 0.01, 0.01, 0.01, 0.01, 0.0, 0.01
2012-12-14, 0.01, 0.01, 0.01, 0.01, 0.0, 0.01
2012-12-17, 0.01, 0.01, 0.01, 0.01, 0.0, 0.01
2012-12-18, 0.01, 0.01, 0.01, 0.01, 60000.0, 0.01
2012-12-19, 0.01, 0.01, 0.01, 0.01, 100000.0, 0.01
2012-12-20, 0.01, 0.01, 0.01, 0.01, 50000.0, 0.01
2012-12-21, 0.01, 0.01, 0.01, 0.01, 0.0, 0.01
2012-12-24, 0.01, 0.01, 0.01, 0.01, 0.0, 0.01
2012-12-25, 0.01, 0.01, 0.01, 0.01, 0.0, 0.01
2012-12-26, 0.01, 0.01, 0.01, 0.01, 0.0, 0.01
2012-12-27, 0.01, 0.01, 0.01, 0.01, 50000.0, 0.01
2012-12-28, 0.01, 0.01, 0.01, 0.01, 7000.0, 0.01
2012-12-31, 0.01, 0.01, 0.01, 0.01, 0.0, 0.01
2013-01-01, 0.01, 0.01, 0.01, 0.01, 0.0, 0.01
2013-01-02, 0.01, 0.01, 0.01, 0.01, 0.0, 0.01
2013-01-03, 0.01, 0.01, 0.01, 0.01, 0.0, 0.01
2013-01-04, 0.01, 0.01, 0.01, 0.01, 0.0, 0.01
2013-01-07, 0.01, 0.01, 0.01, 0.01, 100000.0, 0.01
2013-01-08, 0.01, 0.01, 0.01, 0.01, 20000.0, 0.01
2013-01-09, 0.01, 0.01, 0.01, 0.01, 0.0, 0.01
2013-01-10, 0.01, 0.01, 0.01, 0.01, 0.0, 0.01
2013-01-11, 0.01, 0.01, 0.01, 0.01, 75000.0, 0.01
2013-01-14, 0.01, 0.01, 0.01, 0.01, 0.0, 0.01
2013-01-15, 0.01, 0.01, 0.01, 0.01, 0.0, 0.01
2013-01-16, 0.01, 0.01, 0.01, 0.01, 2000.0, 0.01
2013-01-17, 0.01, 0.01, 0.01, 0.01, 0.0, 0.01
2013-01-18, 0.01, 0.01, 0.01, 0.01, 43300.0, 0.01
2013-01-21, 0.01, 0.01, 0.01, 0.01, 0.0, 0.01
2013-01-22, 0.01, 0.01, 0.01, 0.01, 0.0, 0.01
2013-01-23, 0.01, 0.01, 0.01, 0.01, 0.0, 0.01
2013-01-24, 0.01, 0.01, 0.01, 0.01, 50000.0, 0.01
2013-01-25, 0.01, 0.01, 0.01, 0.01, 25000.0, 0.01
2013-01-28, 0.01, 0.01, 0.01, 0.01, 50000.0, 0.01
2013-01-29, 0.01, 0.01, 0.01, 0.01, 0.0, 0.01
2013-01-30, 0.01, 0.01, 0.01, 0.01, 47000.0, 0.01
2013-01-31, 0.01, 0.01, 0.01, 0.01, 46000.0, 0.01
2013-02-01, 0.01, 0.01, 0.01, 0.01, 257300.0, 0.01
2013-02-04, 0.01, 0.02, 0.01, 0.02, 75000.0, 0.02
2013-02-05, 0.02, 0.03, 0.02, 0.03, 52500.0, 0.03
2013-02-06, 0.02, 0.03, 0.02, 0.02, 100000.0, 0.02
2013-02-07, 0.01, 0.02, 0.01, 0.02, 32500.0, 0.02
2013-02-08, 0.01, 0.02, 0.01, 0.01, 60000.0, 0.01
2013-02-11, 0.02, 0.02, 0.02, 0.02, 73800.0, 0.02
2013-02-12, 0.02, 0.02, 0.02, 0.02, 0.0, 0.02
2013-02-13, 0.02, 0.02, 0.02, 0.02, 0.0, 0.02
2013-02-14, 0.02, 0.02, 0.02, 0.02, 28100.0, 0.02
2013-02-15, 0.01, 0.02, 0.01, 0.02, 155000.0, 0.02
2013-02-18, 0.02, 0.02, 0.02, 0.02, 0.0, 0.02
2013-02-19, 0.02, 0.02, 0.01, 0.01, 30000.0, 0.01
2013-02-20, 0.01, 0.01, 0.01, 0.01, 10900.0, 0.01
2013-02-21, 0.01, 0.01, 0.01, 0.01, 47000.0, 0.01
2013-02-22, 0.01, 0.01, 0.01, 0.01, 0.0, 0.01
2013-02-25, 0.01, 0.01, 0.01, 0.01, 0.0, 0.01
2013-02-26, 0.01, 0.01, 0.01, 0.01, 230000.0, 0.01
2013-02-27, 0.01, 0.01, 0.01, 0.01, 0.0, 0.01
2013-02-28, 0.01, 0.01, 0.01, 0.01, 0.0, 0.01
2013-03-01, 0.01, 0.01, 0.01, 0.01, 0.0, 0.01
2013-03-04, 0.01, 0.01, 0.01, 0.01, 0.0, 0.01
2013-03-05, 0.01, 0.01, 0.01, 0.01, 0.0, 0.01
2013-03-06, 0.01, 0.01, 0.01, 0.01, 0.0, 0.01
2013-03-07, 0.01, 0.01, 0.01, 0.01, 0.0, 0.01
2013-03-08, 0.01, 0.01, 0.01, 0.01, 145000.0, 0.01
2013-03-11, 0.01, 0.01, 0.01, 0.01, 15000.0, 0.01
2013-03-12, 0.01, 0.01, 0.01, 0.01, 0.0, 0.01
2013-03-13, 0.01, 0.01, 0.01, 0.01, 75000.0, 0.01
2013-03-14, 0.01, 0.01, 0.01, 0.01, 50000.0, 0.01
2013-03-15, 0.01, 0.01, 0.01, 0.01, 0.0, 0.01
2013-03-18, 0.01, 0.01, 0.01, 0.01, 0.0, 0.01
2013-03-19, 0.01, 0.01, 0.01, 0.01, 0.0, 0.01
2013-03-20, 0.01, 0.01, 0.01, 0.01, 0.0, 0.01
2013-03-21, 0.01, 0.01, 0.01, 0.01, 0.0, 0.01
2013-03-22, 0.01, 0.01, 0.01, 0.01, 36800.0, 0.01
2013-03-25, 0.01, 0.01, 0.01, 0.01, 45000.0, 0.01
2013-03-26, 0.01, 0.01, 0.01, 0.01, 100000.0, 0.01
2013-03-27, 0.01, 0.01, 0.01, 0.01, 71000.0, 0.01
2013-03-28, 0.01, 0.01, 0.01, 0.01, 0.0, 0.01
2013-03-29, 0.01, 0.01, 0.01, 0.01, 0.0, 0.01
2013-04-01, 0.01, 0.02, 0.01, 0.02, 153800.0, 0.02
2013-04-02, 0.01, 0.01, 0.01, 0.01, 157300.0, 0.01
2013-04-03, 0.01, 0.01, 0.01, 0.01, 0.0, 0.01
2013-04-04, 0.02, 0.03, 0.01, 0.02, 634300.0, 0.02
2013-04-05, 0.02, 0.02, 0.02, 0.02, 15000.0, 0.02
2013-04-08, 0.02, 0.02, 0.02, 0.02, 0.0, 0.02
2013-04-09, 0.02, 0.02, 0.02, 0.02, 0.0, 0.02
2013-04-10, 0.01, 0.01, 0.01, 0.01, 133500.0, 0.01
2013-04-11, 0.01, 0.02, 0.01, 0.02, 55000.0, 0.02
2013-04-12, 0.02, 0.02, 0.02, 0.02, 0.0, 0.02
2013-04-15, 0.02, 0.02, 0.02, 0.02, 0.0, 0.02
2013-04-16, 0.01, 0.01, 0.01, 0.01, 20000.0, 0.01
2013-04-17, 0.02, 0.02, 0.01, 0.01, 245000.0, 0.01
2013-04-18, 0.02, 0.02, 0.02, 0.02, 110000.0, 0.02
2013-04-19, 0.02, 0.02, 0.02, 0.02, 10000.0, 0.02
2013-04-22, 0.02, 0.03, 0.02, 0.02, 35000.0, 0.02
2013-04-23, 0.02, 0.02, 0.02, 0.02, 75000.0, 0.02
2013-04-24, 0.02, 0.02, 0.02, 0.02, 20000.0, 0.02
2013-04-25, 0.02, 0.02, 0.02, 0.02, 0.0, 0.02
2013-04-26, 0.01, 0.02, 0.01, 0.02, 115000.0, 0.02
2013-04-29, 0.01, 0.02, 0.01, 0.02, 39500.0, 0.02
2013-04-30, 0.02, 0.02, 0.02, 0.02, 59000.0, 0.02
2013-05-01, 0.02, 0.02, 0.02, 0.02, 0.0, 0.02
2013-05-02, 0.02, 0.02, 0.02, 0.02, 50000.0, 0.02
2013-05-03, 0.02, 0.02, 0.02, 0.02, 46000.0, 0.02
2013-05-06, 0.02, 0.02, 0.02, 0.02, 43000.0, 0.02
2013-05-07, 0.02, 0.02, 0.01, 0.01, 300000.0, 0.01
2013-05-08, 0.01, 0.01, 0.01, 0.01, 25000.0, 0.01
2013-05-09, 0.01, 0.01, 0.01, 0.01, 0.0, 0.01
2013-05-10, 0.01, 0.01, 0.01, 0.01, 0.0, 0.01
2013-05-13, 0.01, 0.01, 0.01, 0.01, 20000.0, 0.01
2013-05-14, 0.01, 0.01, 0.01, 0.01, 0.0, 0.01
2013-05-15, 0.01, 0.01, 0.01, 0.01, 0.0, 0.01
2013-05-16, 0.01, 0.01, 0.01, 0.01, 0.0, 0.01
2013-05-17, 0.01, 0.01, 0.01, 0.01, 10000.0, 0.01
2013-05-20, 0.01, 0.01, 0.01, 0.01, 0.0, 0.01
2013-05-21, 0.01, 0.01, 0.01, 0.01, 0.0, 0.01
2013-05-22, 0.02, 0.02, 0.02, 0.02, 75000.0, 0.02
2013-05-23, 0.02, 0.03, 0.02, 0.03, 91000.0, 0.03
2013-05-24, 0.02, 0.03, 0.02, 0.02, 51100.0, 0.02
2013-05-27, 0.02, 0.02, 0.02, 0.02, 0.0, 0.02
2013-05-28, 0.02, 0.02, 0.02, 0.02, 71800.0, 0.02
2013-05-29, 0.02, 0.02, 0.02, 0.02, 5000.0, 0.02
2013-05-30, 0.02, 0.03, 0.02, 0.03, 234600.0, 0.03
2013-05-31, 0.03, 0.03, 0.03, 0.03, 0.0, 0.03
2013-06-03, 0.02, 0.02, 0.02, 0.02, 49800.0, 0.02
2013-06-04, 0.04, 0.04, 0.02, 0.02, 9100.0, 0.02
2013-06-05, 0.04, 0.04, 0.04, 0.04, 100.0, 0.04
2013-06-06, 0.02, 0.03, 0.02, 0.03, 110700.0, 0.03
2013-06-07, 0.03, 0.03, 0.03, 0.03, 67000.0, 0.03
2013-06-10, 0.03, 0.03, 0.03, 0.03, 60000.0, 0.03
2013-06-11, 0.03, 0.03, 0.03, 0.03, 54100.0, 0.03
2013-06-12, 0.03, 0.03, 0.03, 0.03, 0.0, 0.03
2013-06-13, 0.03, 0.03, 0.03, 0.03, 55000.0, 0.03
2013-06-14, 0.03, 0.03, 0.03, 0.03, 10000.0, 0.03
2013-06-17, 0.03, 0.03, 0.03, 0.03, 25000.0, 0.03
2013-06-18, 0.03, 0.03, 0.03, 0.03, 150300.0, 0.03
2013-06-19, 0.03, 0.03, 0.03, 0.03, 210400.0, 0.03
2013-06-20, 0.03, 0.04, 0.03, 0.04, 395700.0, 0.04
2013-06-21, 0.04, 0.04, 0.04, 0.04, 15000.0, 0.04
2013-06-24, 0.04, 0.04, 0.04, 0.04, 5000.0, 0.04
2013-06-25, 0.04, 0.05, 0.04, 0.04, 238100.0, 0.04
2013-06-26, 0.03, 0.03, 0.03, 0.03, 20000.0, 0.03
2013-06-27, 0.03, 0.03, 0.03, 0.03, 56000.0, 0.03
2013-06-28, 0.03, 0.04, 0.03, 0.04, 72000.0, 0.04
2013-07-01, 0.03, 0.03, 0.03, 0.03, 13000.0, 0.03
2013-07-02, 0.03, 0.03, 0.03, 0.03, 69000.0, 0.03
2013-07-03, 0.03, 0.03, 0.02, 0.02, 140000.0, 0.02
2013-07-04, 0.02, 0.02, 0.02, 0.02, 0.0, 0.02
2013-07-05, 0.02, 0.03, 0.02, 0.03, 32300.0, 0.03
2013-07-08, 0.03, 0.03, 0.03, 0.03, 0.0, 0.03
2013-07-09, 0.03, 0.03, 0.03, 0.03, 0.0, 0.03
2013-07-10, 0.03, 0.03, 0.03, 0.03, 0.0, 0.03
2013-07-11, 0.03, 0.03, 0.03, 0.03, 0.0, 0.03
2013-07-12, 0.03, 0.03, 0.03, 0.03, 0.0, 0.03
2013-07-15, 0.03, 0.03, 0.03, 0.03, 0.0, 0.03
2013-07-16, 0.03, 0.03, 0.03, 0.03, 0.0, 0.03
2013-07-17, 0.03, 0.03, 0.03, 0.03, 0.0, 0.03
2013-07-18, 0.04, 0.04, 0.04, 0.04, 1000.0, 0.04
2013-07-19, 0.04, 0.04, 0.03, 0.04, 269000.0, 0.04
2013-07-22, 0.04, 0.04, 0.04, 0.04, 12200.0, 0.04
2013-07-23, 0.04, 0.04, 0.03, 0.04, 192600.0, 0.04
2013-07-24, 0.04, 0.04, 0.04, 0.04, 207900.0, 0.04
2013-07-25, 0.04, 0.04, 0.04, 0.04, 324200.0, 0.04
2013-07-26, 0.05, 0.05, 0.03, 0.04, 252800.0, 0.04
2013-07-29, 0.04, 0.04, 0.04, 0.04, 279300.0, 0.04
2013-07-30, 0.04, 0.04, 0.03, 0.03, 454700.0, 0.03
2013-07-31, 0.03, 0.04, 0.03, 0.03, 465000.0, 0.03
2013-08-01, 0.03, 0.04, 0.02, 0.04, 515800.0, 0.04
2013-08-02, 0.03, 0.03, 0.03, 0.03, 1503000.0, 0.03
2013-08-05, 0.03, 0.03, 0.03, 0.03, 70000.0, 0.03
2013-08-06, 0.03, 0.04, 0.03, 0.04, 405500.0, 0.04
2013-08-07, 0.03, 0.04, 0.03, 0.03, 47000.0, 0.03
2013-08-08, 0.03, 0.04, 0.03, 0.04, 94000.0, 0.04
2013-08-09, 0.04, 0.05, 0.03, 0.05, 189300.0, 0.05
2013-08-12, 0.05, 0.05, 0.04, 0.05, 4600.0, 0.05
2013-08-13, 0.05, 0.05, 0.04, 0.05, 276200.0, 0.05
2013-08-14, 0.05, 0.05, 0.05, 0.05, 0.0, 0.05
2013-08-15, 0.05, 0.05, 0.04, 0.05, 22300.0, 0.05
2013-08-16, 0.05, 0.05, 0.05, 0.05, 0.0, 0.05
2013-08-19, 0.05, 0.05, 0.04, 0.04, 85700.0, 0.04
2013-08-20, 0.04, 0.04, 0.04, 0.04, 19100.0, 0.04
2013-08-21, 0.04, 0.04, 0.04, 0.04, 10000.0, 0.04
2013-08-22, 0.04, 0.05, 0.04, 0.05, 60400.0, 0.05
2013-08-23, 0.05, 0.05, 0.04, 0.05, 64000.0, 0.05
2013-08-26, 0.05, 0.05, 0.05, 0.05, 0.0, 0.05
2013-08-27, 0.05, 0.05, 0.05, 0.05, 0.0, 0.05
2013-08-28, 0.05, 0.05, 0.04, 0.05, 93300.0, 0.05
2013-08-29, 0.05, 0.05, 0.05, 0.05, 0.0, 0.05
2013-08-30, 0.04, 0.05, 0.04, 0.05, 15300.0, 0.05
2013-09-02, 0.05, 0.05, 0.05, 0.05, 0.0, 0.05
2013-09-03, 0.04, 0.04, 0.04, 0.04, 15000.0, 0.04
2013-09-04, 0.04, 0.04, 0.04, 0.04, 39300.0, 0.04
2013-09-05, 0.04, 0.04, 0.03, 0.03, 254800.0, 0.03
2013-09-06, 0.03, 0.04, 0.03, 0.04, 112000.0, 0.04
2013-09-09, 0.04, 0.04, 0.04, 0.04, 0.0, 0.04
2013-09-10, 0.03, 0.03, 0.03, 0.03, 10000.0, 0.03
2013-09-11, 0.02, 0.02, 0.01, 0.02, 100800.0, 0.02
2013-09-12, 0.02, 0.04, 0.02, 0.02, 60900.0, 0.02
2013-09-13, 0.02, 0.02, 0.02, 0.02, 40000.0, 0.02
2013-09-16, 0.03, 0.03, 0.03, 0.03, 5000.0, 0.03
2013-09-17, 0.02, 0.03, 0.02, 0.03, 193500.0, 0.03
2013-09-18, 0.02, 0.02, 0.02, 0.02, 37000.0, 0.02
2013-09-19, 0.02, 0.05, 0.02, 0.05, 95700.0, 0.05
2013-09-20, 0.05, 0.05, 0.05, 0.05, 0.0, 0.05
2013-09-23, 0.05, 0.05, 0.05, 0.05, 0.0, 0.05
2013-09-24, 0.05, 0.05, 0.05, 0.05, 0.0, 0.05
2013-09-25, 0.03, 0.03, 0.03, 0.03, 60000.0, 0.03
2013-09-26, 0.03, 0.05, 0.03, 0.04, 96400.0, 0.04
2013-09-27, 0.04, 0.04, 0.04, 0.04, 0.0, 0.04
2013-09-30, 0.04, 0.04, 0.04, 0.04, 10000.0, 0.04
2013-10-01, 0.03, 0.04, 0.03, 0.04, 140000.0, 0.04
2013-10-02, 0.04, 0.05, 0.03, 0.03, 82400.0, 0.03
2013-10-03, 0.03, 0.04, 0.03, 0.04, 74900.0, 0.04
2013-10-04, 0.04, 0.04, 0.04, 0.04, 0.0, 0.04
2013-10-07, 0.03, 0.03, 0.03, 0.03, 10000.0, 0.03
2013-10-08, 0.03, 0.03, 0.03, 0.03, 0.0, 0.03
2013-10-09, 0.04, 0.04, 0.04, 0.04, 10000.0, 0.04
2013-10-10, 0.04, 0.04, 0.04, 0.04, 0.0, 0.04
2013-10-11, 0.04, 0.04, 0.04, 0.04, 0.0, 0.04
2013-10-14, 0.04, 0.04, 0.04, 0.04, 0.0, 0.04
2013-10-15, 0.04, 0.04, 0.04, 0.04, 0.0, 0.04
2013-10-16, 0.03, 0.05, 0.03, 0.05, 30000.0, 0.05
2013-10-17, 0.05, 0.06, 0.05, 0.06, 129000.0, 0.06
2013-10-18, 0.05, 0.05, 0.05, 0.05, 10000.0, 0.05
2013-10-21, 0.05, 0.05, 0.03, 0.03, 115500.0, 0.03
2013-10-22, 0.03, 0.05, 0.03, 0.05, 280000.0, 0.05
2013-10-23, 0.04, 0.05, 0.04, 0.04, 55000.0, 0.04
2013-10-24, 0.05, 0.05, 0.05, 0.05, 22000.0, 0.05
2013-10-25, 0.05, 0.05, 0.04, 0.05, 137800.0, 0.05
2013-10-28, 0.05, 0.05, 0.05, 0.05, 0.0, 0.05
2013-10-29, 0.05, 0.05, 0.04, 0.04, 43000.0, 0.04
2013-10-30, 0.04, 0.04, 0.04, 0.04, 36400.0, 0.04
2013-10-31, 0.04, 0.04, 0.03, 0.03, 30000.0, 0.03
2013-11-01, 0.04, 0.04, 0.04, 0.04, 10000.0, 0.04
2013-11-04, 0.04, 0.06, 0.04, 0.06, 20000.0, 0.06
2013-11-05, 0.06, 0.06, 0.06, 0.06, 0.0, 0.06
2013-11-06, 0.05, 0.05, 0.05, 0.05, 20000.0, 0.05
2013-11-07, 0.05, 0.05, 0.05, 0.05, 0.0, 0.05
2013-11-08, 0.04, 0.05, 0.04, 0.05, 12000.0, 0.05
2013-11-11, 0.05, 0.05, 0.05, 0.05, 0.0, 0.05
2013-11-12, 0.04, 0.04, 0.04, 0.04, 167800.0, 0.04
2013-11-13, 0.04, 0.05, 0.04, 0.05, 31500.0, 0.05
2013-11-14, 0.05, 0.05, 0.05, 0.05, 0.0, 0.05
2013-11-15, 0.05, 0.05, 0.05, 0.05, 0.0, 0.05
2013-11-18, 0.05, 0.05, 0.05, 0.05, 10000.0, 0.05
2013-11-19, 0.05, 0.05, 0.05, 0.05, 0.0, 0.05
2013-11-20, 0.05, 0.05, 0.05, 0.05, 0.0, 0.05
2013-11-21, 0.05, 0.05, 0.05, 0.05, 0.0, 0.05
2013-11-22, 0.04, 0.04, 0.04, 0.04, 107200.0, 0.04
2013-11-25, 0.04, 0.04, 0.04, 0.04, 0.0, 0.04
2013-11-26, 0.03, 0.03, 0.03, 0.03, 20000.0, 0.03
2013-11-27, 0.04, 0.05, 0.04, 0.05, 10000.0, 0.05
2013-11-28, 0.05, 0.05, 0.05, 0.05, 0.0, 0.05
2013-11-29, 0.05, 0.05, 0.05, 0.05, 0.0, 0.05
2013-12-02, 0.05, 0.05, 0.05, 0.05, 0.0, 0.05
2013-12-03, 0.05, 0.05, 0.05, 0.05, 0.0, 0.05
2013-12-04, 0.05, 0.05, 0.05, 0.05, 0.0, 0.05
2013-12-05, 0.05, 0.05, 0.05, 0.05, 0.0, 0.05
2013-12-06, 0.05, 0.05, 0.05, 0.05, 0.0, 0.05
2013-12-09, 0.05, 0.05, 0.05, 0.05, 0.0, 0.05
2013-12-10, 0.05, 0.05, 0.05, 0.05, 0.0, 0.05
2013-12-11, 0.05, 0.05, 0.05, 0.05, 0.0, 0.05
2013-12-12, 0.05, 0.05, 0.05, 0.05, 10000.0, 0.05
2013-12-13, 0.05, 0.05, 0.05, 0.05, 61000.0, 0.05
2013-12-16, 0.05, 0.05, 0.05, 0.05, 10000.0, 0.05
2013-12-17, 0.05, 0.05, 0.05, 0.05, 20000.0, 0.05
2013-12-18, 0.05, 0.05, 0.05, 0.05, 20000.0, 0.05
2013-12-19, 0.04, 0.04, 0.03, 0.04, 70000.0, 0.04
2013-12-20, 0.04, 0.04, 0.04, 0.04, 0.0, 0.04
2013-12-23, 0.04, 0.04, 0.04, 0.04, 0.0, 0.04
2013-12-24, 0.03, 0.03, 0.03, 0.03, 13000.0, 0.03
2013-12-25, 0.03, 0.03, 0.03, 0.03, 0.0, 0.03
2013-12-26, 0.03, 0.04, 0.03, 0.04, 76000.0, 0.04
2013-12-27, 0.04, 0.04, 0.04, 0.04, 0.0, 0.04
2013-12-30, 0.03, 0.04, 0.03, 0.04, 16300.0, 0.04
2013-12-31, 0.04, 0.04, 0.04, 0.04, 0.0, 0.04
2014-01-01, 0.04, 0.04, 0.04, 0.04, 0.0, 0.04
2014-01-02, 0.04, 0.04, 0.04, 0.04, 0.0, 0.04
2014-01-03, 0.04, 0.04, 0.04, 0.04, 50000.0, 0.04
2014-01-06, 0.04, 0.04, 0.04, 0.04, 31500.0, 0.04
2014-01-07, 0.04, 0.05, 0.04, 0.05, 57000.0, 0.05
2014-01-08, 0.05, 0.05, 0.04, 0.05, 131600.0, 0.05
2014-01-09, 0.05, 0.05, 0.05, 0.05, 0.0, 0.05
2014-01-10, 0.05, 0.05, 0.04, 0.05, 67900.0, 0.05
2014-01-13, 0.05, 0.05, 0.05, 0.05, 0.0, 0.05
2014-01-14, 0.05, 0.05, 0.05, 0.05, 0.0, 0.05
2014-01-15, 0.05, 0.05, 0.05, 0.05, 0.0, 0.05
2014-01-16, 0.05, 0.05, 0.05, 0.05, 0.0, 0.05
2014-01-17, 0.05, 0.05, 0.05, 0.05, 0.0, 0.05
2014-01-20, 0.05, 0.05, 0.05, 0.05, 0.0, 0.05
2014-01-21, 0.05, 0.05, 0.05, 0.05, 0.0, 0.05
2014-01-22, 0.04, 0.04, 0.04, 0.04, 18800.0, 0.04
2014-01-23, 0.04, 0.04, 0.04, 0.04, 1900.0, 0.04
2014-01-24, 0.04, 0.04, 0.04, 0.04, 20000.0, 0.04
2014-01-27, 0.05, 0.05, 0.05, 0.05, 9400.0, 0.05
2014-01-28, 0.05, 0.05, 0.05, 0.05, 0.0, 0.05
2014-01-29, 0.05, 0.05, 0.05, 0.05, 0.0, 0.05
2014-01-30, 0.05, 0.05, 0.05, 0.05, 0.0, 0.05
2014-01-31, 0.04, 0.04, 0.04, 0.04, 10000.0, 0.04
2014-02-03, 0.03, 0.03, 0.03, 0.03, 82000.0, 0.03
2014-02-04, 0.03, 0.04, 0.03, 0.04, 70900.0, 0.04
2014-02-05, 0.04, 0.05, 0.04, 0.05, 78000.0, 0.05
2014-02-06, 0.05, 0.06, 0.05, 0.06, 363700.0, 0.06
2014-02-07, 0.06, 0.12, 0.06, 0.12, 1041600.0, 0.12
2014-02-10, 0.13, 0.25, 0.13, 0.25, 614100.0, 0.25
2014-02-11, 0.24, 0.24, 0.13, 0.2, 79500.0, 0.2
2014-02-12, 0.2, 0.24, 0.17, 0.24, 275700.0, 0.24
2014-02-13, 0.24, 0.24, 0.17, 0.22, 147000.0, 0.22
2014-02-14, 0.2, 0.29, 0.19, 0.26, 342200.0, 0.26
2014-02-17, 0.26, 0.26, 0.26, 0.26, 0.0, 0.26
2014-02-18, 0.26, 0.31, 0.26, 0.31, 101400.0, 0.31
2014-02-19, 0.31, 0.37, 0.2, 0.26, 770500.0, 0.26
2014-02-20, 0.25, 0.27, 0.2, 0.2, 264800.0, 0.2
2014-02-21, 0.19, 0.2, 0.13, 0.19, 550000.0, 0.19
2014-02-24, 0.17, 0.22, 0.16, 0.22, 343700.0, 0.22
2014-02-25, 0.19, 0.21, 0.16, 0.17, 427100.0, 0.17
2014-02-26, 0.17, 0.25, 0.16, 0.2, 711200.0, 0.2
2014-02-27, 0.2, 0.21, 0.17, 0.19, 398200.0, 0.19
2014-02-28, 0.18, 0.22, 0.16, 0.22, 247200.0, 0.22
2014-03-03, 0.19, 0.23, 0.18, 0.23, 218200.0, 0.23
2014-03-04, 0.23, 0.23, 0.17, 0.22, 291100.0, 0.22
2014-03-05, 0.18, 0.2, 0.17, 0.19, 156000.0, 0.19
2014-03-06, 0.17, 0.19, 0.17, 0.17, 130600.0, 0.17
2014-03-07, 0.19, 0.27, 0.18, 0.27, 550600.0, 0.27
2014-03-10, 0.27, 0.27, 0.19, 0.22, 255200.0, 0.22
2014-03-11, 0.18, 0.23, 0.18, 0.23, 233500.0, 0.23
2014-03-12, 0.23, 0.23, 0.19, 0.22, 478500.0, 0.22
2014-03-13, 0.21, 0.21, 0.2, 0.2, 109500.0, 0.2
2014-03-14, 0.19, 0.27, 0.19, 0.26, 901300.0, 0.26
2014-03-17, 0.29, 0.35, 0.26, 0.35, 152600.0, 0.35
2014-03-18, 0.31, 0.34, 0.26, 0.32, 67700.0, 0.32
2014-03-19, 0.35, 0.35, 0.26, 0.29, 79400.0, 0.29
2014-03-20, 0.29, 0.29, 0.25, 0.25, 36000.0, 0.25
2014-03-21, 0.22, 0.26, 0.19, 0.25, 199100.0, 0.25
2014-03-24, 0.25, 0.26, 0.22, 0.26, 27900.0, 0.26
2014-03-25, 0.23, 0.27, 0.2, 0.27, 25800.0, 0.27
2014-03-26, 0.26, 0.27, 0.22, 0.24, 18500.0, 0.24
2014-03-27, 0.23, 0.24, 0.05, 0.2, 94400.0, 0.2
2014-03-28, 0.19, 0.2, 0.16, 0.18, 36200.0, 0.18
2014-03-31, 0.18, 0.22, 0.15, 0.2, 39900.0, 0.2
2014-04-01, 0.15, 0.2, 0.1, 0.1, 334300.0, 0.1
2014-04-02, 0.08, 0.15, 0.08, 0.15, 143400.0, 0.15
2014-04-03, 0.15, 0.15, 0.11, 0.15, 33800.0, 0.15
2014-04-04, 0.11, 0.15, 0.11, 0.15, 14600.0, 0.15
2014-04-07, 0.11, 0.15, 0.11, 0.15, 15100.0, 0.15
2014-04-08, 0.14, 0.17, 0.11, 0.17, 15300.0, 0.17
2014-04-09, 0.13, 0.17, 0.12, 0.17, 38800.0, 0.17
2014-04-10, 0.14, 0.15, 0.12, 0.15, 111300.0, 0.15
2014-04-11, 0.11, 0.15, 0.11, 0.14, 37900.0, 0.14
2014-04-14, 0.14, 0.17, 0.14, 0.17, 109000.0, 0.17
2014-04-15, 0.14, 0.17, 0.12, 0.17, 125100.0, 0.17
2014-04-16, 0.12, 0.17, 0.12, 0.17, 9400.0, 0.17
2014-04-17, 0.15, 0.16, 0.15, 0.16, 40000.0, 0.16
2014-04-18, 0.16, 0.16, 0.16, 0.16, 0.0, 0.16
2014-04-21, 0.17, 0.17, 0.17, 0.17, 47300.0, 0.17
2014-04-22, 0.17, 0.17, 0.13, 0.17, 65500.0, 0.17
2014-04-23, 0.17, 0.17, 0.17, 0.17, 3200.0, 0.17
2014-04-24, 0.15, 0.15, 0.1, 0.14, 175300.0, 0.14
2014-04-25, 0.14, 0.14, 0.14, 0.14, 6000.0, 0.14
2014-04-28, 0.12, 0.12, 0.12, 0.12, 2000.0, 0.12
2014-04-29, 0.1, 0.12, 0.1, 0.1, 34500.0, 0.1
2014-04-30, 0.1, 0.1, 0.1, 0.1, 0.0, 0.1
2014-05-01, 0.06, 0.08, 0.06, 0.08, 145600.0, 0.08
2014-05-02, 0.08, 0.11, 0.08, 0.11, 55000.0, 0.11
2014-05-05, 0.07, 0.07, 0.07, 0.07, 2400.0, 0.07
2014-05-06, 0.06, 0.11, 0.06, 0.11, 34000.0, 0.11
2014-05-07, 0.09, 0.1, 0.09, 0.1, 23000.0, 0.1
2014-05-08, 0.1, 0.1, 0.1, 0.1, 44100.0, 0.1
2014-05-09, 0.12, 0.12, 0.12, 0.12, 1500.0, 0.12
2014-05-12, 0.07, 0.13, 0.06, 0.09, 142900.0, 0.09
2014-05-13, 0.07, 0.09, 0.06, 0.09, 65900.0, 0.09
2014-05-14, 0.09, 0.09, 0.07, 0.09, 44200.0, 0.09
2014-05-15, 0.07, 0.09, 0.07, 0.09, 93800.0, 0.09
2014-05-16, 0.09, 0.09, 0.07, 0.09, 11800.0, 0.09
2014-05-19, 0.13, 0.13, 0.06, 0.1, 60100.0, 0.1
2014-05-20, 0.07, 0.1, 0.07, 0.1, 35900.0, 0.1
2014-05-21, 0.1, 0.11, 0.1, 0.11, 21000.0, 0.11
2014-05-22, 0.11, 0.11, 0.11, 0.11, 0.0, 0.11
2014-05-23, 0.1, 0.12, 0.09, 0.11, 64800.0, 0.11
2014-05-26, 0.11, 0.11, 0.11, 0.11, 0.0, 0.11
2014-05-27, 0.1, 0.11, 0.08, 0.11, 166000.0, 0.11
2014-05-28, 0.1, 0.11, 0.1, 0.1, 31000.0, 0.1
2014-05-29, 0.1, 0.1, 0.09, 0.09, 34000.0, 0.09
2014-05-30, 0.09, 0.09, 0.09, 0.09, 0.0, 0.09
2014-06-02, 0.09, 0.09, 0.09, 0.09, 0.0, 0.09
2014-06-03, 0.08, 0.12, 0.08, 0.1, 4400.0, 0.1
2014-06-04, 0.1, 0.1, 0.1, 0.1, 0.0, 0.1
2014-06-05, 0.1, 0.11, 0.08, 0.11, 50000.0, 0.11
2014-06-06, 0.1, 0.12, 0.1, 0.12, 76400.0, 0.12
2014-06-09, 0.12, 0.12, 0.09, 0.12, 17400.0, 0.12
2014-06-10, 0.12, 0.13, 0.12, 0.12, 210200.0, 0.12
2014-06-11, 0.12, 0.12, 0.12, 0.12, 146800.0, 0.12
2014-06-12, 0.12, 0.12, 0.12, 0.12, 0.0, 0.12
2014-06-13, 0.12, 0.12, 0.09, 0.12, 20000.0, 0.12
2014-06-16, 0.12, 0.12, 0.12, 0.12, 0.0, 0.12
2014-06-17, 0.08, 0.12, 0.08, 0.12, 7000.0, 0.12
2014-06-18, 0.12, 0.12, 0.12, 0.12, 0.0, 0.12
2014-06-19, 0.12, 0.12, 0.12, 0.12, 150000.0, 0.12
2014-06-20, 0.12, 0.12, 0.12, 0.12, 44000.0, 0.12
2014-06-23, 0.12, 0.17, 0.12, 0.17, 54100.0, 0.17
2014-06-24, 0.17, 0.17, 0.17, 0.17, 0.0, 0.17
2014-06-25, 0.17, 0.17, 0.17, 0.17, 0.0, 0.17
2014-06-26, 0.17, 0.17, 0.17, 0.17, 0.0, 0.17
2014-06-27, 0.17, 0.17, 0.17, 0.17, 0.0, 0.17
2014-06-30, 0.17, 0.17, 0.17, 0.17, 0.0, 0.17
2014-07-01, 0.12, 0.16, 0.12, 0.16, 1200.0, 0.16
2014-07-02, 0.16, 0.16, 0.16, 0.16, 0.0, 0.16
2014-07-03, 0.16, 0.16, 0.16, 0.16, 0.0, 0.16
2014-07-04, 0.16, 0.16, 0.16, 0.16, 0.0, 0.16
2014-07-07, 0.12, 0.16, 0.12, 0.16, 5400.0, 0.16
2014-07-08, 0.16, 0.16, 0.16, 0.16, 0.0, 0.16
2014-07-09, 0.16, 0.16, 0.16, 0.16, 0.0, 0.16
2014-07-10, 0.12, 0.12, 0.12, 0.12, 26500.0, 0.12
2014-07-11, 0.12, 0.12, 0.12, 0.12, 5200.0, 0.12
2014-07-14, 0.12, 0.12, 0.12, 0.12, 200.0, 0.12
2014-07-15, 0.12, 0.12, 0.06, 0.06, 75000.0, 0.06
2014-07-16, 0.08, 0.1, 0.05, 0.1, 44500.0, 0.1
2014-07-17, 0.08, 0.1, 0.08, 0.1, 20000.0, 0.1
2014-07-18, 0.1, 0.1, 0.1, 0.1, 0.0, 0.1
2014-07-21, 0.1, 0.1, 0.1, 0.1, 0.0, 0.1
2014-07-22, 0.06, 0.09, 0.06, 0.09, 102200.0, 0.09
2014-07-23, 0.09, 0.09, 0.09, 0.09, 0.0, 0.09
2014-07-24, 0.09, 0.09, 0.09, 0.09, 0.0, 0.09
2014-07-25, 0.09, 0.09, 0.09, 0.09, 0.0, 0.09
2014-07-28, 0.09, 0.09, 0.09, 0.09, 0.0, 0.09
2014-07-29, 0.09, 0.09, 0.09, 0.09, 0.0, 0.09
2014-07-30, 0.09, 0.09, 0.09, 0.09, 0.0, 0.09
2014-07-31, 0.09, 0.09, 0.09, 0.09, 0.0, 0.09
2014-08-01, 0.09, 0.12, 0.09, 0.11, 44700.0, 0.11
2014-08-04, 0.09, 0.12, 0.09, 0.12, 20200.0, 0.12
2014-08-05, 0.09, 0.12, 0.08, 0.12, 34000.0, 0.12
2014-08-06, 0.08, 0.1, 0.06, 0.1, 71600.0, 0.1
2014-08-07, 0.1, 0.11, 0.09, 0.09, 45000.0, 0.09
2014-08-08, 0.09, 0.1, 0.07, 0.1, 87500.0, 0.1
2014-08-11, 0.08, 0.1, 0.08, 0.1, 11000.0, 0.1
2014-08-12, 0.07, 0.12, 0.07, 0.12, 34200.0, 0.12
2014-08-13, 0.12, 0.12, 0.12, 0.12, 0.0, 0.12
2014-08-14, 0.12, 0.12, 0.12, 0.12, 0.0, 0.12
2014-08-15, 0.1, 0.1, 0.1, 0.1, 19400.0, 0.1
2014-08-18, 0.1, 0.1, 0.1, 0.1, 0.0, 0.1
2014-08-19, 0.1, 0.1, 0.1, 0.1, 500.0, 0.1
2014-08-20, 0.1, 0.11, 0.08, 0.1, 108800.0, 0.1
2014-08-21, 0.07, 0.1, 0.07, 0.1, 5300.0, 0.1
2014-08-22, 0.07, 0.09, 0.07, 0.09, 50500.0, 0.09
2014-08-25, 0.06, 0.09, 0.06, 0.09, 37000.0, 0.09
2014-08-26, 0.09, 0.09, 0.09, 0.09, 0.0, 0.09
2014-08-27, 0.05, 0.09, 0.05, 0.09, 15200.0, 0.09
2014-08-28, 0.05, 0.06, 0.04, 0.05, 119800.0, 0.05
2014-08-29, 0.05, 0.06, 0.05, 0.06, 62500.0, 0.06
2014-09-01, 0.06, 0.06, 0.06, 0.06, 0.0, 0.06
2014-09-02, 0.06, 0.06, 0.06, 0.06, 8300.0, 0.06
2014-09-03, 0.04, 0.04, 0.04, 0.04, 9600.0, 0.04
2014-09-04, 0.06, 0.06, 0.06, 0.06, 200.0, 0.06
2014-09-05, 0.04, 0.04, 0.04, 0.04, 20000.0, 0.04
2014-09-08, 0.03, 0.04, 0.03, 0.04, 88300.0, 0.04
2014-09-09, 0.04, 0.04, 0.04, 0.04, 0.0, 0.04
2014-09-10, 0.04, 0.04, 0.04, 0.04, 0.0, 0.04
2014-09-11, 0.03, 0.03, 0.02, 0.03, 201900.0, 0.03
2014-09-12, 0.03, 0.03, 0.03, 0.03, 0.0, 0.03
2014-09-15, 0.03, 0.03, 0.03, 0.03, 0.0, 0.03
2014-09-16, 0.02, 0.02, 0.02, 0.02, 49000.0, 0.02
2014-09-17, 0.02, 0.02, 0.02, 0.02, 250000.0, 0.02
2014-09-18, 0.02, 0.02, 0.02, 0.02, 70000.0, 0.02
2014-09-19, 0.02, 0.02, 0.02, 0.02, 0.0, 0.02
2014-09-22, 0.01, 0.03, 0.01, 0.03, 162000.0, 0.03
2014-09-23, 0.02, 0.04, 0.02, 0.04, 106600.0, 0.04
2014-09-24, 0.04, 0.04, 0.04, 0.04, 12700.0, 0.04
2014-09-25, 0.02, 0.04, 0.02, 0.04, 49700.0, 0.04
2014-09-26, 0.04, 0.04, 0.04, 0.04, 0.0, 0.04
2014-09-29, 0.04, 0.04, 0.04, 0.04, 0.0, 0.04
2014-09-30, 0.04, 0.04, 0.04, 0.04, 0.0, 0.04
2014-10-01, 0.04, 0.04, 0.04, 0.04, 0.0, 0.04
2014-10-02, 0.02, 0.03, 0.02, 0.03, 104300.0, 0.03
2014-10-03, 0.02, 0.03, 0.02, 0.03, 56000.0, 0.03
2014-10-06, 0.03, 0.03, 0.03, 0.03, 0.0, 0.03
2014-10-07, 0.03, 0.03, 0.03, 0.03, 0.0, 0.03
2014-10-08, 0.03, 0.04, 0.03, 0.04, 178300.0, 0.04
2014-10-09, 0.04, 0.04, 0.04, 0.04, 0.0, 0.04
2014-10-10, 0.04, 0.04, 0.04, 0.04, 0.0, 0.04
2014-10-13, 0.04, 0.04, 0.03, 0.03, 40500.0, 0.03
2014-10-14, 0.03, 0.04, 0.02, 0.04, 218000.0, 0.04
2014-10-15, 0.05, 0.05, 0.04, 0.04, 30700.0, 0.04
2014-10-16, 0.03, 0.04, 0.03, 0.03, 79000.0, 0.03
2014-10-17, 0.02, 0.02, 0.02, 0.02, 53000.0, 0.02
2014-10-20, 0.02, 0.02, 0.02, 0.02, 48800.0, 0.02
2014-10-21, 0.03, 0.03, 0.03, 0.03, 1200.0, 0.03
2014-10-22, 0.02, 0.04, 0.02, 0.04, 113600.0, 0.04
2014-10-23, 0.03, 0.03, 0.02, 0.02, 258500.0, 0.02
2014-10-24, 0.02, 0.03, 0.02, 0.03, 58500.0, 0.03
2014-10-27, 0.03, 0.03, 0.03, 0.03, 7200.0, 0.03
2014-10-28, 0.03, 0.03, 0.03, 0.03, 0.0, 0.03
2014-10-29, 0.03, 0.04, 0.02, 0.04, 82800.0, 0.04
2014-10-30, 0.04, 0.04, 0.03, 0.04, 77900.0, 0.04
2014-10-31, 0.04, 0.04, 0.04, 0.04, 12000.0, 0.04
2014-11-03, 0.04, 0.04, 0.04, 0.04, 0.0, 0.04
2014-11-04, 0.04, 0.04, 0.04, 0.04, 0.0, 0.04
2014-11-05, 0.03, 0.04, 0.02, 0.04, 133000.0, 0.04
2014-11-06, 0.02, 0.02, 0.02, 0.02, 27100.0, 0.02
2014-11-07, 0.02, 0.02, 0.01, 0.02, 11200.0, 0.02
2014-11-10, 0.02, 0.02, 0.02, 0.02, 0.0, 0.02
2014-11-11, 0.02, 0.02, 0.02, 0.02, 0.0, 0.02
2014-11-12, 0.02, 0.02, 0.02, 0.02, 0.0, 0.02
2014-11-13, 0.02, 0.02, 0.02, 0.02, 0.0, 0.02
2014-11-14, 0.02, 0.03, 0.02, 0.03, 61000.0, 0.03
2014-11-17, 0.02, 0.02, 0.01, 0.01, 92000.0, 0.01
2014-11-18, 0.01, 0.01, 0.01, 0.01, 213500.0, 0.01
2014-11-19, 0.01, 0.01, 0.01, 0.01, 62500.0, 0.01
2014-11-20, 0.01, 0.01, 0.01, 0.01, 0.0, 0.01
2014-11-21, 0.01, 0.01, 0.01, 0.01, 0.0, 0.01
2014-11-24, 0.01, 0.01, 0.01, 0.01, 243500.0, 0.01
2014-11-25, 0.01, 0.01, 0.01, 0.01, 22700.0, 0.01
2014-11-26, 0.01, 0.01, 0.0, 0.01, 267400.0, 0.01
2014-11-27, 0.01, 0.01, 0.01, 0.01, 0.0, 0.01
2014-11-28, 0.01, 0.01, 0.01, 0.01, 0.0, 0.01
2014-12-01, 0.01, 0.01, 0.01, 0.01, 217600.0, 0.01
2014-12-02, 0.01, 0.01, 0.01, 0.01, 199000.0, 0.01
2014-12-03, 0.01, 0.01, 0.01, 0.01, 0.0, 0.01
2014-12-04, 0.01, 0.01, 0.01, 0.01, 0.0, 0.01
2014-12-05, 0.01, 0.01, 0.01, 0.01, 8000.0, 0.01
2014-12-08, 0.01, 0.01, 0.01, 0.01, 0.0, 0.01
2014-12-09, 0.01, 0.01, 0.01, 0.01, 0.0, 0.01
2014-12-10, 0.01, 0.02, 0.01, 0.02, 99500.0, 0.02
2014-12-11, 0.02, 0.02, 0.01, 0.02, 73800.0, 0.02
2014-12-12, 0.02, 0.02, 0.02, 0.02, 0.0, 0.02
2014-12-15, 0.02, 0.02, 0.02, 0.02, 0.0, 0.02
2014-12-16, 0.02, 0.02, 0.02, 0.02, 8000.0, 0.02
2014-12-17, 0.02, 0.02, 0.02, 0.02, 122000.0, 0.02
2014-12-18, 0.02, 0.02, 0.02, 0.02, 5400.0, 0.02
2014-12-19, 0.02, 0.03, 0.02, 0.03, 105300.0, 0.03
2014-12-22, 0.03, 0.03, 0.03, 0.03, 0.0, 0.03
2014-12-23, 0.03, 0.03, 0.03, 0.03, 7100.0, 0.03
2014-12-24, 0.03, 0.03, 0.03, 0.03, 0.0, 0.03
2014-12-25, 0.03, 0.03, 0.03, 0.03, 0.0, 0.03
2014-12-26, 0.03, 0.03, 0.03, 0.03, 0.0, 0.03
2014-12-29, 0.03, 0.03, 0.03, 0.03, 0.0, 0.03
2014-12-30, 0.03, 0.04, 0.03, 0.04, 106700.0, 0.04
2014-12-31, 0.04, 0.04, 0.04, 0.04, 0.0, 0.04
2015-01-01, 0.04, 0.04, 0.04, 0.04, 0.0, 0.04
2015-01-02, 0.04, 0.04, 0.04, 0.04, 0.0, 0.04
2015-01-05, 0.04, 0.04, 0.04, 0.04, 36500.0, 0.04
2015-01-06, 0.04, 0.04, 0.02, 0.02, 57500.0, 0.02
2015-01-07, 0.04, 0.04, 0.04, 0.04, 1200.0, 0.04
2015-01-08, 0.04, 0.04, 0.04, 0.04, 0.0, 0.04
2015-01-09, 0.04, 0.04, 0.04, 0.04, 0.0, 0.04
2015-01-12, 0.04, 0.04, 0.04, 0.04, 0.0, 0.04
2015-01-13, 0.04, 0.04, 0.04, 0.04, 0.0, 0.04
2015-01-14, 0.04, 0.04, 0.04, 0.04, 500.0, 0.04
2015-01-15, 0.04, 0.04, 0.04, 0.04, 0.0, 0.04
2015-01-16, 0.04, 0.04, 0.04, 0.04, 0.0, 0.04
2015-01-19, 0.04, 0.04, 0.04, 0.04, 0.0, 0.04
2015-01-20, 0.04, 0.04, 0.04, 0.04, 0.0, 0.04
2015-01-21, 0.04, 0.04, 0.04, 0.04, 0.0, 0.04
2015-01-22, 0.04, 0.04, 0.04, 0.04, 0.0, 0.04
2015-01-23, 0.04, 0.04, 0.04, 0.04, 0.0, 0.04
2015-01-26, 0.04, 0.04, 0.04, 0.04, 0.0, 0.04
2015-01-27, 0.04, 0.04, 0.04, 0.04, 0.0, 0.04
2015-01-28, 0.04, 0.04, 0.04, 0.04, 0.0, 0.04
2015-01-29, 0.04, 0.04, 0.04, 0.04, 0.0, 0.04
2015-01-30, 0.04, 0.04, 0.04, 0.04, 0.0, 0.04
2015-02-02, 0.04, 0.04, 0.04, 0.04, 0.0, 0.04
2015-02-03, 0.04, 0.04, 0.04, 0.04, 2700.0, 0.04
2015-02-04, 0.04, 0.04, 0.04, 0.04, 0.0, 0.04
2015-02-05, 0.04, 0.04, 0.04, 0.04, 0.0, 0.04
2015-02-06, 0.04, 0.04, 0.04, 0.04, 0.0, 0.04
2015-02-09, 0.02, 0.04, 0.02, 0.02, 94700.0, 0.02
2015-02-10, 0.02, 0.02, 0.02, 0.02, 1100.0, 0.02
2015-02-11, 0.02, 0.02, 0.02, 0.02, 0.0, 0.02
2015-02-12, 0.04, 0.04, 0.04, 0.04, 1000.0, 0.04
2015-02-13, 0.04, 0.04, 0.04, 0.04, 0.0, 0.04
2015-02-16, 0.04, 0.04, 0.04, 0.04, 0.0, 0.04
2015-02-17, 0.04, 0.04, 0.04, 0.04, 0.0, 0.04
2015-02-18, 0.02, 0.02, 0.02, 0.02, 190600.0, 0.02
2015-02-19, 0.02, 0.02, 0.02, 0.02, 301200.0, 0.02
2015-02-20, 0.02, 0.02, 0.02, 0.02, 206000.0, 0.02
2015-02-23, 0.02, 0.02, 0.02, 0.02, 263700.0, 0.02
2015-02-24, 0.03, 0.04, 0.03, 0.03, 76600.0, 0.03
2015-02-25, 0.03, 0.03, 0.03, 0.03, 77000.0, 0.03
2015-02-26, 0.03, 0.03, 0.03, 0.03, 0.0, 0.03
2015-02-27, 0.03, 0.03, 0.03, 0.03, 0.0, 0.03
2015-03-02, 0.02, 0.03, 0.02, 0.03, 169800.0, 0.03
2015-03-03, 0.03, 0.03, 0.03, 0.03, 80000.0, 0.03
2015-03-04, 0.02, 0.02, 0.02, 0.02, 68000.0, 0.02
2015-03-05, 0.02, 0.03, 0.02, 0.03, 127300.0, 0.03
2015-03-06, 0.02, 0.02, 0.01, 0.02, 370700.0, 0.02
2015-03-09, 0.02, 0.03, 0.02, 0.03, 10000.0, 0.03
2015-03-10, 0.02, 0.02, 0.02, 0.02, 280000.0, 0.02
2015-03-11, 0.03, 0.03, 0.02, 0.02, 203400.0, 0.02
2015-03-12, 0.02, 0.02, 0.02, 0.02, 0.0, 0.02
2015-03-13, 0.03, 0.03, 0.02, 0.03, 85000.0, 0.03
2015-03-16, 0.03, 0.03, 0.03, 0.03, 2500.0, 0.03
2015-03-17, 0.02, 0.02, 0.02, 0.02, 106500.0, 0.02
2015-03-18, 0.02, 0.02, 0.02, 0.02, 0.0, 0.02
2015-03-19, 0.02, 0.02, 0.02, 0.02, 0.0, 0.02
2015-03-20, 0.02, 0.02, 0.02, 0.02, 0.0, 0.02
2015-03-23, 0.02, 0.02, 0.02, 0.02, 0.0, 0.02
2015-03-24, 0.02, 0.02, 0.02, 0.02, 0.0, 0.02
2015-03-25, 0.025, 0.025, 0.0151, 0.0151, 72000.0, 0.0151
2015-03-26, 0.028, 0.028, 0.013, 0.015, 138100.0, 0.015
2015-03-27, 0.0259, 0.0259, 0.013, 0.013, 22700.0, 0.013
2015-03-30, 0.0259, 0.0239, 0.013, 0.0235, 64000.0, 0.0235
2015-03-31, 0.0235, 0.0235, 0.0235, 0.0235, 0.0, 0.0235
2015-04-01, 0.0235, 0.0235, 0.0235, 0.0235, 0.0, 0.0235
2015-04-02, 0.0235, 0.0235, 0.0235, 0.0235, 0.0, 0.0235
2015-04-03, 0.0235, 0.0235, 0.0235, 0.0235, 0.0, 0.0235
2015-04-06, 0.0235, 0.0235, 0.0235, 0.0235, 0.0, 0.0235
2015-04-07, 0.0235, 0.0235, 0.0235, 0.0235, 0.0, 0.0235
2015-04-08, 0.0235, 0.0235, 0.0235, 0.0235, 0.0, 0.0235
2015-04-09, 0.0235, 0.0235, 0.0235, 0.0235, 0.0, 0.0235
2015-04-10, 0.015, 0.015, 0.015, 0.015, 4400.0, 0.015
2015-04-13, 0.015, 0.023, 0.015, 0.02, 191600.0, 0.02
2015-04-14, 0.016, 0.016, 0.016, 0.016, 8000.0, 0.016
2015-04-15, 0.016, 0.016, 0.016, 0.016, 0.0, 0.016
2015-04-16, 0.011, 0.011, 0.008, 0.01, 45600.0, 0.01
2015-04-17, 0.01, 0.01, 0.01, 0.01, 0.0, 0.01
2015-04-20, 0.008, 0.008, 0.008, 0.008, 29000.0, 0.008
2015-04-21, 0.007, 0.007, 0.007, 0.007, 71000.0, 0.007
2015-04-22, 0.009, 0.015, 0.009, 0.015, 167600.0, 0.015
2015-04-23, 0.018, 0.018, 0.018, 0.018, 21400.0, 0.018
2015-04-24, 0.018, 0.018, 0.018, 0.018, 0.0, 0.018
2015-04-27, 0.018, 0.018, 0.018, 0.018, 0.0, 0.018
2015-04-28, 0.018, 0.018, 0.018, 0.018, 0.0, 0.018
2015-04-29, 0.018, 0.018, 0.018, 0.018, 0.0, 0.018
2015-04-30, 0.018, 0.018, 0.018, 0.018, 0.0, 0.018
2015-05-01, 0.018, 0.018, 0.018, 0.018, 0.0, 0.018
2015-05-04, 0.018, 0.018, 0.018, 0.018, 0.0, 0.018
2015-05-05, 0.018, 0.018, 0.018, 0.018, 0.0, 0.018
2015-05-06, 0.017, 0.018, 0.017, 0.018, 70000.0, 0.018
2015-05-07, 0.0195, 0.0195, 0.014, 0.014, 61600.0, 0.014
2015-05-08, 0.015, 0.015, 0.015, 0.015, 31600.0, 0.015
2015-05-11, 0.015, 0.015, 0.015, 0.015, 0.0, 0.015
2015-05-12, 0.01545, 0.01545, 0.015, 0.015, 20000.0, 0.015
2015-05-13, 0.015, 0.015, 0.015, 0.015, 0.0, 0.015
2015-05-14, 0.015, 0.015, 0.015, 0.015, 0.0, 0.015
2015-05-15, 0.015, 0.015, 0.015, 0.015, 0.0, 0.015
2015-05-18, 0.015, 0.015, 0.015, 0.015, 0.0, 0.015
2015-05-19, 0.015, 0.015, 0.015, 0.015, 0.0, 0.015
2015-05-20, 0.015, 0.015, 0.015, 0.015, 0.0, 0.015
2015-05-21, 0.015, 0.015, 0.015, 0.015, 0.0, 0.015
2015-05-22, 0.0113, 0.0113, 0.006, 0.006, 60000.0, 0.006
2015-05-25, 0.006, 0.006, 0.006, 0.006, 0.0, 0.006
2015-05-26, 0.006, 0.006, 0.006, 0.006, 0.0, 0.006
2015-05-27, 0.006, 0.006, 0.006, 0.006, 0.0, 0.006
2015-05-28, 0.006, 0.006, 0.006, 0.006, 0.0, 0.006
2015-05-29, 0.006, 0.006, 0.006, 0.006, 0.0, 0.006
2015-06-01, 0.006, 0.006, 0.006, 0.006, 0.0, 0.006
2015-06-02, 0.01, 0.01, 0.01, 0.01, 10000.0, 0.01
2015-06-03, 0.01, 0.01, 0.01, 0.01, 0.0, 0.01
2015-06-04, 0.01, 0.01, 0.01, 0.01, 0.0, 0.01
2015-06-05, 0.01, 0.01, 0.01, 0.01, 10000.0, 0.01
2015-06-08, 0.01, 0.01, 0.01, 0.01, 0.0, 0.01
2015-06-09, 0.01, 0.01, 0.01, 0.01, 0.0, 0.01
2015-06-10, 0.01, 0.01, 0.01, 0.01, 0.0, 0.01
2015-06-11, 0.01, 0.01, 0.01, 0.01, 0.0, 0.01
2015-06-12, 0.01, 0.01, 0.01, 0.01, 0.0, 0.01
2015-06-15, 0.01, 0.01, 0.01, 0.01, 0.0, 0.01
2015-06-16, 0.01, 0.01, 0.01, 0.01, 0.0, 0.01
2015-06-17, 0.01, 0.01, 0.01, 0.01, 0.0, 0.01
2015-06-18, 0.01, 0.01, 0.01, 0.01, 0.0, 0.01
2015-06-19, 0.01, 0.01, 0.01, 0.01, 0.0, 0.01
2015-06-22, 0.01, 0.01, 0.01, 0.01, 0.0, 0.01
2015-06-23, 0.01, 0.01, 0.01, 0.01, 0.0, 0.01
2015-06-24, 0.01, 0.01, 0.01, 0.01, 0.0, 0.01
2015-06-25, 0.01, 0.01, 0.01, 0.01, 0.0, 0.01
2015-06-26, 0.01, 0.01, 0.01, 0.01, 0.0, 0.01
2015-06-29, 0.01, 0.01, 0.01, 0.01, 0.0, 0.01
2015-06-30, 0.01, 0.01, 0.01, 0.01, 0.0, 0.01
2015-07-01, 0.01, 0.01, 0.01, 0.01, 0.0, 0.01
2015-07-02, 0.01, 0.01, 0.01, 0.01, 0.0, 0.01
2015-07-03, 0.01, 0.01, 0.01, 0.01, 0.0, 0.01
2015-07-06, 0.01, 0.01, 0.01, 0.01, 0.0, 0.01
2015-07-07, 0.01, 0.01, 0.01, 0.01, 0.0, 0.01
2015-07-08, 0.01, 0.01, 0.01, 0.01, 0.0, 0.01
2015-07-09, 0.01, 0.01, 0.01, 0.01, 0.0, 0.01
2015-07-10, 0.01, 0.01, 0.01, 0.01, 0.0, 0.01
2015-07-13, 0.01, 0.01, 0.01, 0.01, 0.0, 0.01
2015-07-14, 0.01, 0.01, 0.01, 0.01, 0.0, 0.01
2015-07-15, 0.008, 0.008, 0.008, 0.008, 13500.0, 0.008
2015-07-16, 0.008, 0.008, 0.008, 0.008, 0.0, 0.008
2015-07-17, 0.008, 0.008, 0.008, 0.008, 0.0, 0.008
2015-07-20, 0.008, 0.008, 0.008, 0.008, 0.0, 0.008
2015-07-21, 0.008, 0.008, 0.008, 0.008, 0.0, 0.008
2015-07-22, 0.008, 0.008, 0.008, 0.008, 0.0, 0.008
2015-07-23, 0.008, 0.008, 0.008, 0.008, 0.0, 0.008
2015-07-24, 0.008, 0.008, 0.008, 0.008, 0.0, 0.008
2015-07-27, 0.008, 0.008, 0.008, 0.008, 0.0, 0.008
2015-07-28, 0.008, 0.008, 0.008, 0.008, 0.0, 0.008
2015-07-29, 0.008, 0.008, 0.008, 0.008, 0.0, 0.008
2015-07-30, 0.008, 0.008, 0.008, 0.008, 0.0, 0.008
2015-07-31, 0.008, 0.008, 0.008, 0.008, 0.0, 0.008
2015-08-03, 0.008, 0.008, 0.008, 0.008, 0.0, 0.008
2015-08-04, 0.008, 0.008, 0.008, 0.008, 0.0, 0.008
2015-08-05, 0.008, 0.008, 0.008, 0.008, 0.0, 0.008
2015-08-06, 0.008, 0.008, 0.008, 0.008, 0.0, 0.008
2015-08-07, 0.008, 0.008, 0.008, 0.008, 0.0, 0.008
2015-08-10, 0.008, 0.008, 0.008, 0.008, 4000.0, 0.008
2015-08-11, 0.008, 0.008, 0.008, 0.008, 0.0, 0.008
2015-08-12, 0.008, 0.008, 0.008, 0.008, 0.0, 0.008
2015-08-13, 0.008, 0.008, 0.008, 0.008, 0.0, 0.008
2015-08-14, 0.008, 0.008, 0.008, 0.008, 0.0, 0.008
2015-08-17, 0.008, 0.008, 0.008, 0.008, 0.0, 0.008
2015-08-18, 0.008, 0.008, 0.008, 0.008, 0.0, 0.008
2015-08-19, 0.008, 0.008, 0.008, 0.008, 0.0, 0.008
2015-08-20, 0.008, 0.008, 0.008, 0.008, 0.0, 0.008
2015-08-21, 0.008, 0.008, 0.008, 0.008, 0.0, 0.008
2015-08-24, 0.008, 0.008, 0.008, 0.008, 0.0, 0.008
2015-08-25, 0.008, 0.008, 0.008, 0.008, 0.0, 0.008
2015-08-26, 0.008, 0.008, 0.008, 0.008, 0.0, 0.008
2015-08-27, 0.008, 0.008, 0.008, 0.008, 0.0, 0.008
2015-08-28, 0.008, 0.008, 0.008, 0.008, 0.0, 0.008
2015-08-31, 0.008, 0.008, 0.008, 0.008, 0.0, 0.008
2015-09-01, 0.008, 0.008, 0.008, 0.008, 0.0, 0.008
2015-09-02, 0.008, 0.008, 0.008, 0.008, 0.0, 0.008
2015-09-03, 0.008, 0.008, 0.008, 0.008, 0.0, 0.008
2015-09-04, 0.008, 0.008, 0.008, 0.008, 0.0, 0.008
2015-09-07, 0.008, 0.008, 0.008, 0.008, 0.0, 0.008
2015-09-08, 0.008, 0.008, 0.008, 0.008, 0.0, 0.008
2015-09-09, 0.008, 0.008, 0.008, 0.008, 0.0, 0.008
2015-09-10, 0.008, 0.008, 0.008, 0.008, 0.0, 0.008
2015-09-11, 0.008, 0.008, 0.008, 0.008, 0.0, 0.008
2015-09-14, 0.008, 0.008, 0.008, 0.008, 0.0, 0.008
2015-09-15, 0.008, 0.008, 0.008, 0.008, 0.0, 0.008
2015-09-16, 0.008, 0.008, 0.008, 0.008, 0.0, 0.008
2015-09-17, 0.008, 0.008, 0.008, 0.008, 0.0, 0.008
2015-09-18, 0.008, 0.008, 0.008, 0.008, 0.0, 0.008
2015-09-21, 0.007, 0.007, 0.0031, 0.0031, 70000.0, 0.0031
2015-09-22, 0.009, 0.009, 0.009, 0.009, 1100.0, 0.009
2015-09-23, 0.009, 0.009, 0.009, 0.009, 0.0, 0.009
2015-09-24, 0.009, 0.009, 0.009, 0.009, 0.0, 0.009
2015-09-25, 0.009, 0.009, 0.009, 0.009, 0.0, 0.009
2015-09-28, 0.009, 0.009, 0.0031, 0.0031, 6600.0, 0.0031
2015-09-29, 0.005, 0.005, 0.005, 0.005, 24000.0, 0.005
2015-09-30, 0.009, 0.009, 0.009, 0.009, 2000.0, 0.009
2015-10-01, 0.009, 0.009, 0.009, 0.009, 0.0, 0.009
2015-10-02, 0.009, 0.009, 0.009, 0.009, 0.0, 0.009
2015-10-05, 0.009, 0.009, 0.009, 0.009, 0.0, 0.009
2015-10-06, 0.009, 0.009, 0.009, 0.009, 0.0, 0.009
2015-10-07, 0.009, 0.009, 0.009, 0.009, 0.0, 0.009
2015-10-08, 0.009, 0.009, 0.009, 0.009, 0.0, 0.009
2015-10-09, 0.009, 0.009, 0.009, 0.009, 0.0, 0.009
2015-10-12, 0.009, 0.009, 0.009, 0.009, 0.0, 0.009
2015-10-13, 0.009, 0.009, 0.009, 0.009, 0.0, 0.009
2015-10-14, 0.005, 0.005, 0.005, 0.005, 5000.0, 0.005
2015-10-15, 0.005, 0.005, 0.005, 0.005, 0.0, 0.005
2015-10-16, 0.005, 0.005, 0.005, 0.005, 0.0, 0.005
2015-10-19, 0.0031, 0.0031, 0.0031, 0.0031, 38000.0, 0.0031
2015-10-20, 0.0031, 0.0031, 0.0031, 0.0031, 0.0, 0.0031
2015-10-21, 0.0031, 0.0031, 0.0031, 0.0031, 0.0, 0.0031
2015-10-22, 0.00368, 0.00368, 0.0031, 0.0031, 20900.0, 0.0031
2015-10-23, 0.0031, 0.0031, 0.0031, 0.0031, 0.0, 0.0031
2015-10-26, 0.0031, 0.0031, 0.0031, 0.0031, 0.0, 0.0031
2015-10-27, 0.0031, 0.0031, 0.0031, 0.0031, 0.0, 0.0031
2015-10-28, 0.0031, 0.0031, 0.0031, 0.0031, 0.0, 0.0031
2015-10-29, 0.0031, 0.0031, 0.0031, 0.0031, 0.0, 0.0031
2015-10-30, 0.0031, 0.0031, 0.0031, 0.0031, 0.0, 0.0031
2015-11-02, 0.003, 0.003, 0.003, 0.003, 8500.0, 0.003
2015-11-03, 0.003, 0.003, 0.003, 0.003, 0.0, 0.003
2015-11-04, 0.003, 0.003, 0.003, 0.003, 0.0, 0.003
2015-11-05, 0.003, 0.003, 0.003, 0.003, 0.0, 0.003
2015-11-06, 0.003, 0.003, 0.003, 0.003, 0.0, 0.003
2015-11-09, 0.003, 0.003, 0.003, 0.003, 0.0, 0.003
2015-11-10, 0.003, 0.003, 0.003, 0.003, 0.0, 0.003
2015-11-11, 0.003, 0.003, 0.003, 0.003, 40000.0, 0.003
2015-11-12, 0.003, 0.003, 0.003, 0.003, 0.0, 0.003
2015-11-13, 0.003, 0.003, 0.003, 0.003, 10000.0, 0.003
2015-11-16, 0.0015, 0.004, 0.0015, 0.004, 23000.0, 0.004
2015-11-17, 0.004, 0.004, 0.004, 0.004, 0.0, 0.004
2015-11-18, 0.004, 0.004, 0.004, 0.004, 0.0, 0.004
2015-11-19, 0.0015, 0.0015, 0.0015, 0.0015, 184000.0, 0.0015
2015-11-20, 0.0015, 0.0015, 0.0015, 0.0015, 0.0, 0.0015
2015-11-23, 0.0015, 0.0015, 0.0015, 0.0015, 0.0, 0.0015
2015-11-24, 0.0015, 0.0015, 0.0015, 0.0015, 0.0, 0.0015
2015-11-25, 0.0015, 0.0015, 0.0015, 0.0015, 0.0, 0.0015
2015-11-26, 0.0015, 0.0015, 0.0015, 0.0015, 0.0, 0.0015
2015-11-27, 0.002, 0.002, 0.002, 0.002, 15000.0, 0.002
2015-11-30, 0.0015, 0.0015, 8.0E-4, 8.0E-4, 20000.0, 8.0E-4
2015-12-01, 8.0E-4, 8.0E-4, 8.0E-4, 8.0E-4, 0.0, 8.0E-4
2015-12-02, 8.0E-4, 8.0E-4, 8.0E-4, 8.0E-4, 0.0, 8.0E-4
2015-12-03, 8.0E-4, 8.0E-4, 8.0E-4, 8.0E-4, 0.0, 8.0E-4
2015-12-04, 0.00225, 0.00225, 0.0015, 0.0015, 5000.0, 0.0015
2015-12-07, 0.0016, 0.0016, 0.0016, 0.0016, 1000.0, 0.0016
2015-12-08, 0.0016, 0.0016, 0.0016, 0.0016, 0.0, 0.0016
2015-12-09, 0.0016, 0.0016, 0.0016, 0.0016, 0.0, 0.0016
2015-12-10, 0.0016, 0.0016, 0.0016, 0.0016, 0.0, 0.0016
2015-12-11, 0.0016, 0.0016, 0.0016, 0.0016, 0.0, 0.0016
2015-12-14, 0.0016, 0.0016, 0.0016, 0.0016, 0.0, 0.0016
2015-12-15, 0.0016, 0.0016, 0.0016, 0.0016, 0.0, 0.0016
2015-12-16, 0.0016, 0.0016, 0.0016, 0.0016, 0.0, 0.0016
2015-12-17, 0.0016, 0.0016, 0.0016, 0.0016, 0.0, 0.0016
2015-12-18, 0.0016, 0.0016, 0.0016, 0.0016, 0.0, 0.0016
2015-12-21, 0.0015, 0.0015, 0.0015, 0.0015, 149800.0, 0.0015
2015-12-22, 0.0015, 0.0015, 0.0015, 0.0015, 0.0, 0.0015
2015-12-23, 0.0015, 0.0015, 0.0015, 0.0015, 0.0, 0.0015
2015-12-24, 0.0015, 0.0015, 0.0015, 0.0015, 0.0, 0.0015
2015-12-25, 0.0015, 0.0015, 0.0015, 0.0015, 0.0, 0.0015
2015-12-28, 0.0015, 0.0015, 0.0015, 0.0015, 0.0, 0.0015
2015-12-29, 0.0015, 0.0015, 0.0015, 0.0015, 0.0, 0.0015
2015-12-30, 0.0015, 0.0015, 0.0015, 0.0015, 0.0, 0.0015
2015-12-31, 0.0015, 0.0015, 0.0015, 0.0015, 0.0, 0.0015
2016-01-01, 0.0015, 0.0015, 0.0015, 0.0015, 0.0, 0.0015
2016-01-04, 0.0015, 0.0015, 0.0015, 0.0015, 0.0, 0.0015
2016-01-05, 0.0015, 0.0015, 0.0015, 0.0015, 0.0, 0.0015
2016-01-06, 0.0015, 0.0015, 0.0015, 0.0015, 8000.0, 0.0015
2016-01-07, 0.0015, 0.0015, 0.0015, 0.0015, 0.0, 0.0015
2016-01-08, 0.0015, 0.0015, 0.0015, 0.0015, 344900.0, 0.0015
2016-01-11, 0.0015, 0.0015, 0.0015, 0.0015, 0.0, 0.0015
2016-01-12, 0.0015, 0.0015, 0.0015, 0.0015, 0.0, 0.0015
2016-01-13, 0.003, 0.003, 0.003, 0.003, 10000.0, 0.003
2016-01-14, 0.003, 0.003, 0.003, 0.003, 0.0, 0.003
2016-01-15, 0.003, 0.003, 0.003, 0.003, 0.0, 0.003
2016-01-18, 0.003, 0.003, 0.003, 0.003, 0.0, 0.003
2016-01-19, 0.003, 0.003, 0.003, 0.003, 0.0, 0.003
2016-01-20, 0.003, 0.003, 0.003, 0.003, 0.0, 0.003
2016-01-21, 0.003, 0.003, 0.003, 0.003, 0.0, 0.003
2016-01-22, 0.003, 0.003, 0.003, 0.003, 0.0, 0.003
2016-01-25, 0.003, 0.003, 0.003, 0.003, 0.0, 0.003
2016-01-26, 0.003, 0.003, 0.003, 0.003, 0.0, 0.003
2016-01-27, 0.003, 0.003, 0.003, 0.003, 0.0, 0.003
2016-01-28, 0.003, 0.003, 0.003, 0.003, 0.0, 0.003
2016-01-29, 0.003, 0.003, 0.003, 0.003, 0.0, 0.003
2016-02-01, 0.003, 0.003, 0.003, 0.003, 0.0, 0.003
2016-02-02, 0.003, 0.003, 0.003, 0.003, 0.0, 0.003
2016-02-03, 0.003, 0.003, 0.003, 0.003, 0.0, 0.003
2016-02-04, 0.003, 0.003, 0.003, 0.003, 0.0, 0.003
2016-02-05, 0.003, 0.003, 0.003, 0.003, 0.0, 0.003
2016-02-08, 0.003, 0.003, 0.003, 0.003, 0.0, 0.003
2016-02-09, 0.003, 0.003, 0.003, 0.003, 0.0, 0.003
2016-02-10, 0.003, 0.003, 0.003, 0.003, 0.0, 0.003
2016-02-11, 0.003, 0.003, 0.003, 0.003, 0.0, 0.003
2016-02-12, 0.003, 0.003, 0.003, 0.003, 0.0, 0.003
2016-02-15, 0.003, 0.003, 0.003, 0.003, 0.0, 0.003
2016-02-16, 0.003, 0.003, 0.003, 0.003, 0.0, 0.003
2016-02-17, 0.003, 0.003, 0.003, 0.003, 0.0, 0.003
2016-02-18, 0.003, 0.003, 0.003, 0.003, 0.0, 0.003
2016-02-19, 0.003, 0.003, 0.003, 0.003, 0.0, 0.003
2016-02-22, 0.003, 0.003, 0.003, 0.003, 0.0, 0.003
2016-02-23, 0.003, 0.003, 0.003, 0.003, 0.0, 0.003
2016-02-24, 0.003, 0.003, 0.003, 0.003, 0.0, 0.003
2016-02-25, 0.003, 0.003, 0.003, 0.003, 0.0, 0.003
2016-02-26, 0.003, 0.003, 0.003, 0.003, 0.0, 0.003
2016-02-29, 0.003, 0.003, 0.003, 0.003, 0.0, 0.003
2016-03-01, 5.0E-4, 5.0E-4, 5.0E-4, 5.0E-4, 10000.0, 5.0E-4
2016-03-02, 5.0E-4, 5.0E-4, 5.0E-4, 5.0E-4, 0.0, 5.0E-4
2016-03-03, 5.0E-4, 5.0E-4, 5.0E-4, 5.0E-4, 0.0, 5.0E-4
2016-03-04, 5.0E-4, 5.0E-4, 5.0E-4, 5.0E-4, 0.0, 5.0E-4
2016-03-07, 5.0E-4, 5.0E-4, 5.0E-4, 5.0E-4, 0.0, 5.0E-4
2016-03-08, 5.0E-4, 5.0E-4, 5.0E-4, 5.0E-4, 0.0, 5.0E-4
2016-03-09, 5.0E-4, 5.0E-4, 5.0E-4, 5.0E-4, 0.0, 5.0E-4
2016-03-10, 5.0E-4, 5.0E-4, 5.0E-4, 5.0E-4, 0.0, 5.0E-4
2016-03-11, 5.0E-4, 5.0E-4, 5.0E-4, 5.0E-4, 0.0, 5.0E-4
2016-03-14, 5.0E-4, 5.0E-4, 5.0E-4, 5.0E-4, 58000.0, 5.0E-4
2016-03-15, 5.0E-4, 5.0E-4, 5.0E-4, 5.0E-4, 0.0, 5.0E-4
2016-03-16, 5.0E-4, 5.0E-4, 5.0E-4, 5.0E-4, 0.0, 5.0E-4
2016-03-17, 5.0E-4, 5.0E-4, 5.0E-4, 5.0E-4, 0.0, 5.0E-4
2016-03-18, 5.0E-4, 5.0E-4, 5.0E-4, 5.0E-4, 0.0, 5.0E-4
2016-03-21, 5.0E-4, 5.0E-4, 5.0E-4, 5.0E-4, 0.0, 5.0E-4
2016-03-22, 5.0E-4, 5.0E-4, 5.0E-4, 5.0E-4, 0.0, 5.0E-4
2016-03-23, 5.0E-4, 5.0E-4, 5.0E-4, 5.0E-4, 0.0, 5.0E-4
2016-03-24, 5.0E-4, 5.0E-4, 5.0E-4, 5.0E-4, 0.0, 5.0E-4
2016-03-25, 5.0E-4, 5.0E-4, 5.0E-4, 5.0E-4, 0.0, 5.0E-4
2016-03-28, 5.0E-4, 5.0E-4, 5.0E-4, 5.0E-4, 0.0, 5.0E-4
2016-03-29, 5.0E-4, 5.0E-4, 5.0E-4, 5.0E-4, 0.0, 5.0E-4
2016-03-30, 5.0E-4, 5.0E-4, 5.0E-4, 5.0E-4, 0.0, 5.0E-4
2016-03-31, 5.0E-4, 5.0E-4, 5.0E-4, 5.0E-4, 0.0, 5.0E-4
2016-04-01, 5.0E-4, 5.0E-4, 5.0E-4, 5.0E-4, 0.0, 5.0E-4
2016-04-04, 0.008, 0.03, 0.008, 0.03, 289000.0, 0.03
2016-04-05, 0.01253, 0.015, 0.01, 0.014, 78300.0, 0.014
2016-04-06, 0.014, 0.025, 0.014, 0.025, 100000.0, 0.025
2016-04-07, 0.025, 0.025, 0.025, 0.025, 25000.0, 0.025
2016-04-08, 0.02655, 0.03, 0.02655, 0.03, 27000.0, 0.03
2016-04-11, 0.03, 0.033, 0.03, 0.03, 65000.0, 0.03
2016-04-12, 0.03, 0.03, 0.03, 0.03, 0.0, 0.03
2016-04-13, 0.02, 0.02, 0.02, 0.02, 500.0, 0.02
2016-04-14, 0.02, 0.02, 0.02, 0.02, 0.0, 0.02
2016-04-15, 0.02, 0.02, 0.02, 0.02, 0.0, 0.02
2016-04-18, 0.02, 0.02, 0.02, 0.02, 13000.0, 0.02
2016-04-19, 0.02, 0.02, 0.02, 0.02, 0.0, 0.02
2016-04-20, 0.021, 0.045, 0.021, 0.045, 247800.0, 0.045
2016-04-21, 0.05, 0.05, 0.05, 0.05, 24800.0, 0.05
2016-04-22, 0.053, 0.055, 0.04, 0.055, 79300.0, 0.055
2016-04-25, 0.055, 0.055, 0.055, 0.055, 1200.0, 0.055
2016-04-26, 0.055, 0.055, 0.055, 0.055, 0.0, 0.055
2016-04-27, 0.055, 0.055, 0.055, 0.055, 0.0, 0.055
2016-04-28, 0.03, 0.04925, 0.03, 0.04925, 8500.0, 0.04925
2016-04-29, 0.04925, 0.04925, 0.04925, 0.04925, 1200.0, 0.04925
2016-05-02, 0.04925, 0.04925, 0.04925, 0.04925, 0.0, 0.04925
2016-05-03, 0.04925, 0.04925, 0.04925, 0.04925, 0.0, 0.04925
2016-05-04, 0.04925, 0.04925, 0.04925, 0.04925, 0.0, 0.04925
2016-05-05, 0.04925, 0.04925, 0.04925, 0.04925, 0.0, 0.04925
2016-05-06, 0.04925, 0.04925, 0.04925, 0.04925, 0.0, 0.04925
2016-05-09, 0.03, 0.0525, 0.03, 0.0525, 7700.0, 0.0525
2016-05-10, 0.035, 0.035, 0.03, 0.03, 68000.0, 0.03
2016-05-11, 0.03009, 0.03009, 0.03, 0.03, 30000.0, 0.03
2016-05-12, 0.03, 0.03, 0.03, 0.03, 0.0, 0.03
2016-05-13, 0.03, 0.03, 0.03, 0.03, 500.0, 0.03
2016-05-16, 0.03, 0.03, 0.03, 0.03, 0.0, 0.03
2016-05-17, 0.03, 0.03, 0.03, 0.03, 20100.0, 0.03
2016-05-18, 0.04, 0.04, 0.04, 0.04, 35000.0, 0.04
2016-05-19, 0.04, 0.04, 0.04, 0.04, 0.0, 0.04
2016-05-20, 0.04655, 0.04655, 0.04655, 0.04655, 1000.0, 0.04655
2016-05-23, 0.05, 0.05, 0.05, 0.05, 100.0, 0.05
2016-05-24, 0.04, 0.04, 0.04, 0.04, 110000.0, 0.04
2016-05-25, 0.035, 0.035, 0.035, 0.035, 12200.0, 0.035
2016-05-26, 0.04, 0.04, 0.03, 0.03, 14000.0, 0.03
2016-05-27, 0.03, 0.03, 0.03, 0.03, 0.0, 0.03
2016-05-30, 0.03, 0.03, 0.03, 0.03, 0.0, 0.03
2016-05-31, 0.03, 0.03, 0.03, 0.03, 0.0, 0.03
2016-06-01, 0.03009, 0.0354, 0.03, 0.0354, 60000.0, 0.0354
2016-06-02, 0.03885, 0.0389, 0.03885, 0.03885, 12600.0, 0.03885
2016-06-03, 0.031, 0.031, 0.031, 0.031, 125000.0, 0.031
2016-06-06, 0.031, 0.031, 0.031, 0.031, 0.0, 0.031
2016-06-07, 0.031, 0.031, 0.031, 0.031, 0.0, 0.031
2016-06-08, 0.031, 0.031, 0.031, 0.031, 0.0, 0.031
2016-06-09, 0.03, 0.03, 0.0299, 0.0299, 20000.0, 0.0299
2016-06-10, 0.04, 0.05, 0.03798, 0.05, 131300.0, 0.05
2016-06-13, 0.05, 0.05, 0.05, 0.05, 0.0, 0.05
2016-06-14, 0.05, 0.05, 0.05, 0.05, 0.0, 0.05
2016-06-15, 0.05, 0.05, 0.05, 0.05, 0.0, 0.05
2016-06-16, 0.05, 0.05, 0.05, 0.05, 0.0, 0.05
2016-06-17, 0.05, 0.05, 0.05, 0.05, 5000.0, 0.05
2016-06-20, 0.035, 0.035, 0.03, 0.03, 20000.0, 0.03
2016-06-21, 0.031, 0.031, 0.031, 0.031, 23100.0, 0.031
2016-06-22, 0.04425, 0.05, 0.04425, 0.05, 1600.0, 0.05
2016-06-23, 0.0475, 0.0475, 0.0475, 0.0475, 1500.0, 0.0475
2016-06-24, 0.0475, 0.0475, 0.0475, 0.0475, 0.0, 0.0475
2016-06-27, 0.0475, 0.0475, 0.0475, 0.0475, 0.0, 0.0475
2016-06-28, 0.0475, 0.0475, 0.0475, 0.0475, 0.0, 0.0475
2016-06-29, 0.0475, 0.0475, 0.0475, 0.0475, 0.0, 0.0475
2016-06-30, 0.0475, 0.0475, 0.0475, 0.0475, 0.0, 0.0475
2016-07-01, 0.0475, 0.0475, 0.0475, 0.0475, 0.0, 0.0475
2016-07-04, 0.0475, 0.0475, 0.0475, 0.0475, 0.0, 0.0475
2016-07-05, 0.03, 0.03, 0.03, 0.03, 100.0, 0.03
2016-07-06, 0.03, 0.03, 0.03, 0.03, 0.0, 0.03
