2011-11-17, 18.0, 18.75, 15.02, 16.26, 6507700.0, 16.26
2011-11-18, 16.25, 16.3, 15.6, 15.8, 584100.0, 15.8
2011-11-21, 15.4, 15.75, 14.31, 15.4, 469600.0, 15.4
2011-11-22, 15.01, 16.79, 15.01, 16.12, 211300.0, 16.12
2011-11-23, 15.75, 15.99, 14.5, 14.77, 430500.0, 14.77
2011-11-25, 14.07, 14.26, 13.1, 13.5, 347200.0, 13.5
2011-11-28, 13.89, 13.89, 12.84, 13.0, 925500.0, 13.0
2011-11-29, 13.19, 13.19, 11.56, 11.8, 1676500.0, 11.8
2011-11-30, 12.3, 12.3, 10.77, 11.56, 1037100.0, 11.56
2011-12-01, 11.87, 12.56, 11.16, 12.55, 403800.0, 12.55
2011-12-02, 13.22, 14.7, 13.18, 14.01, 497500.0, 14.01
2011-12-05, 16.0, 16.74, 13.26, 13.63, 872400.0, 13.63
2011-12-06, 13.47, 14.22, 13.37, 14.01, 372400.0, 14.01
2011-12-07, 13.97, 15.77, 13.89, 15.61, 419300.0, 15.61
2011-12-08, 15.75, 16.15, 15.22, 16.15, 227700.0, 16.15
2011-12-09, 16.25, 16.25, 15.45, 16.03, 199600.0, 16.03
2011-12-12, 15.85, 16.6, 14.7, 16.49, 224400.0, 16.49
2011-12-13, 17.97, 17.97, 16.17, 16.75, 467500.0, 16.75
2011-12-14, 16.52, 17.28, 15.45, 16.42, 178000.0, 16.42
2011-12-15, 16.72, 16.9, 15.7, 16.0, 113400.0, 16.0
2011-12-16, 16.67, 16.67, 15.21, 15.73, 1563900.0, 15.73
2011-12-19, 16.15, 16.25, 15.0, 15.65, 121700.0, 15.65
2011-12-20, 16.01, 16.08, 15.35, 15.9, 82500.0, 15.9
2011-12-21, 15.77, 16.02, 15.51, 16.0, 404900.0, 16.0
2011-12-22, 16.13, 16.4, 15.62, 16.08, 130500.0, 16.08
2011-12-23, 16.08, 16.54, 15.52, 16.53, 173100.0, 16.53
2011-12-27, 16.37, 16.75, 16.19, 16.69, 196500.0, 16.69
2011-12-28, 16.74, 16.74, 16.24, 16.39, 151600.0, 16.39
2011-12-29, 16.3, 16.3, 15.37, 15.99, 204700.0, 15.99
2011-12-30, 15.95, 16.19, 15.81, 16.1, 240200.0, 16.1
2012-01-03, 16.4, 16.4, 14.79, 15.09, 257000.0, 15.09
2012-01-04, 14.87, 15.0, 13.79, 14.09, 339300.0, 14.09
2012-01-05, 13.98, 14.1, 13.49, 13.79, 283000.0, 13.79
2012-01-06, 13.71, 13.71, 12.81, 13.23, 382200.0, 13.23
2012-01-09, 13.24, 13.42, 12.98, 13.41, 161400.0, 13.41
2012-01-10, 13.49, 14.33, 13.37, 13.86, 316300.0, 13.86
2012-01-11, 13.75, 14.12, 13.5, 14.03, 252700.0, 14.03
2012-01-12, 13.92, 15.06, 13.81, 15.03, 157200.0, 15.03
2012-01-13, 14.8, 15.15, 14.33, 15.1, 74000.0, 15.1
2012-01-17, 15.18, 15.99, 15.09, 15.75, 153700.0, 15.75
2012-01-18, 15.84, 15.95, 15.63, 15.9, 80200.0, 15.9
2012-01-19, 15.99, 16.29, 15.7, 15.9, 128900.0, 15.9
2012-01-20, 15.94, 15.97, 15.28, 15.7, 126800.0, 15.7
2012-01-23, 15.67, 16.05, 15.05, 15.8, 143700.0, 15.8
2012-01-24, 15.69, 16.25, 15.11, 15.8, 181300.0, 15.8
2012-01-25, 15.7, 16.24, 15.6, 15.64, 231100.0, 15.64
2012-01-26, 15.85, 15.85, 15.39, 15.59, 322600.0, 15.59
2012-01-27, 15.59, 15.85, 15.2, 15.2, 166200.0, 15.2
2012-01-30, 15.18, 15.4, 14.62, 14.72, 86100.0, 14.72
2012-01-31, 14.88, 14.89, 14.64, 14.74, 105100.0, 14.74
2012-02-01, 14.74, 14.82, 13.9, 14.23, 142200.0, 14.23
2012-02-02, 14.19, 14.74, 14.03, 14.68, 112400.0, 14.68
2012-02-03, 14.79, 15.4, 14.65, 14.91, 216200.0, 14.91
2012-02-06, 14.87, 14.9, 14.41, 14.73, 93100.0, 14.73
2012-02-07, 14.68, 15.99, 14.61, 15.43, 223000.0, 15.43
2012-02-08, 15.5, 16.43, 15.11, 16.27, 179500.0, 16.27
2012-02-09, 16.27, 16.3, 15.79, 16.05, 95100.0, 16.05
2012-02-10, 16.01, 16.34, 15.87, 16.14, 102900.0, 16.14
2012-02-13, 16.22, 16.5, 16.01, 16.41, 211700.0, 16.41
2012-02-14, 16.43, 16.49, 15.48, 15.61, 141500.0, 15.61
2012-02-15, 15.62, 15.62, 14.96, 15.05, 178700.0, 15.05
2012-02-16, 15.04, 15.64, 14.81, 15.41, 77700.0, 15.41
2012-02-17, 15.5, 15.5, 14.91, 14.92, 227300.0, 14.92
2012-02-21, 14.92, 15.5, 14.81, 14.93, 141100.0, 14.93
2012-02-22, 14.9, 14.9, 14.35, 14.46, 186400.0, 14.46
2012-02-23, 15.71, 17.58, 14.47, 15.47, 1110100.0, 15.47
2012-02-24, 15.47, 15.83, 15.0, 15.61, 156900.0, 15.61
2012-02-27, 15.5, 16.16, 15.5, 15.84, 63500.0, 15.84
2012-02-28, 15.84, 16.1, 15.3, 15.98, 97900.0, 15.98
2012-02-29, 15.95, 16.31, 15.73, 16.0, 49000.0, 16.0
2012-03-01, 15.99, 16.22, 15.24, 16.12, 50900.0, 16.12
2012-03-02, 16.21, 16.75, 15.21, 15.25, 159800.0, 15.25
2012-03-05, 15.32, 15.93, 14.5, 15.61, 138400.0, 15.61
2012-03-06, 15.51, 15.51, 14.64, 14.79, 109600.0, 14.79
2012-03-07, 15.05, 15.58, 14.59, 15.5, 104900.0, 15.5
2012-03-08, 15.84, 15.99, 15.21, 15.48, 201600.0, 15.48
2012-03-09, 15.44, 15.66, 15.0, 15.5, 77500.0, 15.5
2012-03-12, 15.44, 15.97, 15.24, 15.93, 85600.0, 15.93
2012-03-13, 15.99, 16.11, 15.58, 16.04, 112700.0, 16.04
2012-03-14, 15.92, 15.92, 15.64, 15.73, 83900.0, 15.73
2012-03-15, 15.75, 16.2, 15.4, 16.13, 145000.0, 16.13
2012-03-16, 16.29, 16.31, 15.86, 16.08, 118700.0, 16.08
2012-03-19, 16.51, 18.38, 16.27, 17.83, 213400.0, 17.83
2012-03-20, 17.73, 18.15, 17.2, 17.28, 334100.0, 17.28
2012-03-21, 17.44, 17.44, 16.58, 16.8, 83200.0, 16.8
2012-03-22, 16.69, 17.07, 16.49, 17.04, 173500.0, 17.04
2012-03-23, 16.99, 17.1, 16.68, 17.06, 137400.0, 17.06
2012-03-26, 17.18, 17.79, 16.95, 17.57, 177600.0, 17.57
2012-03-27, 17.54, 17.97, 17.5, 17.9, 128300.0, 17.9
2012-03-28, 17.87, 19.77, 17.87, 18.91, 269700.0, 18.91
2012-03-29, 18.87, 19.82, 17.0, 17.97, 381500.0, 17.97
2012-03-30, 18.07, 19.24, 18.07, 18.89, 344600.0, 18.89
2012-04-02, 18.78, 18.78, 17.45, 18.35, 132300.0, 18.35
2012-04-03, 18.3, 18.42, 17.37, 17.49, 89700.0, 17.49
2012-04-04, 17.25, 17.62, 16.65, 16.86, 127400.0, 16.86
2012-04-05, 16.84, 17.66, 16.0, 16.02, 72100.0, 16.02
2012-04-09, 16.0, 16.23, 14.88, 14.95, 178200.0, 14.95
2012-04-10, 15.05, 15.47, 14.5, 14.52, 118600.0, 14.52
2012-04-11, 14.6, 15.22, 14.5, 14.58, 68100.0, 14.58
2012-04-12, 14.56, 15.34, 14.56, 15.12, 55900.0, 15.12
2012-04-13, 15.03, 15.59, 14.62, 14.64, 101200.0, 14.64
2012-04-16, 14.66, 15.47, 14.66, 14.99, 232200.0, 14.99
2012-04-17, 15.03, 15.81, 15.03, 15.42, 152800.0, 15.42
2012-04-18, 15.36, 15.49, 14.91, 15.26, 48600.0, 15.26
2012-04-19, 15.26, 15.6, 14.64, 14.67, 156500.0, 14.67
2012-04-20, 15.14, 15.14, 14.5, 14.61, 165300.0, 14.61
2012-04-23, 14.5, 14.67, 14.25, 14.63, 222400.0, 14.63
2012-04-24, 14.65, 14.65, 13.75, 14.26, 297000.0, 14.26
2012-04-25, 14.34, 14.41, 13.57, 13.96, 222300.0, 13.96
2012-04-26, 13.89, 14.22, 13.26, 13.88, 392700.0, 13.88
2012-04-27, 14.25, 15.5, 13.95, 14.06, 530400.0, 14.06
2012-04-30, 14.1, 14.45, 13.6, 13.95, 236100.0, 13.95
2012-05-01, 13.92, 13.99, 13.09, 13.54, 362300.0, 13.54
2012-05-02, 13.43, 14.42, 12.88, 14.27, 458700.0, 14.27
2012-05-03, 15.39, 15.44, 13.71, 14.11, 387100.0, 14.11
2012-05-04, 13.94, 14.5, 13.88, 14.07, 119200.0, 14.07
2012-05-07, 14.03, 14.22, 13.75, 14.0, 92600.0, 14.0
2012-05-08, 13.91, 14.56, 13.64, 14.22, 209300.0, 14.22
2012-05-09, 17.0, 17.0, 13.61, 14.56, 326300.0, 14.56
2012-05-10, 14.95, 14.95, 14.24, 14.58, 94000.0, 14.58
2012-05-11, 14.58, 14.75, 13.89, 14.41, 324400.0, 14.41
2012-05-14, 14.36, 14.67, 13.9, 14.01, 140000.0, 14.01
2012-05-15, 13.7, 13.7, 12.91, 13.14, 613900.0, 13.14
2012-05-16, 13.3, 13.75, 13.06, 13.53, 3281700.0, 13.53
2012-05-17, 13.17, 13.56, 12.92, 13.35, 932600.0, 13.35
2012-05-18, 13.59, 13.59, 13.0, 13.07, 493000.0, 13.07
2012-05-21, 13.15, 13.15, 12.75, 12.89, 1099400.0, 12.89
2012-05-22, 13.0, 13.0, 12.25, 12.7, 950700.0, 12.7
2012-05-23, 12.5, 12.6, 12.0, 12.25, 818000.0, 12.25
2012-05-24, 12.15, 12.57, 11.81, 12.4, 457500.0, 12.4
2012-05-25, 12.32, 12.86, 12.06, 12.4, 311600.0, 12.4
2012-05-29, 12.4, 12.46, 11.78, 12.11, 568000.0, 12.11
2012-05-30, 12.46, 12.5, 11.77, 12.26, 952600.0, 12.26
2012-05-31, 12.08, 12.77, 12.08, 12.77, 1587800.0, 12.77
2012-06-01, 12.44, 12.55, 12.02, 12.54, 446000.0, 12.54
2012-06-04, 12.59, 13.01, 12.34, 12.98, 340400.0, 12.98
2012-06-05, 13.07, 13.45, 12.84, 13.43, 293800.0, 13.43
2012-06-06, 13.46, 14.0, 13.21, 14.0, 273500.0, 14.0
2012-06-07, 14.2, 14.2, 13.61, 13.69, 358000.0, 13.69
2012-06-08, 13.64, 14.0, 13.17, 13.96, 190300.0, 13.96
2012-06-11, 14.0, 14.26, 13.49, 13.92, 383700.0, 13.92
2012-06-12, 13.99, 14.09, 13.73, 14.03, 264400.0, 14.03
2012-06-13, 14.05, 14.75, 13.91, 14.65, 430400.0, 14.65
2012-06-14, 14.62, 14.96, 14.3, 14.53, 372800.0, 14.53
2012-06-15, 14.46, 14.7, 14.35, 14.56, 264200.0, 14.56
2012-06-18, 14.35, 14.98, 14.16, 14.8, 532200.0, 14.8
2012-06-19, 14.81, 15.02, 14.7, 15.01, 485700.0, 15.01
2012-06-20, 14.92, 14.99, 14.36, 14.56, 188900.0, 14.56
2012-06-21, 14.53, 14.66, 14.25, 14.64, 319300.0, 14.64
2012-06-22, 14.66, 15.06, 14.45, 15.06, 4058400.0, 15.06
2012-06-25, 14.75, 15.35, 14.42, 15.1, 326800.0, 15.1
2012-06-26, 15.12, 15.31, 14.83, 15.26, 173400.0, 15.26
2012-06-27, 15.18, 15.53, 15.14, 15.43, 209100.0, 15.43
2012-06-28, 15.25, 15.47, 14.79, 15.47, 276200.0, 15.47
2012-06-29, 15.65, 15.87, 15.15, 15.84, 250700.0, 15.84
2012-07-02, 15.72, 15.89, 15.53, 15.82, 162700.0, 15.82
2012-07-03, 15.79, 15.98, 15.52, 15.86, 101100.0, 15.86
2012-07-05, 15.86, 16.03, 15.75, 15.91, 124700.0, 15.91
2012-07-06, 15.72, 16.06, 15.67, 15.9, 136600.0, 15.9
2012-07-09, 15.94, 16.0, 15.58, 15.7, 107700.0, 15.7
2012-07-10, 15.7, 15.7, 15.37, 15.5, 184400.0, 15.5
2012-07-11, 15.44, 15.54, 14.41, 14.71, 345500.0, 14.71
2012-07-12, 14.61, 14.7, 14.16, 14.45, 189200.0, 14.45
2012-07-13, 14.47, 14.87, 14.16, 14.74, 270100.0, 14.74
2012-07-16, 14.66, 14.7, 14.55, 14.62, 85300.0, 14.62
2012-07-17, 14.66, 14.95, 14.55, 14.93, 248800.0, 14.93
2012-07-18, 14.88, 15.37, 14.79, 15.03, 243900.0, 15.03
2012-07-19, 15.05, 15.16, 14.87, 14.98, 131800.0, 14.98
2012-07-20, 14.9, 15.0, 14.51, 14.59, 422400.0, 14.59
2012-07-23, 14.4, 14.4, 13.72, 14.02, 420800.0, 14.02
2012-07-24, 14.02, 14.38, 13.83, 14.04, 179400.0, 14.04
2012-07-25, 14.08, 14.8, 14.08, 14.55, 331100.0, 14.55
2012-07-26, 14.5, 14.5, 12.83, 13.07, 821700.0, 13.07
2012-07-27, 12.8, 13.22, 12.07, 13.04, 496100.0, 13.04
2012-07-30, 13.02, 13.47, 12.94, 13.18, 292400.0, 13.18
2012-07-31, 13.16, 13.89, 12.89, 13.0, 457200.0, 13.0
2012-08-01, 13.07, 13.1, 12.34, 12.36, 289000.0, 12.36
2012-08-02, 12.28, 12.47, 12.03, 12.19, 212600.0, 12.19
2012-08-03, 12.42, 13.98, 12.1, 13.09, 319400.0, 13.09
2012-08-06, 13.05, 13.59, 12.81, 13.3, 144000.0, 13.3
2012-08-07, 13.31, 13.47, 12.79, 13.23, 138300.0, 13.23
2012-08-08, 13.17, 14.0, 12.94, 13.33, 134800.0, 13.33
2012-08-09, 13.3, 13.74, 13.08, 13.41, 142800.0, 13.41
2012-08-10, 13.44, 13.44, 12.79, 12.88, 96300.0, 12.88
2012-08-13, 12.85, 13.94, 12.75, 13.29, 198400.0, 13.29
2012-08-14, 12.77, 12.8, 10.85, 11.17, 3464300.0, 11.17
2012-08-15, 11.16, 11.35, 11.05, 11.2, 631100.0, 11.2
2012-08-16, 11.22, 11.25, 10.92, 11.16, 371800.0, 11.16
2012-08-17, 11.12, 11.16, 10.43, 10.64, 502800.0, 10.64
2012-08-20, 10.62, 10.67, 9.7, 9.85, 1029100.0, 9.85
2012-08-21, 9.85, 9.91, 9.67, 9.75, 827500.0, 9.75
2012-08-22, 9.77, 9.8, 9.52, 9.7, 754200.0, 9.7
2012-08-23, 9.65, 9.94, 9.43, 9.56, 530600.0, 9.56
2012-08-24, 9.52, 9.71, 9.19, 9.69, 610200.0, 9.69
2012-08-27, 9.61, 9.77, 9.0, 9.02, 354300.0, 9.02
2012-08-28, 9.05, 9.29, 8.98, 9.03, 925500.0, 9.03
2012-08-29, 9.6, 10.41, 9.31, 10.22, 1312900.0, 10.22
2012-08-30, 9.96, 9.99, 9.51, 9.66, 441900.0, 9.66
2012-08-31, 9.72, 9.9, 9.53, 9.56, 616600.0, 9.56
2012-09-04, 9.56, 9.77, 9.42, 9.63, 173900.0, 9.63
2012-09-05, 9.51, 9.83, 9.26, 9.35, 515500.0, 9.35
2012-09-06, 9.41, 9.55, 8.94, 9.5, 402000.0, 9.5
2012-09-07, 9.51, 9.81, 9.47, 9.73, 222700.0, 9.73
2012-09-10, 10.0, 10.05, 9.6, 9.89, 1312400.0, 9.89
2012-09-11, 9.94, 11.14, 9.85, 10.93, 1240000.0, 10.93
2012-09-12, 10.74, 10.93, 10.54, 10.73, 605800.0, 10.73
2012-09-13, 10.34, 11.12, 10.23, 11.02, 644000.0, 11.02
2012-09-14, 11.06, 11.63, 10.95, 11.45, 655300.0, 11.45
2012-09-17, 11.4, 11.47, 11.22, 11.35, 181200.0, 11.35
2012-09-18, 11.3, 11.91, 11.0, 11.71, 379800.0, 11.71
2012-09-19, 11.77, 12.0, 11.5, 11.88, 550000.0, 11.88
2012-09-20, 11.81, 12.15, 11.81, 12.02, 586000.0, 12.02
2012-09-21, 11.86, 12.23, 11.85, 12.17, 916600.0, 12.17
2012-09-24, 12.12, 12.18, 11.69, 11.72, 316100.0, 11.72
2012-09-25, 11.79, 11.79, 10.6, 11.1, 690800.0, 11.1
2012-09-26, 10.59, 11.29, 10.59, 10.91, 456700.0, 10.91
2012-09-27, 10.95, 11.25, 10.95, 11.17, 181400.0, 11.17
2012-09-28, 11.1, 11.21, 10.39, 10.58, 517100.0, 10.58
2012-10-01, 10.61, 10.72, 10.39, 10.58, 231500.0, 10.58
2012-10-02, 10.65, 10.78, 10.28, 10.52, 204300.0, 10.52
2012-10-03, 10.51, 10.62, 10.29, 10.36, 280200.0, 10.36
2012-10-04, 10.41, 10.99, 10.19, 10.97, 293800.0, 10.97
2012-10-05, 10.99, 11.09, 10.73, 10.8, 175500.0, 10.8
2012-10-08, 10.76, 10.99, 10.48, 10.6, 188200.0, 10.6
2012-10-09, 10.61, 10.64, 10.08, 10.16, 188000.0, 10.16
2012-10-10, 10.14, 10.23, 9.81, 9.97, 300500.0, 9.97
2012-10-11, 10.02, 10.56, 10.02, 10.56, 208200.0, 10.56
2012-10-12, 10.56, 11.0, 10.15, 10.21, 234400.0, 10.21
2012-10-15, 10.22, 10.24, 9.98, 9.99, 368600.0, 9.99
2012-10-16, 10.07, 10.07, 9.5, 9.95, 604200.0, 9.95
2012-10-17, 9.95, 10.18, 9.86, 9.99, 265500.0, 9.99
2012-10-18, 9.91, 10.15, 9.68, 9.76, 297200.0, 9.76
2012-10-19, 9.69, 9.81, 9.19, 9.32, 721200.0, 9.32
2012-10-22, 9.27, 9.56, 9.16, 9.33, 525000.0, 9.33
2012-10-23, 9.22, 9.38, 9.0, 9.18, 756500.0, 9.18
2012-10-24, 9.36, 9.51, 8.95, 9.09, 727200.0, 9.09
2012-10-25, 11.1, 11.94, 10.67, 11.56, 4170100.0, 11.56
2012-10-26, 11.61, 11.85, 11.13, 11.66, 786200.0, 11.66
2012-10-31, 11.51, 11.6, 10.93, 11.44, 771600.0, 11.44
2012-11-01, 11.3, 11.38, 10.82, 11.0, 541700.0, 11.0
2012-11-02, 11.0, 11.4, 10.46, 10.56, 633300.0, 10.56
2012-11-05, 10.53, 10.95, 10.38, 10.73, 866500.0, 10.73
2012-11-06, 10.78, 10.85, 10.65, 10.81, 391200.0, 10.81
2012-11-07, 10.69, 10.71, 10.29, 10.52, 417000.0, 10.52
2012-11-08, 10.44, 10.59, 10.03, 10.1, 423100.0, 10.1
2012-11-09, 10.05, 10.06, 9.69, 9.88, 434600.0, 9.88
2012-11-12, 9.94, 10.35, 9.72, 10.18, 265900.0, 10.18
2012-11-13, 10.09, 10.39, 10.07, 10.13, 412800.0, 10.13
2012-11-14, 10.15, 10.22, 9.88, 10.04, 339100.0, 10.04
2012-11-15, 10.01, 10.22, 9.86, 10.16, 237200.0, 10.16
2012-11-16, 10.14, 10.58, 9.88, 10.42, 629800.0, 10.42
2012-11-19, 10.42, 10.74, 10.17, 10.58, 549000.0, 10.58
2012-11-20, 10.54, 10.84, 10.38, 10.7, 227200.0, 10.7
2012-11-21, 10.69, 10.83, 10.27, 10.7, 166600.0, 10.7
2012-11-23, 10.77, 10.81, 10.65, 10.76, 71200.0, 10.76
2012-11-26, 10.69, 10.83, 10.59, 10.78, 170400.0, 10.78
2012-11-27, 11.1, 11.37, 10.95, 11.01, 563100.0, 11.01
2012-11-28, 11.03, 11.25, 10.84, 11.17, 322500.0, 11.17
2012-11-29, 11.24, 11.42, 11.09, 11.41, 291700.0, 11.41
2012-11-30, 11.42, 11.47, 10.79, 11.11, 898400.0, 11.11
2012-12-03, 11.21, 11.39, 11.04, 11.07, 249900.0, 11.07
2012-12-04, 11.09, 11.09, 10.35, 10.54, 262800.0, 10.54
2012-12-05, 10.59, 10.8, 10.48, 10.5, 189200.0, 10.5
2012-12-06, 10.52, 10.73, 10.49, 10.54, 108900.0, 10.54
2012-12-07, 10.59, 10.65, 10.46, 10.6, 86400.0, 10.6
2012-12-10, 10.62, 10.75, 10.48, 10.53, 260600.0, 10.53
2012-12-11, 10.54, 11.08, 10.5, 10.89, 418900.0, 10.89
2012-12-12, 10.92, 10.92, 10.45, 10.55, 225100.0, 10.55
2012-12-13, 10.59, 10.77, 10.53, 10.74, 148100.0, 10.74
2012-12-14, 11.15, 11.28, 10.65, 10.7, 322900.0, 10.7
2012-12-17, 10.77, 11.3, 10.71, 11.25, 449300.0, 11.25
2012-12-18, 11.27, 11.7, 11.2, 11.59, 486400.0, 11.59
2012-12-19, 11.58, 11.8, 11.5, 11.78, 254700.0, 11.78
2012-12-20, 11.77, 12.03, 11.42, 11.95, 332500.0, 11.95
2012-12-21, 11.67, 11.97, 11.54, 11.97, 497600.0, 11.97
2012-12-24, 11.94, 11.96, 11.51, 11.87, 102800.0, 11.87
2012-12-26, 11.89, 11.89, 11.69, 11.78, 274500.0, 11.78
2012-12-27, 11.76, 12.06, 11.67, 12.02, 247500.0, 12.02
2012-12-28, 11.93, 11.93, 11.54, 11.75, 311200.0, 11.75
2012-12-31, 11.46, 12.08, 11.46, 11.99, 503900.0, 11.99
2013-01-02, 12.29, 12.3, 11.71, 11.99, 1164900.0, 11.99
2013-01-03, 11.98, 11.99, 11.5, 11.55, 192100.0, 11.55
2013-01-04, 11.63, 11.63, 11.35, 11.5, 191900.0, 11.5
2013-01-07, 11.41, 11.55, 11.16, 11.45, 207900.0, 11.45
2013-01-08, 11.47, 11.74, 11.14, 11.28, 208600.0, 11.28
2013-01-09, 11.33, 11.69, 11.21, 11.39, 255900.0, 11.39
2013-01-10, 11.53, 11.95, 11.41, 11.79, 780100.0, 11.79
2013-01-11, 11.84, 12.05, 11.68, 11.98, 731300.0, 11.98
2013-01-14, 12.07, 12.12, 11.99, 12.11, 525600.0, 12.11
2013-01-15, 12.57, 12.87, 12.32, 12.49, 949800.0, 12.49
2013-01-16, 12.54, 12.67, 12.13, 12.25, 484000.0, 12.25
2013-01-17, 12.32, 12.32, 11.72, 11.85, 599300.0, 11.85
2013-01-18, 11.83, 11.89, 11.55, 11.62, 473200.0, 11.62
2013-01-22, 11.7, 11.86, 11.42, 11.61, 521500.0, 11.61
2013-01-23, 11.66, 11.68, 11.44, 11.56, 331500.0, 11.56
2013-01-24, 11.57, 11.83, 11.26, 11.63, 489800.0, 11.63
2013-01-25, 11.64, 11.75, 11.55, 11.68, 336600.0, 11.68
2013-01-28, 11.71, 11.76, 11.62, 11.67, 1070900.0, 11.67
2013-01-29, 11.72, 12.1, 11.55, 11.93, 713000.0, 11.93
2013-01-30, 11.88, 12.72, 11.72, 12.72, 679300.0, 12.72
2013-01-31, 12.69, 12.79, 12.53, 12.55, 367600.0, 12.55
2013-02-01, 12.67, 12.8, 12.53, 12.76, 294900.0, 12.76
2013-02-04, 12.58, 12.61, 12.39, 12.54, 284800.0, 12.54
2013-02-05, 12.69, 12.81, 12.43, 12.6, 331700.0, 12.6
2013-02-06, 12.51, 12.85, 12.51, 12.84, 388300.0, 12.84
2013-02-07, 12.84, 12.87, 12.59, 12.74, 573100.0, 12.74
2013-02-08, 12.8, 13.3, 12.8, 13.09, 728200.0, 13.09
2013-02-11, 13.24, 13.98, 13.12, 13.93, 1036300.0, 13.93
2013-02-12, 13.9, 14.08, 13.58, 14.0, 952800.0, 14.0
2013-02-13, 13.94, 13.94, 13.48, 13.62, 1014800.0, 13.62
2013-02-14, 17.39, 18.13, 16.67, 16.86, 6959900.0, 16.86
2013-02-15, 16.8, 17.23, 16.6, 16.67, 1238200.0, 16.67
2013-02-19, 16.49, 17.52, 16.27, 17.21, 1004600.0, 17.21
2013-02-20, 17.1, 17.46, 17.0, 17.09, 1102500.0, 17.09
2013-02-21, 16.82, 17.05, 16.63, 16.87, 392300.0, 16.87
2013-02-22, 17.03, 17.23, 16.45, 16.63, 797000.0, 16.63
2013-02-25, 16.68, 16.72, 15.96, 16.0, 701600.0, 16.0
2013-02-26, 16.08, 16.35, 15.79, 16.22, 981500.0, 16.22
2013-02-27, 16.0, 17.27, 16.0, 17.25, 839000.0, 17.25
2013-02-28, 17.16, 17.32, 16.82, 17.06, 708900.0, 17.06
2013-03-01, 16.88, 17.67, 16.76, 17.43, 1481700.0, 17.43
2013-03-04, 17.24, 18.37, 17.24, 17.99, 991000.0, 17.99
2013-03-05, 18.07, 18.16, 17.85, 17.93, 988800.0, 17.93
2013-03-06, 17.85, 18.25, 17.76, 18.25, 432000.0, 18.25
2013-03-07, 19.0, 20.13, 18.72, 19.13, 2220600.0, 19.13
2013-03-08, 19.26, 19.5, 18.96, 19.45, 718400.0, 19.45
2013-03-11, 19.32, 19.48, 19.18, 19.3, 573500.0, 19.3
2013-03-12, 19.27, 19.63, 19.0, 19.15, 349300.0, 19.15
2013-03-13, 19.11, 19.76, 18.77, 19.66, 687500.0, 19.66
2013-03-14, 19.67, 20.14, 19.65, 19.85, 754200.0, 19.85
2013-03-15, 19.35, 19.93, 18.76, 19.78, 1228800.0, 19.78
2013-03-18, 19.4, 19.83, 19.23, 19.55, 394800.0, 19.55
2013-03-19, 19.57, 19.7, 18.84, 19.1, 451700.0, 19.1
2013-03-20, 18.93, 19.53, 18.85, 18.99, 381200.0, 18.99
2013-03-21, 18.92, 19.03, 18.62, 18.64, 316200.0, 18.64
2013-03-22, 18.77, 19.18, 18.65, 18.86, 655700.0, 18.86
2013-03-25, 18.84, 19.33, 18.82, 19.32, 561200.0, 19.32
2013-03-26, 19.39, 20.17, 19.31, 19.99, 608600.0, 19.99
2013-03-27, 19.72, 19.99, 19.55, 19.88, 411600.0, 19.88
2013-03-28, 19.92, 19.93, 19.56, 19.76, 505700.0, 19.76
2013-04-01, 19.71, 20.63, 19.37, 19.86, 879400.0, 19.86
2013-04-02, 19.8, 19.95, 19.5, 19.65, 603000.0, 19.65
2013-04-03, 19.59, 19.65, 18.15, 18.62, 1158900.0, 18.62
2013-04-04, 18.6, 19.05, 18.21, 18.83, 369500.0, 18.83
2013-04-05, 18.5, 18.87, 18.21, 18.69, 271600.0, 18.69
2013-04-08, 18.7, 19.6, 18.7, 19.4, 573100.0, 19.4
2013-04-09, 19.4, 19.54, 18.97, 19.34, 237900.0, 19.34
2013-04-10, 19.23, 19.75, 19.2, 19.55, 678900.0, 19.55
2013-04-11, 19.59, 20.43, 19.59, 19.78, 517900.0, 19.78
2013-04-12, 19.78, 20.04, 19.63, 20.0, 337900.0, 20.0
2013-04-15, 19.9, 20.32, 19.49, 19.76, 743600.0, 19.76
2013-04-16, 19.85, 21.09, 19.76, 20.86, 907000.0, 20.86
2013-04-17, 20.56, 20.72, 19.88, 20.25, 601300.0, 20.25
2013-04-18, 20.36, 20.57, 20.23, 20.35, 1126100.0, 20.35
2013-04-19, 20.38, 21.16, 20.28, 20.74, 673400.0, 20.74
2013-04-22, 20.86, 21.04, 19.67, 20.01, 841700.0, 20.01
2013-04-23, 20.43, 20.55, 20.17, 20.43, 1077700.0, 20.43
2013-04-24, 20.39, 20.5, 19.37, 20.11, 1613400.0, 20.11
2013-04-25, 23.0, 26.72, 22.61, 25.92, 7046500.0, 25.92
2013-04-26, 25.7, 25.85, 24.93, 25.19, 2840300.0, 25.19
2013-04-29, 25.34, 25.41, 23.84, 23.92, 1858000.0, 23.92
2013-04-30, 24.02, 24.42, 23.86, 24.24, 1163500.0, 24.24
2013-05-01, 24.19, 24.71, 22.5, 22.77, 5341200.0, 22.77
2013-05-02, 22.71, 24.1, 22.28, 23.41, 2100500.0, 23.41
2013-05-03, 23.94, 23.94, 22.97, 23.47, 882300.0, 23.47
2013-05-06, 23.45, 24.76, 23.45, 23.97, 907300.0, 23.97
2013-05-07, 23.94, 24.13, 23.17, 23.21, 567700.0, 23.21
2013-05-08, 23.01, 23.42, 22.2, 22.48, 1288700.0, 22.48
2013-05-09, 22.56, 23.39, 22.48, 23.24, 790000.0, 23.24
2013-05-10, 23.24, 23.57, 22.85, 23.55, 640000.0, 23.55
2013-05-13, 23.45, 24.45, 23.45, 24.07, 642100.0, 24.07
2013-05-14, 23.97, 25.42, 23.97, 25.38, 1213000.0, 25.38
2013-05-15, 25.21, 26.33, 24.89, 25.0, 1189900.0, 25.0
2013-05-16, 25.0, 25.02, 24.46, 24.53, 501900.0, 24.53
2013-05-17, 24.74, 24.99, 24.46, 24.56, 391400.0, 24.56
2013-05-20, 24.55, 25.35, 24.42, 24.49, 561300.0, 24.49
2013-05-21, 24.46, 25.2, 24.0, 24.03, 494200.0, 24.03
2013-05-22, 23.99, 23.99, 22.76, 22.99, 545400.0, 22.99
2013-05-23, 22.64, 24.17, 22.07, 23.7, 836800.0, 23.7
2013-05-24, 23.46, 23.62, 23.07, 23.46, 307200.0, 23.46
2013-05-28, 23.68, 24.14, 23.25, 23.54, 407600.0, 23.54
2013-05-29, 23.2, 23.68, 22.77, 23.33, 603900.0, 23.33
2013-05-30, 23.37, 23.9, 23.37, 23.58, 369700.0, 23.58
2013-05-31, 23.4, 23.89, 23.3, 23.46, 270000.0, 23.46
2013-06-03, 23.5, 23.77, 22.81, 23.27, 739900.0, 23.27
2013-06-04, 23.23, 23.62, 22.99, 23.26, 448900.0, 23.26
2013-06-05, 23.16, 23.41, 22.9, 23.09, 786000.0, 23.09
2013-06-06, 23.03, 23.65, 22.91, 23.37, 566600.0, 23.37
2013-06-07, 23.63, 25.26, 23.22, 25.12, 787500.0, 25.12
2013-06-10, 25.31, 25.93, 24.97, 25.82, 802000.0, 25.82
2013-06-11, 25.35, 26.34, 25.24, 25.91, 539400.0, 25.91
2013-06-12, 25.97, 26.62, 25.38, 25.7, 1577900.0, 25.7
2013-06-13, 25.51, 26.11, 25.27, 26.01, 621500.0, 26.01
2013-06-14, 26.0, 26.35, 25.58, 25.85, 503700.0, 25.85
2013-06-17, 26.0, 27.06, 25.95, 26.54, 661300.0, 26.54
2013-06-18, 26.52, 26.98, 26.25, 26.5, 960300.0, 26.5
2013-06-19, 26.6, 26.95, 26.35, 26.54, 821300.0, 26.54
2013-06-20, 26.33, 26.76, 26.08, 26.54, 1648600.0, 26.54
2013-06-21, 26.75, 27.27, 26.3, 27.05, 1445200.0, 27.05
2013-06-24, 26.93, 27.14, 26.45, 26.53, 1150000.0, 26.53
2013-06-25, 26.62, 26.95, 25.94, 26.3, 588400.0, 26.3
2013-06-26, 26.5, 27.01, 26.25, 26.86, 784100.0, 26.86
2013-06-27, 27.0, 27.66, 26.08, 26.68, 797400.0, 26.68
2013-06-28, 26.52, 26.79, 25.87, 26.56, 2196500.0, 26.56
2013-07-01, 26.17, 26.79, 26.11, 26.36, 561600.0, 26.36
2013-07-02, 26.15, 26.67, 26.0, 26.66, 562100.0, 26.66
2013-07-03, 26.45, 27.07, 26.32, 26.94, 280400.0, 26.94
2013-07-05, 28.0, 28.22, 27.32, 28.0, 468300.0, 28.0
2013-07-08, 28.11, 28.24, 27.08, 27.15, 667000.0, 27.15
2013-07-09, 26.5, 26.74, 25.86, 26.33, 1609900.0, 26.33
2013-07-10, 26.33, 26.57, 25.01, 25.05, 1722500.0, 25.05
2013-07-11, 25.18, 25.53, 24.01, 24.17, 1719100.0, 24.17
2013-07-12, 24.16, 25.49, 24.01, 24.88, 1101400.0, 24.88
2013-07-15, 24.75, 25.44, 24.33, 25.19, 516500.0, 25.19
2013-07-16, 25.18, 25.92, 24.48, 25.91, 1074000.0, 25.91
2013-07-17, 25.89, 27.9, 25.39, 27.78, 1592200.0, 27.78
2013-07-18, 27.78, 28.32, 26.52, 26.64, 2215900.0, 26.64
2013-07-19, 26.54, 27.23, 25.97, 27.06, 1042900.0, 27.06
2013-07-22, 27.01, 27.5, 26.69, 26.71, 771800.0, 26.71
2013-07-23, 26.72, 27.48, 26.5, 26.85, 734100.0, 26.85
2013-07-24, 26.85, 27.1, 25.57, 26.5, 1310300.0, 26.5
2013-07-25, 25.02, 25.24, 22.29, 23.76, 4969800.0, 23.76
2013-07-26, 23.73, 25.24, 23.67, 24.47, 2542700.0, 24.47
2013-07-29, 23.38, 24.38, 22.56, 23.52, 1983800.0, 23.52
2013-07-30, 23.55, 23.55, 22.25, 22.62, 1335100.0, 22.62
2013-07-31, 22.62, 22.79, 21.85, 22.02, 1189000.0, 22.02
2013-08-01, 22.15, 23.51, 21.92, 22.48, 1856400.0, 22.48
2013-08-02, 22.5, 23.4, 22.25, 23.23, 999100.0, 23.23
2013-08-05, 23.13, 23.66, 22.66, 23.5, 832500.0, 23.5
2013-08-06, 23.5, 23.53, 22.52, 23.04, 730700.0, 23.04
2013-08-07, 22.95, 22.95, 22.14, 22.65, 992700.0, 22.65
2013-08-08, 22.84, 24.09, 22.8, 24.04, 1064700.0, 24.04
2013-08-09, 23.89, 24.5, 23.5, 24.2, 720500.0, 24.2
2013-08-12, 23.92, 24.52, 23.92, 24.49, 445100.0, 24.49
2013-08-13, 24.42, 25.42, 24.07, 24.89, 845700.0, 24.89
2013-08-14, 24.92, 25.24, 24.41, 24.64, 481500.0, 24.64
2013-08-15, 24.37, 24.42, 22.96, 23.01, 859300.0, 23.01
2013-08-16, 22.9, 23.06, 22.33, 22.62, 711800.0, 22.62
2013-08-19, 22.52, 22.69, 20.94, 21.03, 1281100.0, 21.03
2013-08-20, 21.13, 21.74, 20.82, 21.43, 1424500.0, 21.43
2013-08-21, 21.17, 22.02, 19.82, 21.58, 3306400.0, 21.58
2013-08-22, 21.57, 21.95, 20.9, 21.01, 791300.0, 21.01
2013-08-23, 21.01, 21.19, 20.74, 21.08, 806700.0, 21.08
2013-08-26, 21.04, 21.22, 20.37, 20.48, 837000.0, 20.48
2013-08-27, 20.19, 20.29, 19.05, 19.95, 2109300.0, 19.95
2013-08-28, 19.98, 20.84, 19.81, 20.01, 915600.0, 20.01
2013-08-29, 19.84, 20.87, 19.64, 20.13, 1095100.0, 20.13
2013-08-30, 20.18, 21.34, 20.0, 20.96, 1129900.0, 20.96
2013-09-03, 21.16, 21.41, 20.26, 20.52, 591200.0, 20.52
2013-09-04, 21.38, 21.59, 20.68, 20.95, 1061600.0, 20.95
2013-09-05, 21.16, 21.26, 20.47, 20.6, 879000.0, 20.6
2013-09-06, 20.66, 21.11, 20.01, 20.93, 760500.0, 20.93
2013-09-09, 21.0, 21.09, 20.01, 20.05, 1086200.0, 20.05
2013-09-10, 20.16, 20.88, 20.06, 20.71, 861200.0, 20.71
2013-09-11, 20.77, 20.91, 20.2, 20.68, 857900.0, 20.68
2013-09-12, 20.75, 21.25, 20.54, 21.18, 808800.0, 21.18
2013-09-13, 21.15, 21.57, 20.76, 20.94, 1190200.0, 20.94
2013-09-16, 21.23, 21.23, 20.11, 20.24, 725800.0, 20.24
2013-09-17, 20.59, 21.39, 20.0, 21.21, 1030800.0, 21.21
2013-09-18, 21.16, 21.38, 20.51, 21.29, 542300.0, 21.29
2013-09-19, 21.36, 21.92, 20.84, 21.65, 724500.0, 21.65
2013-09-20, 21.67, 23.49, 21.41, 22.03, 3505700.0, 22.03
2013-09-23, 22.0, 23.18, 21.37, 22.99, 1628100.0, 22.99
2013-09-24, 23.13, 25.18, 22.88, 24.16, 2643700.0, 24.16
2013-09-25, 24.06, 24.84, 23.04, 23.75, 1386900.0, 23.75
2013-09-26, 23.84, 24.86, 23.36, 23.7, 875200.0, 23.7
2013-09-27, 23.55, 23.98, 22.72, 23.89, 1156700.0, 23.89
2013-09-30, 23.56, 24.49, 22.36, 22.49, 1755800.0, 22.49
2013-10-01, 22.36, 22.62, 20.25, 20.3, 3400100.0, 20.3
2013-10-02, 20.71, 21.32, 20.4, 20.99, 2990800.0, 20.99
2013-10-03, 18.6, 18.6, 17.21, 17.31, 1.28462E7, 17.31
2013-10-04, 17.35, 17.8, 16.53, 16.7, 4091100.0, 16.7
2013-10-07, 16.55, 16.86, 15.92, 16.08, 4395300.0, 16.08
2013-10-08, 16.14, 16.14, 14.42, 15.69, 6744100.0, 15.69
2013-10-09, 15.71, 15.75, 14.55, 14.58, 3232500.0, 14.58
2013-10-10, 14.76, 15.6, 14.75, 15.53, 2507700.0, 15.53
2013-10-11, 15.47, 15.54, 14.82, 15.35, 2180800.0, 15.35
2013-10-14, 15.11, 15.73, 14.99, 15.46, 1814700.0, 15.46
2013-10-15, 15.37, 15.81, 14.96, 15.08, 2261800.0, 15.08
2013-10-16, 15.14, 15.41, 15.06, 15.26, 1606100.0, 15.26
2013-10-17, 15.46, 15.46, 14.92, 15.37, 1585100.0, 15.37
2013-10-18, 15.4, 15.65, 14.96, 15.43, 1612600.0, 15.43
2013-10-21, 15.47, 15.59, 14.63, 15.36, 1943000.0, 15.36
2013-10-22, 15.25, 15.51, 15.05, 15.49, 1547100.0, 15.49
2013-10-23, 15.51, 15.58, 14.63, 15.45, 3648100.0, 15.45
2013-10-24, 15.1, 15.25, 14.3, 14.64, 6795900.0, 14.64
2013-10-25, 14.62, 14.71, 13.23, 13.41, 4110800.0, 13.41
2013-10-28, 13.4, 14.8, 13.33, 14.44, 2099900.0, 14.44
2013-10-29, 14.41, 14.7, 14.07, 14.49, 1728900.0, 14.49
2013-10-30, 14.54, 15.15, 14.45, 14.86, 1792800.0, 14.86
2013-10-31, 14.82, 14.91, 14.07, 14.08, 1337300.0, 14.08
2013-11-01, 14.14, 14.72, 14.01, 14.68, 1158900.0, 14.68
2013-11-04, 14.65, 15.04, 14.45, 14.76, 1356600.0, 14.76
2013-11-05, 14.74, 15.03, 14.68, 14.97, 818400.0, 14.97
2013-11-06, 15.0, 15.0, 14.21, 14.54, 1427200.0, 14.54
2013-11-07, 14.5, 14.8, 14.13, 14.15, 556500.0, 14.15
2013-11-08, 14.16, 14.51, 14.08, 14.47, 715800.0, 14.47
2013-11-11, 14.4, 14.61, 14.21, 14.38, 600500.0, 14.38
2013-11-12, 14.33, 14.37, 14.12, 14.36, 423900.0, 14.36
2013-11-13, 14.3, 14.79, 14.22, 14.73, 577400.0, 14.73
2013-11-14, 14.64, 14.74, 13.51, 13.79, 1979500.0, 13.79
2013-11-15, 13.72, 14.19, 13.3, 13.32, 2203100.0, 13.32
2013-11-18, 13.31, 13.65, 13.09, 13.11, 972000.0, 13.11
2013-11-19, 13.03, 13.53, 13.01, 13.14, 704800.0, 13.14
2013-11-20, 13.15, 13.29, 12.4, 12.49, 1258100.0, 12.49
2013-11-21, 12.42, 12.62, 12.26, 12.3, 1037600.0, 12.3
2013-11-22, 12.27, 12.33, 12.02, 12.13, 1183700.0, 12.13
2013-11-25, 12.1, 12.5, 11.88, 12.2, 892800.0, 12.2
2013-11-26, 12.18, 12.7, 11.93, 12.67, 1022800.0, 12.67
2013-11-27, 12.65, 12.96, 12.5, 12.87, 1031900.0, 12.87
2013-11-29, 12.94, 13.13, 12.63, 13.02, 397800.0, 13.02
2013-12-02, 13.0, 13.0, 12.3, 12.57, 689400.0, 12.57
2013-12-03, 12.52, 12.69, 12.26, 12.32, 639300.0, 12.32
2013-12-04, 12.33, 12.34, 12.04, 12.26, 677900.0, 12.26
2013-12-05, 12.27, 12.72, 12.25, 12.52, 525100.0, 12.52
2013-12-06, 12.67, 12.94, 12.53, 12.8, 917500.0, 12.8
2013-12-09, 12.85, 13.08, 12.55, 12.8, 799400.0, 12.8
2013-12-10, 12.82, 13.25, 12.58, 12.69, 1163800.0, 12.69
2013-12-11, 12.75, 12.82, 12.36, 12.43, 747100.0, 12.43
2013-12-12, 12.48, 12.49, 12.12, 12.21, 679200.0, 12.21
2013-12-13, 12.26, 12.38, 12.07, 12.31, 508600.0, 12.31
2013-12-16, 12.4, 12.85, 12.13, 12.81, 720400.0, 12.81
2013-12-17, 12.8, 13.81, 12.8, 13.63, 1130600.0, 13.63
2013-12-18, 13.68, 13.81, 13.26, 13.4, 760100.0, 13.4
2013-12-19, 13.41, 14.25, 13.37, 14.07, 803100.0, 14.07
2013-12-20, 14.14, 15.22, 14.05, 15.03, 1645100.0, 15.03
2013-12-23, 14.96, 15.0, 14.54, 14.64, 1350300.0, 14.64
2013-12-24, 14.7, 14.7, 14.11, 14.48, 351500.0, 14.48
2013-12-26, 14.49, 14.69, 13.97, 14.02, 487200.0, 14.02
2013-12-27, 14.08, 14.79, 13.97, 14.51, 956800.0, 14.51
2013-12-30, 14.66, 14.74, 14.13, 14.23, 729200.0, 14.23
2013-12-31, 14.32, 15.9, 14.25, 15.15, 2281000.0, 15.15
2014-01-02, 15.0, 15.05, 13.29, 13.58, 2581300.0, 13.58
2014-01-03, 13.65, 13.81, 12.71, 13.07, 2094700.0, 13.07
2014-01-06, 13.25, 13.35, 12.94, 13.32, 1306800.0, 13.32
2014-01-07, 13.35, 14.18, 13.35, 13.98, 1226700.0, 13.98
2014-01-08, 14.0, 14.37, 13.39, 13.7, 892800.0, 13.7
2014-01-09, 15.25, 15.67, 14.12, 14.85, 3280100.0, 14.85
2014-01-10, 14.83, 14.93, 14.17, 14.53, 1120700.0, 14.53
2014-01-13, 14.82, 14.9, 14.08, 14.24, 1268200.0, 14.24
2014-01-14, 13.74, 14.66, 13.46, 14.43, 1793700.0, 14.43
2014-01-15, 14.43, 15.17, 14.32, 14.67, 1442900.0, 14.67
2014-01-16, 14.75, 15.58, 14.6, 15.08, 1244200.0, 15.08
2014-01-17, 15.12, 15.94, 14.97, 15.18, 2340100.0, 15.18
2014-01-21, 15.37, 15.9, 15.07, 15.66, 1417000.0, 15.66
2014-01-22, 15.6, 16.49, 15.49, 16.2, 1978200.0, 16.2
2014-01-23, 16.3, 16.41, 15.65, 16.28, 1672600.0, 16.28
2014-01-24, 16.9, 17.49, 16.22, 16.8, 3008300.0, 16.8
2014-01-27, 16.69, 16.69, 15.43, 16.54, 2071100.0, 16.54
2014-01-28, 16.5, 17.47, 16.13, 17.02, 1476500.0, 17.02
2014-01-29, 16.86, 17.08, 16.3, 17.06, 1214300.0, 17.06
2014-01-30, 17.4, 17.62, 16.67, 17.6, 1036800.0, 17.6
2014-01-31, 17.33, 18.59, 16.93, 17.94, 1793000.0, 17.94
2014-02-03, 17.98, 18.28, 16.79, 18.12, 1472400.0, 18.12
2014-02-04, 19.0, 19.8, 18.42, 18.85, 1643700.0, 18.85
2014-02-05, 18.1, 18.17, 16.75, 17.22, 1943500.0, 17.22
2014-02-06, 17.51, 17.87, 16.48, 16.77, 2090500.0, 16.77
2014-02-07, 16.73, 17.75, 16.04, 17.47, 1472600.0, 17.47
2014-02-10, 17.5, 17.79, 17.13, 17.26, 654000.0, 17.26
2014-02-11, 17.32, 17.49, 16.34, 16.37, 1526200.0, 16.37
2014-02-12, 16.4, 17.5, 16.27, 17.1, 3301800.0, 17.1
2014-02-13, 13.67, 15.93, 13.5, 15.93, 6911200.0, 15.93
2014-02-14, 15.7, 15.7, 14.61, 14.9, 2096800.0, 14.9
2014-02-18, 14.86, 15.17, 14.7, 14.97, 1384400.0, 14.97
2014-02-19, 14.86, 15.03, 14.19, 14.29, 1878600.0, 14.29
2014-02-20, 14.29, 14.59, 14.09, 14.38, 960500.0, 14.38
2014-02-21, 14.45, 14.45, 13.98, 14.03, 942200.0, 14.03
2014-02-24, 14.01, 14.24, 13.74, 14.07, 1258200.0, 14.07
2014-02-25, 14.0, 14.89, 13.85, 14.71, 1064000.0, 14.71
2014-02-26, 14.79, 15.03, 14.35, 14.6, 521400.0, 14.6
2014-02-27, 14.64, 14.8, 14.37, 14.37, 810600.0, 14.37
2014-02-28, 14.43, 14.69, 13.73, 13.91, 1018000.0, 13.91
2014-03-03, 13.8, 13.8, 13.22, 13.45, 1564800.0, 13.45
2014-03-04, 13.51, 14.0, 13.41, 13.72, 884500.0, 13.72
2014-03-05, 13.69, 14.03, 13.49, 13.84, 578400.0, 13.84
2014-03-06, 13.96, 13.98, 13.23, 13.32, 810900.0, 13.32
2014-03-07, 13.41, 13.58, 12.93, 13.23, 861800.0, 13.23
2014-03-10, 13.39, 13.7, 13.1, 13.29, 899800.0, 13.29
2014-03-11, 13.36, 13.57, 13.07, 13.13, 929800.0, 13.13
2014-03-12, 13.02, 13.28, 12.78, 13.08, 566100.0, 13.08
2014-03-13, 13.09, 13.49, 12.9, 13.09, 1252200.0, 13.09
2014-03-14, 13.08, 13.38, 12.96, 13.25, 612700.0, 13.25
2014-03-17, 13.33, 13.49, 13.12, 13.41, 760000.0, 13.41
2014-03-18, 13.39, 13.39, 13.14, 13.18, 870500.0, 13.18
2014-03-19, 13.16, 13.25, 12.98, 13.1, 791300.0, 13.1
2014-03-20, 13.1, 13.15, 12.82, 13.06, 638000.0, 13.06
2014-03-21, 13.11, 13.25, 12.79, 12.93, 699300.0, 12.93
2014-03-24, 12.99, 13.0, 12.17, 12.62, 873700.0, 12.62
2014-03-25, 12.69, 13.09, 12.36, 12.65, 674100.0, 12.65
2014-03-26, 12.73, 12.9, 12.11, 12.3, 834600.0, 12.3
2014-03-27, 12.29, 12.42, 11.81, 12.09, 3147300.0, 12.09
2014-03-28, 12.14, 12.24, 11.87, 11.99, 842600.0, 11.99
2014-03-31, 12.09, 12.49, 11.95, 12.18, 650100.0, 12.18
2014-04-01, 12.25, 12.56, 12.25, 12.53, 1293100.0, 12.53
2014-04-02, 12.52, 13.3, 12.42, 13.23, 1162500.0, 13.23
2014-04-03, 13.21, 13.42, 12.13, 12.39, 1192200.0, 12.39
2014-04-04, 12.4, 12.63, 11.86, 12.21, 1359500.0, 12.21
2014-04-07, 12.2, 12.33, 11.89, 12.13, 1318300.0, 12.13
2014-04-08, 12.12, 12.55, 12.07, 12.3, 694700.0, 12.3
2014-04-09, 12.37, 12.86, 12.29, 12.6, 580700.0, 12.6
2014-04-10, 12.61, 12.64, 12.17, 12.24, 757500.0, 12.24
2014-04-11, 12.15, 12.32, 11.61, 11.78, 1208500.0, 11.78
2014-04-14, 11.88, 12.5, 11.75, 12.25, 1428800.0, 12.25
2014-04-15, 12.26, 12.64, 11.85, 12.35, 1303300.0, 12.35
2014-04-16, 12.47, 12.58, 12.15, 12.35, 438900.0, 12.35
2014-04-17, 12.34, 12.75, 12.28, 12.35, 578300.0, 12.35
2014-04-21, 12.34, 12.44, 11.93, 12.31, 1270100.0, 12.31
2014-04-22, 12.37, 13.04, 12.35, 12.9, 1987500.0, 12.9
2014-04-23, 12.86, 13.23, 12.5, 12.82, 1831000.0, 12.82
2014-04-24, 14.54, 14.65, 12.81, 12.98, 5248100.0, 12.98
2014-04-25, 12.99, 13.01, 11.7, 11.76, 2042400.0, 11.76
2014-04-28, 11.77, 11.79, 10.56, 10.89, 2245200.0, 10.89
2014-04-29, 10.89, 11.28, 10.62, 11.15, 1036800.0, 11.15
2014-04-30, 10.82, 11.36, 10.74, 11.31, 985300.0, 11.31
2014-05-01, 11.3, 11.72, 11.15, 11.23, 938400.0, 11.23
2014-05-02, 11.28, 11.45, 11.17, 11.24, 675700.0, 11.24
2014-05-05, 11.14, 11.27, 11.02, 11.19, 513000.0, 11.19
2014-05-06, 11.12, 11.35, 10.7, 10.7, 665200.0, 10.7
2014-05-07, 10.75, 10.82, 9.85, 10.23, 1842900.0, 10.23
2014-05-08, 10.18, 10.52, 10.02, 10.1, 1697200.0, 10.1
2014-05-09, 10.05, 10.3, 9.96, 10.07, 854900.0, 10.07
2014-05-12, 10.09, 10.46, 10.09, 10.38, 1386400.0, 10.38
2014-05-13, 10.37, 10.5, 9.95, 10.0, 1349300.0, 10.0
2014-05-14, 10.0, 10.13, 9.88, 9.9, 961400.0, 9.9
2014-05-15, 9.83, 10.12, 9.6, 10.07, 1308100.0, 10.07
2014-05-16, 10.09, 10.13, 9.8, 9.99, 490400.0, 9.99
2014-05-19, 9.93, 10.11, 9.81, 9.9, 1058600.0, 9.9
2014-05-20, 9.86, 9.97, 9.66, 9.88, 681400.0, 9.88
2014-05-21, 9.91, 10.21, 9.9, 10.14, 679700.0, 10.14
2014-05-22, 10.15, 10.39, 10.04, 10.29, 725700.0, 10.29
2014-05-23, 10.25, 10.37, 10.13, 10.36, 1111300.0, 10.36
2014-05-27, 10.42, 10.69, 10.4, 10.6, 821700.0, 10.6
2014-05-28, 10.61, 10.88, 10.46, 10.7, 484500.0, 10.7
2014-05-29, 10.77, 10.84, 10.64, 10.83, 507500.0, 10.83
2014-05-30, 10.85, 10.94, 10.6, 10.65, 531000.0, 10.65
2014-06-02, 10.72, 10.8, 9.79, 9.91, 1001400.0, 9.91
2014-06-03, 9.94, 10.04, 9.77, 10.0, 671700.0, 10.0
2014-06-04, 9.94, 10.05, 9.79, 10.03, 538300.0, 10.03
2014-06-05, 10.07, 10.2, 9.96, 10.1, 721800.0, 10.1
2014-06-06, 10.94, 11.7, 10.65, 11.21, 4990900.0, 11.21
2014-06-09, 11.25, 11.68, 11.06, 11.64, 1553100.0, 11.64
2014-06-10, 11.67, 11.79, 11.05, 11.49, 1599400.0, 11.49
2014-06-11, 12.01, 12.55, 11.5, 12.39, 2196700.0, 12.39
2014-06-12, 12.3, 12.84, 12.22, 12.42, 2563900.0, 12.42
2014-06-13, 12.83, 13.04, 12.31, 12.41, 2243000.0, 12.41
2014-06-16, 12.33, 12.5, 12.04, 12.09, 1386500.0, 12.09
2014-06-17, 12.06, 12.52, 12.06, 12.41, 1273700.0, 12.41
2014-06-18, 12.37, 12.41, 11.96, 12.14, 809900.0, 12.14
2014-06-19, 12.2, 12.24, 11.74, 12.02, 675200.0, 12.02
2014-06-20, 12.08, 12.19, 11.77, 11.91, 770300.0, 11.91
2014-06-23, 11.93, 12.19, 11.62, 12.12, 871100.0, 12.12
2014-06-24, 12.12, 12.41, 11.7, 11.72, 904900.0, 11.72
2014-06-25, 11.7, 11.95, 11.42, 11.93, 751400.0, 11.93
2014-06-26, 11.9, 11.99, 11.61, 11.98, 748900.0, 11.98
2014-06-27, 11.97, 12.22, 11.78, 11.95, 1242900.0, 11.95
2014-06-30, 11.9, 12.04, 11.68, 11.94, 732300.0, 11.94
2014-07-01, 11.99, 12.46, 11.98, 12.38, 729500.0, 12.38
2014-07-02, 12.34, 12.65, 12.25, 12.62, 1052300.0, 12.62
2014-07-03, 12.63, 12.64, 12.18, 12.31, 546500.0, 12.31
2014-07-07, 12.24, 12.25, 11.8, 11.82, 773000.0, 11.82
2014-07-08, 11.78, 11.85, 10.8, 10.94, 1408100.0, 10.94
2014-07-09, 10.95, 11.11, 10.57, 10.74, 651800.0, 10.74
2014-07-10, 10.55, 10.9, 10.21, 10.62, 1061100.0, 10.62
2014-07-11, 10.59, 10.74, 10.31, 10.5, 710300.0, 10.5
2014-07-14, 10.64, 10.73, 10.31, 10.6, 684100.0, 10.6
2014-07-15, 10.63, 10.73, 10.36, 10.62, 578700.0, 10.62
2014-07-16, 10.67, 10.74, 10.38, 10.5, 590300.0, 10.5
2014-07-17, 10.46, 10.67, 10.33, 10.36, 1083900.0, 10.36
2014-07-18, 10.4, 10.41, 10.05, 10.19, 1153000.0, 10.19
2014-07-21, 10.13, 10.25, 9.92, 10.11, 908800.0, 10.11
2014-07-22, 10.16, 10.74, 10.02, 10.59, 1170800.0, 10.59
2014-07-23, 10.62, 10.68, 10.12, 10.17, 2217600.0, 10.17
2014-07-24, 8.07, 8.59, 7.77, 8.21, 1.37709E7, 8.21
2014-07-25, 8.1, 8.39, 8.02, 8.21, 2288800.0, 8.21
2014-07-28, 8.24, 8.39, 8.08, 8.22, 1510600.0, 8.22
2014-07-29, 8.36, 8.54, 8.25, 8.38, 1804500.0, 8.38
2014-07-30, 8.47, 8.62, 8.4, 8.58, 1439100.0, 8.58
2014-07-31, 8.49, 8.6, 8.33, 8.33, 1607200.0, 8.33
2014-08-01, 8.34, 8.44, 7.86, 8.03, 1430000.0, 8.03
2014-08-04, 8.01, 8.2, 7.99, 8.02, 833900.0, 8.02
2014-08-05, 7.95, 8.06, 7.87, 7.96, 1313900.0, 7.96
2014-08-06, 7.95, 8.1, 7.9, 8.01, 835100.0, 8.01
2014-08-07, 8.03, 8.1, 7.91, 7.96, 650500.0, 7.96
2014-08-08, 7.95, 8.04, 7.94, 7.99, 619400.0, 7.99
2014-08-11, 8.02, 8.28, 8.02, 8.25, 598900.0, 8.25
2014-08-12, 8.22, 8.24, 8.0, 8.13, 596800.0, 8.13
2014-08-13, 8.15, 8.25, 8.02, 8.07, 391500.0, 8.07
2014-08-14, 8.05, 8.06, 7.86, 8.04, 722800.0, 8.04
2014-08-15, 8.11, 8.11, 7.77, 7.88, 1773600.0, 7.88
2014-08-18, 7.98, 8.03, 7.88, 7.95, 669800.0, 7.95
2014-08-19, 7.96, 8.22, 7.87, 7.91, 992900.0, 7.91
2014-08-20, 7.87, 7.9, 7.68, 7.83, 990000.0, 7.83
2014-08-21, 7.84, 8.1, 7.77, 8.09, 741100.0, 8.09
2014-08-22, 8.05, 8.15, 7.94, 8.12, 721200.0, 8.12
2014-08-25, 8.14, 8.14, 7.95, 7.97, 760000.0, 7.97
2014-08-26, 7.97, 7.97, 7.81, 7.87, 751000.0, 7.87
2014-08-27, 7.87, 7.9, 7.67, 7.77, 872300.0, 7.77
2014-08-28, 7.72, 7.8, 7.52, 7.61, 949900.0, 7.61
2014-08-29, 7.61, 7.73, 7.58, 7.67, 695600.0, 7.67
2014-09-02, 7.95, 7.95, 7.67, 7.8, 974300.0, 7.8
2014-09-03, 7.82, 7.84, 7.6, 7.67, 728100.0, 7.67
2014-09-04, 7.67, 7.7, 7.58, 7.64, 922900.0, 7.64
2014-09-05, 7.6, 7.62, 7.54, 7.59, 617200.0, 7.59
2014-09-08, 7.57, 7.68, 7.56, 7.63, 598000.0, 7.63
2014-09-09, 7.6, 7.68, 7.58, 7.62, 451500.0, 7.62
2014-09-10, 7.61, 7.69, 7.57, 7.66, 722100.0, 7.66
2014-09-11, 7.61, 7.67, 7.58, 7.62, 708400.0, 7.62
2014-09-12, 7.6, 7.83, 7.59, 7.77, 1267300.0, 7.77
2014-09-15, 7.79, 7.85, 7.45, 7.49, 680200.0, 7.49
2014-09-16, 7.48, 7.56, 7.37, 7.43, 1019900.0, 7.43
2014-09-17, 7.48, 7.49, 7.18, 7.19, 766800.0, 7.19
2014-09-18, 7.2, 7.34, 7.08, 7.15, 1094400.0, 7.15
2014-09-19, 7.17, 7.28, 7.04, 7.11, 1243000.0, 7.11
2014-09-22, 7.05, 7.18, 6.46, 6.71, 1611600.0, 6.71
2014-09-23, 6.7, 6.79, 6.6, 6.63, 776900.0, 6.63
2014-09-24, 6.62, 6.85, 6.56, 6.81, 720100.0, 6.81
2014-09-25, 6.77, 6.83, 6.52, 6.66, 1430700.0, 6.66
2014-09-26, 6.68, 6.7, 6.5, 6.58, 439400.0, 6.58
2014-09-29, 6.5, 6.69, 6.38, 6.52, 421900.0, 6.52
2014-09-30, 6.5, 6.55, 6.28, 6.37, 1059500.0, 6.37
2014-10-01, 7.65, 8.73, 7.38, 7.59, 1.06507E7, 7.59
2014-10-02, 7.56, 7.67, 7.11, 7.61, 2252600.0, 7.61
2014-10-03, 7.72, 8.28, 7.63, 8.18, 2738600.0, 8.18
2014-10-06, 8.19, 8.28, 7.86, 8.1, 1484400.0, 8.1
2014-10-07, 8.06, 8.12, 7.73, 7.8, 997500.0, 7.8
2014-10-08, 7.76, 7.86, 7.48, 7.73, 963300.0, 7.73
2014-10-09, 7.7, 7.97, 7.48, 7.76, 1288100.0, 7.76
2014-10-10, 7.73, 7.81, 7.38, 7.56, 963300.0, 7.56
2014-10-13, 7.51, 7.98, 7.51, 7.81, 1031500.0, 7.81
2014-10-14, 7.87, 8.25, 7.83, 8.24, 1455300.0, 8.24
2014-10-15, 8.17, 8.5, 7.96, 8.4, 1471800.0, 8.4
2014-10-16, 8.25, 8.63, 8.2, 8.49, 717000.0, 8.49
2014-10-17, 8.53, 8.69, 8.31, 8.36, 908000.0, 8.36
2014-10-20, 8.34, 8.83, 8.34, 8.68, 1666800.0, 8.68
2014-10-21, 8.73, 8.9, 8.23, 8.28, 2329000.0, 8.28
2014-10-22, 7.7, 8.01, 6.62, 6.67, 6043300.0, 6.67
2014-10-23, 6.48, 6.82, 6.38, 6.81, 2692000.0, 6.81
2014-10-24, 6.68, 6.79, 6.17, 6.52, 3708200.0, 6.52
2014-10-27, 6.55, 6.8, 6.46, 6.65, 1896400.0, 6.65
2014-10-28, 6.84, 7.2, 6.68, 6.75, 1665500.0, 6.75
2014-10-29, 6.74, 6.75, 6.38, 6.58, 1721500.0, 6.58
2014-10-30, 6.55, 6.7, 6.42, 6.64, 921500.0, 6.64
2014-10-31, 6.73, 6.98, 6.66, 6.97, 938800.0, 6.97
2014-11-03, 6.95, 6.95, 6.5, 6.52, 1242800.0, 6.52
2014-11-04, 6.52, 6.79, 6.5, 6.56, 780600.0, 6.56
2014-11-05, 6.59, 6.71, 6.43, 6.57, 1478900.0, 6.57
2014-11-06, 6.56, 6.74, 6.37, 6.45, 1053500.0, 6.45
2014-11-07, 6.44, 6.75, 6.31, 6.61, 867700.0, 6.61
2014-11-10, 6.59, 6.68, 6.37, 6.52, 922200.0, 6.52
2014-11-11, 6.48, 6.52, 6.27, 6.29, 910900.0, 6.29
2014-11-12, 6.27, 6.3, 6.07, 6.29, 844300.0, 6.29
2014-11-13, 6.28, 6.39, 5.9, 5.97, 1832800.0, 5.97
2014-11-14, 5.95, 6.17, 5.89, 6.11, 1291500.0, 6.11
2014-11-17, 6.12, 6.23, 5.91, 5.96, 819100.0, 5.96
2014-11-18, 5.96, 6.0, 5.69, 5.73, 1157800.0, 5.73
2014-11-19, 5.79, 5.88, 5.57, 5.66, 1312500.0, 5.66
2014-11-20, 5.63, 5.82, 5.55, 5.78, 1068300.0, 5.78
2014-11-21, 5.89, 5.95, 5.81, 5.83, 465200.0, 5.83
2014-11-24, 5.87, 6.25, 5.83, 6.21, 913500.0, 6.21
2014-11-25, 6.18, 6.18, 5.85, 6.01, 910100.0, 6.01
2014-11-26, 5.98, 6.04, 5.86, 5.97, 936500.0, 5.97
2014-11-28, 5.95, 6.06, 5.85, 5.94, 247400.0, 5.94
2014-12-01, 5.91, 5.95, 5.71, 5.82, 964000.0, 5.82
2014-12-02, 5.81, 5.85, 5.75, 5.83, 527300.0, 5.83
2014-12-03, 5.84, 6.01, 5.77, 5.93, 483300.0, 5.93
2014-12-04, 5.91, 5.93, 5.77, 5.81, 680600.0, 5.81
2014-12-05, 5.81, 6.0, 5.81, 5.86, 406900.0, 5.86
2014-12-08, 5.82, 5.9, 5.67, 5.71, 704100.0, 5.71
2014-12-09, 5.65, 6.15, 5.54, 6.13, 1242200.0, 6.13
2014-12-10, 6.09, 6.15, 5.77, 5.79, 885700.0, 5.79
2014-12-11, 5.8, 6.05, 5.78, 5.89, 844400.0, 5.89
2014-12-12, 5.81, 6.03, 5.78, 5.95, 449800.0, 5.95
2014-12-15, 6.01, 6.37, 6.0, 6.16, 1055600.0, 6.16
2014-12-16, 6.13, 6.34, 5.93, 5.96, 681900.0, 5.96
2014-12-17, 6.0, 6.82, 5.91, 6.7, 2000300.0, 6.7
2014-12-18, 6.77, 7.0, 6.6, 6.64, 1315300.0, 6.64
2014-12-19, 6.62, 6.85, 6.59, 6.69, 922400.0, 6.69
2014-12-22, 6.69, 6.98, 6.68, 6.86, 732600.0, 6.86
2014-12-23, 6.88, 6.97, 6.72, 6.78, 792400.0, 6.78
2014-12-24, 6.81, 6.81, 6.45, 6.57, 523600.0, 6.57
2014-12-26, 6.59, 6.74, 6.5, 6.61, 540300.0, 6.61
2014-12-29, 6.61, 6.73, 6.17, 6.32, 738000.0, 6.32
2014-12-30, 6.28, 6.43, 6.08, 6.29, 659500.0, 6.29
2014-12-31, 6.3, 6.37, 6.17, 6.23, 653200.0, 6.23
2015-01-02, 6.26, 6.51, 6.15, 6.39, 643100.0, 6.39
2015-01-05, 6.36, 6.48, 6.14, 6.25, 530200.0, 6.25
2015-01-06, 6.22, 6.28, 5.95, 6.06, 1112600.0, 6.06
2015-01-07, 6.08, 6.12, 5.8, 5.84, 874800.0, 5.84
2015-01-08, 5.89, 6.1, 5.79, 5.81, 1014600.0, 5.81
2015-01-09, 5.82, 5.94, 5.57, 5.63, 813000.0, 5.63
2015-01-12, 5.61, 5.79, 5.5, 5.58, 516600.0, 5.58
2015-01-13, 5.75, 5.83, 5.58, 5.67, 612400.0, 5.67
2015-01-14, 5.62, 5.72, 5.51, 5.58, 464300.0, 5.58
2015-01-15, 5.58, 5.6, 5.16, 5.21, 839400.0, 5.21
2015-01-16, 5.19, 5.37, 5.07, 5.11, 597700.0, 5.11
2015-01-20, 5.1, 5.19, 4.95, 4.99, 720700.0, 4.99
2015-01-21, 5.11, 5.55, 5.1, 5.26, 926000.0, 5.26
2015-01-22, 5.27, 5.37, 5.2, 5.22, 551300.0, 5.22
2015-01-23, 5.24, 5.35, 5.22, 5.33, 358600.0, 5.33
2015-01-26, 5.33, 5.4, 5.12, 5.14, 529300.0, 5.14
2015-01-27, 5.06, 5.11, 4.93, 4.93, 742000.0, 4.93
2015-01-28, 4.96, 5.03, 4.81, 4.84, 638800.0, 4.84
2015-01-29, 4.82, 4.91, 4.65, 4.7, 790900.0, 4.7
2015-01-30, 4.61, 4.72, 4.52, 4.59, 960600.0, 4.59
2015-02-02, 4.61, 4.72, 4.36, 4.7, 1018400.0, 4.7
2015-02-03, 4.79, 4.93, 4.67, 4.79, 850000.0, 4.79
2015-02-04, 4.76, 4.93, 4.76, 4.92, 352900.0, 4.92
2015-02-05, 4.95, 5.1, 4.92, 5.05, 432900.0, 5.05
2015-02-06, 5.05, 5.11, 4.98, 4.99, 423000.0, 4.99
2015-02-09, 4.99, 5.02, 4.92, 4.97, 404200.0, 4.97
2015-02-10, 5.01, 5.14, 4.94, 5.09, 497700.0, 5.09
2015-02-11, 5.1, 5.21, 4.98, 5.15, 652400.0, 5.15
2015-02-12, 5.17, 5.19, 4.75, 4.9, 1152300.0, 4.9
2015-02-13, 4.91, 5.03, 4.84, 5.02, 679200.0, 5.02
2015-02-17, 5.01, 5.11, 4.85, 4.89, 1831100.0, 4.89
2015-02-18, 6.6, 7.8, 6.45, 7.8, 2.62103E7, 7.8
2015-02-19, 7.53, 7.7, 7.0, 7.06, 8218300.0, 7.06
2015-02-20, 7.03, 7.3, 6.72, 6.73, 3823700.0, 6.73
2015-02-23, 6.75, 6.9, 6.34, 6.62, 3571100.0, 6.62
2015-02-24, 6.61, 6.95, 6.54, 6.58, 1905500.0, 6.58
2015-02-25, 6.58, 6.92, 6.53, 6.72, 1922600.0, 6.72
2015-02-26, 6.78, 6.86, 6.35, 6.39, 1635600.0, 6.39
2015-02-27, 6.47, 6.79, 6.45, 6.74, 1670800.0, 6.74
2015-03-02, 6.7, 6.8, 6.42, 6.5, 1388900.0, 6.5
2015-03-03, 6.46, 6.69, 6.46, 6.49, 697200.0, 6.49
2015-03-04, 6.51, 6.77, 6.42, 6.69, 1084500.0, 6.69
2015-03-05, 6.69, 6.85, 6.61, 6.72, 918200.0, 6.72
2015-03-06, 6.7, 6.89, 6.64, 6.8, 874800.0, 6.8
2015-03-09, 6.76, 6.83, 6.47, 6.55, 686100.0, 6.55
2015-03-10, 6.5, 6.64, 6.45, 6.58, 573600.0, 6.58
2015-03-11, 6.58, 6.62, 6.36, 6.44, 784700.0, 6.44
2015-03-12, 6.46, 6.65, 6.41, 6.56, 1118300.0, 6.56
2015-03-13, 6.55, 6.79, 6.52, 6.58, 910900.0, 6.58
2015-03-16, 6.58, 6.58, 6.35, 6.47, 666500.0, 6.47
2015-03-17, 6.47, 6.49, 6.35, 6.43, 660800.0, 6.43
2015-03-18, 6.4, 6.54, 6.18, 6.51, 1675900.0, 6.51
2015-03-19, 6.52, 6.86, 6.51, 6.55, 1078600.0, 6.55
2015-03-20, 6.55, 6.74, 6.5, 6.54, 720200.0, 6.54
2015-03-23, 6.55, 6.78, 6.48, 6.76, 955900.0, 6.76
2015-03-24, 6.76, 6.84, 6.55, 6.63, 685100.0, 6.63
2015-03-25, 6.63, 6.72, 6.36, 6.49, 1129900.0, 6.49
2015-03-26, 6.45, 6.54, 6.24, 6.25, 883700.0, 6.25
2015-03-27, 6.25, 6.44, 6.25, 6.34, 606200.0, 6.34
2015-03-30, 6.34, 6.36, 5.94, 6.2, 1355600.0, 6.2
2015-03-31, 6.13, 6.24, 5.82, 5.87, 1323600.0, 5.87
2015-04-01, 5.84, 5.87, 5.58, 5.66, 1213500.0, 5.66
2015-04-02, 5.65, 5.96, 5.58, 5.95, 747100.0, 5.95
2015-04-06, 5.89, 6.05, 5.85, 5.99, 493000.0, 5.99
2015-04-07, 6.0, 6.27, 6.0, 6.07, 989200.0, 6.07
2015-04-08, 5.74, 5.84, 5.61, 5.65, 1336100.0, 5.65
2015-04-09, 5.67, 5.76, 5.57, 5.72, 881600.0, 5.72
2015-04-10, 5.75, 5.79, 5.51, 5.59, 712900.0, 5.59
2015-04-13, 5.6, 5.8, 5.52, 5.71, 880000.0, 5.71
2015-04-14, 5.72, 5.74, 5.54, 5.62, 721500.0, 5.62
2015-04-15, 6.44, 6.5, 5.95, 5.95, 4065800.0, 5.95
2015-04-16, 5.9, 5.9, 5.41, 5.45, 2688100.0, 5.45
2015-04-17, 5.45, 5.68, 5.37, 5.66, 1662900.0, 5.66
2015-04-20, 5.75, 6.06, 5.66, 6.04, 2298800.0, 6.04
2015-04-21, 6.02, 6.17, 5.85, 6.15, 2851100.0, 6.15
2015-04-22, 7.27, 7.38, 6.37, 6.46, 1.16402E7, 6.46
2015-04-23, 6.21, 6.49, 6.07, 6.4, 3417700.0, 6.4
2015-04-24, 6.42, 6.43, 6.15, 6.16, 1713600.0, 6.16
2015-04-27, 6.18, 6.28, 5.94, 6.07, 1955000.0, 6.07
2015-04-28, 6.04, 6.23, 5.97, 6.2, 1732400.0, 6.2
2015-04-29, 6.18, 6.27, 6.11, 6.16, 951600.0, 6.16
2015-04-30, 6.08, 6.2, 5.81, 5.87, 1678100.0, 5.87
2015-05-01, 5.91, 5.98, 5.64, 5.85, 1418100.0, 5.85
2015-05-04, 5.98, 6.18, 5.92, 6.06, 1526800.0, 6.06
2015-05-05, 6.03, 6.15, 5.77, 5.89, 1191800.0, 5.89
2015-05-06, 5.91, 5.98, 5.79, 5.97, 883000.0, 5.97
2015-05-07, 5.96, 6.05, 5.73, 6.0, 1645700.0, 6.0
2015-05-08, 6.07, 6.1, 5.94, 5.98, 667500.0, 5.98
2015-05-11, 5.98, 6.22, 5.85, 6.18, 1380000.0, 6.18
2015-05-12, 6.12, 6.18, 5.96, 6.11, 1084100.0, 6.11
2015-05-13, 6.1, 6.19, 6.08, 6.16, 786100.0, 6.16
2015-05-14, 6.17, 6.25, 6.12, 6.21, 763200.0, 6.21
2015-05-15, 6.18, 6.49, 6.17, 6.37, 1137000.0, 6.37
2015-05-18, 6.37, 6.42, 6.23, 6.26, 1341600.0, 6.26
2015-05-19, 6.27, 6.33, 6.19, 6.24, 659100.0, 6.24
2015-05-20, 6.23, 6.27, 6.07, 6.13, 946800.0, 6.13
2015-05-21, 6.11, 6.32, 6.09, 6.31, 912700.0, 6.31
2015-05-22, 6.31, 6.37, 6.23, 6.25, 576900.0, 6.25
2015-05-26, 6.21, 6.23, 6.06, 6.14, 630400.0, 6.14
2015-05-27, 6.16, 6.41, 6.12, 6.38, 939600.0, 6.38
2015-05-28, 6.39, 6.47, 6.2, 6.43, 737700.0, 6.43
2015-05-29, 6.4, 6.46, 6.21, 6.27, 1141100.0, 6.27
2015-06-01, 6.28, 6.31, 6.19, 6.24, 659800.0, 6.24
2015-06-02, 6.2, 6.3, 6.11, 6.15, 786200.0, 6.15
2015-06-03, 6.14, 6.33, 6.04, 6.32, 972800.0, 6.32
2015-06-04, 6.31, 6.65, 6.25, 6.45, 1343800.0, 6.45
2015-06-05, 6.45, 6.64, 6.37, 6.6, 850100.0, 6.6
2015-06-08, 6.56, 6.65, 6.29, 6.35, 1316800.0, 6.35
2015-06-09, 6.31, 6.43, 6.2, 6.24, 778200.0, 6.24
2015-06-10, 6.25, 6.4, 6.18, 6.25, 765900.0, 6.25
2015-06-11, 6.23, 6.51, 6.17, 6.49, 931800.0, 6.49
2015-06-12, 6.44, 6.51, 6.4, 6.47, 350000.0, 6.47
2015-06-15, 6.42, 6.42, 6.29, 6.33, 691300.0, 6.33
2015-06-16, 6.29, 6.3, 6.17, 6.26, 549700.0, 6.26
2015-06-17, 6.3, 6.38, 6.27, 6.34, 343900.0, 6.34
2015-06-18, 6.33, 6.37, 6.28, 6.35, 427800.0, 6.35
2015-06-19, 6.35, 6.4, 6.27, 6.34, 619000.0, 6.34
2015-06-22, 6.37, 6.37, 6.22, 6.23, 386400.0, 6.23
2015-06-23, 6.21, 6.37, 6.06, 6.37, 1065900.0, 6.37
2015-06-24, 6.34, 6.51, 6.32, 6.43, 695100.0, 6.43
2015-06-25, 6.43, 6.6, 6.39, 6.59, 800600.0, 6.59
2015-06-26, 6.59, 6.59, 6.21, 6.33, 1792000.0, 6.33
2015-06-29, 6.2, 6.34, 6.02, 6.12, 1017300.0, 6.12
2015-06-30, 6.14, 6.28, 6.12, 6.16, 1086200.0, 6.16
2015-07-01, 6.13, 6.17, 5.62, 5.68, 1923600.0, 5.68
2015-07-02, 5.7, 6.44, 5.68, 6.41, 2834100.0, 6.41
2015-07-06, 6.36, 6.39, 6.07, 6.26, 1202800.0, 6.26
2015-07-07, 6.2, 6.3, 6.01, 6.16, 1391700.0, 6.16
2015-07-08, 6.05, 6.2, 5.96, 6.1, 1101400.0, 6.1
2015-07-09, 6.12, 6.24, 6.01, 6.13, 1138200.0, 6.13
2015-07-10, 6.18, 6.2, 5.97, 6.08, 784600.0, 6.08
2015-07-13, 6.08, 6.16, 6.03, 6.09, 868800.0, 6.09
2015-07-14, 6.06, 6.13, 6.02, 6.1, 560000.0, 6.1
2015-07-15, 6.07, 6.1, 5.79, 5.88, 664900.0, 5.88
2015-07-16, 5.87, 5.99, 5.83, 5.96, 546600.0, 5.96
2015-07-17, 6.01, 6.13, 5.99, 6.07, 717100.0, 6.07
2015-07-20, 6.11, 6.14, 5.93, 6.03, 798300.0, 6.03
2015-07-21, 6.0, 6.12, 5.83, 6.07, 1143400.0, 6.07
2015-07-22, 4.77, 5.04, 4.53, 4.58, 4476200.0, 4.58
2015-07-23, 4.58, 4.58, 4.13, 4.19, 3207900.0, 4.19
2015-07-24, 4.15, 4.17, 3.78, 4.15, 2964100.0, 4.15
2015-07-27, 4.1, 4.26, 3.73, 3.76, 1682100.0, 3.76
2015-07-28, 3.85, 4.17, 3.84, 4.16, 1767500.0, 4.16
2015-07-29, 4.4, 4.5, 4.08, 4.33, 2621900.0, 4.33
2015-07-30, 4.69, 4.89, 4.38, 4.8, 2452100.0, 4.8
2015-07-31, 4.83, 5.09, 4.71, 5.0, 1653600.0, 5.0
2015-08-03, 4.97, 4.99, 4.62, 4.65, 1416100.0, 4.65
2015-08-04, 4.58, 4.65, 4.31, 4.63, 1364600.0, 4.63
2015-08-05, 4.55, 4.8, 4.52, 4.65, 1021400.0, 4.65
2015-08-06, 4.61, 4.65, 4.4, 4.62, 1106300.0, 4.62
2015-08-07, 4.56, 4.74, 4.53, 4.58, 1147700.0, 4.58
2015-08-10, 4.56, 4.92, 4.56, 4.89, 1279200.0, 4.89
2015-08-11, 4.81, 4.98, 4.62, 4.7, 756200.0, 4.7
2015-08-12, 4.63, 4.69, 4.48, 4.59, 927100.0, 4.59
2015-08-13, 4.58, 4.71, 4.41, 4.44, 687000.0, 4.44
2015-08-14, 4.41, 4.46, 4.36, 4.4, 380300.0, 4.4
2015-08-17, 4.4, 4.51, 4.34, 4.5, 468400.0, 4.5
2015-08-18, 4.46, 4.56, 4.28, 4.45, 1017400.0, 4.45
2015-08-19, 4.44, 4.56, 4.29, 4.42, 1080900.0, 4.42
2015-08-20, 4.37, 4.43, 4.25, 4.42, 701400.0, 4.42
2015-08-21, 4.29, 4.68, 4.29, 4.64, 1848400.0, 4.64
2015-08-24, 4.34, 4.95, 4.34, 4.72, 1818300.0, 4.72
2015-08-25, 4.85, 4.94, 4.67, 4.71, 843700.0, 4.71
2015-08-26, 4.78, 4.84, 4.66, 4.82, 722100.0, 4.82
2015-08-27, 4.9, 5.12, 4.75, 5.07, 1101100.0, 5.07
2015-08-28, 5.04, 5.24, 5.04, 5.21, 532400.0, 5.21
2015-08-31, 5.24, 5.38, 5.15, 5.29, 901600.0, 5.29
2015-09-01, 5.19, 5.36, 5.08, 5.09, 516200.0, 5.09
2015-09-02, 5.14, 5.22, 5.01, 5.12, 333100.0, 5.12
2015-09-03, 5.14, 5.19, 5.02, 5.02, 299700.0, 5.02
2015-09-04, 5.0, 5.07, 4.97, 5.04, 302800.0, 5.04
2015-09-08, 5.1, 5.26, 4.88, 5.21, 454100.0, 5.21
2015-09-09, 5.22, 5.32, 5.14, 5.19, 409400.0, 5.19
2015-09-10, 5.17, 5.23, 5.09, 5.21, 372300.0, 5.21
2015-09-11, 5.17, 5.23, 5.13, 5.19, 257100.0, 5.19
2015-09-14, 5.19, 5.28, 5.06, 5.24, 325100.0, 5.24
2015-09-15, 5.23, 5.34, 5.22, 5.26, 403300.0, 5.26
2015-09-16, 5.25, 5.38, 5.24, 5.27, 480500.0, 5.27
2015-09-17, 5.27, 5.29, 5.17, 5.18, 463700.0, 5.18
2015-09-18, 5.11, 5.22, 5.11, 5.18, 480300.0, 5.18
2015-09-21, 5.2, 5.23, 5.14, 5.17, 459600.0, 5.17
2015-09-22, 5.11, 5.23, 5.08, 5.15, 353100.0, 5.15
2015-09-23, 5.18, 5.18, 5.03, 5.11, 391300.0, 5.11
2015-09-24, 5.1, 5.15, 5.01, 5.15, 260400.0, 5.15
2015-09-25, 5.19, 5.19, 4.97, 4.99, 293300.0, 4.99
2015-09-28, 4.98, 5.11, 4.93, 5.06, 427100.0, 5.06
2015-09-29, 5.06, 5.06, 4.92, 4.95, 334000.0, 4.95
2015-09-30, 5.02, 5.13, 4.98, 5.04, 359200.0, 5.04
2015-10-01, 5.04, 5.11, 4.95, 4.98, 347700.0, 4.98
2015-10-02, 4.95, 5.25, 4.91, 5.25, 427900.0, 5.25
2015-10-05, 5.29, 5.61, 5.05, 5.56, 926400.0, 5.56
2015-10-06, 5.57, 5.7, 5.55, 5.57, 443700.0, 5.57
2015-10-07, 5.63, 5.63, 5.26, 5.6, 621600.0, 5.6
2015-10-08, 5.6, 5.94, 5.38, 5.93, 662300.0, 5.93
2015-10-09, 5.94, 6.23, 5.94, 6.15, 873100.0, 6.15
2015-10-12, 6.15, 6.16, 5.7, 5.78, 322100.0, 5.78
2015-10-13, 5.75, 6.11, 5.71, 5.71, 607900.0, 5.71
2015-10-14, 5.73, 5.9, 5.7, 5.84, 269300.0, 5.84
2015-10-15, 5.83, 6.08, 5.83, 6.05, 352600.0, 6.05
2015-10-16, 6.08, 6.08, 5.93, 6.04, 355100.0, 6.04
2015-10-19, 6.04, 6.28, 5.95, 6.19, 855800.0, 6.19
2015-10-20, 6.16, 6.29, 6.16, 6.23, 718000.0, 6.23
2015-10-21, 5.52, 7.31, 5.23, 6.94, 2948600.0, 6.94
2015-10-22, 6.95, 7.15, 6.33, 6.99, 2040300.0, 6.99
2015-10-23, 7.06, 7.1, 6.78, 6.94, 1338900.0, 6.94
2015-10-26, 7.12, 8.05, 6.94, 7.41, 2515700.0, 7.41
2015-10-27, 7.4, 7.47, 6.92, 7.02, 2272000.0, 7.02
2015-10-28, 7.01, 7.35, 6.82, 7.16, 1723700.0, 7.16
2015-10-29, 7.17, 7.44, 7.11, 7.3, 777000.0, 7.3
2015-10-30, 7.33, 7.73, 7.32, 7.73, 889100.0, 7.73
2015-11-02, 7.72, 7.86, 7.58, 7.67, 931600.0, 7.67
2015-11-03, 7.7, 7.81, 7.57, 7.59, 860700.0, 7.59
2015-11-04, 7.58, 7.67, 7.15, 7.64, 1793500.0, 7.64
2015-11-05, 7.68, 7.71, 7.3, 7.5, 640100.0, 7.5
2015-11-06, 7.45, 7.6, 7.39, 7.58, 523900.0, 7.58
2015-11-09, 7.65, 8.17, 7.59, 7.99, 1161200.0, 7.99
2015-11-10, 7.97, 7.97, 7.8, 7.84, 631000.0, 7.84
2015-11-11, 7.84, 8.02, 7.84, 7.92, 880500.0, 7.92
2015-11-12, 8.88, 9.2, 8.76, 8.97, 7343300.0, 8.97
2015-11-13, 8.97, 9.98, 8.95, 9.79, 4392200.0, 9.79
2015-11-16, 9.38, 9.87, 9.35, 9.83, 2268300.0, 9.83
2015-11-17, 9.17, 10.05, 9.05, 9.96, 1531700.0, 9.96
2015-11-18, 10.03, 10.9, 10.03, 10.86, 1963400.0, 10.86
2015-11-19, 10.73, 10.93, 10.16, 10.3, 905300.0, 10.3
2015-11-20, 10.09, 10.64, 10.05, 10.5, 667400.0, 10.5
2015-11-23, 10.56, 10.8, 10.46, 10.48, 696200.0, 10.48
2015-11-24, 10.4, 10.76, 10.37, 10.61, 1076500.0, 10.61
2015-11-25, 10.59, 11.25, 10.33, 10.72, 600300.0, 10.72
2015-11-27, 10.75, 10.77, 10.65, 10.76, 258800.0, 10.76
2015-11-30, 10.83, 10.92, 10.66, 10.81, 807900.0, 10.81
2015-12-01, 10.87, 10.89, 10.69, 10.75, 580300.0, 10.75
2015-12-02, 10.76, 10.82, 10.57, 10.58, 1082400.0, 10.58
2015-12-03, 10.65, 10.85, 9.8, 10.15, 1176700.0, 10.15
2015-12-04, 10.09, 10.34, 9.96, 10.03, 808200.0, 10.03
2015-12-07, 10.0, 10.14, 9.96, 9.99, 574300.0, 9.99
2015-12-08, 9.95, 10.02, 9.85, 9.97, 328700.0, 9.97
2015-12-09, 9.98, 10.13, 9.61, 9.87, 311200.0, 9.87
2015-12-10, 9.82, 10.03, 9.76, 9.98, 253500.0, 9.98
2015-12-11, 9.83, 9.85, 9.33, 9.38, 370400.0, 9.38
2015-12-14, 9.4, 9.55, 8.97, 9.07, 718000.0, 9.07
2015-12-15, 9.14, 9.28, 9.07, 9.24, 314000.0, 9.24
2015-12-16, 9.35, 9.43, 9.15, 9.3, 380800.0, 9.3
2015-12-17, 9.31, 9.57, 9.21, 9.22, 195800.0, 9.22
2015-12-18, 9.19, 9.45, 8.99, 8.99, 697000.0, 8.99
2015-12-21, 9.03, 9.34, 8.99, 9.07, 280000.0, 9.07
2015-12-22, 9.09, 9.22, 8.98, 9.09, 180600.0, 9.09
2015-12-23, 9.13, 9.13, 8.7, 9.0, 376800.0, 9.0
2015-12-24, 8.97, 9.48, 8.97, 9.46, 181900.0, 9.46
2015-12-28, 9.38, 9.49, 9.05, 9.39, 311500.0, 9.39
2015-12-29, 9.43, 9.84, 9.22, 9.38, 644600.0, 9.38
2015-12-30, 9.32, 9.5, 9.11, 9.45, 284200.0, 9.45
2015-12-31, 9.55, 9.69, 9.14, 9.35, 348300.0, 9.35
2016-01-04, 9.27, 9.69, 9.11, 9.13, 569700.0, 9.13
2016-01-05, 9.17, 9.59, 8.85, 9.49, 455100.0, 9.49
2016-01-06, 9.39, 10.19, 9.29, 9.86, 910500.0, 9.86
2016-01-07, 9.68, 9.9, 9.33, 9.39, 738600.0, 9.39
2016-01-08, 9.35, 9.48, 8.92, 9.07, 680000.0, 9.07
2016-01-11, 9.13, 9.41, 8.98, 9.17, 656400.0, 9.17
2016-01-12, 9.22, 9.37, 8.96, 9.06, 639600.0, 9.06
2016-01-13, 9.11, 9.21, 8.84, 9.01, 745300.0, 9.01
2016-01-14, 9.01, 9.15, 8.44, 8.87, 991900.0, 8.87
2016-01-15, 8.68, 8.94, 8.29, 8.59, 740300.0, 8.59
2016-01-19, 8.68, 8.76, 8.06, 8.18, 424300.0, 8.18
2016-01-20, 8.05, 8.3, 7.66, 8.19, 625700.0, 8.19
2016-01-21, 8.19, 8.33, 8.02, 8.06, 445400.0, 8.06
2016-01-22, 8.2, 8.47, 7.8, 8.16, 900800.0, 8.16
2016-01-25, 8.1, 8.26, 7.82, 7.92, 406200.0, 7.92
2016-01-26, 7.94, 8.06, 7.71, 8.0, 482800.0, 8.0
2016-01-27, 8.0, 8.04, 7.75, 8.0, 475800.0, 8.0
2016-01-28, 8.06, 8.32, 7.91, 8.3, 641100.0, 8.3
2016-01-29, 8.29, 8.51, 8.24, 8.49, 391200.0, 8.49
2016-02-01, 8.47, 8.62, 8.3, 8.6, 288900.0, 8.6
2016-02-02, 8.54, 8.57, 8.13, 8.35, 395500.0, 8.35
2016-02-03, 8.75, 9.6, 8.52, 9.48, 743900.0, 9.48
2016-02-04, 9.42, 9.64, 9.29, 9.53, 602800.0, 9.53
2016-02-05, 9.45, 9.58, 9.28, 9.44, 1290000.0, 9.44
2016-02-08, 9.36, 9.36, 8.59, 8.92, 572200.0, 8.92
2016-02-09, 8.81, 8.99, 8.61, 8.94, 603800.0, 8.94
2016-02-10, 9.0, 9.36, 8.9, 9.16, 350100.0, 9.16
2016-02-11, 9.0, 9.55, 8.95, 9.52, 358600.0, 9.52
2016-02-12, 9.63, 9.89, 9.4, 9.63, 885400.0, 9.63
2016-02-16, 9.75, 9.88, 9.54, 9.6, 655000.0, 9.6
2016-02-17, 9.68, 9.84, 9.65, 9.73, 946100.0, 9.73
2016-02-18, 9.75, 9.78, 9.6, 9.66, 473700.0, 9.66
2016-02-19, 9.65, 9.66, 9.0, 9.2, 3126400.0, 9.2
2016-02-22, 9.25, 9.55, 9.23, 9.34, 629500.0, 9.34
2016-02-23, 8.41, 8.75, 8.03, 8.14, 1246700.0, 8.14
2016-02-24, 8.08, 8.54, 8.07, 8.34, 962400.0, 8.34
2016-02-25, 8.39, 8.61, 8.16, 8.28, 370700.0, 8.28
2016-02-26, 8.39, 8.86, 8.1, 8.82, 391400.0, 8.82
2016-02-29, 8.8, 9.3, 8.2, 9.23, 554700.0, 9.23
2016-03-01, 9.35, 9.35, 8.32, 8.45, 624900.0, 8.45
2016-03-02, 8.48, 8.59, 8.25, 8.38, 418600.0, 8.38
2016-03-03, 8.39, 8.79, 8.15, 8.6, 581000.0, 8.6
2016-03-04, 8.65, 8.67, 8.21, 8.3, 501900.0, 8.3
2016-03-07, 8.29, 8.42, 8.18, 8.34, 356100.0, 8.34
2016-03-08, 8.34, 8.59, 8.2, 8.37, 336700.0, 8.37
2016-03-09, 8.37, 8.44, 8.26, 8.31, 230700.0, 8.31
2016-03-10, 8.36, 8.5, 7.89, 7.94, 382300.0, 7.94
2016-03-11, 8.03, 8.22, 7.94, 8.17, 331700.0, 8.17
2016-03-14, 8.18, 8.37, 8.11, 8.35, 167700.0, 8.35
2016-03-15, 8.3, 8.33, 7.83, 7.89, 470000.0, 7.89
2016-03-16, 7.83, 8.04, 7.77, 7.94, 266100.0, 7.94
2016-03-17, 7.95, 8.23, 7.77, 8.13, 504200.0, 8.13
2016-03-18, 8.19, 8.44, 7.95, 8.29, 561700.0, 8.29
2016-03-21, 8.29, 8.38, 8.01, 8.07, 213000.0, 8.07
2016-03-22, 8.06, 8.1, 7.91, 8.06, 217700.0, 8.06
2016-03-23, 8.07, 8.14, 7.81, 8.06, 278400.0, 8.06
2016-03-24, 8.05, 8.11, 7.92, 8.01, 185800.0, 8.01
2016-03-28, 8.0, 8.07, 7.88, 8.01, 163500.0, 8.01
2016-03-29, 8.0, 8.29, 7.84, 8.24, 485200.0, 8.24
2016-03-30, 8.33, 8.6, 8.19, 8.4, 257800.0, 8.4
2016-03-31, 8.39, 8.39, 8.01, 8.07, 284800.0, 8.07
2016-04-01, 8.0, 8.22, 7.85, 8.18, 290600.0, 8.18
2016-04-04, 8.21, 9.06, 8.16, 8.74, 503600.0, 8.74
2016-04-05, 8.68, 8.8, 8.31, 8.37, 393700.0, 8.37
2016-04-06, 8.39, 8.52, 8.28, 8.42, 214300.0, 8.42
2016-04-07, 8.34, 8.41, 8.07, 8.15, 191900.0, 8.15
2016-04-08, 8.25, 8.25, 7.91, 8.08, 303900.0, 8.08
2016-04-11, 8.15, 8.22, 7.91, 7.94, 743100.0, 7.94
2016-04-12, 7.96, 8.3, 7.9, 8.09, 329000.0, 8.09
2016-04-13, 8.08, 8.08, 7.88, 7.97, 683900.0, 7.97
2016-04-14, 7.97, 7.97, 7.78, 7.8, 356900.0, 7.8
2016-04-15, 7.8, 8.04, 7.77, 7.9, 326700.0, 7.9
2016-04-18, 7.86, 8.22, 7.85, 8.0, 330100.0, 8.0
2016-04-19, 8.03, 8.08, 7.73, 7.75, 479600.0, 7.75
2016-04-20, 6.8, 8.35, 6.8, 8.13, 1734800.0, 8.13
2016-04-21, 8.08, 8.4, 7.86, 8.13, 510600.0, 8.13
2016-04-22, 8.12, 8.33, 8.06, 8.25, 191100.0, 8.25
2016-04-25, 8.22, 8.35, 8.12, 8.28, 276500.0, 8.28
2016-04-26, 8.27, 8.34, 8.09, 8.3, 482700.0, 8.3
2016-04-27, 8.35, 8.56, 8.32, 8.45, 212000.0, 8.45
2016-04-28, 8.5, 8.95, 8.49, 8.74, 385800.0, 8.74
2016-04-29, 8.75, 8.9, 8.72, 8.75, 260200.0, 8.75
2016-05-02, 8.8, 9.0, 8.66, 8.97, 425600.0, 8.97
2016-05-03, 8.93, 8.95, 8.7, 8.75, 234200.0, 8.75
2016-05-04, 8.7, 8.81, 8.51, 8.79, 470000.0, 8.79
2016-05-05, 8.8, 8.88, 8.53, 8.61, 175400.0, 8.61
2016-05-06, 8.61, 8.87, 8.49, 8.64, 299200.0, 8.64
2016-05-09, 8.6, 8.96, 8.57, 8.88, 237300.0, 8.88
2016-05-10, 8.92, 9.19, 8.76, 8.95, 688900.0, 8.95
2016-05-11, 8.91, 8.91, 8.7, 8.71, 130800.0, 8.71
2016-05-12, 8.72, 8.77, 8.48, 8.54, 282500.0, 8.54
2016-05-13, 8.49, 8.68, 8.38, 8.59, 217000.0, 8.59
2016-05-16, 8.63, 8.93, 8.59, 8.74, 155500.0, 8.74
2016-05-17, 8.76, 8.8, 8.48, 8.55, 239400.0, 8.55
2016-05-18, 8.51, 8.73, 8.4, 8.58, 169300.0, 8.58
2016-05-19, 8.51, 8.72, 8.44, 8.51, 187100.0, 8.51
2016-05-20, 8.57, 8.81, 8.46, 8.81, 239700.0, 8.81
2016-05-23, 8.8, 8.98, 8.59, 8.69, 278700.0, 8.69
2016-05-24, 8.7, 9.0, 8.6, 8.77, 278500.0, 8.77
2016-05-25, 8.8, 9.03, 8.66, 8.81, 155300.0, 8.81
2016-05-26, 8.8, 8.89, 8.51, 8.73, 227300.0, 8.73
2016-05-27, 8.75, 8.82, 8.52, 8.76, 147500.0, 8.76
2016-05-31, 8.75, 8.82, 8.61, 8.8, 231700.0, 8.8
2016-06-01, 8.76, 8.81, 8.67, 8.8, 270700.0, 8.8
2016-06-02, 8.78, 8.92, 8.71, 8.9, 221400.0, 8.9
2016-06-03, 8.88, 8.95, 8.75, 8.85, 245200.0, 8.85
2016-06-06, 8.89, 8.89, 8.77, 8.81, 272600.0, 8.81
2016-06-07, 8.83, 8.94, 8.78, 8.86, 185600.0, 8.86
2016-06-08, 8.89, 8.97, 8.81, 8.92, 120000.0, 8.92
2016-06-09, 8.94, 8.94, 8.68, 8.86, 227800.0, 8.86
2016-06-10, 8.84, 8.84, 8.3, 8.39, 528100.0, 8.39
2016-06-13, 8.42, 8.46, 8.0, 8.01, 311400.0, 8.01
2016-06-14, 7.95, 8.07, 7.62, 7.82, 330000.0, 7.82
2016-06-15, 7.86, 7.89, 7.66, 7.78, 238600.0, 7.78
2016-06-16, 7.72, 7.74, 7.48, 7.58, 370200.0, 7.58
2016-06-17, 7.55, 7.62, 7.36, 7.41, 850100.0, 7.41
2016-06-20, 7.52, 7.68, 7.42, 7.51, 352500.0, 7.51
2016-06-21, 7.54, 7.62, 7.35, 7.57, 353300.0, 7.57
2016-06-22, 7.57, 7.8, 7.42, 7.48, 214000.0, 7.48
2016-06-23, 7.56, 7.69, 7.47, 7.53, 186800.0, 7.53
2016-06-24, 7.33, 7.42, 7.05, 7.1, 461700.0, 7.1
2016-06-27, 7.08, 7.38, 6.57, 6.57, 826100.0, 6.57
2016-06-28, 6.63, 6.77, 6.51, 6.58, 382200.0, 6.58
2016-06-29, 6.66, 7.17, 6.5, 6.55, 239500.0, 6.55
2016-06-30, 6.59, 6.87, 6.46, 6.51, 262700.0, 6.51
2016-07-01, 6.53, 6.59, 6.45, 6.49, 199500.0, 6.49
2016-07-05, 6.44, 6.7, 6.44, 6.54, 244100.0, 6.54
2016-07-06, 6.5, 6.53, 6.42, 6.51, 174200.0, 6.51
