2007-08-13, 0.85, 0.85, 0.85, 0.85, 0.0, 0.85
2007-08-14, 0.85, 0.85, 0.85, 0.85, 0.0, 0.85
2007-08-15, 0.85, 0.85, 0.85, 0.85, 0.0, 0.85
2007-08-16, 0.79, 0.79, 0.79, 0.79, 2000.0, 0.79
2007-08-17, 0.79, 0.79, 0.79, 0.79, 0.0, 0.79
2007-08-20, 0.76, 0.76, 0.76, 0.76, 5500.0, 0.76
2007-08-21, 0.76, 0.76, 0.76, 0.76, 0.0, 0.76
2007-08-22, 0.83, 0.83, 0.81, 0.83, 5500.0, 0.83
2007-08-23, 0.81, 0.83, 0.81, 0.81, 1500.0, 0.81
2007-08-24, 0.84, 0.84, 0.84, 0.84, 1500.0, 0.84
2007-08-27, 0.84, 0.84, 0.84, 0.84, 0.0, 0.84
2007-08-28, 0.84, 0.84, 0.84, 0.84, 0.0, 0.84
2007-08-29, 0.81, 0.81, 0.81, 0.81, 10000.0, 0.81
2007-08-30, 0.81, 0.81, 0.81, 0.81, 0.0, 0.81
2007-08-31, 0.81, 0.81, 0.81, 0.81, 0.0, 0.81
2007-09-04, 0.77, 0.77, 0.74, 0.77, 11500.0, 0.77
2007-09-05, 0.75, 0.75, 0.75, 0.75, 1500.0, 0.75
2007-09-06, 0.79, 0.79, 0.73, 0.79, 14800.0, 0.79
2007-09-07, 0.74, 0.78, 0.74, 0.74, 27000.0, 0.74
2007-09-10, 0.67, 0.69, 0.67, 0.67, 66000.0, 0.67
2007-09-11, 0.7, 0.7, 0.66, 0.7, 19000.0, 0.7
2007-09-12, 0.66, 0.66, 0.63, 0.66, 5500.0, 0.66
2007-09-13, 0.68, 0.68, 0.66, 0.68, 2500.0, 0.68
2007-09-14, 0.7, 0.7, 0.69, 0.7, 5000.0, 0.7
2007-09-17, 0.73, 0.73, 0.73, 0.73, 1000.0, 0.73
2007-09-18, 0.68, 0.69, 0.68, 0.68, 22000.0, 0.68
2007-09-19, 0.7, 0.7, 0.68, 0.7, 3000.0, 0.7
2007-09-20, 0.7, 0.7, 0.7, 0.7, 8500.0, 0.7
2007-09-21, 0.75, 0.75, 0.7, 0.75, 16000.0, 0.75
2007-09-24, 0.73, 0.74, 0.7, 0.73, 12500.0, 0.73
2007-09-25, 0.7, 0.7, 0.7, 0.7, 3000.0, 0.7
2007-09-26, 0.75, 0.75, 0.69, 0.75, 20700.0, 0.75
2007-09-27, 0.75, 0.76, 0.75, 0.75, 4000.0, 0.75
2007-09-28, 0.76, 0.76, 0.75, 0.76, 24000.0, 0.76
2007-10-01, 0.69, 0.76, 0.69, 0.69, 9000.0, 0.69
2007-10-02, 0.68, 0.7, 0.67, 0.68, 15000.0, 0.68
2007-10-03, 0.72, 0.72, 0.71, 0.72, 18500.0, 0.72
2007-10-04, 0.73, 0.73, 0.72, 0.73, 18000.0, 0.73
2007-10-05, 0.77, 0.77, 0.72, 0.77, 9000.0, 0.77
2007-10-08, 0.77, 0.77, 0.77, 0.77, 0.0, 0.77
2007-10-09, 0.8, 0.8, 0.77, 0.8, 30000.0, 0.8
2007-10-10, 0.91, 0.92, 0.85, 0.91, 79300.0, 0.91
2007-10-11, 0.89, 0.94, 0.87, 0.89, 69000.0, 0.89
2007-10-12, 0.93, 0.93, 0.93, 0.93, 3000.0, 0.93
2007-10-15, 0.89, 0.94, 0.89, 0.89, 35500.0, 0.89
2007-10-16, 0.89, 0.89, 0.84, 0.89, 17500.0, 0.89
2007-10-17, 0.9, 0.94, 0.85, 0.9, 19800.0, 0.9
2007-10-18, 0.91, 0.91, 0.87, 0.91, 5000.0, 0.91
2007-10-19, 0.91, 0.91, 0.91, 0.91, 0.0, 0.91
2007-10-22, 0.9, 0.92, 0.87, 0.9, 5200.0, 0.9
2007-10-23, 0.94, 0.94, 0.83, 0.94, 9500.0, 0.94
2007-10-24, 0.89, 0.91, 0.85, 0.89, 47000.0, 0.89
2007-10-25, 0.89, 0.89, 0.89, 0.89, 0.0, 0.89
2007-10-26, 0.89, 0.89, 0.89, 0.89, 0.0, 0.89
2007-10-29, 1.06, 1.06, 0.99, 1.06, 65500.0, 1.06
2007-10-30, 1.05, 1.05, 0.98, 1.05, 2200.0, 1.05
2007-10-31, 1.12, 1.12, 1.1, 1.12, 4500.0, 1.12
2007-11-01, 1.11, 1.11, 1.11, 1.11, 1000.0, 1.11
2007-11-02, 1.22, 1.27, 1.15, 1.22, 29500.0, 1.22
2007-11-05, 1.35, 1.39, 1.29, 1.35, 26000.0, 1.35
2007-11-06, 1.34, 1.37, 1.34, 1.34, 24000.0, 1.34
2007-11-07, 1.26, 1.26, 1.19, 1.26, 11000.0, 1.26
2007-11-08, 1.19, 1.23, 1.13, 1.19, 7000.0, 1.19
2007-11-09, 1.06, 1.08, 0.96, 1.06, 91000.0, 1.06
2007-11-12, 1.04, 1.06, 1.04, 1.04, 10000.0, 1.04
2007-11-13, 0.97, 1.05, 0.97, 0.97, 14500.0, 0.97
2007-11-14, 0.99, 1.06, 0.99, 0.99, 20000.0, 0.99
2007-11-15, 1.01, 1.01, 0.99, 1.01, 2500.0, 1.01
2007-11-16, 1.12, 1.12, 1.01, 1.12, 22000.0, 1.12
2007-11-19, 0.96, 1.06, 0.96, 0.96, 16700.0, 0.96
2007-11-20, 0.99, 1.02, 0.96, 0.99, 17000.0, 0.99
2007-11-21, 0.99, 0.99, 0.95, 0.95, 7500.0, 0.95
2007-11-23, 1.01, 1.01, 0.96, 1.01, 2300.0, 1.01
2007-11-26, 1.01, 1.01, 1.01, 1.01, 0.0, 1.01
2007-11-27, 1.08, 1.19, 1.02, 1.08, 44000.0, 1.08
2007-11-28, 1.01, 1.06, 1.01, 1.01, 17900.0, 1.01
2007-11-29, 1.07, 1.07, 0.98, 1.07, 14400.0, 1.07
2007-11-30, 1.15, 1.16, 1.08, 1.15, 57200.0, 1.15
2007-12-03, 1.2, 1.25, 1.2, 1.2, 12200.0, 1.2
2007-12-04, 1.18, 1.2, 1.18, 1.18, 22500.0, 1.18
2007-12-05, 1.19, 1.19, 1.18, 1.19, 32000.0, 1.19
2007-12-06, 1.15, 1.15, 1.15, 1.15, 1000.0, 1.15
2007-12-07, 1.08, 1.2, 1.08, 1.08, 1700.0, 1.08
2007-12-10, 1.25, 1.25, 1.22, 1.25, 30600.0, 1.25
2007-12-11, 1.31, 1.39, 1.25, 1.31, 86900.0, 1.31
2007-12-12, 1.33, 1.4, 1.28, 1.33, 43000.0, 1.33
2007-12-13, 1.28, 1.31, 1.28, 1.28, 13600.0, 1.28
2007-12-14, 1.44, 1.54, 1.29, 1.44, 114000.0, 1.44
2007-12-17, 1.29, 1.47, 1.29, 1.29, 36000.0, 1.29
2007-12-18, 1.33, 1.35, 1.29, 1.33, 72700.0, 1.33
2007-12-19, 1.41, 1.47, 1.3, 1.41, 64300.0, 1.41
2007-12-20, 1.36, 1.46, 1.35, 1.36, 27000.0, 1.36
2007-12-21, 1.44, 1.44, 1.35, 1.44, 41500.0, 1.44
2007-12-24, 1.53, 1.53, 1.5, 1.53, 27100.0, 1.53
2007-12-26, 1.53, 1.53, 1.53, 1.53, 0.0, 1.53
2007-12-27, 1.74, 1.8, 1.51, 1.74, 48600.0, 1.74
2007-12-28, 1.7, 1.71, 1.65, 1.7, 55500.0, 1.7
2007-12-31, 1.8, 1.83, 1.71, 1.8, 39500.0, 1.8
2008-01-02, 1.7, 1.77, 1.7, 1.7, 27500.0, 1.7
2008-01-03, 1.73, 1.73, 1.54, 1.73, 38700.0, 1.73
2008-01-04, 1.62, 1.72, 1.62, 1.62, 7300.0, 1.62
2008-01-07, 1.58, 1.63, 1.49, 1.58, 30700.0, 1.58
2008-01-08, 1.67, 1.69, 1.59, 1.67, 67800.0, 1.67
2008-01-09, 1.58, 1.65, 1.5, 1.58, 42500.0, 1.58
2008-01-10, 1.55, 1.57, 1.47, 1.55, 21700.0, 1.55
2008-01-11, 1.44, 1.52, 1.4, 1.44, 68500.0, 1.44
2008-01-14, 1.47, 1.51, 1.44, 1.47, 15400.0, 1.47
2008-01-15, 1.55, 1.66, 1.49, 1.55, 37200.0, 1.55
2008-01-16, 1.64, 1.64, 1.48, 1.64, 24500.0, 1.64
2008-01-17, 1.6, 1.67, 1.59, 1.6, 17500.0, 1.6
2008-01-18, 1.52, 1.54, 1.41, 1.52, 17600.0, 1.52
2008-01-22, 1.39, 1.43, 1.29, 1.39, 89200.0, 1.39
2008-01-23, 1.43, 1.43, 1.41, 1.43, 12000.0, 1.43
2008-01-24, 1.52, 1.52, 1.5, 1.52, 3500.0, 1.52
2008-01-25, 1.58, 1.58, 1.5, 1.58, 24000.0, 1.58
2008-01-28, 1.56, 1.58, 1.51, 1.56, 13500.0, 1.56
2008-01-29, 1.45, 1.5, 1.36, 1.45, 42100.0, 1.45
2008-01-30, 1.47, 1.47, 1.39, 1.47, 18700.0, 1.47
2008-01-31, 1.45, 1.46, 1.36, 1.45, 23100.0, 1.45
2008-02-01, 1.44, 1.46, 1.39, 1.44, 17200.0, 1.44
2008-02-04, 1.38, 1.4, 1.36, 1.38, 26800.0, 1.38
2008-02-05, 1.33, 1.37, 1.31, 1.33, 49100.0, 1.33
2008-02-06, 1.4, 1.42, 1.28, 1.4, 49200.0, 1.4
2008-02-07, 1.4, 1.43, 1.36, 1.4, 55500.0, 1.4
2008-02-08, 1.45, 1.45, 1.38, 1.45, 39800.0, 1.45
2008-02-11, 1.57, 1.57, 1.46, 1.57, 52500.0, 1.57
2008-02-12, 1.5, 1.63, 1.5, 1.5, 131500.0, 1.5
2008-02-13, 1.46, 1.52, 1.44, 1.46, 33200.0, 1.46
2008-02-14, 1.42, 1.47, 1.36, 1.42, 39200.0, 1.42
2008-02-15, 1.44, 1.46, 1.4, 1.44, 12000.0, 1.44
2008-02-19, 1.44, 1.46, 1.38, 1.44, 72800.0, 1.44
2008-02-20, 1.45, 1.45, 1.39, 1.45, 25600.0, 1.45
2008-02-21, 1.46, 1.48, 1.44, 1.46, 46900.0, 1.46
2008-02-22, 1.43, 1.48, 1.4, 1.43, 32700.0, 1.43
2008-02-25, 1.36, 1.5, 1.36, 1.36, 47000.0, 1.36
2008-02-26, 1.44, 1.44, 1.37, 1.44, 26900.0, 1.44
2008-02-27, 1.48, 1.49, 1.41, 1.48, 45200.0, 1.48
2008-02-28, 1.5, 1.5, 1.45, 1.5, 52500.0, 1.5
2008-02-29, 1.6, 1.6, 1.48, 1.6, 123300.0, 1.6
2008-03-03, 1.55, 1.62, 1.54, 1.55, 83400.0, 1.55
2008-03-04, 1.52, 1.57, 1.48, 1.52, 86400.0, 1.52
2008-03-05, 1.69, 1.69, 1.54, 1.69, 72400.0, 1.69
2008-03-06, 1.93, 2.02, 1.68, 1.93, 144100.0, 1.93
2008-03-07, 1.91, 1.94, 1.72, 1.91, 63900.0, 1.91
2008-03-10, 1.75, 1.82, 1.71, 1.75, 58200.0, 1.75
2008-03-11, 1.82, 1.87, 1.7, 1.82, 56200.0, 1.82
2008-03-12, 1.76, 1.83, 1.72, 1.76, 29000.0, 1.76
2008-03-13, 1.76, 1.79, 1.74, 1.76, 32500.0, 1.76
2008-03-14, 1.71, 1.75, 1.7, 1.71, 25900.0, 1.71
2008-03-17, 1.62, 1.72, 1.57, 1.62, 27900.0, 1.62
2008-03-18, 1.68, 1.68, 1.55, 1.68, 16300.0, 1.68
2008-03-19, 1.62, 1.67, 1.5, 1.62, 34800.0, 1.62
2008-03-20, 1.59, 1.59, 1.41, 1.59, 54200.0, 1.59
2008-03-24, 1.65, 1.65, 1.57, 1.65, 37200.0, 1.65
2008-03-25, 1.76, 1.77, 1.65, 1.76, 22100.0, 1.76
2008-03-26, 1.77, 1.78, 1.62, 1.77, 28500.0, 1.77
2008-03-27, 1.63, 1.77, 1.62, 1.63, 28200.0, 1.63
2008-03-28, 1.68, 1.74, 1.65, 1.68, 15800.0, 1.68
2008-03-31, 1.55, 1.66, 1.47, 1.55, 59900.0, 1.55
2008-04-01, 1.53, 1.56, 1.45, 1.53, 17700.0, 1.53
2008-04-02, 1.64, 1.64, 1.54, 1.64, 51500.0, 1.64
2008-04-03, 1.62, 1.67, 1.59, 1.62, 26700.0, 1.62
2008-04-04, 1.61, 1.63, 1.6, 1.61, 24700.0, 1.61
2008-04-07, 1.67, 1.68, 1.53, 1.67, 16500.0, 1.67
2008-04-08, 1.66, 1.66, 1.61, 1.66, 16400.0, 1.66
2008-04-09, 1.66, 1.66, 1.61, 1.66, 7800.0, 1.66
2008-04-10, 1.56, 1.59, 1.56, 1.56, 4400.0, 1.56
2008-04-11, 1.55, 1.58, 1.52, 1.55, 28000.0, 1.55
2008-04-14, 1.54, 1.58, 1.5, 1.54, 42000.0, 1.54
2008-04-15, 1.59, 1.62, 1.56, 1.59, 9100.0, 1.59
2008-04-16, 1.55, 1.62, 1.54, 1.55, 18100.0, 1.55
2008-04-17, 1.53, 1.53, 1.53, 1.53, 15000.0, 1.53
2008-04-18, 1.54, 1.56, 1.49, 1.54, 24400.0, 1.54
2008-04-21, 1.52, 1.56, 1.47, 1.52, 31200.0, 1.52
2008-04-22, 1.44, 1.5, 1.4, 1.44, 66600.0, 1.44
2008-04-23, 1.34, 1.42, 1.34, 1.34, 46000.0, 1.34
2008-04-24, 1.19, 1.29, 1.12, 1.19, 43600.0, 1.19
2008-04-25, 1.22, 1.24, 1.19, 1.22, 33100.0, 1.22
2008-04-28, 1.23, 1.25, 1.16, 1.23, 32000.0, 1.23
2008-04-29, 1.17, 1.29, 1.16, 1.17, 24200.0, 1.17
2008-04-30, 1.18, 1.21, 1.14, 1.18, 12100.0, 1.18
2008-05-01, 1.14, 1.18, 1.03, 1.14, 65300.0, 1.14
2008-05-02, 1.17, 1.17, 1.1, 1.17, 13000.0, 1.17
2008-05-05, 1.21, 1.27, 1.21, 1.21, 15100.0, 1.21
2008-05-06, 1.22, 1.31, 1.18, 1.22, 43500.0, 1.22
2008-05-07, 1.22, 1.3, 1.18, 1.22, 13800.0, 1.22
2008-05-08, 1.29, 1.29, 1.2, 1.29, 27900.0, 1.29
2008-05-09, 1.28, 1.33, 1.22, 1.28, 38100.0, 1.28
2008-05-12, 1.3, 1.31, 1.25, 1.3, 28400.0, 1.3
2008-05-13, 1.25, 1.29, 1.18, 1.25, 25300.0, 1.25
2008-05-14, 1.19, 1.25, 1.09, 1.19, 61600.0, 1.19
2008-05-15, 1.1, 1.18, 1.07, 1.1, 35100.0, 1.1
2008-05-16, 1.34, 1.38, 1.06, 1.34, 97400.0, 1.34
2008-05-19, 1.34, 1.34, 1.34, 1.34, 0.0, 1.34
2008-05-20, 1.21, 1.37, 1.21, 1.21, 20800.0, 1.21
2008-05-21, 1.36, 1.4, 1.24, 1.36, 13000.0, 1.36
2008-05-22, 1.39, 1.39, 1.38, 1.39, 8600.0, 1.39
2008-05-23, 1.41, 1.44, 1.36, 1.41, 16900.0, 1.41
2008-05-27, 1.42, 1.42, 1.34, 1.42, 22300.0, 1.42
2008-05-28, 1.35, 1.38, 1.3, 1.35, 7800.0, 1.35
2008-05-29, 1.41, 1.46, 1.34, 1.41, 11700.0, 1.41
2008-05-30, 1.38, 1.42, 1.36, 1.38, 26300.0, 1.38
2008-06-02, 1.46, 1.46, 1.38, 1.46, 46500.0, 1.46
2008-06-03, 1.55, 1.58, 1.42, 1.55, 56000.0, 1.55
2008-06-04, 1.45, 1.55, 1.4, 1.45, 28300.0, 1.45
2008-06-05, 1.34, 1.56, 1.33, 1.34, 30600.0, 1.34
2008-06-06, 1.43, 1.48, 1.35, 1.43, 27100.0, 1.43
2008-06-09, 1.41, 1.53, 1.35, 1.41, 23700.0, 1.41
2008-06-10, 1.39, 1.42, 1.39, 1.39, 4500.0, 1.39
2008-06-11, 1.46, 1.46, 1.36, 1.46, 20700.0, 1.46
2008-06-12, 1.46, 1.54, 1.45, 1.46, 15300.0, 1.46
2008-06-13, 1.45, 1.56, 1.45, 1.45, 16800.0, 1.45
2008-06-16, 1.47, 1.5, 1.35, 1.47, 24600.0, 1.47
2008-06-17, 1.41, 1.42, 1.35, 1.41, 12200.0, 1.41
2008-06-18, 1.4, 1.43, 1.31, 1.4, 15900.0, 1.4
2008-06-19, 1.44, 1.48, 1.38, 1.44, 17000.0, 1.44
2008-06-20, 1.49, 1.49, 1.43, 1.49, 51100.0, 1.49
2008-06-23, 1.49, 1.49, 1.49, 1.49, 0.0, 1.49
2008-06-24, 1.44, 1.44, 1.44, 1.44, 2900.0, 1.44
2008-06-25, 1.48, 1.5, 1.36, 1.48, 21500.0, 1.48
2008-06-26, 1.46, 1.5, 1.43, 1.46, 39200.0, 1.46
2008-06-27, 1.59, 1.63, 1.45, 1.59, 94200.0, 1.59
2008-06-30, 1.59, 1.63, 1.58, 1.59, 2600.0, 1.59
2008-07-01, 1.59, 1.59, 1.59, 1.59, 0.0, 1.59
2008-07-02, 1.54, 1.66, 1.49, 1.54, 52700.0, 1.54
2008-07-03, 1.45, 1.54, 1.41, 1.45, 39700.0, 1.45
2008-07-07, 1.37, 1.46, 1.37, 1.37, 31600.0, 1.37
2008-07-08, 1.34, 1.41, 1.34, 1.34, 42800.0, 1.34
2008-07-09, 1.4, 1.4, 1.34, 1.4, 23600.0, 1.4
2008-07-10, 1.42, 1.43, 1.37, 1.42, 12200.0, 1.42
2008-07-11, 1.44, 1.44, 1.35, 1.44, 25400.0, 1.44
2008-07-14, 1.55, 1.65, 1.51, 1.55, 60100.0, 1.55
2008-07-15, 1.66, 1.66, 1.53, 1.66, 15900.0, 1.66
2008-07-16, 1.51, 1.66, 1.51, 1.51, 16900.0, 1.51
2008-07-17, 1.61, 1.67, 1.58, 1.61, 35600.0, 1.61
2008-07-18, 1.6, 1.62, 1.56, 1.6, 9700.0, 1.6
2008-07-21, 1.62, 1.62, 1.53, 1.62, 19400.0, 1.62
2008-07-22, 1.63, 1.69, 1.59, 1.63, 44700.0, 1.63
2008-07-23, 1.56, 1.68, 1.48, 1.56, 29500.0, 1.56
2008-07-24, 1.55, 1.62, 1.46, 1.55, 25100.0, 1.55
2008-07-25, 1.48, 1.57, 1.48, 1.48, 5900.0, 1.48
2008-07-28, 1.5, 1.55, 1.43, 1.5, 19500.0, 1.5
2008-07-29, 1.52, 1.52, 1.47, 1.52, 7200.0, 1.52
2008-07-30, 1.52, 1.55, 1.5, 1.52, 20500.0, 1.52
2008-07-31, 1.65, 1.69, 1.62, 1.65, 30500.0, 1.65
2008-08-01, 1.63, 1.64, 1.57, 1.63, 8000.0, 1.63
2008-08-04, 1.63, 1.63, 1.63, 1.63, 0.0, 1.63
2008-08-05, 1.5, 1.54, 1.44, 1.5, 15400.0, 1.5
2008-08-06, 1.43, 1.49, 1.39, 1.43, 21700.0, 1.43
2008-08-07, 1.47, 1.5, 1.4, 1.47, 14000.0, 1.47
2008-08-08, 1.4, 1.46, 1.4, 1.4, 9100.0, 1.4
2008-08-11, 1.33, 1.4, 1.29, 1.33, 25200.0, 1.33
2008-08-12, 1.38, 1.4, 1.29, 1.38, 22500.0, 1.38
2008-08-13, 1.24, 1.35, 1.24, 1.24, 57800.0, 1.24
2008-08-14, 1.33, 1.33, 1.26, 1.33, 5500.0, 1.33
2008-08-15, 1.33, 1.33, 1.23, 1.33, 10200.0, 1.33
2008-08-18, 1.37, 1.44, 1.31, 1.37, 59500.0, 1.37
2008-08-19, 1.41, 1.47, 1.36, 1.41, 12700.0, 1.41
2008-08-20, 1.46, 1.46, 1.32, 1.46, 28400.0, 1.46
2008-08-21, 1.5, 1.5, 1.45, 1.5, 6000.0, 1.5
2008-08-22, 1.53, 1.56, 1.47, 1.53, 56500.0, 1.53
2008-08-25, 1.58, 1.63, 1.5, 1.58, 30500.0, 1.58
2008-08-26, 1.52, 1.59, 1.51, 1.52, 20100.0, 1.52
2008-08-27, 1.48, 1.52, 1.48, 1.48, 6000.0, 1.48
2008-08-28, 1.48, 1.62, 1.47, 1.48, 21200.0, 1.48
2008-08-29, 1.52, 1.52, 1.51, 1.52, 19000.0, 1.52
2008-09-02, 1.48, 1.55, 1.44, 1.48, 16700.0, 1.48
2008-09-03, 1.31, 1.49, 1.29, 1.31, 29100.0, 1.31
2008-09-04, 1.29, 1.35, 1.29, 1.29, 7200.0, 1.29
2008-09-05, 1.25, 1.29, 1.08, 1.25, 64100.0, 1.25
2008-09-08, 1.14, 1.28, 1.04, 1.14, 23800.0, 1.14
2008-09-09, 1.04, 1.06, 0.89, 1.04, 131600.0, 1.04
2008-09-10, 1.08, 1.08, 0.9, 1.08, 80300.0, 1.08
2008-09-11, 0.92, 1.03, 0.92, 0.92, 18700.0, 0.92
2008-09-12, 1.09, 1.15, 0.83, 1.09, 47300.0, 1.09
2008-09-15, 0.95, 1.08, 0.84, 0.95, 33400.0, 0.95
2008-09-16, 0.94, 0.94, 0.85, 0.94, 11500.0, 0.94
2008-09-17, 1.18, 1.18, 0.91, 1.18, 16000.0, 1.18
2008-09-18, 1.14, 1.19, 1.14, 1.14, 43600.0, 1.14
2008-09-19, 1.18, 1.18, 0.94, 1.18, 7800.0, 1.18
2008-09-22, 1.18, 1.23, 0.99, 1.18, 27000.0, 1.18
2008-09-23, 1.18, 1.22, 1.17, 1.18, 18600.0, 1.18
2008-09-24, 1.22, 1.22, 1.15, 1.22, 20700.0, 1.22
2008-09-25, 1.2, 1.21, 1.15, 1.2, 11900.0, 1.2
2008-09-26, 1.2, 1.24, 1.18, 1.2, 20200.0, 1.2
2008-09-29, 1.17, 1.19, 1.01, 1.17, 28400.0, 1.17
2008-09-30, 1.04, 1.13, 1.01, 1.04, 38100.0, 1.04
2008-10-01, 1.05, 1.11, 1.01, 1.05, 27400.0, 1.05
2008-10-02, 0.98, 1.04, 0.9, 0.98, 74300.0, 0.98
2008-10-03, 0.92, 1.0, 0.89, 0.92, 23900.0, 0.92
2008-10-06, 0.83, 0.97, 0.66, 0.83, 55000.0, 0.83
2008-10-07, 0.82, 0.89, 0.74, 0.82, 71400.0, 0.82
2008-10-08, 0.77, 0.78, 0.59, 0.77, 78500.0, 0.77
2008-10-09, 0.76, 0.8, 0.75, 0.76, 23500.0, 0.76
2008-10-10, 0.61, 0.7, 0.56, 0.61, 20100.0, 0.61
2008-10-13, 0.61, 0.61, 0.61, 0.61, 0.0, 0.61
2008-10-14, 0.69, 0.74, 0.62, 0.69, 18900.0, 0.69
2008-10-15, 0.57, 0.69, 0.56, 0.57, 29500.0, 0.57
2008-10-16, 0.54, 0.56, 0.43, 0.54, 22900.0, 0.54
2008-10-17, 0.55, 0.61, 0.5, 0.55, 30700.0, 0.55
2008-10-20, 0.54, 0.54, 0.53, 0.54, 17000.0, 0.54
2008-10-21, 0.5, 0.54, 0.5, 0.5, 15800.0, 0.5
2008-10-22, 0.48, 0.51, 0.44, 0.48, 20900.0, 0.48
2008-10-23, 0.48, 0.5, 0.45, 0.48, 40800.0, 0.48
2008-10-24, 0.52, 0.52, 0.37, 0.52, 18500.0, 0.52
2008-10-27, 0.46, 0.46, 0.45, 0.45, 12000.0, 0.45
2008-10-28, 0.47, 0.51, 0.45, 0.45, 5000.0, 0.45
2008-10-29, 0.46, 0.47, 0.44, 0.47, 31100.0, 0.47
2008-10-30, 0.47, 0.49, 0.47, 0.49, 11300.0, 0.49
2008-10-31, 0.49, 0.53, 0.47, 0.53, 14600.0, 0.53
2008-11-03, 0.53, 0.54, 0.53, 0.54, 19500.0, 0.54
2008-11-04, 0.54, 0.58, 0.53, 0.56, 44200.0, 0.56
2008-11-05, 0.56, 0.63, 0.56, 0.63, 6700.0, 0.63
2008-11-06, 0.6, 0.6, 0.47, 0.58, 66900.0, 0.58
2008-11-07, 0.54, 0.57, 0.48, 0.54, 25000.0, 0.54
2008-11-10, 0.66, 0.66, 0.53, 0.53, 7800.0, 0.53
2008-11-11, 0.5, 0.5, 0.5, 0.5, 3000.0, 0.5
2008-11-12, 0.49, 0.49, 0.43, 0.43, 15400.0, 0.43
2008-11-13, 0.48, 0.48, 0.46, 0.46, 6000.0, 0.46
2008-11-14, 0.46, 0.46, 0.39, 0.46, 23000.0, 0.46
2008-11-17, 0.46, 0.47, 0.42, 0.46, 7000.0, 0.46
2008-11-18, 0.4, 0.46, 0.4, 0.46, 10500.0, 0.46
2008-11-19, 0.39, 0.44, 0.32, 0.4, 19900.0, 0.4
2008-11-20, 0.44, 0.44, 0.39, 0.39, 1700.0, 0.39
2008-11-21, 0.4, 0.4, 0.4, 0.4, 1000.0, 0.4
2008-11-24, 0.36, 0.39, 0.31, 0.31, 28500.0, 0.31
2008-11-25, 0.34, 0.34, 0.31, 0.33, 4600.0, 0.33
2008-11-26, 0.39, 0.39, 0.36, 0.36, 1100.0, 0.36
2008-11-28, 0.35, 0.37, 0.34, 0.37, 9600.0, 0.37
2008-12-01, 0.4, 0.41, 0.33, 0.33, 13900.0, 0.33
2008-12-02, 0.31, 0.31, 0.26, 0.28, 21900.0, 0.28
2008-12-03, 0.28, 0.3, 0.25, 0.3, 13500.0, 0.3
2008-12-04, 0.25, 0.26, 0.25, 0.25, 31300.0, 0.25
2008-12-05, 0.25, 0.25, 0.21, 0.21, 17000.0, 0.21
2008-12-08, 0.21, 0.26, 0.2, 0.25, 33700.0, 0.25
2008-12-09, 0.3, 0.3, 0.26, 0.28, 26100.0, 0.28
2008-12-10, 0.28, 0.28, 0.25, 0.27, 16500.0, 0.27
2008-12-11, 0.28, 0.29, 0.25, 0.25, 40400.0, 0.25
2008-12-12, 0.23, 0.26, 0.23, 0.26, 95000.0, 0.26
2008-12-15, 0.24, 0.24, 0.23, 0.24, 43000.0, 0.24
2008-12-16, 0.25, 0.28, 0.24, 0.28, 81700.0, 0.28
2008-12-17, 0.28, 0.29, 0.28, 0.29, 7800.0, 0.29
2008-12-18, 0.29, 0.29, 0.27, 0.29, 136000.0, 0.29
2008-12-19, 0.28, 0.28, 0.25, 0.28, 4800.0, 0.28
2008-12-22, 0.28, 0.28, 0.24, 0.28, 34800.0, 0.28
2008-12-23, 0.27, 0.27, 0.26, 0.27, 18000.0, 0.27
2008-12-24, 0.27, 0.29, 0.27, 0.29, 15500.0, 0.29
2008-12-26, 0.29, 0.29, 0.29, 0.29, 0.0, 0.29
2008-12-29, 0.29, 0.37, 0.29, 0.31, 43300.0, 0.31
2008-12-30, 0.4, 0.48, 0.4, 0.4, 102000.0, 0.4
2008-12-31, 0.48, 0.52, 0.41, 0.45, 61400.0, 0.45
2009-01-02, 0.43, 0.46, 0.42, 0.45, 15500.0, 0.45
2009-01-05, 0.48, 0.48, 0.46, 0.46, 4000.0, 0.46
2009-01-06, 0.45, 0.5, 0.43, 0.5, 30500.0, 0.5
2009-01-07, 0.5, 0.5, 0.49, 0.49, 6200.0, 0.49
2009-01-08, 0.48, 0.6, 0.48, 0.56, 31700.0, 0.56
2009-01-09, 0.6, 0.66, 0.52, 0.52, 18200.0, 0.52
2009-01-12, 0.52, 0.56, 0.47, 0.56, 26500.0, 0.56
2009-01-13, 0.49, 0.52, 0.49, 0.49, 14000.0, 0.49
2009-01-14, 0.44, 0.49, 0.39, 0.39, 18800.0, 0.39
2009-01-15, 0.43, 0.46, 0.43, 0.46, 4100.0, 0.46
2009-01-16, 0.46, 0.49, 0.42, 0.44, 5900.0, 0.44
2009-01-20, 0.46, 0.5, 0.46, 0.49, 7400.0, 0.49
2009-01-21, 0.49, 0.49, 0.49, 0.49, 0.0, 0.49
2009-01-22, 0.44, 0.47, 0.44, 0.47, 13000.0, 0.47
2009-01-23, 0.44, 0.47, 0.38, 0.4, 66700.0, 0.4
2009-01-26, 0.41, 0.44, 0.37, 0.39, 27100.0, 0.39
2009-01-27, 0.4, 0.4, 0.34, 0.34, 22300.0, 0.34
2009-01-28, 0.38, 0.38, 0.31, 0.31, 27200.0, 0.31
2009-01-29, 0.32, 0.36, 0.31, 0.36, 56200.0, 0.36
2009-01-30, 0.36, 0.37, 0.34, 0.34, 41500.0, 0.34
2009-02-02, 0.36, 0.37, 0.33, 0.33, 13500.0, 0.33
2009-02-03, 0.33, 0.33, 0.33, 0.33, 0.0, 0.33
2009-02-04, 0.33, 0.37, 0.3, 0.34, 33400.0, 0.34
2009-02-05, 0.35, 0.37, 0.35, 0.37, 2400.0, 0.37
2009-02-06, 0.37, 0.37, 0.37, 0.37, 10500.0, 0.37
2009-02-09, 0.36, 0.37, 0.36, 0.37, 2500.0, 0.37
2009-02-10, 0.36, 0.36, 0.34, 0.35, 6500.0, 0.35
2009-02-11, 0.35, 0.35, 0.35, 0.35, 7000.0, 0.35
2009-02-12, 0.35, 0.36, 0.34, 0.36, 13500.0, 0.36
2009-02-13, 0.34, 0.36, 0.33, 0.35, 44500.0, 0.35
2009-02-17, 0.33, 0.36, 0.32, 0.36, 20100.0, 0.36
2009-02-18, 0.31, 0.35, 0.28, 0.35, 16100.0, 0.35
2009-02-19, 0.33, 0.33, 0.28, 0.28, 3200.0, 0.28
2009-02-20, 0.3, 0.32, 0.26, 0.32, 44500.0, 0.32
2009-02-23, 0.31, 0.33, 0.27, 0.32, 42900.0, 0.32
2009-02-24, 0.32, 0.32, 0.28, 0.31, 42000.0, 0.31
2009-02-25, 0.28, 0.28, 0.25, 0.25, 4000.0, 0.25
2009-02-26, 0.25, 0.26, 0.25, 0.26, 10000.0, 0.26
2009-02-27, 0.28, 0.28, 0.27, 0.27, 5700.0, 0.27
2009-03-02, 0.27, 0.27, 0.21, 0.23, 99300.0, 0.23
2009-03-03, 0.22, 0.22, 0.19, 0.19, 7300.0, 0.19
2009-03-04, 0.21, 0.22, 0.19, 0.22, 71700.0, 0.22
2009-03-05, 0.23, 0.27, 0.23, 0.27, 20200.0, 0.27
2009-03-06, 0.24, 0.25, 0.24, 0.24, 13500.0, 0.24
2009-03-09, 0.24, 0.24, 0.2, 0.23, 48000.0, 0.23
2009-03-10, 0.23, 0.23, 0.23, 0.23, 0.0, 0.23
2009-03-11, 0.23, 0.23, 0.23, 0.23, 0.0, 0.23
2009-03-12, 0.22, 0.22, 0.22, 0.22, 1000.0, 0.22
2009-03-13, 0.25, 0.25, 0.22, 0.22, 6400.0, 0.22
2009-03-16, 0.22, 0.22, 0.22, 0.22, 0.0, 0.22
2009-03-17, 0.25, 0.26, 0.25, 0.26, 29000.0, 0.26
2009-03-18, 0.26, 0.26, 0.26, 0.26, 0.0, 0.26
2009-03-19, 0.27, 0.31, 0.27, 0.31, 38000.0, 0.31
2009-03-20, 0.27, 0.27, 0.27, 0.27, 3000.0, 0.27
2009-03-23, 0.29, 0.29, 0.29, 0.29, 25000.0, 0.29
2009-03-24, 0.27, 0.27, 0.27, 0.27, 3000.0, 0.27
2009-03-25, 0.34, 0.34, 0.31, 0.31, 73600.0, 0.31
2009-03-26, 0.31, 0.33, 0.3, 0.32, 17300.0, 0.32
2009-03-27, 0.33, 0.33, 0.33, 0.33, 3000.0, 0.33
2009-03-30, 0.29, 0.29, 0.28, 0.28, 5000.0, 0.28
2009-03-31, 0.31, 0.31, 0.3, 0.3, 8000.0, 0.3
2009-04-01, 0.27, 0.28, 0.25, 0.28, 12300.0, 0.28
2009-04-02, 0.26, 0.28, 0.26, 0.28, 7300.0, 0.28
2009-04-03, 0.29, 0.29, 0.29, 0.29, 1000.0, 0.29
2009-04-06, 0.25, 0.26, 0.25, 0.26, 5500.0, 0.26
2009-04-07, 0.28, 0.28, 0.25, 0.28, 8500.0, 0.28
2009-04-08, 0.26, 0.26, 0.23, 0.23, 33900.0, 0.23
2009-04-09, 0.27, 0.27, 0.25, 0.27, 6200.0, 0.27
2009-04-13, 0.27, 0.28, 0.27, 0.27, 37000.0, 0.27
2009-04-14, 0.27, 0.27, 0.27, 0.27, 1500.0, 0.27
2009-04-15, 0.29, 0.29, 0.29, 0.29, 2500.0, 0.29
2009-04-16, 0.29, 0.29, 0.29, 0.29, 0.0, 0.29
2009-04-17, 0.29, 0.31, 0.28, 0.31, 18000.0, 0.31
2009-04-20, 0.28, 0.3, 0.26, 0.3, 52500.0, 0.3
2009-04-21, 0.3, 0.3, 0.3, 0.3, 0.0, 0.3
2009-04-22, 0.3, 0.3, 0.3, 0.3, 0.0, 0.3
2009-04-23, 0.3, 0.3, 0.3, 0.3, 0.0, 0.3
2009-04-24, 0.3, 0.34, 0.3, 0.32, 15600.0, 0.32
2009-04-27, 0.31, 0.31, 0.31, 0.31, 2500.0, 0.31
2009-04-28, 0.3, 0.33, 0.3, 0.33, 18000.0, 0.33
2009-04-29, 0.34, 0.38, 0.34, 0.38, 18000.0, 0.38
2009-04-30, 0.39, 0.39, 0.38, 0.38, 14700.0, 0.38
2009-05-01, 0.35, 0.35, 0.35, 0.35, 13000.0, 0.35
2009-05-04, 0.35, 0.36, 0.33, 0.33, 15900.0, 0.33
2009-05-05, 0.39, 0.39, 0.36, 0.36, 2700.0, 0.36
2009-05-06, 0.37, 0.38, 0.37, 0.38, 7000.0, 0.38
2009-05-07, 0.37, 0.37, 0.34, 0.34, 15100.0, 0.34
2009-05-08, 0.4, 0.4, 0.34, 0.34, 11000.0, 0.34
2009-05-11, 0.33, 0.33, 0.33, 0.33, 7000.0, 0.33
2009-05-12, 0.31, 0.32, 0.3, 0.32, 41500.0, 0.32
2009-05-13, 0.32, 0.32, 0.32, 0.32, 0.0, 0.32
2009-05-14, 0.3, 0.32, 0.3, 0.3, 20400.0, 0.3
2009-05-15, 0.33, 0.35, 0.32, 0.32, 15500.0, 0.32
2009-05-18, 0.32, 0.32, 0.32, 0.32, 0.0, 0.32
2009-05-19, 0.41, 0.48, 0.36, 0.38, 21000.0, 0.38
2009-05-20, 0.37, 0.39, 0.37, 0.39, 15100.0, 0.39
2009-05-21, 0.39, 0.4, 0.39, 0.39, 12500.0, 0.39
2009-05-22, 0.4, 0.43, 0.4, 0.43, 29600.0, 0.43
2009-05-26, 0.44, 0.44, 0.43, 0.43, 3500.0, 0.43
2009-05-27, 0.43, 0.43, 0.43, 0.43, 0.0, 0.43
2009-05-28, 0.43, 0.43, 0.43, 0.43, 1000.0, 0.43
2009-05-29, 0.45, 0.54, 0.45, 0.5, 19300.0, 0.5
2009-06-01, 0.52, 0.57, 0.51, 0.51, 15500.0, 0.51
2009-06-02, 0.49, 0.54, 0.49, 0.53, 3900.0, 0.53
2009-06-03, 0.57, 0.57, 0.55, 0.55, 7500.0, 0.55
2009-06-04, 0.49, 0.51, 0.44, 0.49, 8100.0, 0.49
2009-06-05, 0.51, 0.51, 0.51, 0.51, 2000.0, 0.51
2009-06-08, 0.55, 0.56, 0.55, 0.56, 6000.0, 0.56
2009-06-09, 0.56, 0.59, 0.55, 0.58, 23000.0, 0.58
2009-06-10, 0.54, 0.66, 0.54, 0.66, 12200.0, 0.66
2009-06-11, 0.65, 0.65, 0.6, 0.6, 2900.0, 0.6
2009-06-12, 0.58, 0.63, 0.58, 0.63, 19200.0, 0.63
2009-06-15, 0.57, 0.6, 0.57, 0.6, 9000.0, 0.6
2009-06-16, 0.56, 0.57, 0.56, 0.57, 4000.0, 0.57
2009-06-17, 0.57, 0.57, 0.57, 0.57, 0.0, 0.57
2009-06-18, 0.6, 0.67, 0.6, 0.64, 24500.0, 0.64
2009-06-19, 0.6, 0.61, 0.56, 0.61, 15700.0, 0.61
2009-06-22, 0.57, 0.57, 0.57, 0.57, 3000.0, 0.57
2009-06-23, 0.56, 0.56, 0.56, 0.56, 2500.0, 0.56
2009-06-24, 0.56, 0.56, 0.56, 0.56, 3000.0, 0.56
2009-06-25, 0.56, 0.59, 0.55, 0.59, 23500.0, 0.59
2009-06-26, 0.6, 0.6, 0.58, 0.59, 18500.0, 0.59
2009-06-29, 0.58, 0.58, 0.54, 0.54, 11500.0, 0.54
2009-06-30, 0.54, 0.54, 0.54, 0.54, 1300.0, 0.54
2009-07-01, 0.54, 0.54, 0.54, 0.54, 0.0, 0.54
2009-07-02, 0.56, 0.57, 0.52, 0.52, 6300.0, 0.52
2009-07-06, 0.54, 0.55, 0.54, 0.55, 1800.0, 0.55
2009-07-07, 0.55, 0.55, 0.55, 0.55, 0.0, 0.55
2009-07-08, 0.51, 0.51, 0.51, 0.51, 2000.0, 0.51
2009-07-09, 0.51, 0.51, 0.51, 0.51, 0.0, 0.51
2009-07-10, 0.51, 0.51, 0.51, 0.51, 6000.0, 0.51
2009-07-13, 0.45, 0.45, 0.45, 0.45, 13000.0, 0.45
2009-07-14, 0.45, 0.45, 0.45, 0.45, 0.0, 0.45
2009-07-15, 0.49, 0.51, 0.49, 0.51, 4700.0, 0.51
2009-07-16, 0.56, 0.56, 0.56, 0.56, 1000.0, 0.56
2009-07-17, 0.52, 0.52, 0.52, 0.52, 3000.0, 0.52
2009-07-20, 0.55, 0.55, 0.55, 0.55, 20700.0, 0.55
2009-07-21, 0.55, 0.55, 0.55, 0.55, 0.0, 0.55
2009-07-22, 0.51, 0.52, 0.51, 0.52, 18100.0, 0.52
2009-07-23, 0.54, 0.54, 0.51, 0.52, 16300.0, 0.52
2009-07-24, 0.53, 0.59, 0.53, 0.59, 2500.0, 0.59
2009-07-27, 0.59, 0.82, 0.59, 0.82, 38900.0, 0.82
2009-07-28, 0.76, 0.83, 0.63, 0.75, 63400.0, 0.75
2009-07-29, 0.86, 0.87, 0.77, 0.81, 41400.0, 0.81
2009-07-30, 0.79, 0.8, 0.77, 0.77, 6500.0, 0.77
2009-07-31, 0.79, 0.88, 0.79, 0.84, 73600.0, 0.84
2009-08-03, 0.84, 0.84, 0.84, 0.84, 0.0, 0.84
2009-08-04, 0.87, 0.87, 0.7, 0.82, 32600.0, 0.82
2009-08-05, 0.78, 0.81, 0.76, 0.76, 21500.0, 0.76
2009-08-06, 0.75, 0.84, 0.74, 0.84, 18800.0, 0.84
2009-08-07, 0.82, 0.83, 0.76, 0.83, 17900.0, 0.83
2009-08-10, 0.75, 0.8, 0.75, 0.79, 29000.0, 0.79
2009-08-11, 0.8, 0.8, 0.75, 0.75, 85000.0, 0.75
2009-08-12, 0.78, 0.79, 0.74, 0.79, 24700.0, 0.79
2009-08-13, 0.79, 0.85, 0.73, 0.85, 80600.0, 0.85
2009-08-14, 0.8, 0.85, 0.67, 0.74, 91900.0, 0.74
2009-08-17, 0.71, 0.72, 0.65, 0.71, 60000.0, 0.71
2009-08-18, 0.71, 0.72, 0.7, 0.72, 6200.0, 0.72
2009-08-19, 0.68, 0.76, 0.68, 0.76, 19500.0, 0.76
2009-08-20, 0.79, 0.8, 0.78, 0.8, 19000.0, 0.8
2009-08-21, 0.81, 0.82, 0.79, 0.81, 30300.0, 0.81
2009-08-24, 0.81, 0.81, 0.74, 0.74, 33500.0, 0.74
2009-08-25, 0.74, 0.77, 0.71, 0.73, 15800.0, 0.73
2009-08-26, 0.75, 0.75, 0.75, 0.75, 1000.0, 0.75
2009-08-27, 0.71, 0.74, 0.71, 0.74, 22300.0, 0.74
2009-08-28, 0.75, 0.78, 0.75, 0.76, 33600.0, 0.76
2009-08-31, 0.71, 0.74, 0.71, 0.71, 2800.0, 0.71
2009-09-01, 0.7, 0.73, 0.69, 0.69, 9800.0, 0.69
2009-09-02, 0.7, 0.75, 0.7, 0.75, 20000.0, 0.75
2009-09-03, 0.77, 0.77, 0.72, 0.72, 35200.0, 0.72
2009-09-04, 0.76, 0.77, 0.71, 0.73, 14000.0, 0.73
2009-09-08, 0.78, 0.81, 0.75, 0.76, 64600.0, 0.76
2009-09-09, 0.8, 0.81, 0.78, 0.79, 6600.0, 0.79
2009-09-10, 0.83, 0.93, 0.8, 0.87, 99300.0, 0.87
2009-09-11, 0.97, 1.17, 0.97, 1.0, 82500.0, 1.0
2009-09-14, 1.0, 1.0, 0.92, 0.97, 76000.0, 0.97
2009-09-15, 0.97, 0.97, 0.93, 0.96, 39500.0, 0.96
2009-09-16, 1.03, 1.08, 1.0, 1.06, 29700.0, 1.06
2009-09-17, 1.07, 1.07, 1.02, 1.02, 31800.0, 1.02
2009-09-18, 1.05, 1.12, 1.01, 1.09, 88300.0, 1.09
2009-09-21, 1.08, 1.1, 1.0, 1.03, 51400.0, 1.03
2009-09-22, 1.07, 1.16, 1.05, 1.08, 102100.0, 1.08
2009-09-23, 1.16, 1.17, 1.09, 1.13, 58300.0, 1.13
2009-09-24, 1.13, 1.13, 1.04, 1.04, 111800.0, 1.04
2009-09-25, 1.03, 1.09, 0.99, 1.02, 44800.0, 1.02
2009-09-28, 1.02, 1.06, 0.99, 0.99, 37900.0, 0.99
2009-09-29, 0.99, 1.01, 0.92, 0.95, 62400.0, 0.95
2009-09-30, 0.97, 0.98, 0.95, 0.96, 34600.0, 0.96
2009-10-01, 0.94, 0.98, 0.93, 0.98, 51300.0, 0.98
2009-10-02, 0.94, 1.0, 0.94, 0.96, 24900.0, 0.96
2009-10-05, 0.99, 1.06, 0.98, 1.0, 17300.0, 1.0
2009-10-06, 1.04, 1.11, 1.04, 1.08, 62200.0, 1.08
2009-10-07, 1.08, 1.08, 1.04, 1.04, 25500.0, 1.04
2009-10-08, 1.1, 1.12, 1.07, 1.09, 15100.0, 1.09
2009-10-09, 1.1, 1.11, 1.08, 1.08, 16400.0, 1.08
2009-10-12, 1.08, 1.08, 1.08, 1.08, 0.0, 1.08
2009-10-13, 1.11, 1.21, 1.11, 1.12, 55000.0, 1.12
2009-10-14, 1.18, 1.18, 1.11, 1.13, 37800.0, 1.13
2009-10-15, 1.11, 1.19, 1.11, 1.18, 33500.0, 1.18
2009-10-16, 1.16, 1.18, 1.16, 1.18, 21700.0, 1.18
2009-10-19, 1.19, 1.2, 1.18, 1.18, 57200.0, 1.18
2009-10-20, 1.19, 1.21, 1.14, 1.14, 55500.0, 1.14
2009-10-21, 1.16, 1.17, 1.12, 1.17, 59100.0, 1.17
2009-10-22, 1.13, 1.13, 1.03, 1.1, 73400.0, 1.1
2009-10-23, 1.11, 1.15, 1.09, 1.14, 30700.0, 1.14
2009-10-26, 1.12, 1.12, 0.89, 0.97, 82000.0, 0.97
2009-10-27, 0.97, 1.03, 0.89, 0.97, 29000.0, 0.97
2009-10-28, 0.91, 0.95, 0.9, 0.95, 17300.0, 0.95
2009-10-29, 0.98, 0.99, 0.93, 0.99, 23800.0, 0.99
2009-10-30, 1.02, 1.02, 0.97, 0.97, 4000.0, 0.97
2009-11-02, 0.97, 1.0, 0.97, 1.0, 4000.0, 1.0
2009-11-03, 1.02, 1.06, 0.97, 1.06, 66100.0, 1.06
2009-11-04, 1.1, 1.11, 1.06, 1.06, 7400.0, 1.06
2009-11-05, 1.06, 1.07, 1.06, 1.07, 15100.0, 1.07
2009-11-06, 1.03, 1.1, 1.03, 1.1, 28800.0, 1.1
2009-11-09, 1.11, 1.15, 1.11, 1.12, 8500.0, 1.12
2009-11-10, 1.12, 1.12, 1.08, 1.09, 17700.0, 1.09
2009-11-11, 1.14, 1.14, 1.13, 1.13, 6200.0, 1.13
2009-11-12, 1.07, 1.1, 1.06, 1.1, 15700.0, 1.1
2009-11-13, 1.08, 1.08, 1.03, 1.07, 18300.0, 1.07
2009-11-16, 1.08, 1.09, 1.05, 1.09, 29400.0, 1.09
2009-11-17, 1.07, 1.08, 1.06, 1.07, 15900.0, 1.07
2009-11-18, 1.11, 1.13, 1.06, 1.06, 67300.0, 1.06
2009-11-19, 1.09, 1.11, 1.06, 1.1, 47900.0, 1.1
2009-11-20, 1.08, 1.09, 1.05, 1.07, 20000.0, 1.07
2009-11-23, 1.1, 1.1, 1.02, 1.05, 85400.0, 1.05
2009-11-24, 1.05, 1.09, 1.02, 1.09, 48400.0, 1.09
2009-11-25, 1.07, 1.08, 1.04, 1.06, 105700.0, 1.06
2009-11-27, 0.95, 0.97, 0.95, 0.97, 31500.0, 0.97
2009-11-30, 1.05, 1.14, 1.01, 1.05, 195800.0, 1.05
2009-12-01, 1.1, 1.15, 1.09, 1.12, 39900.0, 1.12
2009-12-02, 1.08, 1.12, 1.08, 1.11, 43500.0, 1.11
2009-12-03, 1.09, 1.12, 1.06, 1.12, 116100.0, 1.12
2009-12-04, 1.06, 1.11, 1.03, 1.08, 65400.0, 1.08
2009-12-07, 1.08, 1.08, 0.99, 0.99, 149000.0, 0.99
2009-12-08, 0.99, 1.04, 0.96, 1.03, 90900.0, 1.03
2009-12-09, 1.0, 1.0, 1.0, 1.0, 800.0, 1.0
2009-12-10, 1.01, 1.02, 1.0, 1.02, 2000.0, 1.02
2009-12-11, 0.97, 0.98, 0.9, 0.98, 21000.0, 0.98
2009-12-14, 0.93, 1.05, 0.93, 1.04, 14500.0, 1.04
2009-12-15, 0.95, 0.99, 0.92, 0.94, 26200.0, 0.94
2009-12-16, 0.92, 0.98, 0.87, 0.87, 41300.0, 0.87
2009-12-17, 0.84, 0.86, 0.6, 0.62, 136600.0, 0.62
2009-12-18, 0.64, 0.68, 0.64, 0.65, 37500.0, 0.65
2009-12-21, 0.61, 0.63, 0.55, 0.58, 323700.0, 0.58
2009-12-22, 0.58, 0.59, 0.52, 0.54, 171600.0, 0.54
2009-12-23, 0.57, 0.64, 0.56, 0.61, 24000.0, 0.61
2009-12-24, 0.64, 0.68, 0.64, 0.68, 20000.0, 0.68
2009-12-28, 0.68, 0.68, 0.68, 0.68, 0.0, 0.68
2009-12-29, 0.64, 0.66, 0.62, 0.65, 39800.0, 0.65
2009-12-30, 0.63, 0.65, 0.63, 0.63, 31200.0, 0.63
2009-12-31, 0.64, 0.66, 0.64, 0.64, 172100.0, 0.64
2010-01-04, 0.66, 0.7, 0.62, 0.62, 21500.0, 0.62
2010-01-05, 0.64, 0.69, 0.64, 0.66, 57800.0, 0.66
2010-01-06, 0.67, 0.7, 0.62, 0.67, 74300.0, 0.67
2010-01-07, 0.68, 0.75, 0.68, 0.71, 27300.0, 0.71
2010-01-08, 0.71, 0.71, 0.68, 0.7, 34000.0, 0.7
2010-01-11, 0.73, 0.78, 0.73, 0.75, 57900.0, 0.75
2010-01-12, 0.74, 0.74, 0.69, 0.69, 15000.0, 0.69
2010-01-13, 0.67, 0.71, 0.67, 0.7, 28500.0, 0.7
2010-01-14, 0.68, 0.68, 0.68, 0.68, 10000.0, 0.68
2010-01-15, 0.65, 0.68, 0.65, 0.66, 11500.0, 0.66
2010-01-19, 0.64, 0.66, 0.64, 0.66, 7100.0, 0.66
2010-01-20, 0.65, 0.65, 0.58, 0.6, 59000.0, 0.6
2010-01-21, 0.6, 0.6, 0.54, 0.59, 50100.0, 0.59
2010-01-22, 0.59, 0.59, 0.56, 0.56, 30900.0, 0.56
2010-01-25, 0.56, 0.58, 0.54, 0.54, 16200.0, 0.54
2010-01-26, 0.58, 0.6, 0.54, 0.56, 33400.0, 0.56
2010-01-27, 0.55, 0.57, 0.55, 0.57, 32200.0, 0.57
2010-01-28, 0.56, 0.57, 0.53, 0.55, 32000.0, 0.55
2010-01-29, 0.55, 0.55, 0.49, 0.51, 22200.0, 0.51
2010-02-01, 0.49, 0.54, 0.48, 0.5, 72500.0, 0.5
2010-02-02, 0.55, 0.55, 0.53, 0.54, 19400.0, 0.54
2010-02-03, 0.55, 0.56, 0.53, 0.54, 54400.0, 0.54
2010-02-04, 0.53, 0.53, 0.5, 0.5, 12000.0, 0.5
2010-02-05, 0.49, 0.49, 0.46, 0.46, 47600.0, 0.46
2010-02-08, 0.49, 0.5, 0.48, 0.48, 28500.0, 0.48
2010-02-09, 0.48, 0.58, 0.48, 0.52, 157000.0, 0.52
2010-02-10, 0.52, 0.52, 0.48, 0.48, 2900.0, 0.48
2010-02-11, 0.51, 0.52, 0.41, 0.48, 207700.0, 0.48
2010-02-12, 0.47, 0.51, 0.47, 0.48, 13000.0, 0.48
2010-02-16, 0.49, 0.57, 0.49, 0.55, 106700.0, 0.55
2010-02-17, 0.51, 0.54, 0.49, 0.5, 12100.0, 0.5
2010-02-18, 0.48, 0.5, 0.47, 0.48, 26900.0, 0.48
2010-02-19, 0.48, 0.49, 0.48, 0.49, 11900.0, 0.49
2010-02-22, 0.48, 0.48, 0.46, 0.48, 21100.0, 0.48
2010-02-23, 0.48, 0.48, 0.46, 0.47, 19200.0, 0.47
2010-02-24, 0.47, 0.47, 0.42, 0.44, 46000.0, 0.44
2010-02-25, 0.43, 0.43, 0.4, 0.43, 23400.0, 0.43
2010-02-26, 0.42, 0.45, 0.42, 0.44, 6400.0, 0.44
2010-03-01, 0.44, 0.45, 0.4, 0.45, 35000.0, 0.45
2010-03-02, 0.44, 0.44, 0.44, 0.44, 29500.0, 0.44
2010-03-03, 0.42, 0.43, 0.42, 0.43, 7000.0, 0.43
2010-03-04, 0.45, 0.45, 0.43, 0.43, 21800.0, 0.43
2010-03-05, 0.44, 0.47, 0.44, 0.47, 33800.0, 0.47
2010-03-08, 0.47, 0.47, 0.47, 0.47, 500.0, 0.47
2010-03-09, 0.47, 0.47, 0.47, 0.47, 1000.0, 0.47
2010-03-10, 0.48, 0.48, 0.47, 0.47, 7000.0, 0.47
2010-03-11, 0.44, 0.44, 0.44, 0.44, 700.0, 0.44
2010-03-12, 0.44, 0.45, 0.44, 0.45, 31500.0, 0.45
2010-03-15, 0.44, 0.44, 0.43, 0.44, 3500.0, 0.44
2010-03-16, 0.43, 0.43, 0.43, 0.43, 28000.0, 0.43
2010-03-17, 0.43, 0.43, 0.43, 0.43, 2000.0, 0.43
2010-03-18, 0.42, 0.43, 0.42, 0.42, 15500.0, 0.42
2010-03-19, 0.4, 0.41, 0.4, 0.41, 16000.0, 0.41
2010-03-22, 0.39, 0.39, 0.39, 0.39, 2500.0, 0.39
2010-03-23, 0.39, 0.4, 0.38, 0.38, 65500.0, 0.38
2010-03-24, 0.4, 0.4, 0.4, 0.4, 3000.0, 0.4
2010-03-25, 0.41, 0.45, 0.41, 0.45, 16500.0, 0.45
2010-03-26, 0.46, 0.47, 0.45, 0.47, 10000.0, 0.47
2010-03-29, 0.47, 0.47, 0.47, 0.47, 6000.0, 0.47
2010-03-30, 0.41, 0.45, 0.41, 0.45, 7000.0, 0.45
2010-03-31, 0.42, 0.44, 0.41, 0.43, 15800.0, 0.43
2010-04-01, 0.39, 0.39, 0.39, 0.39, 1500.0, 0.39
2010-04-05, 0.43, 0.43, 0.43, 0.43, 12100.0, 0.43
2010-04-06, 0.49, 0.49, 0.44, 0.44, 2200.0, 0.44
2010-04-07, 0.47, 0.47, 0.45, 0.46, 13400.0, 0.46
2010-04-08, 0.46, 0.47, 0.43, 0.43, 27800.0, 0.43
2010-04-09, 0.45, 0.48, 0.45, 0.48, 4700.0, 0.48
2010-04-12, 0.47, 0.48, 0.44, 0.48, 5100.0, 0.48
2010-04-13, 0.45, 0.45, 0.45, 0.45, 4000.0, 0.45
2010-04-14, 0.46, 0.47, 0.46, 0.47, 13800.0, 0.47
2010-04-15, 0.47, 0.47, 0.47, 0.47, 0.0, 0.47
2010-04-16, 0.44, 0.44, 0.44, 0.44, 1000.0, 0.44
2010-04-19, 0.42, 0.44, 0.42, 0.44, 1500.0, 0.44
2010-04-20, 0.44, 0.45, 0.42, 0.42, 3500.0, 0.42
2010-04-21, 0.45, 0.45, 0.45, 0.45, 1000.0, 0.45
2010-04-22, 0.45, 0.45, 0.45, 0.45, 0.0, 0.45
2010-04-23, 0.42, 0.45, 0.42, 0.45, 10200.0, 0.45
2010-04-26, 0.43, 0.45, 0.42, 0.45, 6800.0, 0.45
2010-04-27, 0.44, 0.44, 0.42, 0.42, 5500.0, 0.42
2010-04-28, 0.41, 0.43, 0.41, 0.43, 2500.0, 0.43
2010-04-29, 0.43, 0.43, 0.43, 0.43, 0.0, 0.43
2010-04-30, 0.46, 0.46, 0.44, 0.44, 11700.0, 0.44
2010-05-03, 0.45, 0.45, 0.45, 0.45, 22000.0, 0.45
2010-05-04, 0.44, 0.44, 0.44, 0.44, 1000.0, 0.44
2010-05-05, 0.4, 0.43, 0.4, 0.4, 3400.0, 0.4
2010-05-06, 0.4, 0.4, 0.4, 0.4, 3500.0, 0.4
2010-05-07, 0.4, 0.4, 0.37, 0.39, 10700.0, 0.39
2010-05-10, 0.4, 0.4, 0.4, 0.4, 13000.0, 0.4
2010-05-11, 0.41, 0.42, 0.4, 0.4, 7300.0, 0.4
2010-05-12, 0.42, 0.42, 0.42, 0.42, 1500.0, 0.42
2010-05-13, 0.4, 0.4, 0.39, 0.39, 2200.0, 0.39
2010-05-14, 0.4, 0.4, 0.4, 0.4, 3000.0, 0.4
2010-05-17, 0.4, 0.4, 0.4, 0.4, 0.0, 0.4
2010-05-18, 0.37, 0.37, 0.37, 0.37, 95000.0, 0.37
2010-05-19, 0.35, 0.35, 0.35, 0.35, 7000.0, 0.35
2010-05-20, 0.34, 0.35, 0.34, 0.34, 11000.0, 0.34
2010-05-21, 0.35, 0.36, 0.34, 0.34, 10500.0, 0.34
2010-05-24, 0.34, 0.34, 0.34, 0.34, 0.0, 0.34
2010-05-25, 0.37, 0.37, 0.37, 0.37, 5000.0, 0.37
2010-05-26, 0.37, 0.37, 0.37, 0.37, 0.0, 0.37
2010-05-27, 0.37, 0.39, 0.37, 0.39, 30000.0, 0.39
2010-05-28, 0.37, 0.37, 0.37, 0.37, 2000.0, 0.37
2010-06-01, 0.33, 0.35, 0.32, 0.35, 43000.0, 0.35
2010-06-02, 0.34, 0.34, 0.34, 0.34, 3000.0, 0.34
2010-06-03, 0.34, 0.34, 0.34, 0.34, 22000.0, 0.34
2010-06-04, 0.32, 0.32, 0.32, 0.32, 2500.0, 0.32
2010-06-07, 0.32, 0.32, 0.31, 0.31, 34000.0, 0.31
2010-06-08, 0.3, 0.33, 0.29, 0.32, 25000.0, 0.32
2010-06-09, 0.29, 0.3, 0.29, 0.3, 3300.0, 0.3
2010-06-10, 0.29, 0.31, 0.29, 0.3, 23000.0, 0.3
2010-06-11, 0.32, 0.32, 0.31, 0.31, 4000.0, 0.31
2010-06-14, 0.31, 0.31, 0.31, 0.31, 6000.0, 0.31
2010-06-15, 0.33, 0.37, 0.3, 0.31, 29500.0, 0.31
2010-06-16, 0.32, 0.34, 0.32, 0.34, 1000.0, 0.34
2010-06-17, 0.34, 0.34, 0.34, 0.34, 0.0, 0.34
2010-06-18, 0.36, 0.37, 0.36, 0.37, 7500.0, 0.37
2010-06-21, 0.37, 0.37, 0.35, 0.36, 8000.0, 0.36
2010-06-22, 0.36, 0.36, 0.36, 0.36, 0.0, 0.36
2010-06-23, 0.32, 0.34, 0.32, 0.34, 7000.0, 0.34
2010-06-24, 0.34, 0.34, 0.34, 0.34, 0.0, 0.34
2010-06-25, 0.3, 0.31, 0.3, 0.31, 18000.0, 0.31
2010-06-28, 0.34, 0.34, 0.34, 0.34, 5000.0, 0.34
2010-06-29, 0.3, 0.3, 0.3, 0.3, 10200.0, 0.3
2010-06-30, 0.3, 0.3, 0.3, 0.3, 0.0, 0.3
2010-07-01, 0.3, 0.3, 0.3, 0.3, 0.0, 0.3
2010-07-02, 0.29, 0.29, 0.27, 0.28, 59000.0, 0.28
2010-07-06, 0.21, 0.27, 0.21, 0.23, 156100.0, 0.23
2010-07-07, 0.24, 0.26, 0.24, 0.25, 10500.0, 0.25
2010-07-08, 0.26, 0.27, 0.26, 0.27, 29800.0, 0.27
2010-07-09, 0.28, 0.3, 0.28, 0.3, 5500.0, 0.3
2010-07-12, 0.31, 0.31, 0.31, 0.31, 200.0, 0.31
2010-07-13, 0.31, 0.31, 0.31, 0.31, 0.0, 0.31
2010-07-14, 0.31, 0.31, 0.31, 0.31, 2500.0, 0.31
2010-07-15, 0.29, 0.31, 0.29, 0.31, 6000.0, 0.31
2010-07-16, 0.31, 0.31, 0.31, 0.31, 0.0, 0.31
2010-07-19, 0.27, 0.27, 0.27, 0.27, 7000.0, 0.27
2010-07-20, 0.28, 0.28, 0.28, 0.28, 2000.0, 0.28
2010-07-21, 0.32, 0.32, 0.31, 0.31, 1500.0, 0.31
2010-07-22, 0.29, 0.31, 0.29, 0.31, 6000.0, 0.31
2010-07-23, 0.31, 0.31, 0.31, 0.31, 0.0, 0.31
2010-07-26, 0.31, 0.31, 0.31, 0.31, 0.0, 0.31
2010-07-27, 0.28, 0.3, 0.27, 0.3, 11900.0, 0.3
2010-07-28, 0.3, 0.3, 0.3, 0.3, 0.0, 0.3
2010-07-29, 0.27, 0.27, 0.26, 0.26, 16000.0, 0.26
2010-07-30, 0.27, 0.3, 0.27, 0.3, 17000.0, 0.3
2010-08-02, 0.3, 0.3, 0.3, 0.3, 0.0, 0.3
2010-08-03, 0.29, 0.29, 0.29, 0.29, 1500.0, 0.29
2010-08-04, 0.3, 0.3, 0.29, 0.29, 9500.0, 0.29
2010-08-05, 0.29, 0.29, 0.29, 0.29, 0.0, 0.29
2010-08-06, 0.29, 0.29, 0.29, 0.29, 0.0, 0.29
2010-08-09, 0.3, 0.3, 0.3, 0.3, 10000.0, 0.3
2010-08-10, 0.28, 0.31, 0.28, 0.3, 29500.0, 0.3
2010-08-11, 0.29, 0.31, 0.29, 0.31, 11000.0, 0.31
2010-08-12, 0.3, 0.3, 0.3, 0.3, 2000.0, 0.3
2010-08-13, 0.3, 0.31, 0.3, 0.31, 13000.0, 0.31
2010-08-16, 0.31, 0.31, 0.31, 0.31, 0.0, 0.31
2010-08-17, 0.3, 0.31, 0.3, 0.3, 7000.0, 0.3
2010-08-18, 0.31, 0.31, 0.31, 0.31, 5000.0, 0.31
2010-08-19, 0.32, 0.32, 0.32, 0.32, 4000.0, 0.32
2010-08-20, 0.31, 0.31, 0.31, 0.31, 5000.0, 0.31
2010-08-23, 0.3, 0.3, 0.27, 0.27, 26500.0, 0.27
2010-08-24, 0.28, 0.28, 0.28, 0.28, 2000.0, 0.28
2010-08-25, 0.27, 0.3, 0.27, 0.3, 25000.0, 0.3
2010-08-26, 0.29, 0.29, 0.29, 0.29, 5500.0, 0.29
2010-08-27, 0.29, 0.33, 0.28, 0.32, 14800.0, 0.32
2010-08-30, 0.32, 0.33, 0.32, 0.33, 4000.0, 0.33
2010-08-31, 0.31, 0.31, 0.3, 0.3, 5500.0, 0.3
2010-09-01, 0.32, 0.34, 0.32, 0.34, 15000.0, 0.34
2010-09-02, 0.34, 0.36, 0.34, 0.36, 36000.0, 0.36
2010-09-03, 0.38, 0.38, 0.38, 0.38, 10000.0, 0.38
2010-09-07, 0.39, 0.39, 0.36, 0.38, 21000.0, 0.38
2010-09-08, 0.37, 0.39, 0.37, 0.39, 9000.0, 0.39
2010-09-09, 0.38, 0.41, 0.38, 0.41, 17800.0, 0.41
2010-09-10, 0.4, 0.4, 0.39, 0.4, 5800.0, 0.4
2010-09-13, 0.4, 0.4, 0.4, 0.4, 0.0, 0.4
2010-09-14, 0.41, 0.42, 0.4, 0.42, 14000.0, 0.42
2010-09-15, 0.4, 0.42, 0.4, 0.42, 6400.0, 0.42
2010-09-16, 0.42, 0.42, 0.42, 0.42, 0.0, 0.42
2010-09-17, 0.4, 0.4, 0.39, 0.39, 3500.0, 0.39
2010-09-20, 0.37, 0.39, 0.37, 0.39, 9200.0, 0.39
2010-09-21, 0.39, 0.39, 0.37, 0.37, 5300.0, 0.37
2010-09-22, 0.37, 0.38, 0.35, 0.38, 47000.0, 0.38
2010-09-23, 0.38, 0.38, 0.38, 0.38, 5000.0, 0.38
2010-09-24, 0.4, 0.45, 0.4, 0.45, 14200.0, 0.45
2010-09-27, 0.46, 0.46, 0.45, 0.46, 22700.0, 0.46
2010-09-28, 0.43, 0.43, 0.43, 0.43, 5000.0, 0.43
2010-09-29, 0.42, 0.42, 0.42, 0.42, 11000.0, 0.42
2010-09-30, 0.42, 0.42, 0.42, 0.42, 900.0, 0.42
2010-10-01, 0.41, 0.42, 0.4, 0.4, 12000.0, 0.4
2010-10-04, 0.39, 0.43, 0.38, 0.42, 20200.0, 0.42
2010-10-05, 0.43, 0.46, 0.4, 0.45, 67400.0, 0.45
2010-10-06, 0.47, 0.47, 0.43, 0.47, 35500.0, 0.47
2010-10-07, 0.44, 0.44, 0.43, 0.44, 12400.0, 0.44
2010-10-08, 0.42, 0.44, 0.39, 0.44, 19500.0, 0.44
2010-10-11, 0.44, 0.44, 0.44, 0.44, 0.0, 0.44
2010-10-12, 0.43, 0.44, 0.4, 0.4, 10000.0, 0.4
2010-10-13, 0.41, 0.44, 0.4, 0.44, 50800.0, 0.44
2010-10-14, 0.44, 0.44, 0.42, 0.42, 29000.0, 0.42
2010-10-15, 0.42, 0.42, 0.41, 0.41, 5000.0, 0.41
2010-10-18, 0.39, 0.4, 0.37, 0.4, 43900.0, 0.4
2010-10-19, 0.4, 0.4, 0.4, 0.4, 0.0, 0.4
2010-10-20, 0.4, 0.4, 0.36, 0.38, 27000.0, 0.38
2010-10-21, 0.38, 0.43, 0.38, 0.4, 17400.0, 0.4
2010-10-22, 0.43, 0.43, 0.43, 0.43, 29000.0, 0.43
2010-10-25, 0.43, 0.43, 0.43, 0.43, 0.0, 0.43
2010-10-26, 0.43, 0.43, 0.42, 0.42, 24800.0, 0.42
2010-10-27, 0.42, 0.42, 0.42, 0.42, 0.0, 0.42
2010-10-28, 0.42, 0.42, 0.42, 0.42, 0.0, 0.42
2010-10-29, 0.4, 0.41, 0.4, 0.41, 14500.0, 0.41
2010-11-01, 0.4, 0.41, 0.4, 0.41, 22000.0, 0.41
2010-11-02, 0.39, 0.41, 0.37, 0.37, 28900.0, 0.37
2010-11-03, 0.41, 0.41, 0.41, 0.41, 10000.0, 0.41
2010-11-04, 0.42, 0.42, 0.39, 0.42, 33600.0, 0.42
2010-11-05, 0.39, 0.44, 0.39, 0.39, 22100.0, 0.39
2010-11-08, 0.39, 0.43, 0.39, 0.42, 65700.0, 0.42
2010-11-09, 0.42, 0.42, 0.42, 0.42, 14500.0, 0.42
2010-11-10, 0.41, 0.43, 0.39, 0.43, 27400.0, 0.43
2010-11-11, 0.43, 0.43, 0.43, 0.43, 0.0, 0.43
2010-11-12, 0.4, 0.4, 0.4, 0.4, 1000.0, 0.4
2010-11-15, 0.43, 0.43, 0.41, 0.41, 38900.0, 0.41
2010-11-16, 0.43, 0.43, 0.42, 0.42, 12000.0, 0.42
2010-11-17, 0.4, 0.42, 0.39, 0.41, 27500.0, 0.41
2010-11-18, 0.44, 0.52, 0.42, 0.52, 64900.0, 0.52
2010-11-19, 0.52, 0.53, 0.46, 0.51, 20800.0, 0.51
2010-11-22, 0.46, 0.46, 0.45, 0.45, 6300.0, 0.45
2010-11-23, 0.45, 0.45, 0.42, 0.44, 41700.0, 0.44
2010-11-24, 0.45, 0.45, 0.41, 0.41, 26100.0, 0.41
2010-11-26, 0.42, 0.46, 0.41, 0.41, 71500.0, 0.41
2010-11-29, 0.41, 0.46, 0.41, 0.42, 43600.0, 0.42
2010-11-30, 0.44, 0.48, 0.41, 0.47, 59000.0, 0.47
2010-12-01, 0.44, 0.48, 0.44, 0.44, 93300.0, 0.44
2010-12-02, 0.48, 0.49, 0.48, 0.48, 12000.0, 0.48
2010-12-03, 0.49, 0.5, 0.49, 0.49, 23000.0, 0.49
2010-12-06, 0.48, 0.48, 0.44, 0.44, 40300.0, 0.44
2010-12-07, 0.45, 0.45, 0.45, 0.45, 3700.0, 0.45
2010-12-08, 0.45, 0.45, 0.44, 0.44, 15400.0, 0.44
2010-12-09, 0.43, 0.45, 0.42, 0.42, 90300.0, 0.42
2010-12-10, 0.39, 0.39, 0.3, 0.31, 330100.0, 0.31
2010-12-13, 0.31, 0.32, 0.3, 0.3, 73500.0, 0.3
2010-12-14, 0.29, 0.31, 0.28, 0.28, 41000.0, 0.28
2010-12-15, 0.3, 0.31, 0.28, 0.3, 38700.0, 0.3
2010-12-16, 0.3, 0.33, 0.3, 0.3, 59400.0, 0.3
2010-12-17, 0.3, 0.31, 0.27, 0.31, 57900.0, 0.31
2010-12-20, 0.28, 0.32, 0.28, 0.32, 21000.0, 0.32
2010-12-21, 0.27, 0.32, 0.27, 0.31, 14000.0, 0.31
2010-12-22, 0.29, 0.3, 0.28, 0.28, 30000.0, 0.28
2010-12-23, 0.28, 0.28, 0.28, 0.28, 0.0, 0.28
2010-12-27, 0.28, 0.28, 0.28, 0.28, 0.0, 0.28
2010-12-28, 0.28, 0.28, 0.28, 0.28, 0.0, 0.28
2010-12-29, 0.28, 0.3, 0.27, 0.3, 72700.0, 0.3
2010-12-30, 0.28, 0.28, 0.27, 0.27, 16600.0, 0.27
2010-12-31, 0.29, 0.31, 0.28, 0.3, 80700.0, 0.3
2011-01-03, 0.3, 0.3, 0.3, 0.3, 0.0, 0.3
2011-01-04, 0.3, 0.3, 0.3, 0.3, 39600.0, 0.3
2011-01-05, 0.29, 0.29, 0.29, 0.29, 12200.0, 0.29
2011-01-06, 0.29, 0.31, 0.29, 0.3, 10700.0, 0.3
2011-01-07, 0.3, 0.3, 0.3, 0.3, 18600.0, 0.3
2011-01-10, 0.3, 0.3, 0.29, 0.3, 12300.0, 0.3
2011-01-11, 0.3, 0.31, 0.3, 0.31, 40000.0, 0.31
2011-01-12, 0.31, 0.31, 0.31, 0.31, 7000.0, 0.31
2011-01-13, 0.29, 0.29, 0.29, 0.29, 400.0, 0.29
2011-01-14, 0.29, 0.29, 0.29, 0.29, 3300.0, 0.29
2011-01-18, 0.31, 0.31, 0.28, 0.3, 15700.0, 0.3
2011-01-19, 0.31, 0.31, 0.31, 0.31, 2000.0, 0.31
2011-01-20, 0.3, 0.3, 0.29, 0.29, 10500.0, 0.29
2011-01-21, 0.28, 0.29, 0.28, 0.29, 11000.0, 0.29
2011-01-24, 0.3, 0.31, 0.3, 0.31, 58000.0, 0.31
2011-01-25, 0.31, 0.31, 0.31, 0.31, 0.0, 0.31
2011-01-26, 0.31, 0.31, 0.31, 0.31, 0.0, 0.31
2011-01-27, 0.29, 0.29, 0.29, 0.29, 300.0, 0.29
2011-01-28, 0.3, 0.3, 0.28, 0.29, 25500.0, 0.29
2011-01-31, 0.29, 0.29, 0.29, 0.29, 400.0, 0.29
2011-02-01, 0.29, 0.29, 0.28, 0.28, 22800.0, 0.28
2011-02-02, 0.28, 0.29, 0.27, 0.28, 11000.0, 0.28
2011-02-03, 0.29, 0.29, 0.27, 0.28, 34900.0, 0.28
2011-02-04, 0.28, 0.29, 0.28, 0.29, 16600.0, 0.29
2011-02-07, 0.29, 0.3, 0.29, 0.29, 11000.0, 0.29
2011-02-08, 0.29, 0.29, 0.29, 0.29, 6000.0, 0.29
2011-02-09, 0.3, 0.3, 0.29, 0.3, 8000.0, 0.3
2011-02-10, 0.3, 0.3, 0.28, 0.29, 23500.0, 0.29
2011-02-11, 0.29, 0.29, 0.29, 0.29, 3000.0, 0.29
2011-02-14, 0.29, 0.3, 0.29, 0.3, 6000.0, 0.3
2011-02-15, 0.29, 0.31, 0.29, 0.31, 1800.0, 0.31
2011-02-16, 0.34, 0.34, 0.34, 0.34, 64500.0, 0.34
2011-02-17, 0.32, 0.32, 0.32, 0.32, 2000.0, 0.32
2011-02-18, 0.32, 0.34, 0.32, 0.34, 49600.0, 0.34
2011-02-22, 0.34, 0.34, 0.31, 0.31, 40900.0, 0.31
2011-02-23, 0.32, 0.32, 0.31, 0.31, 4500.0, 0.31
2011-02-24, 0.31, 0.31, 0.31, 0.31, 2000.0, 0.31
2011-02-25, 0.37, 0.41, 0.36, 0.4, 360300.0, 0.4
2011-02-28, 0.41, 0.41, 0.39, 0.4, 22300.0, 0.4
2011-03-01, 0.37, 0.39, 0.35, 0.35, 164000.0, 0.35
2011-03-02, 0.36, 0.39, 0.36, 0.38, 80300.0, 0.38
2011-03-03, 0.37, 0.37, 0.35, 0.36, 29000.0, 0.36
2011-03-04, 0.37, 0.37, 0.37, 0.37, 1300.0, 0.37
2011-03-07, 0.37, 0.37, 0.33, 0.35, 112000.0, 0.35
2011-03-08, 0.36, 0.37, 0.36, 0.36, 24500.0, 0.36
2011-03-09, 0.34, 0.34, 0.32, 0.33, 19800.0, 0.33
2011-03-10, 0.33, 0.33, 0.32, 0.33, 31300.0, 0.33
2011-03-11, 0.32, 0.32, 0.31, 0.31, 9000.0, 0.31
2011-03-14, 0.31, 0.31, 0.3, 0.3, 1600.0, 0.3
2011-03-15, 0.29, 0.29, 0.26, 0.28, 27600.0, 0.28
2011-03-16, 0.28, 0.3, 0.27, 0.28, 30000.0, 0.28
2011-03-17, 0.28, 0.3, 0.28, 0.3, 14000.0, 0.3
2011-03-18, 0.3, 0.31, 0.3, 0.3, 52000.0, 0.3
2011-03-21, 0.3, 0.3, 0.3, 0.3, 0.0, 0.3
2011-03-22, 0.3, 0.3, 0.3, 0.3, 0.0, 0.3
2011-03-23, 0.3, 0.3, 0.3, 0.3, 15000.0, 0.3
2011-03-24, 0.29, 0.31, 0.28, 0.31, 25500.0, 0.31
2011-03-25, 0.32, 0.33, 0.32, 0.33, 10000.0, 0.33
2011-03-28, 0.33, 0.33, 0.33, 0.33, 0.0, 0.33
2011-03-29, 0.31, 0.31, 0.27, 0.29, 18300.0, 0.29
2011-03-30, 0.3, 0.3, 0.3, 0.3, 2500.0, 0.3
2011-03-31, 0.29, 0.3, 0.29, 0.3, 39400.0, 0.3
2011-04-01, 0.31, 0.31, 0.31, 0.31, 3000.0, 0.31
2011-04-04, 0.31, 0.31, 0.29, 0.29, 56500.0, 0.29
2011-04-05, 0.29, 0.29, 0.29, 0.29, 5000.0, 0.29
2011-04-06, 0.28, 0.31, 0.28, 0.29, 17500.0, 0.29
2011-04-07, 0.3, 0.3, 0.3, 0.3, 3000.0, 0.3
2011-04-08, 0.3, 0.3, 0.29, 0.29, 18500.0, 0.29
2011-04-11, 0.29, 0.3, 0.29, 0.29, 32700.0, 0.29
2011-04-12, 0.3, 0.3, 0.3, 0.3, 15000.0, 0.3
2011-04-13, 0.28, 0.28, 0.28, 0.28, 1000.0, 0.28
2011-04-14, 0.28, 0.28, 0.28, 0.28, 0.0, 0.28
2011-04-15, 0.28, 0.28, 0.28, 0.28, 0.0, 0.28
2011-04-18, 0.27, 0.28, 0.27, 0.28, 13800.0, 0.28
2011-04-19, 0.29, 0.29, 0.29, 0.29, 4500.0, 0.29
2011-04-20, 0.31, 0.31, 0.28, 0.29, 24000.0, 0.29
2011-04-21, 0.29, 0.29, 0.29, 0.29, 12000.0, 0.29
2011-04-25, 0.32, 0.32, 0.29, 0.29, 65100.0, 0.29
2011-04-26, 0.29, 0.29, 0.28, 0.28, 20000.0, 0.28
2011-04-27, 0.3, 0.3, 0.27, 0.3, 50000.0, 0.3
2011-04-28, 0.28, 0.31, 0.28, 0.31, 5500.0, 0.31
2011-04-29, 0.29, 0.31, 0.28, 0.3, 29500.0, 0.3
2011-05-02, 0.3, 0.3, 0.3, 0.3, 10000.0, 0.3
2011-05-03, 0.27, 0.27, 0.27, 0.27, 1000.0, 0.27
2011-05-04, 0.27, 0.27, 0.26, 0.27, 8500.0, 0.27
2011-05-05, 0.27, 0.27, 0.26, 0.26, 15500.0, 0.26
2011-05-06, 0.27, 0.27, 0.27, 0.27, 10000.0, 0.27
2011-05-09, 0.27, 0.27, 0.27, 0.27, 4000.0, 0.27
2011-05-10, 0.27, 0.29, 0.27, 0.29, 10000.0, 0.29
2011-05-11, 0.27, 0.27, 0.27, 0.27, 3500.0, 0.27
2011-05-12, 0.28, 0.29, 0.28, 0.29, 14000.0, 0.29
2011-05-13, 0.29, 0.29, 0.25, 0.26, 18700.0, 0.26
2011-05-16, 0.26, 0.26, 0.26, 0.26, 100.0, 0.26
2011-05-17, 0.27, 0.27, 0.25, 0.25, 12000.0, 0.25
2011-05-18, 0.25, 0.25, 0.25, 0.25, 8000.0, 0.25
2011-05-19, 0.25, 0.26, 0.25, 0.25, 22200.0, 0.25
2011-05-20, 0.25, 0.25, 0.25, 0.25, 17600.0, 0.25
2011-05-23, 0.25, 0.25, 0.25, 0.25, 0.0, 0.25
2011-05-24, 0.25, 0.25, 0.25, 0.25, 5900.0, 0.25
2011-05-25, 0.24, 0.24, 0.24, 0.24, 500.0, 0.24
2011-05-26, 0.24, 0.24, 0.24, 0.24, 0.0, 0.24
2011-05-27, 0.24, 0.24, 0.24, 0.24, 0.0, 0.24
2011-05-31, 0.25, 0.26, 0.24, 0.24, 45100.0, 0.24
2011-06-01, 0.24, 0.24, 0.24, 0.24, 0.0, 0.24
2011-06-02, 0.24, 0.24, 0.24, 0.24, 4000.0, 0.24
2011-06-03, 0.24, 0.24, 0.24, 0.24, 0.0, 0.24
2011-06-06, 0.24, 0.24, 0.24, 0.24, 0.0, 0.24
2011-06-07, 0.23, 0.24, 0.23, 0.23, 6000.0, 0.23
2011-06-08, 0.21, 0.23, 0.2, 0.2, 48000.0, 0.2
2011-06-09, 0.2, 0.2, 0.2, 0.2, 0.0, 0.2
2011-06-10, 0.21, 0.21, 0.21, 0.21, 20000.0, 0.21
2011-06-13, 0.21, 0.22, 0.21, 0.22, 23000.0, 0.22
2011-06-14, 0.2, 0.2, 0.2, 0.2, 4300.0, 0.2
2011-06-15, 0.2, 0.2, 0.2, 0.2, 0.0, 0.2
2011-06-16, 0.22, 0.22, 0.19, 0.22, 44000.0, 0.22
2011-06-17, 0.19, 0.23, 0.18, 0.23, 13500.0, 0.23
2011-06-20, 0.22, 0.22, 0.22, 0.22, 5000.0, 0.22
2011-06-21, 0.23, 0.23, 0.21, 0.23, 54000.0, 0.23
2011-06-22, 0.21, 0.21, 0.21, 0.21, 4600.0, 0.21
2011-06-23, 0.2, 0.2, 0.2, 0.2, 5000.0, 0.2
2011-06-24, 0.2, 0.2, 0.2, 0.2, 0.0, 0.2
2011-06-27, 0.2, 0.2, 0.2, 0.2, 10000.0, 0.2
2011-06-28, 0.22, 0.22, 0.22, 0.22, 5000.0, 0.22
2011-06-29, 0.23, 0.23, 0.23, 0.23, 11000.0, 0.23
2011-06-30, 0.23, 0.23, 0.23, 0.23, 0.0, 0.23
2011-07-01, 0.23, 0.23, 0.23, 0.23, 0.0, 0.23
2011-07-05, 0.23, 0.23, 0.22, 0.22, 30000.0, 0.22
2011-07-06, 0.23, 0.23, 0.22, 0.22, 1600.0, 0.22
2011-07-07, 0.21, 0.23, 0.21, 0.23, 55000.0, 0.23
2011-07-08, 0.21, 0.21, 0.21, 0.21, 500.0, 0.21
2011-07-11, 0.21, 0.21, 0.21, 0.21, 0.0, 0.21
2011-07-12, 0.21, 0.21, 0.21, 0.21, 1300.0, 0.21
2011-07-13, 0.23, 0.23, 0.23, 0.23, 2000.0, 0.23
2011-07-14, 0.21, 0.21, 0.21, 0.21, 3000.0, 0.21
2011-07-15, 0.21, 0.21, 0.21, 0.21, 0.0, 0.21
2011-07-18, 0.22, 0.22, 0.21, 0.21, 3700.0, 0.21
2011-07-19, 0.21, 0.24, 0.21, 0.24, 10600.0, 0.24
2011-07-20, 0.22, 0.22, 0.22, 0.22, 7000.0, 0.22
2011-07-21, 0.23, 0.24, 0.23, 0.24, 7000.0, 0.24
2011-07-22, 0.24, 0.24, 0.21, 0.24, 12400.0, 0.24
2011-07-25, 0.22, 0.22, 0.21, 0.21, 10000.0, 0.21
2011-07-26, 0.24, 0.24, 0.24, 0.24, 5000.0, 0.24
2011-07-27, 0.24, 0.24, 0.24, 0.24, 0.0, 0.24
2011-07-28, 0.21, 0.21, 0.21, 0.21, 3000.0, 0.21
2011-07-29, 0.22, 0.22, 0.2, 0.2, 9000.0, 0.2
2011-08-01, 0.2, 0.2, 0.2, 0.2, 0.0, 0.2
2011-08-02, 0.2, 0.2, 0.2, 0.2, 0.0, 0.2
2011-08-03, 0.21, 0.22, 0.21, 0.22, 8500.0, 0.22
2011-08-04, 0.21, 0.21, 0.21, 0.21, 4000.0, 0.21
2011-08-05, 0.2, 0.21, 0.19, 0.21, 16000.0, 0.21
2011-08-08, 0.17, 0.18, 0.16, 0.18, 17100.0, 0.18
2011-08-09, 0.18, 0.19, 0.18, 0.19, 16000.0, 0.19
2011-08-10, 0.19, 0.21, 0.19, 0.19, 3000.0, 0.19
2011-08-11, 0.19, 0.19, 0.19, 0.19, 0.0, 0.19
2011-08-12, 0.19, 0.19, 0.19, 0.19, 0.0, 0.19
2011-08-15, 0.23, 0.23, 0.23, 0.23, 10000.0, 0.23
2011-08-16, 0.23, 0.23, 0.23, 0.23, 0.0, 0.23
2011-08-17, 0.2, 0.21, 0.2, 0.21, 10000.0, 0.21
2011-08-18, 0.21, 0.21, 0.21, 0.21, 0.0, 0.21
2011-08-19, 0.18, 0.18, 0.18, 0.18, 20000.0, 0.18
2011-08-22, 0.21, 0.21, 0.21, 0.21, 2000.0, 0.21
2011-08-23, 0.18, 0.21, 0.18, 0.21, 6500.0, 0.21
2011-08-24, 0.21, 0.21, 0.21, 0.21, 10000.0, 0.21
2011-08-25, 0.2, 0.21, 0.2, 0.21, 10000.0, 0.21
2011-08-26, 0.21, 0.21, 0.21, 0.21, 8000.0, 0.21
2011-08-29, 0.21, 0.21, 0.21, 0.21, 4000.0, 0.21
2011-08-30, 0.21, 0.21, 0.21, 0.21, 0.0, 0.21
2011-08-31, 0.2, 0.2, 0.2, 0.2, 4000.0, 0.2
2011-09-01, 0.22, 0.33, 0.22, 0.3, 83000.0, 0.3
2011-09-02, 0.33, 0.35, 0.33, 0.34, 79100.0, 0.34
2011-09-06, 0.32, 0.32, 0.32, 0.32, 1700.0, 0.32
2011-09-07, 0.32, 0.32, 0.32, 0.32, 0.0, 0.32
2011-09-08, 0.32, 0.32, 0.25, 0.25, 4500.0, 0.25
2011-09-09, 0.25, 0.25, 0.25, 0.25, 0.0, 0.25
2011-09-12, 0.25, 0.25, 0.24, 0.24, 21000.0, 0.24
2011-09-13, 0.24, 0.24, 0.24, 0.24, 0.0, 0.24
2011-09-14, 0.25, 0.25, 0.25, 0.25, 2000.0, 0.25
2011-09-15, 0.26, 0.26, 0.26, 0.26, 23500.0, 0.26
2011-09-16, 0.26, 0.26, 0.26, 0.26, 0.0, 0.26
2011-09-19, 0.26, 0.26, 0.26, 0.26, 0.0, 0.26
2011-09-20, 0.26, 0.26, 0.26, 0.26, 0.0, 0.26
2011-09-21, 0.26, 0.26, 0.26, 0.26, 0.0, 0.26
2011-09-22, 0.2, 0.22, 0.2, 0.22, 5000.0, 0.22
2011-09-23, 0.23, 0.23, 0.18, 0.18, 29000.0, 0.18
2011-09-26, 0.19, 0.19, 0.19, 0.19, 2500.0, 0.19
2011-09-27, 0.19, 0.19, 0.19, 0.19, 10000.0, 0.19
2011-09-28, 0.2, 0.2, 0.2, 0.2, 6000.0, 0.2
2011-09-29, 0.2, 0.2, 0.2, 0.2, 0.0, 0.2
2011-09-30, 0.2, 0.2, 0.2, 0.2, 0.0, 0.2
2011-10-03, 0.17, 0.18, 0.17, 0.17, 51700.0, 0.17
2011-10-04, 0.16, 0.16, 0.16, 0.16, 2000.0, 0.16
2011-10-05, 0.16, 0.16, 0.16, 0.16, 2000.0, 0.16
2011-10-06, 0.18, 0.18, 0.17, 0.17, 10000.0, 0.17
2011-10-07, 0.18, 0.19, 0.18, 0.19, 45000.0, 0.19
2011-10-10, 0.19, 0.19, 0.19, 0.19, 0.0, 0.19
2011-10-11, 0.19, 0.19, 0.19, 0.19, 0.0, 0.19
2011-10-12, 0.2, 0.2, 0.2, 0.2, 8000.0, 0.2
2011-10-13, 0.18, 0.18, 0.18, 0.18, 400.0, 0.18
2011-10-14, 0.18, 0.2, 0.17, 0.2, 15000.0, 0.2
2011-10-17, 0.2, 0.2, 0.2, 0.2, 0.0, 0.2
2011-10-18, 0.19, 0.19, 0.16, 0.16, 82000.0, 0.16
2011-10-19, 0.2, 0.2, 0.18, 0.18, 15500.0, 0.18
2011-10-20, 0.18, 0.18, 0.18, 0.18, 0.0, 0.18
2011-10-21, 0.19, 0.2, 0.19, 0.19, 8500.0, 0.19
2011-10-24, 0.21, 0.21, 0.21, 0.21, 3000.0, 0.21
2011-10-25, 0.22, 0.22, 0.22, 0.22, 5000.0, 0.22
2011-10-26, 0.18, 0.18, 0.18, 0.18, 5000.0, 0.18
2011-10-27, 0.19, 0.2, 0.18, 0.18, 40000.0, 0.18
2011-10-28, 0.18, 0.18, 0.18, 0.18, 0.0, 0.18
2011-10-31, 0.19, 0.19, 0.19, 0.19, 4800.0, 0.19
2011-11-01, 0.18, 0.18, 0.18, 0.18, 8000.0, 0.18
2011-11-02, 0.17, 0.17, 0.17, 0.17, 42500.0, 0.17
2011-11-03, 0.19, 0.19, 0.19, 0.19, 6000.0, 0.19
2011-11-04, 0.2, 0.21, 0.2, 0.21, 2200.0, 0.21
2011-11-07, 0.22, 0.22, 0.2, 0.2, 38000.0, 0.2
2011-11-08, 0.2, 0.2, 0.2, 0.2, 2600.0, 0.2
2011-11-09, 0.2, 0.2, 0.2, 0.2, 0.0, 0.2
2011-11-10, 0.2, 0.2, 0.2, 0.2, 0.0, 0.2
2011-11-11, 0.2, 0.2, 0.2, 0.2, 0.0, 0.2
2011-11-14, 0.2, 0.2, 0.2, 0.2, 0.0, 0.2
2011-11-15, 0.18, 0.18, 0.18, 0.18, 5500.0, 0.18
2011-11-16, 0.18, 0.18, 0.18, 0.18, 0.0, 0.18
2011-11-17, 0.18, 0.18, 0.18, 0.18, 1400.0, 0.18
2011-11-18, 0.2, 0.22, 0.2, 0.22, 8000.0, 0.22
2011-11-21, 0.17, 0.17, 0.17, 0.17, 12000.0, 0.17
2011-11-22, 0.17, 0.19, 0.17, 0.18, 45000.0, 0.18
2011-11-23, 0.18, 0.18, 0.18, 0.18, 10000.0, 0.18
2011-11-25, 0.18, 0.19, 0.18, 0.18, 69500.0, 0.18
2011-11-28, 0.19, 0.19, 0.19, 0.19, 14100.0, 0.19
2011-11-29, 0.18, 0.18, 0.18, 0.18, 500.0, 0.18
2011-11-30, 0.17, 0.17, 0.17, 0.17, 6000.0, 0.17
2011-12-01, 0.17, 0.17, 0.17, 0.17, 0.0, 0.17
2011-12-02, 0.17, 0.17, 0.17, 0.17, 6000.0, 0.17
2011-12-05, 0.16, 0.19, 0.16, 0.19, 19900.0, 0.19
2011-12-06, 0.17, 0.17, 0.17, 0.17, 1000.0, 0.17
2011-12-07, 0.18, 0.19, 0.18, 0.19, 20500.0, 0.19
2011-12-08, 0.19, 0.19, 0.19, 0.19, 0.0, 0.19
2011-12-09, 0.19, 0.19, 0.19, 0.19, 0.0, 0.19
2011-12-12, 0.19, 0.19, 0.19, 0.19, 0.0, 0.19
2011-12-13, 0.19, 0.19, 0.19, 0.19, 0.0, 0.19
2011-12-14, 0.19, 0.19, 0.19, 0.19, 0.0, 0.19
2011-12-15, 0.19, 0.19, 0.19, 0.19, 0.0, 0.19
2011-12-16, 0.13, 0.13, 0.13, 0.13, 61000.0, 0.13
2011-12-19, 0.13, 0.13, 0.13, 0.13, 20000.0, 0.13
2011-12-20, 0.13, 0.13, 0.13, 0.13, 0.0, 0.13
2011-12-21, 0.13, 0.13, 0.13, 0.13, 0.0, 0.13
2011-12-22, 0.13, 0.14, 0.12, 0.14, 3000.0, 0.14
2011-12-23, 0.14, 0.14, 0.14, 0.14, 0.0, 0.14
2011-12-27, 0.14, 0.14, 0.14, 0.14, 0.0, 0.14
2011-12-28, 0.13, 0.13, 0.12, 0.13, 19500.0, 0.13
2011-12-29, 0.12, 0.14, 0.12, 0.12, 19400.0, 0.12
2011-12-30, 0.12, 0.13, 0.12, 0.13, 31500.0, 0.13
2012-01-03, 0.15, 0.15, 0.15, 0.15, 10000.0, 0.15
2012-01-04, 0.14, 0.14, 0.14, 0.14, 2000.0, 0.14
2012-01-05, 0.14, 0.14, 0.14, 0.14, 10000.0, 0.14
2012-01-06, 0.14, 0.14, 0.13, 0.13, 1000.0, 0.13
2012-01-09, 0.15, 0.16, 0.15, 0.15, 20000.0, 0.15
2012-01-10, 0.18, 0.18, 0.18, 0.18, 4000.0, 0.18
2012-01-11, 0.18, 0.18, 0.18, 0.18, 0.0, 0.18
2012-01-12, 0.18, 0.18, 0.18, 0.18, 0.0, 0.18
2012-01-13, 0.18, 0.18, 0.18, 0.18, 0.0, 0.18
2012-01-17, 0.18, 0.18, 0.18, 0.18, 0.0, 0.18
2012-01-18, 0.18, 0.18, 0.18, 0.18, 0.0, 0.18
2012-01-19, 0.18, 0.18, 0.18, 0.18, 0.0, 0.18
2012-01-20, 0.18, 0.18, 0.18, 0.18, 0.0, 0.18
2012-01-23, 0.17, 0.18, 0.17, 0.18, 13000.0, 0.18
2012-01-24, 0.18, 0.19, 0.18, 0.19, 4500.0, 0.19
2012-01-25, 0.18, 0.18, 0.18, 0.18, 200.0, 0.18
2012-01-26, 0.18, 0.18, 0.18, 0.18, 0.0, 0.18
2012-01-27, 0.17, 0.17, 0.17, 0.17, 8000.0, 0.17
2012-01-30, 0.17, 0.17, 0.17, 0.17, 13000.0, 0.17
2012-01-31, 0.18, 0.18, 0.18, 0.18, 5200.0, 0.18
2012-02-01, 0.18, 0.18, 0.18, 0.18, 0.0, 0.18
2012-02-02, 0.17, 0.17, 0.17, 0.17, 1000.0, 0.17
2012-02-03, 0.17, 0.17, 0.17, 0.17, 0.0, 0.17
2012-02-06, 0.17, 0.17, 0.17, 0.17, 0.0, 0.17
2012-02-07, 0.17, 0.17, 0.17, 0.17, 0.0, 0.17
2012-02-08, 0.16, 0.16, 0.16, 0.16, 10200.0, 0.16
2012-02-09, 0.16, 0.16, 0.16, 0.16, 0.0, 0.16
2012-02-10, 0.16, 0.16, 0.16, 0.16, 0.0, 0.16
2012-02-13, 0.16, 0.16, 0.16, 0.16, 0.0, 0.16
2012-02-14, 0.16, 0.16, 0.16, 0.16, 0.0, 0.16
2012-02-15, 0.16, 0.16, 0.16, 0.16, 0.0, 0.16
2012-02-16, 0.16, 0.16, 0.16, 0.16, 0.0, 0.16
2012-02-17, 0.15, 0.16, 0.15, 0.16, 18000.0, 0.16
2012-02-21, 0.16, 0.16, 0.16, 0.16, 0.0, 0.16
2012-02-22, 0.16, 0.16, 0.16, 0.16, 0.0, 0.16
2012-02-23, 0.16, 0.16, 0.16, 0.16, 0.0, 0.16
2012-02-24, 0.16, 0.16, 0.16, 0.16, 0.0, 0.16
2012-02-27, 0.16, 0.16, 0.16, 0.16, 0.0, 0.16
2012-02-28, 0.16, 0.16, 0.16, 0.16, 0.0, 0.16
2012-02-29, 0.15, 0.15, 0.15, 0.15, 4900.0, 0.15
2012-03-01, 0.15, 0.15, 0.15, 0.15, 0.0, 0.15
2012-03-02, 0.15, 0.15, 0.15, 0.15, 0.0, 0.15
2012-03-05, 0.15, 0.15, 0.15, 0.15, 0.0, 0.15
2012-03-06, 0.15, 0.15, 0.15, 0.15, 1000.0, 0.15
2012-03-07, 0.15, 0.15, 0.15, 0.15, 0.0, 0.15
2012-03-08, 0.15, 0.15, 0.15, 0.15, 1600.0, 0.15
2012-03-09, 0.15, 0.15, 0.15, 0.15, 0.0, 0.15
2012-03-12, 0.15, 0.15, 0.15, 0.15, 0.0, 0.15
2012-03-13, 0.15, 0.16, 0.15, 0.16, 56000.0, 0.16
2012-03-14, 0.15, 0.15, 0.15, 0.15, 12000.0, 0.15
2012-03-15, 0.15, 0.15, 0.15, 0.15, 0.0, 0.15
2012-03-16, 0.14, 0.14, 0.14, 0.14, 10000.0, 0.14
2012-03-19, 0.13, 0.13, 0.12, 0.12, 73500.0, 0.12
2012-03-20, 0.12, 0.12, 0.12, 0.12, 0.0, 0.12
2012-03-21, 0.12, 0.12, 0.12, 0.12, 0.0, 0.12
2012-03-22, 0.12, 0.12, 0.12, 0.12, 0.0, 0.12
2012-03-23, 0.13, 0.14, 0.13, 0.14, 25000.0, 0.14
2012-03-26, 0.13, 0.13, 0.12, 0.12, 34000.0, 0.12
2012-03-27, 0.12, 0.12, 0.12, 0.12, 0.0, 0.12
2012-03-28, 0.12, 0.12, 0.12, 0.12, 0.0, 0.12
2012-03-29, 0.13, 0.13, 0.13, 0.13, 4000.0, 0.13
2012-03-30, 0.12, 0.12, 0.12, 0.12, 1500.0, 0.12
2012-04-02, 0.12, 0.12, 0.12, 0.12, 17000.0, 0.12
2012-04-03, 0.12, 0.12, 0.12, 0.12, 0.0, 0.12
2012-04-04, 0.12, 0.12, 0.12, 0.12, 0.0, 0.12
2012-04-05, 0.12, 0.12, 0.12, 0.12, 0.0, 0.12
2012-04-09, 0.12, 0.12, 0.12, 0.12, 0.0, 0.12
2012-04-10, 0.12, 0.12, 0.12, 0.12, 0.0, 0.12
2012-04-11, 0.12, 0.12, 0.12, 0.12, 0.0, 0.12
2012-04-12, 0.12, 0.12, 0.12, 0.12, 0.0, 0.12
2012-04-13, 0.12, 0.12, 0.12, 0.12, 0.0, 0.12
2012-04-16, 0.12, 0.12, 0.12, 0.12, 0.0, 0.12
2012-04-17, 0.11, 0.11, 0.1, 0.11, 31000.0, 0.11
2012-04-18, 0.11, 0.11, 0.1, 0.1, 7500.0, 0.1
2012-04-19, 0.1, 0.1, 0.1, 0.1, 0.0, 0.1
2012-04-20, 0.1, 0.1, 0.1, 0.1, 0.0, 0.1
2012-04-23, 0.1, 0.1, 0.1, 0.1, 0.0, 0.1
2012-04-24, 0.1, 0.1, 0.1, 0.1, 0.0, 0.1
2012-04-25, 0.1, 0.1, 0.1, 0.1, 0.0, 0.1
2012-04-26, 0.12, 0.12, 0.12, 0.12, 1000.0, 0.12
2012-04-27, 0.12, 0.12, 0.12, 0.12, 0.0, 0.12
2012-04-30, 0.12, 0.12, 0.12, 0.12, 0.0, 0.12
2012-05-01, 0.12, 0.12, 0.12, 0.12, 0.0, 0.12
2012-05-02, 0.12, 0.12, 0.12, 0.12, 0.0, 0.12
2012-05-03, 0.12, 0.12, 0.12, 0.12, 0.0, 0.12
2012-05-04, 0.12, 0.12, 0.12, 0.12, 0.0, 0.12
2012-05-07, 0.12, 0.12, 0.12, 0.12, 0.0, 0.12
2012-05-08, 0.12, 0.12, 0.12, 0.12, 0.0, 0.12
2012-05-09, 0.12, 0.12, 0.12, 0.12, 0.0, 0.12
2012-05-10, 0.12, 0.12, 0.12, 0.12, 0.0, 0.12
2012-05-11, 0.09, 0.09, 0.09, 0.09, 5000.0, 0.09
2012-05-14, 0.09, 0.09, 0.09, 0.09, 0.0, 0.09
2012-05-15, 0.09, 0.09, 0.09, 0.09, 0.0, 0.09
2012-05-16, 0.09, 0.09, 0.09, 0.09, 0.0, 0.09
2012-05-17, 0.09, 0.09, 0.09, 0.09, 10000.0, 0.09
2012-05-18, 0.09, 0.09, 0.09, 0.09, 0.0, 0.09
2012-05-21, 0.09, 0.09, 0.09, 0.09, 0.0, 0.09
2012-05-22, 0.09, 0.09, 0.09, 0.09, 0.0, 0.09
2012-05-23, 0.09, 0.09, 0.09, 0.09, 0.0, 0.09
2012-05-24, 0.09, 0.09, 0.09, 0.09, 0.0, 0.09
2012-05-25, 0.09, 0.09, 0.09, 0.09, 0.0, 0.09
2012-05-29, 0.09, 0.09, 0.09, 0.09, 0.0, 0.09
2012-05-30, 0.09, 0.09, 0.09, 0.09, 0.0, 0.09
2012-05-31, 0.09, 0.09, 0.09, 0.09, 0.0, 0.09
2012-06-01, 0.08, 0.08, 0.07, 0.07, 227300.0, 0.07
2012-06-04, 0.07, 0.07, 0.07, 0.07, 0.0, 0.07
2012-06-05, 0.07, 0.07, 0.07, 0.07, 0.0, 0.07
2012-06-06, 0.08, 0.08, 0.08, 0.08, 10000.0, 0.08
2012-06-07, 0.08, 0.08, 0.08, 0.08, 0.0, 0.08
2012-06-08, 0.08, 0.08, 0.08, 0.08, 0.0, 0.08
2012-06-11, 0.09, 0.09, 0.09, 0.09, 4000.0, 0.09
2012-06-12, 0.09, 0.09, 0.09, 0.09, 0.0, 0.09
2012-06-13, 0.09, 0.09, 0.09, 0.09, 0.0, 0.09
2012-06-14, 0.09, 0.09, 0.09, 0.09, 15000.0, 0.09
2012-06-15, 0.09, 0.09, 0.09, 0.09, 0.0, 0.09
2012-06-18, 0.09, 0.09, 0.09, 0.09, 0.0, 0.09
2012-06-19, 0.09, 0.09, 0.09, 0.09, 0.0, 0.09
2012-06-20, 0.09, 0.09, 0.09, 0.09, 0.0, 0.09
2012-06-21, 0.09, 0.09, 0.09, 0.09, 0.0, 0.09
2012-06-22, 0.09, 0.09, 0.09, 0.09, 0.0, 0.09
2012-06-25, 0.09, 0.09, 0.09, 0.09, 0.0, 0.09
2012-06-26, 0.09, 0.09, 0.09, 0.09, 0.0, 0.09
2012-06-27, 0.09, 0.09, 0.09, 0.09, 0.0, 0.09
2012-06-28, 0.09, 0.09, 0.09, 0.09, 0.0, 0.09
2012-06-29, 0.09, 0.09, 0.09, 0.09, 0.0, 0.09
2012-07-02, 0.09, 0.09, 0.09, 0.09, 0.0, 0.09
2012-07-03, 0.09, 0.09, 0.09, 0.09, 0.0, 0.09
2012-07-05, 0.09, 0.09, 0.09, 0.09, 0.0, 0.09
2012-07-06, 0.09, 0.09, 0.09, 0.09, 0.0, 0.09
2012-07-09, 0.09, 0.09, 0.09, 0.09, 0.0, 0.09
2012-07-10, 0.09, 0.09, 0.09, 0.09, 0.0, 0.09
2012-07-11, 0.09, 0.09, 0.09, 0.09, 0.0, 0.09
2012-07-12, 0.09, 0.09, 0.09, 0.09, 0.0, 0.09
2012-07-13, 0.09, 0.09, 0.09, 0.09, 0.0, 0.09
2012-07-16, 0.08, 0.08, 0.08, 0.08, 5000.0, 0.08
2012-07-17, 0.08, 0.08, 0.08, 0.08, 0.0, 0.08
2012-07-18, 0.08, 0.08, 0.08, 0.08, 0.0, 0.08
2012-07-19, 0.08, 0.08, 0.08, 0.08, 0.0, 0.08
2012-07-20, 0.08, 0.08, 0.08, 0.08, 0.0, 0.08
2012-07-23, 0.08, 0.08, 0.08, 0.08, 0.0, 0.08
2012-07-24, 0.08, 0.08, 0.08, 0.08, 0.0, 0.08
2012-07-25, 0.08, 0.08, 0.08, 0.08, 0.0, 0.08
2012-07-26, 0.08, 0.08, 0.08, 0.08, 0.0, 0.08
2012-07-27, 0.08, 0.08, 0.08, 0.08, 0.0, 0.08
2012-07-30, 0.08, 0.08, 0.08, 0.08, 0.0, 0.08
2012-07-31, 0.08, 0.08, 0.08, 0.08, 0.0, 0.08
2012-08-01, 0.08, 0.08, 0.08, 0.08, 0.0, 0.08
2012-08-02, 0.08, 0.08, 0.08, 0.08, 0.0, 0.08
2012-08-03, 0.08, 0.08, 0.08, 0.08, 100000.0, 0.08
2012-08-06, 0.08, 0.08, 0.08, 0.08, 0.0, 0.08
2012-08-07, 0.08, 0.08, 0.08, 0.08, 0.0, 0.08
2012-08-08, 0.07, 0.07, 0.07, 0.07, 61100.0, 0.07
2012-08-09, 0.07, 0.07, 0.07, 0.07, 0.0, 0.07
2012-08-10, 0.07, 0.07, 0.07, 0.07, 0.0, 0.07
2012-08-13, 0.07, 0.07, 0.07, 0.07, 0.0, 0.07
2012-08-14, 0.07, 0.07, 0.07, 0.07, 0.0, 0.07
2012-08-15, 0.07, 0.07, 0.07, 0.07, 0.0, 0.07
2012-08-16, 0.07, 0.07, 0.07, 0.07, 0.0, 0.07
2012-08-17, 0.07, 0.07, 0.07, 0.07, 0.0, 0.07
2012-08-20, 0.07, 0.07, 0.07, 0.07, 0.0, 0.07
2012-08-21, 0.07, 0.07, 0.07, 0.07, 0.0, 0.07
2012-08-22, 0.07, 0.07, 0.07, 0.07, 0.0, 0.07
2012-08-23, 0.07, 0.07, 0.07, 0.07, 0.0, 0.07
2012-08-24, 0.07, 0.07, 0.07, 0.07, 3000.0, 0.07
2012-08-27, 0.07, 0.07, 0.07, 0.07, 0.0, 0.07
2012-08-28, 0.07, 0.07, 0.07, 0.07, 0.0, 0.07
2012-08-29, 0.07, 0.07, 0.07, 0.07, 0.0, 0.07
2012-08-30, 0.07, 0.07, 0.07, 0.07, 0.0, 0.07
2012-08-31, 0.07, 0.07, 0.07, 0.07, 0.0, 0.07
2012-09-04, 0.07, 0.07, 0.07, 0.07, 24000.0, 0.07
2012-09-05, 0.07, 0.07, 0.07, 0.07, 0.0, 0.07
2012-09-06, 0.07, 0.07, 0.07, 0.07, 0.0, 0.07
2012-09-07, 0.08, 0.1, 0.08, 0.1, 77000.0, 0.1
2012-09-10, 0.1, 0.1, 0.1, 0.1, 0.0, 0.1
2012-09-11, 0.1, 0.1, 0.1, 0.1, 0.0, 0.1
2012-09-12, 0.1, 0.1, 0.1, 0.1, 0.0, 0.1
2012-09-13, 0.1, 0.1, 0.1, 0.1, 0.0, 0.1
2012-09-14, 0.1, 0.1, 0.1, 0.1, 0.0, 0.1
2012-09-17, 0.1, 0.1, 0.1, 0.1, 0.0, 0.1
2012-09-18, 0.1, 0.1, 0.1, 0.1, 0.0, 0.1
2012-09-19, 0.1, 0.1, 0.1, 0.1, 0.0, 0.1
2012-09-20, 0.1, 0.1, 0.1, 0.1, 0.0, 0.1
2012-09-21, 0.1, 0.1, 0.1, 0.1, 0.0, 0.1
2012-09-24, 0.1, 0.1, 0.1, 0.1, 0.0, 0.1
2012-09-25, 0.1, 0.1, 0.1, 0.1, 0.0, 0.1
2012-09-26, 0.1, 0.1, 0.1, 0.1, 0.0, 0.1
2012-09-27, 0.1, 0.1, 0.1, 0.1, 0.0, 0.1
2012-09-28, 0.1, 0.1, 0.1, 0.1, 0.0, 0.1
2012-10-01, 0.09, 0.09, 0.09, 0.09, 2000.0, 0.09
2012-10-02, 0.09, 0.09, 0.09, 0.09, 86000.0, 0.09
2012-10-03, 0.09, 0.09, 0.09, 0.09, 0.0, 0.09
2012-10-04, 0.09, 0.09, 0.09, 0.09, 42000.0, 0.09
2012-10-05, 0.09, 0.09, 0.09, 0.09, 71000.0, 0.09
2012-10-08, 0.09, 0.09, 0.09, 0.09, 0.0, 0.09
2012-10-09, 0.08, 0.08, 0.08, 0.08, 12000.0, 0.08
2012-10-10, 0.08, 0.08, 0.08, 0.08, 0.0, 0.08
2012-10-11, 0.08, 0.08, 0.08, 0.08, 0.0, 0.08
2012-10-12, 0.08, 0.08, 0.08, 0.08, 0.0, 0.08
2012-10-15, 0.08, 0.08, 0.08, 0.08, 20000.0, 0.08
2012-10-16, 0.08, 0.08, 0.08, 0.08, 0.0, 0.08
2012-10-17, 0.08, 0.08, 0.08, 0.08, 0.0, 0.08
2012-10-18, 0.08, 0.08, 0.08, 0.08, 0.0, 0.08
2012-10-19, 0.08, 0.08, 0.08, 0.08, 2000.0, 0.08
2012-10-22, 0.08, 0.08, 0.08, 0.08, 11000.0, 0.08
2012-10-23, 0.08, 0.08, 0.08, 0.08, 0.0, 0.08
2012-10-24, 0.08, 0.08, 0.08, 0.08, 0.0, 0.08
2012-10-25, 0.08, 0.08, 0.08, 0.08, 0.0, 0.08
2012-10-26, 0.07, 0.08, 0.07, 0.07, 32000.0, 0.07
2012-10-31, 0.07, 0.07, 0.07, 0.07, 19000.0, 0.07
2012-11-01, 0.07, 0.07, 0.07, 0.07, 0.0, 0.07
2012-11-02, 0.07, 0.07, 0.07, 0.07, 0.0, 0.07
2012-11-05, 0.07, 0.07, 0.07, 0.07, 0.0, 0.07
2012-11-06, 0.07, 0.07, 0.07, 0.07, 0.0, 0.07
2012-11-07, 0.07, 0.07, 0.07, 0.07, 2900.0, 0.07
2012-11-08, 0.07, 0.07, 0.07, 0.07, 0.0, 0.07
2012-11-09, 0.07, 0.07, 0.07, 0.07, 0.0, 0.07
2012-11-12, 0.07, 0.07, 0.07, 0.07, 0.0, 0.07
2012-11-13, 0.07, 0.07, 0.07, 0.07, 0.0, 0.07
2012-11-14, 0.08, 0.08, 0.08, 0.08, 2003900.0, 0.08
2012-11-15, 0.08, 0.08, 0.08, 0.08, 0.0, 0.08
2012-11-16, 0.08, 0.08, 0.08, 0.08, 46200.0, 0.08
2012-11-19, 0.08, 0.08, 0.08, 0.08, 0.0, 0.08
2012-11-20, 0.08, 0.08, 0.08, 0.08, 0.0, 0.08
2012-11-21, 0.06, 0.08, 0.05, 0.08, 65000.0, 0.08
2012-11-23, 0.08, 0.08, 0.08, 0.08, 0.0, 0.08
2012-11-26, 0.08, 0.08, 0.08, 0.08, 0.0, 0.08
2012-11-27, 0.08, 0.08, 0.08, 0.08, 0.0, 0.08
2012-11-28, 0.08, 0.08, 0.08, 0.08, 0.0, 0.08
2012-11-29, 0.08, 0.08, 0.08, 0.08, 0.0, 0.08
2012-11-30, 0.05, 0.05, 0.05, 0.05, 10000.0, 0.05
2012-12-03, 0.05, 0.05, 0.05, 0.05, 0.0, 0.05
2012-12-04, 0.05, 0.05, 0.05, 0.05, 0.0, 0.05
2012-12-05, 0.05, 0.05, 0.05, 0.05, 5000.0, 0.05
2012-12-06, 0.05, 0.05, 0.05, 0.05, 0.0, 0.05
2012-12-07, 0.05, 0.05, 0.05, 0.05, 7500.0, 0.05
2012-12-10, 0.05, 0.05, 0.05, 0.05, 3000.0, 0.05
2012-12-11, 0.05, 0.05, 0.05, 0.05, 5000.0, 0.05
2012-12-12, 0.05, 0.05, 0.05, 0.05, 10000.0, 0.05
2012-12-13, 0.05, 0.05, 0.05, 0.05, 0.0, 0.05
2012-12-14, 0.05, 0.05, 0.05, 0.05, 83000.0, 0.05
2012-12-17, 0.05, 0.05, 0.05, 0.05, 0.0, 0.05
2012-12-18, 0.05, 0.05, 0.04, 0.05, 33900.0, 0.05
2012-12-19, 0.05, 0.05, 0.05, 0.05, 31000.0, 0.05
2012-12-20, 0.05, 0.05, 0.05, 0.05, 0.0, 0.05
2012-12-21, 0.05, 0.05, 0.05, 0.05, 0.0, 0.05
2012-12-24, 0.06, 0.06, 0.05, 0.05, 55000.0, 0.05
2012-12-26, 0.05, 0.05, 0.05, 0.05, 0.0, 0.05
2012-12-27, 0.05, 0.05, 0.05, 0.05, 16900.0, 0.05
2012-12-28, 0.06, 0.06, 0.06, 0.06, 17000.0, 0.06
2012-12-31, 0.06, 0.06, 0.06, 0.06, 0.0, 0.06
2013-01-02, 0.06, 0.06, 0.06, 0.06, 0.0, 0.06
2013-01-03, 0.06, 0.06, 0.06, 0.06, 30000.0, 0.06
2013-01-04, 0.06, 0.06, 0.06, 0.06, 0.0, 0.06
2013-01-07, 0.06, 0.06, 0.06, 0.06, 0.0, 0.06
2013-01-08, 0.06, 0.06, 0.06, 0.06, 0.0, 0.06
2013-01-09, 0.06, 0.06, 0.06, 0.06, 14000.0, 0.06
2013-01-10, 0.06, 0.06, 0.06, 0.06, 0.0, 0.06
2013-01-11, 0.05, 0.05, 0.05, 0.05, 200.0, 0.05
2013-01-14, 0.05, 0.05, 0.05, 0.05, 0.0, 0.05
2013-01-15, 0.05, 0.07, 0.05, 0.07, 27600.0, 0.07
2013-01-16, 0.07, 0.07, 0.07, 0.07, 0.0, 0.07
2013-01-17, 0.06, 0.06, 0.06, 0.06, 15000.0, 0.06
2013-01-18, 0.06, 0.06, 0.06, 0.06, 4500.0, 0.06
2013-01-22, 0.06, 0.06, 0.06, 0.06, 2000.0, 0.06
2013-01-23, 0.06, 0.06, 0.06, 0.06, 0.0, 0.06
2013-01-24, 0.07, 0.07, 0.06, 0.07, 36500.0, 0.07
2013-01-25, 0.07, 0.07, 0.07, 0.07, 0.0, 0.07
2013-01-28, 0.07, 0.07, 0.07, 0.07, 6000.0, 0.07
2013-01-29, 0.07, 0.07, 0.07, 0.07, 0.0, 0.07
2013-01-30, 0.07, 0.07, 0.07, 0.07, 0.0, 0.07
2013-01-31, 0.07, 0.07, 0.07, 0.07, 0.0, 0.07
2013-02-01, 0.07, 0.07, 0.07, 0.07, 0.0, 0.07
2013-02-04, 0.07, 0.07, 0.07, 0.07, 0.0, 0.07
2013-02-05, 0.08, 0.08, 0.08, 0.08, 49000.0, 0.08
2013-02-06, 0.08, 0.08, 0.08, 0.08, 0.0, 0.08
2013-02-07, 0.08, 0.08, 0.08, 0.08, 52100.0, 0.08
2013-02-08, 0.08, 0.08, 0.08, 0.08, 0.0, 0.08
2013-02-11, 0.08, 0.08, 0.08, 0.08, 0.0, 0.08
2013-02-12, 0.08, 0.08, 0.08, 0.08, 0.0, 0.08
2013-02-13, 0.08, 0.08, 0.08, 0.08, 0.0, 0.08
2013-02-14, 0.08, 0.08, 0.08, 0.08, 0.0, 0.08
2013-02-15, 0.08, 0.08, 0.08, 0.08, 0.0, 0.08
2013-02-19, 0.08, 0.08, 0.08, 0.08, 0.0, 0.08
2013-02-20, 0.08, 0.08, 0.08, 0.08, 0.0, 0.08
2013-02-21, 0.08, 0.08, 0.08, 0.08, 0.0, 0.08
2013-02-22, 0.08, 0.08, 0.08, 0.08, 0.0, 0.08
2013-02-25, 0.08, 0.08, 0.08, 0.08, 0.0, 0.08
2013-02-26, 0.08, 0.08, 0.08, 0.08, 0.0, 0.08
2013-02-27, 0.08, 0.08, 0.08, 0.08, 0.0, 0.08
2013-02-28, 0.05, 0.08, 0.05, 0.08, 3100.0, 0.08
2013-03-01, 0.08, 0.08, 0.08, 0.08, 0.0, 0.08
2013-03-04, 0.08, 0.08, 0.08, 0.08, 0.0, 0.08
2013-03-05, 0.08, 0.08, 0.08, 0.08, 0.0, 0.08
2013-03-06, 0.08, 0.08, 0.08, 0.08, 0.0, 0.08
2013-03-07, 0.08, 0.08, 0.08, 0.08, 0.0, 0.08
2013-03-08, 0.08, 0.08, 0.08, 0.08, 0.0, 0.08
2013-03-11, 0.08, 0.08, 0.08, 0.08, 0.0, 0.08
2013-03-12, 0.06, 0.06, 0.06, 0.06, 10000.0, 0.06
2013-03-13, 0.06, 0.06, 0.06, 0.06, 0.0, 0.06
2013-03-14, 0.06, 0.06, 0.06, 0.06, 0.0, 0.06
2013-03-15, 0.06, 0.06, 0.06, 0.06, 0.0, 0.06
2013-03-18, 0.06, 0.06, 0.06, 0.06, 0.0, 0.06
2013-03-19, 0.06, 0.06, 0.06, 0.06, 0.0, 0.06
2013-03-20, 0.06, 0.06, 0.06, 0.06, 0.0, 0.06
2013-03-21, 0.06, 0.06, 0.06, 0.06, 0.0, 0.06
2013-03-22, 0.06, 0.06, 0.06, 0.06, 0.0, 0.06
2013-03-25, 0.06, 0.06, 0.06, 0.06, 0.0, 0.06
2013-03-26, 0.06, 0.06, 0.06, 0.06, 0.0, 0.06
2013-03-27, 0.05, 0.05, 0.05, 0.05, 3300.0, 0.05
2013-03-28, 0.05, 0.05, 0.05, 0.05, 0.0, 0.05
2013-04-01, 0.05, 0.05, 0.05, 0.05, 0.0, 0.05
2013-04-02, 0.05, 0.05, 0.05, 0.05, 0.0, 0.05
2013-04-03, 0.05, 0.05, 0.05, 0.05, 22500.0, 0.05
2013-04-04, 0.05, 0.05, 0.05, 0.05, 0.0, 0.05
2013-04-05, 0.05, 0.05, 0.05, 0.05, 0.0, 0.05
2013-04-08, 0.05, 0.05, 0.05, 0.05, 0.0, 0.05
2013-04-09, 0.05, 0.05, 0.05, 0.05, 0.0, 0.05
2013-04-10, 0.05, 0.05, 0.05, 0.05, 0.0, 0.05
2013-04-11, 0.05, 0.05, 0.05, 0.05, 0.0, 0.05
2013-04-12, 0.05, 0.05, 0.05, 0.05, 0.0, 0.05
2013-04-15, 0.05, 0.05, 0.05, 0.05, 75000.0, 0.05
2013-04-16, 0.05, 0.05, 0.05, 0.05, 0.0, 0.05
2013-04-17, 0.05, 0.05, 0.05, 0.05, 0.0, 0.05
2013-04-18, 0.05, 0.05, 0.05, 0.05, 3000.0, 0.05
2013-04-19, 0.05, 0.05, 0.05, 0.05, 0.0, 0.05
2013-04-22, 0.06, 0.06, 0.06, 0.06, 38000.0, 0.06
2013-04-23, 0.06, 0.06, 0.06, 0.06, 0.0, 0.06
2013-04-24, 0.06, 0.06, 0.06, 0.06, 0.0, 0.06
2013-04-25, 0.06, 0.06, 0.06, 0.06, 0.0, 0.06
2013-04-26, 0.06, 0.06, 0.06, 0.06, 20000.0, 0.06
2013-04-29, 0.06, 0.06, 0.06, 0.06, 0.0, 0.06
2013-04-30, 0.06, 0.06, 0.06, 0.06, 0.0, 0.06
2013-05-01, 0.06, 0.06, 0.06, 0.06, 0.0, 0.06
2013-05-02, 0.06, 0.06, 0.06, 0.06, 1700.0, 0.06
2013-05-03, 0.06, 0.06, 0.06, 0.06, 0.0, 0.06
2013-05-06, 0.06, 0.06, 0.06, 0.06, 0.0, 0.06
2013-05-07, 0.06, 0.06, 0.06, 0.06, 0.0, 0.06
2013-05-08, 0.06, 0.06, 0.06, 0.06, 0.0, 0.06
2013-05-09, 0.06, 0.06, 0.06, 0.06, 0.0, 0.06
2013-05-10, 0.06, 0.06, 0.06, 0.06, 0.0, 0.06
2013-05-13, 0.05, 0.05, 0.05, 0.05, 300.0, 0.05
2013-05-14, 0.05, 0.05, 0.05, 0.05, 22300.0, 0.05
2013-05-15, 0.05, 0.05, 0.05, 0.05, 0.0, 0.05
2013-05-16, 0.05, 0.05, 0.05, 0.05, 20000.0, 0.05
2013-05-17, 0.05, 0.05, 0.05, 0.05, 0.0, 0.05
2013-05-20, 0.05, 0.05, 0.05, 0.05, 0.0, 0.05
2013-05-21, 0.04, 0.07, 0.04, 0.07, 5500.0, 0.07
2013-05-22, 0.07, 0.07, 0.07, 0.07, 0.0, 0.07
2013-05-23, 0.07, 0.07, 0.07, 0.07, 0.0, 0.07
2013-05-24, 0.06, 0.06, 0.06, 0.06, 5000.0, 0.06
2013-05-28, 0.06, 0.06, 0.06, 0.06, 0.0, 0.06
2013-05-29, 0.06, 0.06, 0.06, 0.06, 0.0, 0.06
2013-05-30, 0.06, 0.06, 0.06, 0.06, 0.0, 0.06
2013-05-31, 0.06, 0.06, 0.06, 0.06, 0.0, 0.06
2013-06-03, 0.06, 0.06, 0.06, 0.06, 0.0, 0.06
2013-06-04, 0.06, 0.06, 0.06, 0.06, 0.0, 0.06
2013-06-05, 0.06, 0.06, 0.06, 0.06, 0.0, 0.06
2013-06-06, 0.06, 0.06, 0.06, 0.06, 0.0, 0.06
2013-06-07, 0.06, 0.06, 0.06, 0.06, 0.0, 0.06
2013-06-10, 0.06, 0.06, 0.05, 0.05, 6300.0, 0.05
2013-06-11, 0.05, 0.05, 0.05, 0.05, 0.0, 0.05
2013-06-12, 0.06, 0.06, 0.06, 0.06, 5000.0, 0.06
2013-06-13, 0.06, 0.06, 0.06, 0.06, 0.0, 0.06
2013-06-14, 0.06, 0.06, 0.06, 0.06, 0.0, 0.06
2013-06-17, 0.05, 0.05, 0.05, 0.05, 2000.0, 0.05
2013-06-18, 0.05, 0.05, 0.05, 0.05, 0.0, 0.05
2013-06-19, 0.05, 0.05, 0.05, 0.05, 0.0, 0.05
2013-06-20, 0.05, 0.05, 0.05, 0.05, 0.0, 0.05
2013-06-21, 0.05, 0.05, 0.05, 0.05, 5500.0, 0.05
2013-06-24, 0.05, 0.05, 0.05, 0.05, 0.0, 0.05
2013-06-25, 0.05, 0.05, 0.05, 0.05, 0.0, 0.05
2013-06-26, 0.05, 0.05, 0.05, 0.05, 0.0, 0.05
2013-06-27, 0.05, 0.05, 0.05, 0.05, 0.0, 0.05
2013-06-28, 0.05, 0.05, 0.05, 0.05, 0.0, 0.05
2013-07-01, 0.05, 0.05, 0.05, 0.05, 0.0, 0.05
2013-07-02, 0.05, 0.05, 0.05, 0.05, 25300.0, 0.05
2013-07-03, 0.05, 0.05, 0.05, 0.05, 0.0, 0.05
2013-07-05, 0.05, 0.05, 0.05, 0.05, 0.0, 0.05
2013-07-08, 0.05, 0.05, 0.05, 0.05, 0.0, 0.05
2013-07-09, 0.04, 0.05, 0.04, 0.05, 2900.0, 0.05
2013-07-10, 0.05, 0.05, 0.05, 0.05, 0.0, 0.05
2013-07-11, 0.04, 0.04, 0.04, 0.04, 83000.0, 0.04
2013-07-12, 0.04, 0.04, 0.04, 0.04, 0.0, 0.04
2013-07-15, 0.04, 0.04, 0.04, 0.04, 0.0, 0.04
2013-07-16, 0.04, 0.04, 0.04, 0.04, 0.0, 0.04
2013-07-17, 0.04, 0.04, 0.04, 0.04, 0.0, 0.04
2013-07-18, 0.04, 0.04, 0.04, 0.04, 18900.0, 0.04
2013-07-19, 0.04, 0.04, 0.04, 0.04, 0.0, 0.04
2013-07-22, 0.04, 0.04, 0.04, 0.04, 0.0, 0.04
2013-07-23, 0.04, 0.04, 0.04, 0.04, 0.0, 0.04
2013-07-24, 0.04, 0.04, 0.04, 0.04, 0.0, 0.04
2013-07-25, 0.03, 0.03, 0.03, 0.03, 2000.0, 0.03
2013-07-26, 0.03, 0.03, 0.03, 0.03, 0.0, 0.03
2013-07-29, 0.03, 0.03, 0.03, 0.03, 0.0, 0.03
2013-07-30, 0.03, 0.03, 0.03, 0.03, 0.0, 0.03
2013-07-31, 0.03, 0.03, 0.03, 0.03, 0.0, 0.03
2013-08-01, 0.03, 0.03, 0.03, 0.03, 0.0, 0.03
2013-08-02, 0.03, 0.03, 0.03, 0.03, 0.0, 0.03
2013-08-05, 0.03, 0.03, 0.03, 0.03, 0.0, 0.03
2013-08-06, 0.03, 0.03, 0.03, 0.03, 1000.0, 0.03
2013-08-07, 0.03, 0.03, 0.03, 0.03, 0.0, 0.03
2013-08-08, 0.03, 0.03, 0.03, 0.03, 0.0, 0.03
2013-08-09, 0.03, 0.03, 0.03, 0.03, 170000.0, 0.03
2013-08-12, 0.03, 0.03, 0.03, 0.03, 0.0, 0.03
2013-08-13, 0.03, 0.03, 0.03, 0.03, 0.0, 0.03
2013-08-14, 0.03, 0.03, 0.03, 0.03, 0.0, 0.03
2013-08-15, 0.03, 0.03, 0.03, 0.03, 0.0, 0.03
2013-08-16, 0.03, 0.03, 0.03, 0.03, 0.0, 0.03
2013-08-19, 0.03, 0.03, 0.03, 0.03, 0.0, 0.03
2013-08-20, 0.03, 0.03, 0.03, 0.03, 0.0, 0.03
2013-08-21, 0.03, 0.03, 0.03, 0.03, 0.0, 0.03
2013-08-22, 0.03, 0.03, 0.03, 0.03, 0.0, 0.03
2013-08-23, 0.03, 0.03, 0.03, 0.03, 25000.0, 0.03
2013-08-26, 0.03, 0.03, 0.03, 0.03, 0.0, 0.03
2013-08-27, 0.03, 0.03, 0.03, 0.03, 0.0, 0.03
2013-08-28, 0.03, 0.03, 0.03, 0.03, 0.0, 0.03
2013-08-29, 0.03, 0.03, 0.03, 0.03, 0.0, 0.03
2013-08-30, 0.03, 0.03, 0.03, 0.03, 0.0, 0.03
2013-09-03, 0.03, 0.03, 0.03, 0.03, 0.0, 0.03
2013-09-04, 0.03, 0.03, 0.03, 0.03, 0.0, 0.03
2013-09-05, 0.03, 0.03, 0.03, 0.03, 0.0, 0.03
2013-09-06, 0.03, 0.03, 0.03, 0.03, 9500.0, 0.03
2013-09-09, 0.03, 0.03, 0.03, 0.03, 4900.0, 0.03
2013-09-10, 0.03, 0.03, 0.03, 0.03, 0.0, 0.03
2013-09-11, 0.03, 0.04, 0.03, 0.04, 25900.0, 0.04
2013-09-12, 0.04, 0.04, 0.04, 0.04, 0.0, 0.04
2013-09-13, 0.04, 0.04, 0.04, 0.04, 0.0, 0.04
2013-09-16, 0.04, 0.04, 0.04, 0.04, 0.0, 0.04
2013-09-17, 0.04, 0.04, 0.04, 0.04, 0.0, 0.04
2013-09-18, 0.04, 0.04, 0.04, 0.04, 0.0, 0.04
2013-09-19, 0.04, 0.04, 0.04, 0.04, 0.0, 0.04
2013-09-20, 0.05, 0.05, 0.05, 0.05, 10000.0, 0.05
2013-09-23, 0.05, 0.05, 0.05, 0.05, 0.0, 0.05
2013-09-24, 0.05, 0.05, 0.05, 0.05, 0.0, 0.05
2013-09-25, 0.05, 0.05, 0.05, 0.05, 0.0, 0.05
2013-09-26, 0.05, 0.05, 0.05, 0.05, 0.0, 0.05
2013-09-27, 0.05, 0.05, 0.05, 0.05, 0.0, 0.05
2013-09-30, 0.05, 0.05, 0.05, 0.05, 0.0, 0.05
2013-10-01, 0.05, 0.05, 0.05, 0.05, 0.0, 0.05
2013-10-02, 0.04, 0.04, 0.04, 0.04, 10000.0, 0.04
2013-10-03, 0.04, 0.04, 0.04, 0.04, 0.0, 0.04
2013-10-04, 0.04, 0.04, 0.04, 0.04, 0.0, 0.04
2013-10-07, 0.04, 0.04, 0.04, 0.04, 0.0, 0.04
2013-10-08, 0.04, 0.04, 0.04, 0.04, 0.0, 0.04
2013-10-09, 0.04, 0.04, 0.04, 0.04, 0.0, 0.04
2013-10-10, 0.04, 0.04, 0.04, 0.04, 0.0, 0.04
2013-10-11, 0.03, 0.03, 0.03, 0.03, 7000.0, 0.03
2013-10-14, 0.03, 0.03, 0.03, 0.03, 0.0, 0.03
2013-10-15, 0.03, 0.03, 0.03, 0.03, 4500.0, 0.03
2013-10-16, 0.03, 0.03, 0.03, 0.03, 0.0, 0.03
2013-10-17, 0.03, 0.03, 0.03, 0.03, 0.0, 0.03
2013-10-18, 0.03, 0.03, 0.03, 0.03, 0.0, 0.03
2013-10-21, 0.02, 0.02, 0.02, 0.02, 10000.0, 0.02
2013-10-22, 0.02, 0.02, 0.02, 0.02, 0.0, 0.02
2013-10-23, 0.04, 0.04, 0.04, 0.04, 1000.0, 0.04
2013-10-24, 0.04, 0.04, 0.04, 0.04, 0.0, 0.04
2013-10-25, 0.04, 0.04, 0.04, 0.04, 0.0, 0.04
2013-10-28, 0.04, 0.04, 0.04, 0.04, 0.0, 0.04
2013-10-29, 0.04, 0.04, 0.04, 0.04, 0.0, 0.04
2013-10-30, 0.04, 0.04, 0.04, 0.04, 0.0, 0.04
2013-10-31, 0.02, 0.02, 0.02, 0.02, 10000.0, 0.02
2013-11-01, 0.02, 0.02, 0.02, 0.02, 0.0, 0.02
2013-11-04, 0.02, 0.02, 0.02, 0.02, 0.0, 0.02
2013-11-05, 0.02, 0.02, 0.02, 0.02, 0.0, 0.02
2013-11-06, 0.02, 0.02, 0.02, 0.02, 0.0, 0.02
2013-11-07, 0.02, 0.02, 0.02, 0.02, 0.0, 0.02
2013-11-08, 0.02, 0.02, 0.02, 0.02, 0.0, 0.02
2013-11-11, 0.02, 0.02, 0.02, 0.02, 0.0, 0.02
2013-11-12, 0.03, 0.04, 0.03, 0.04, 310000.0, 0.04
2013-11-13, 0.03, 0.03, 0.03, 0.03, 500.0, 0.03
2013-11-14, 0.03, 0.03, 0.03, 0.03, 1000.0, 0.03
2013-11-15, 0.03, 0.03, 0.03, 0.03, 0.0, 0.03
2013-11-18, 0.03, 0.03, 0.03, 0.03, 4000.0, 0.03
2013-11-19, 0.03, 0.03, 0.03, 0.03, 0.0, 0.03
2013-11-20, 0.03, 0.03, 0.03, 0.03, 0.0, 0.03
2013-11-21, 0.03, 0.03, 0.03, 0.03, 0.0, 0.03
2013-11-22, 0.03, 0.03, 0.03, 0.03, 0.0, 0.03
2013-11-25, 0.04, 0.04, 0.03, 0.04, 63100.0, 0.04
2013-11-26, 0.04, 0.04, 0.04, 0.04, 0.0, 0.04
2013-11-27, 0.04, 0.04, 0.04, 0.04, 0.0, 0.04
2013-11-29, 0.04, 0.04, 0.04, 0.04, 0.0, 0.04
2013-12-02, 0.04, 0.04, 0.04, 0.04, 0.0, 0.04
2013-12-03, 0.04, 0.04, 0.04, 0.04, 0.0, 0.04
2013-12-04, 0.04, 0.04, 0.04, 0.04, 0.0, 0.04
2013-12-05, 0.03, 0.06, 0.03, 0.04, 157000.0, 0.04
2013-12-06, 0.03, 0.03, 0.03, 0.03, 2500.0, 0.03
2013-12-09, 0.03, 0.03, 0.03, 0.03, 0.0, 0.03
2013-12-10, 0.03, 0.03, 0.03, 0.03, 0.0, 0.03
2013-12-11, 0.03, 0.03, 0.03, 0.03, 0.0, 0.03
2013-12-12, 0.07, 0.07, 0.07, 0.07, 20000.0, 0.07
2013-12-13, 0.07, 0.07, 0.07, 0.07, 11000.0, 0.07
2013-12-16, 0.07, 0.07, 0.07, 0.07, 4200.0, 0.07
2013-12-17, 0.07, 0.07, 0.07, 0.07, 0.0, 0.07
2013-12-18, 0.07, 0.07, 0.07, 0.07, 0.0, 0.07
2013-12-19, 0.07, 0.07, 0.07, 0.07, 0.0, 0.07
2013-12-20, 0.07, 0.07, 0.07, 0.07, 0.0, 0.07
2013-12-23, 0.07, 0.07, 0.07, 0.07, 0.0, 0.07
2013-12-24, 0.07, 0.07, 0.07, 0.07, 0.0, 0.07
2013-12-26, 0.07, 0.07, 0.07, 0.07, 0.0, 0.07
2013-12-27, 0.07, 0.07, 0.07, 0.07, 0.0, 0.07
2013-12-30, 0.07, 0.07, 0.07, 0.07, 0.0, 0.07
2013-12-31, 0.11, 0.11, 0.11, 0.11, 10000.0, 0.11
2014-01-02, 0.12, 0.12, 0.12, 0.12, 100.0, 0.12
2014-01-03, 0.12, 0.12, 0.12, 0.12, 1000.0, 0.12
2014-01-06, 0.12, 0.12, 0.12, 0.12, 0.0, 0.12
2014-01-07, 0.12, 0.12, 0.12, 0.12, 0.0, 0.12
2014-01-08, 0.12, 0.12, 0.12, 0.12, 1000.0, 0.12
2014-01-09, 0.12, 0.12, 0.12, 0.12, 0.0, 0.12
2014-01-10, 0.12, 0.12, 0.12, 0.12, 6400.0, 0.12
2014-01-13, 0.12, 0.12, 0.12, 0.12, 45000.0, 0.12
2014-01-14, 0.12, 0.12, 0.12, 0.12, 0.0, 0.12
2014-01-15, 0.12, 0.12, 0.12, 0.12, 12000.0, 0.12
2014-01-16, 0.13, 0.13, 0.13, 0.13, 12000.0, 0.13
2014-01-17, 0.13, 0.13, 0.13, 0.13, 21500.0, 0.13
2014-01-21, 0.12, 0.12, 0.12, 0.12, 45000.0, 0.12
2014-01-22, 0.12, 0.12, 0.12, 0.12, 21000.0, 0.12
2014-01-23, 0.13, 0.13, 0.13, 0.13, 22500.0, 0.13
2014-01-24, 0.13, 0.14, 0.13, 0.14, 74000.0, 0.14
2014-01-27, 0.12, 0.13, 0.12, 0.13, 36000.0, 0.13
2014-01-28, 0.13, 0.13, 0.13, 0.13, 0.0, 0.13
2014-01-29, 0.13, 0.13, 0.13, 0.13, 0.0, 0.13
2014-01-30, 0.13, 0.13, 0.13, 0.13, 0.0, 0.13
2014-01-31, 0.13, 0.13, 0.13, 0.13, 5100.0, 0.13
2014-02-03, 0.13, 0.13, 0.13, 0.13, 0.0, 0.13
2014-02-04, 0.14, 0.14, 0.14, 0.14, 15100.0, 0.14
2014-02-05, 0.14, 0.14, 0.14, 0.14, 0.0, 0.14
2014-02-06, 0.14, 0.14, 0.14, 0.14, 2000.0, 0.14
2014-02-07, 0.14, 0.14, 0.14, 0.14, 0.0, 0.14
2014-02-10, 0.14, 0.14, 0.14, 0.14, 0.0, 0.14
2014-02-11, 0.14, 0.14, 0.14, 0.14, 0.0, 0.14
2014-02-12, 0.14, 0.14, 0.14, 0.14, 122000.0, 0.14
2014-02-13, 0.14, 0.14, 0.14, 0.14, 0.0, 0.14
2014-02-14, 0.14, 0.14, 0.14, 0.14, 0.0, 0.14
2014-02-18, 0.14, 0.14, 0.14, 0.14, 0.0, 0.14
2014-02-19, 0.14, 0.14, 0.14, 0.14, 0.0, 0.14
2014-02-20, 0.14, 0.14, 0.14, 0.14, 2000.0, 0.14
2014-02-21, 0.14, 0.14, 0.14, 0.14, 0.0, 0.14
2014-02-24, 0.14, 0.14, 0.14, 0.14, 0.0, 0.14
2014-02-25, 0.15, 0.15, 0.15, 0.15, 10000.0, 0.15
2014-02-26, 0.15, 0.15, 0.15, 0.15, 13500.0, 0.15
2014-02-27, 0.15, 0.15, 0.15, 0.15, 0.0, 0.15
2014-02-28, 0.14, 0.14, 0.14, 0.14, 300.0, 0.14
2014-03-03, 0.15, 0.15, 0.14, 0.14, 1000.0, 0.14
2014-03-04, 0.14, 0.14, 0.14, 0.14, 0.0, 0.14
2014-03-05, 0.14, 0.14, 0.14, 0.14, 0.0, 0.14
2014-03-06, 0.14, 0.14, 0.14, 0.14, 0.0, 0.14
2014-03-07, 0.14, 0.14, 0.14, 0.14, 0.0, 0.14
2014-03-10, 0.14, 0.14, 0.14, 0.14, 400.0, 0.14
2014-03-11, 0.14, 0.14, 0.14, 0.14, 0.0, 0.14
2014-03-12, 0.17, 0.17, 0.17, 0.17, 100.0, 0.17
2014-03-13, 0.17, 0.17, 0.17, 0.17, 0.0, 0.17
2014-03-14, 0.17, 0.17, 0.17, 0.17, 0.0, 0.17
2014-03-17, 0.17, 0.17, 0.17, 0.17, 0.0, 0.17
2014-03-18, 0.17, 0.17, 0.17, 0.17, 0.0, 0.17
2014-03-19, 0.17, 0.17, 0.17, 0.17, 0.0, 0.17
2014-03-20, 0.17, 0.17, 0.17, 0.17, 0.0, 0.17
2014-03-21, 0.17, 0.17, 0.17, 0.17, 0.0, 0.17
2014-03-24, 0.17, 0.17, 0.17, 0.17, 0.0, 0.17
2014-03-25, 0.17, 0.17, 0.17, 0.17, 0.0, 0.17
2014-03-26, 0.17, 0.17, 0.17, 0.17, 0.0, 0.17
2014-03-27, 0.17, 0.17, 0.17, 0.17, 0.0, 0.17
2014-03-28, 0.17, 0.17, 0.17, 0.17, 0.0, 0.17
2014-03-31, 0.17, 0.17, 0.17, 0.17, 0.0, 0.17
2014-04-01, 0.17, 0.17, 0.17, 0.17, 0.0, 0.17
2014-04-02, 0.17, 0.17, 0.17, 0.17, 0.0, 0.17
2014-04-03, 0.17, 0.17, 0.17, 0.17, 0.0, 0.17
2014-04-04, 0.17, 0.17, 0.17, 0.17, 0.0, 0.17
2014-04-07, 0.16, 0.16, 0.16, 0.16, 200.0, 0.16
2014-04-08, 0.16, 0.16, 0.16, 0.16, 0.0, 0.16
2014-04-09, 0.16, 0.16, 0.16, 0.16, 0.0, 0.16
2014-04-10, 0.16, 0.16, 0.16, 0.16, 0.0, 0.16
2014-04-11, 0.16, 0.16, 0.16, 0.16, 0.0, 0.16
2014-04-14, 0.16, 0.16, 0.16, 0.16, 0.0, 0.16
2014-04-15, 0.16, 0.16, 0.16, 0.16, 0.0, 0.16
2014-04-16, 0.16, 0.16, 0.16, 0.16, 0.0, 0.16
2014-04-17, 0.16, 0.16, 0.16, 0.16, 83500.0, 0.16
2014-04-21, 0.16, 0.16, 0.16, 0.16, 0.0, 0.16
2014-04-22, 0.16, 0.16, 0.16, 0.16, 0.0, 0.16
2014-04-23, 0.16, 0.16, 0.16, 0.16, 0.0, 0.16
