2009-11-24, 27.0, 27.0, 25.07, 25.07, 2247300.0, 21.63
2009-11-25, 25.0, 25.0, 22.15, 22.75, 5939400.0, 19.63
2009-11-27, 22.75, 23.12, 22.01, 23.0, 547100.0, 19.84
2009-11-30, 23.7, 24.75, 23.65, 24.6, 1663400.0, 21.22
2009-12-01, 25.45, 25.5, 24.3, 24.58, 1398700.0, 21.21
2009-12-02, 24.81, 24.81, 23.5, 24.0, 1338300.0, 20.71
2009-12-03, 24.0, 24.15, 23.85, 24.07, 1016100.0, 20.77
2009-12-04, 24.1, 24.75, 23.9, 24.5, 560100.0, 21.14
2009-12-07, 24.75, 24.75, 24.05, 24.29, 781100.0, 20.96
2009-12-08, 24.25, 24.25, 23.12, 23.5, 913800.0, 20.27
2009-12-09, 23.53, 23.75, 22.8, 23.67, 1.61987E7, 20.42
2009-12-10, 23.39, 24.19, 22.86, 23.52, 1.309E7, 20.29
2009-12-11, 23.71, 24.93, 23.36, 24.35, 5763100.0, 21.01
2009-12-14, 24.5, 26.99, 24.5, 26.35, 7861500.0, 22.73
2009-12-15, 26.09, 26.29, 25.35, 25.79, 3760900.0, 22.25
2009-12-16, 25.53, 25.53, 24.15, 24.23, 5510400.0, 20.9
2009-12-17, 23.89, 24.28, 23.23, 23.36, 4293600.0, 20.15
2009-12-18, 23.1, 23.6, 22.88, 23.49, 4276400.0, 20.27
2009-12-21, 23.29, 23.9, 22.52, 23.28, 4204800.0, 20.08
2009-12-22, 23.7, 23.7, 23.0, 23.18, 5546500.0, 20.0
2009-12-23, 23.08, 24.24, 23.0, 24.06, 3346400.0, 20.76
2009-12-24, 23.66, 24.44, 23.66, 24.34, 1156500.0, 21.0
2009-12-28, 24.29, 24.35, 23.55, 23.86, 1710300.0, 20.58
2009-12-29, 23.77, 23.99, 23.31, 23.45, 1449100.0, 20.23
2009-12-30, 23.44, 23.73, 22.82, 23.49, 1721700.0, 20.27
2009-12-31, 23.49, 23.79, 23.25, 23.28, 970700.0, 20.08
2010-01-04, 23.28, 23.94, 23.28, 23.91, 1618500.0, 20.63
2010-01-05, 23.94, 25.11, 23.62, 24.64, 2519800.0, 21.26
2010-01-06, 24.65, 25.42, 24.24, 24.86, 1976300.0, 21.45
2010-01-07, 24.8, 25.09, 24.22, 24.62, 2474600.0, 21.24
2010-01-08, 24.73, 25.83, 24.6, 25.68, 1670700.0, 22.16
2010-01-11, 25.93, 26.14, 25.22, 25.97, 1796400.0, 22.41
2010-01-12, 25.72, 25.72, 25.1, 25.21, 2612700.0, 21.75
2010-01-13, 25.14, 26.3, 25.14, 26.24, 2124200.0, 22.64
2010-01-14, 26.49, 26.49, 25.66, 25.68, 2052300.0, 22.16
2010-01-15, 25.62, 25.75, 25.1, 25.36, 1013600.0, 21.88
2010-01-19, 25.34, 25.58, 24.65, 24.95, 1893200.0, 21.53
2010-01-20, 24.66, 25.24, 24.35, 24.93, 2036300.0, 21.51
2010-01-21, 24.9, 25.02, 24.33, 24.4, 1430400.0, 21.05
2010-01-22, 24.5, 24.51, 23.45, 23.72, 2023800.0, 20.46
2010-01-25, 23.99, 24.08, 23.51, 23.96, 1164500.0, 20.67
2010-01-26, 23.76, 24.35, 23.76, 23.92, 1001600.0, 20.64
2010-01-27, 23.46, 23.97, 23.46, 23.78, 935900.0, 20.52
2010-01-28, 23.84, 23.91, 23.23, 23.37, 2068300.0, 20.16
2010-01-29, 23.37, 24.14, 23.37, 23.97, 1811300.0, 20.68
2010-02-01, 24.04, 24.09, 23.56, 23.93, 1333400.0, 20.65
2010-02-02, 24.1, 24.87, 23.93, 24.65, 3647400.0, 21.27
2010-02-03, 25.03, 25.78, 24.51, 25.23, 4062200.0, 21.77
2010-02-04, 25.09, 25.09, 23.5, 24.18, 3397000.0, 20.86
2010-02-05, 24.07, 25.5, 23.3, 23.65, 2780300.0, 20.4
2010-02-08, 23.57, 23.87, 23.35, 23.6, 870100.0, 20.36
2010-02-09, 23.8, 24.28, 23.66, 24.09, 716400.0, 20.78
2010-02-10, 24.07, 24.19, 23.62, 23.92, 989000.0, 20.64
2010-02-11, 23.92, 23.92, 23.64, 23.83, 1579900.0, 20.56
2010-02-12, 23.51, 24.0, 23.49, 23.86, 1659300.0, 20.58
2010-02-16, 23.92, 24.34, 23.5, 23.76, 1639700.0, 20.5
2010-02-17, 24.03, 24.34, 23.76, 24.26, 1004000.0, 20.93
2010-02-18, 24.26, 24.78, 24.13, 24.43, 779000.0, 21.08
2010-02-19, 24.25, 25.5, 24.2, 25.15, 1960700.0, 21.7
2010-02-22, 25.5, 25.52, 24.65, 24.71, 1055800.0, 21.32
2010-02-23, 24.71, 24.92, 24.56, 24.88, 1558100.0, 21.46
2010-02-24, 25.05, 25.16, 24.75, 24.92, 1323600.0, 21.5
2010-02-25, 24.67, 24.92, 24.4, 24.78, 967800.0, 21.38
2010-02-26, 24.78, 24.93, 24.6, 24.78, 703800.0, 21.38
2010-03-01, 24.9, 25.43, 24.8, 25.33, 833200.0, 21.85
2010-03-02, 25.26, 25.27, 24.27, 24.6, 2311900.0, 21.22
2010-03-03, 24.55, 24.72, 24.29, 24.52, 1019900.0, 21.15
2010-03-04, 24.59, 25.54, 24.59, 25.4, 1717500.0, 21.91
2010-03-05, 25.48, 26.32, 25.36, 25.74, 2081300.0, 22.21
2010-03-08, 25.56, 25.84, 25.37, 25.59, 1115100.0, 22.08
2010-03-09, 25.59, 26.11, 25.51, 25.64, 664200.0, 22.12
2010-03-10, 25.62, 26.34, 25.23, 25.3, 1494600.0, 21.83
2010-03-11, 25.3, 25.6, 25.05, 25.59, 491300.0, 22.08
2010-03-12, 25.59, 25.76, 25.3, 25.46, 605900.0, 21.97
2010-03-15, 25.47, 25.47, 24.91, 25.23, 1205600.0, 21.77
2010-03-16, 25.2, 25.6, 25.2, 25.48, 1027000.0, 21.98
2010-03-17, 25.55, 26.53, 25.48, 26.0, 1556800.0, 22.43
2010-03-18, 26.0, 26.53, 25.65, 25.84, 1013400.0, 22.29
2010-03-19, 25.51, 26.28, 25.18, 25.51, 1785400.0, 22.01
2010-03-22, 25.26, 25.98, 25.0, 25.74, 885700.0, 22.21
2010-03-23, 25.79, 26.05, 25.61, 25.92, 622300.0, 22.36
2010-03-24, 25.87, 26.12, 25.8, 25.94, 448400.0, 22.38
2010-03-25, 26.06, 26.14, 25.64, 25.66, 578900.0, 22.14
2010-03-26, 25.67, 25.9, 25.44, 25.84, 402800.0, 22.29
2010-03-29, 25.87, 26.5, 25.69, 25.94, 967600.0, 22.38
2010-03-30, 25.95, 25.95, 25.63, 25.68, 570000.0, 22.16
2010-03-31, 25.54, 25.92, 25.16, 25.28, 887900.0, 21.81
2010-04-01, 25.4, 25.71, 25.07, 25.36, 656800.0, 21.88
2010-04-05, 25.44, 26.41, 25.44, 26.14, 902800.0, 22.55
2010-04-06, 26.11, 26.44, 25.46, 26.39, 787100.0, 22.77
2010-04-07, 26.52, 27.69, 26.46, 27.44, 2798900.0, 23.67
2010-04-08, 27.27, 27.91, 26.98, 27.85, 1093900.0, 24.03
2010-04-09, 27.78, 28.13, 27.5, 27.99, 766000.0, 24.15
2010-04-12, 28.0, 28.5, 27.81, 28.11, 1026400.0, 24.25
2010-04-13, 28.01, 28.52, 27.95, 28.51, 990300.0, 24.6
2010-04-14, 28.5, 28.65, 28.0, 28.27, 980600.0, 24.39
2010-04-15, 28.08, 28.39, 27.4, 27.42, 1028700.0, 23.66
2010-04-16, 27.37, 27.96, 26.88, 27.86, 870500.0, 24.04
2010-04-19, 27.66, 27.9, 27.06, 27.09, 487800.0, 23.37
2010-04-20, 27.19, 28.25, 27.19, 28.09, 847400.0, 24.23
2010-04-21, 28.1, 29.45, 28.1, 29.18, 2102400.0, 25.17
2010-04-22, 29.14, 29.14, 28.27, 28.38, 784000.0, 24.48
2010-04-23, 28.49, 28.59, 28.13, 28.45, 638800.0, 24.54
2010-04-26, 28.4, 28.57, 27.86, 28.26, 637400.0, 24.38
2010-04-27, 27.88, 28.44, 27.75, 28.01, 1312300.0, 24.17
2010-04-28, 26.83, 27.59, 23.81, 23.96, 5541300.0, 20.67
2010-04-29, 23.99, 24.4, 23.3, 23.49, 2734100.0, 20.27
2010-04-30, 23.44, 23.62, 22.56, 23.41, 1823500.0, 20.2
2010-05-03, 23.36, 23.36, 21.64, 21.79, 5198600.0, 18.8
2010-05-04, 21.53, 21.83, 20.96, 21.25, 3946800.0, 18.33
2010-05-05, 20.87, 21.65, 20.77, 21.13, 2749700.0, 18.23
2010-05-06, 21.35, 22.8, 20.27, 21.68, 3237600.0, 18.7
2010-05-07, 21.55, 22.37, 21.26, 21.76, 2254400.0, 18.77
2010-05-10, 22.45, 24.0, 22.35, 23.54, 2176300.0, 20.31
2010-05-11, 23.19, 24.41, 22.96, 24.09, 2564700.0, 20.78
2010-05-12, 24.19, 24.5, 23.91, 24.5, 1765600.0, 21.14
2010-05-13, 24.35, 24.44, 23.44, 24.03, 2126900.0, 20.73
2010-05-14, 23.8, 23.98, 23.47, 23.79, 1363400.0, 20.52
2010-05-17, 23.99, 24.27, 23.12, 23.94, 1200400.0, 20.65
2010-05-18, 24.15, 24.18, 23.11, 23.36, 1070700.0, 20.15
2010-05-19, 23.2, 23.44, 22.52, 22.75, 1661900.0, 19.63
2010-05-20, 22.36, 22.53, 21.42, 21.42, 2062600.0, 18.48
2010-05-21, 21.02, 21.83, 20.78, 21.28, 2350100.0, 18.36
2010-05-24, 21.14, 22.0, 21.1, 21.2, 804100.0, 18.29
2010-05-25, 20.74, 20.75, 20.11, 20.68, 1772100.0, 17.84
2010-05-26, 20.97, 21.13, 20.71, 20.72, 1017500.0, 17.88
2010-05-27, 21.16, 21.27, 20.95, 21.16, 1106200.0, 18.26
2010-05-28, 21.05, 21.23, 20.54, 20.63, 940400.0, 17.8
2010-06-01, 21.45, 21.95, 20.49, 20.49, 1182400.0, 17.68
2010-06-02, 20.66, 21.05, 20.63, 20.98, 1159900.0, 18.1
2010-06-03, 21.28, 21.38, 20.9, 21.0, 1071300.0, 18.12
2010-06-04, 20.75, 22.22, 20.6, 21.28, 2586100.0, 18.36
2010-06-07, 21.27, 21.58, 20.56, 20.61, 1073800.0, 17.78
2010-06-08, 20.6, 20.75, 20.09, 20.34, 1353800.0, 17.55
2010-06-09, 20.39, 20.49, 19.61, 20.21, 1673000.0, 17.44
2010-06-10, 20.51, 21.42, 20.49, 21.11, 1213500.0, 18.21
2010-06-11, 20.95, 21.38, 20.77, 21.0, 631400.0, 18.12
2010-06-14, 21.26, 21.26, 20.68, 20.75, 1052800.0, 17.9
2010-06-15, 20.81, 21.75, 20.68, 21.64, 917500.0, 18.67
2010-06-16, 21.41, 22.42, 21.07, 22.28, 1298900.0, 19.22
2010-06-17, 22.29, 22.85, 21.93, 22.65, 1202700.0, 19.54
2010-06-18, 22.64, 23.82, 22.5, 22.74, 1583600.0, 19.62
2010-06-21, 22.95, 23.21, 22.74, 22.98, 1624300.0, 19.83
2010-06-22, 23.09, 23.39, 22.92, 22.93, 1687600.0, 19.78
2010-06-23, 22.98, 23.23, 22.33, 22.64, 1048200.0, 19.53
2010-06-24, 22.58, 22.58, 21.68, 21.73, 820200.0, 18.75
2010-06-25, 21.74, 22.07, 21.45, 21.96, 1487900.0, 18.95
2010-06-28, 22.0, 22.05, 21.57, 21.78, 1090100.0, 18.79
2010-06-29, 21.51, 21.51, 20.45, 20.62, 1213700.0, 17.79
2010-06-30, 20.63, 21.37, 20.51, 20.79, 1375900.0, 17.94
2010-07-01, 20.8, 20.8, 19.8, 20.31, 1374000.0, 17.52
2010-07-02, 20.47, 20.63, 20.25, 20.37, 854200.0, 17.57
2010-07-06, 20.68, 20.87, 19.97, 20.07, 1423100.0, 17.32
2010-07-07, 20.06, 20.79, 19.9, 20.69, 1174900.0, 17.85
2010-07-08, 20.86, 20.92, 20.48, 20.56, 929500.0, 17.74
2010-07-09, 20.4, 20.55, 20.17, 20.28, 887700.0, 17.5
2010-07-12, 20.23, 20.79, 20.19, 20.64, 1824900.0, 17.81
2010-07-13, 20.82, 21.2, 20.82, 20.95, 1248000.0, 18.07
2010-07-14, 20.86, 21.25, 20.7, 21.07, 1036600.0, 18.18
2010-07-15, 21.36, 21.93, 21.3, 21.5, 1455700.0, 18.55
2010-07-16, 21.41, 21.41, 20.57, 20.75, 925400.0, 17.9
2010-07-19, 20.76, 21.21, 20.61, 21.09, 810000.0, 18.2
2010-07-20, 20.93, 21.52, 20.79, 21.44, 1272800.0, 18.5
2010-07-21, 21.58, 21.62, 20.2, 20.35, 1257900.0, 17.56
2010-07-22, 20.56, 21.13, 20.51, 21.0, 986200.0, 18.12
2010-07-23, 20.85, 21.14, 20.63, 21.02, 966700.0, 18.13
2010-07-26, 21.01, 21.14, 20.65, 20.8, 1068700.0, 17.94
2010-07-27, 20.89, 21.34, 20.84, 21.26, 1143400.0, 18.34
2010-07-28, 21.35, 21.44, 20.76, 20.93, 686800.0, 18.06
2010-07-29, 21.03, 21.09, 20.63, 20.73, 809200.0, 17.88
2010-07-30, 20.48, 21.02, 20.4, 20.92, 633900.0, 18.05
2010-08-02, 21.23, 21.27, 20.79, 21.21, 1162500.0, 18.3
2010-08-03, 21.06, 21.33, 20.9, 21.12, 1315100.0, 18.22
2010-08-04, 20.66, 22.83, 20.41, 22.75, 3542200.0, 19.63
2010-08-05, 22.65, 23.5, 22.47, 22.94, 1588200.0, 19.79
2010-08-06, 22.65, 22.75, 22.05, 22.44, 830100.0, 19.36
2010-08-09, 22.52, 22.83, 22.44, 22.61, 502600.0, 19.51
2010-08-10, 22.4, 22.4, 21.78, 21.88, 667300.0, 18.88
2010-08-11, 21.61, 21.88, 21.18, 21.32, 840100.0, 18.39
2010-08-12, 21.11, 21.78, 21.06, 21.73, 756700.0, 18.75
2010-08-13, 21.71, 22.14, 21.57, 21.91, 813600.0, 18.9
2010-08-16, 21.81, 22.27, 21.77, 21.88, 561900.0, 18.88
2010-08-17, 22.08, 22.46, 21.81, 22.22, 733400.0, 19.17
2010-08-18, 22.12, 22.42, 21.87, 22.05, 795700.0, 19.02
2010-08-19, 21.97, 22.24, 21.88, 22.07, 1007300.0, 19.04
2010-08-20, 22.0, 22.61, 22.0, 22.56, 837700.0, 19.46
2010-08-23, 22.66, 22.68, 22.42, 22.43, 470100.0, 19.35
2010-08-24, 22.19, 22.43, 21.78, 21.78, 1593200.0, 18.79
2010-08-25, 21.64, 22.26, 21.56, 22.14, 949500.0, 19.1
2010-08-26, 22.19, 22.43, 21.96, 21.99, 842400.0, 18.97
2010-08-27, 22.15, 22.8, 21.72, 22.76, 644000.0, 19.64
2010-08-30, 22.62, 22.68, 22.13, 22.17, 826900.0, 19.13
2010-08-31, 22.0, 22.4, 21.99, 22.22, 545800.0, 19.17
2010-09-01, 22.56, 22.98, 22.33, 22.9, 543900.0, 19.76
2010-09-02, 23.04, 23.74, 22.63, 23.05, 899000.0, 19.89
2010-09-03, 23.31, 23.47, 22.91, 23.05, 521200.0, 19.89
2010-09-07, 22.45, 22.89, 22.39, 22.43, 558500.0, 19.35
2010-09-08, 22.64, 22.92, 22.37, 22.7, 610800.0, 19.58
2010-09-09, 22.99, 23.1, 22.64, 23.01, 346400.0, 19.85
2010-09-10, 23.07, 23.36, 22.85, 23.11, 466200.0, 19.94
2010-09-13, 23.25, 23.4, 22.78, 22.93, 1029300.0, 19.78
2010-09-14, 22.86, 23.37, 22.79, 23.24, 685200.0, 20.05
2010-09-15, 23.2, 23.39, 23.09, 23.09, 543700.0, 19.92
2010-09-16, 23.01, 23.43, 22.93, 23.34, 726500.0, 20.14
2010-09-17, 23.43, 23.7, 23.14, 23.34, 637600.0, 20.14
2010-09-20, 23.34, 23.75, 23.23, 23.62, 442300.0, 20.38
2010-09-21, 23.6, 23.88, 23.27, 23.86, 595300.0, 20.58
2010-09-22, 23.71, 24.25, 23.36, 24.18, 986700.0, 20.86
2010-09-23, 23.96, 24.01, 23.57, 23.63, 598700.0, 20.39
2010-09-24, 23.94, 24.14, 23.72, 23.97, 555000.0, 20.68
2010-09-27, 23.92, 23.96, 23.47, 23.52, 648100.0, 20.29
2010-09-28, 23.66, 24.4, 23.36, 24.15, 995900.0, 20.84
2010-09-29, 24.45, 25.3, 24.45, 25.26, 1407200.0, 21.79
2010-09-30, 25.38, 25.56, 24.67, 24.75, 1053600.0, 21.35
2010-10-01, 24.75, 25.06, 24.56, 25.03, 827300.0, 21.59
2010-10-04, 24.7, 24.88, 24.0, 24.23, 999100.0, 20.9
2010-10-05, 24.42, 25.12, 24.19, 24.96, 834900.0, 21.53
2010-10-06, 24.96, 25.15, 24.75, 24.99, 664800.0, 21.56
2010-10-07, 25.02, 25.18, 24.5, 24.57, 683400.0, 21.2
2010-10-08, 24.53, 25.38, 24.39, 25.1, 610900.0, 21.65
2010-10-11, 25.11, 25.25, 24.51, 24.66, 727800.0, 21.28
2010-10-12, 24.67, 24.7, 23.92, 24.33, 872600.0, 20.99
2010-10-13, 24.45, 25.27, 24.15, 25.12, 723600.0, 21.67
2010-10-14, 25.02, 26.15, 24.72, 24.95, 1915200.0, 21.53
2010-10-15, 25.05, 25.7, 24.93, 25.44, 899200.0, 21.95
2010-10-18, 25.45, 26.25, 24.94, 25.96, 1021000.0, 22.4
2010-10-19, 25.62, 25.8, 24.89, 25.2, 662400.0, 21.74
2010-10-20, 25.19, 25.8, 25.11, 25.31, 412400.0, 21.84
2010-10-21, 25.43, 25.65, 24.78, 24.82, 706300.0, 21.41
2010-10-22, 24.84, 25.49, 24.7, 25.33, 428900.0, 21.85
2010-10-25, 25.42, 26.08, 25.28, 25.76, 798400.0, 22.22
2010-10-26, 25.68, 26.27, 25.38, 26.13, 643100.0, 22.54
2010-10-27, 25.96, 26.17, 25.75, 25.99, 453200.0, 22.42
2010-10-28, 26.15, 26.15, 25.72, 25.97, 324900.0, 22.41
2010-10-29, 26.01, 26.91, 25.75, 26.68, 717600.0, 23.02
2010-11-01, 26.89, 26.9, 25.31, 25.52, 830500.0, 22.02
2010-11-02, 25.87, 25.97, 25.17, 25.29, 752400.0, 21.82
2010-11-03, 25.65, 27.65, 25.65, 26.1, 2698000.0, 22.52
2010-11-04, 26.25, 26.4, 24.92, 25.6, 1799000.0, 22.09
2010-11-05, 25.52, 25.56, 24.13, 24.92, 1891100.0, 21.5
2010-11-08, 25.05, 26.21, 24.76, 26.1, 1209600.0, 22.52
2010-11-09, 26.04, 26.78, 25.75, 26.29, 1557600.0, 22.68
2010-11-10, 26.33, 27.17, 26.11, 27.16, 919200.0, 23.43
2010-11-11, 26.94, 27.19, 26.53, 26.67, 855700.0, 23.01
2010-11-12, 26.44, 26.81, 26.29, 26.57, 786100.0, 22.92
2010-11-15, 26.62, 26.73, 25.87, 25.88, 593600.0, 22.33
2010-11-16, 25.64, 26.09, 25.4, 25.55, 558000.0, 22.04
2010-11-17, 25.47, 25.76, 25.02, 25.24, 852000.0, 21.78
2010-11-18, 25.48, 25.71, 25.34, 25.39, 701200.0, 21.9
2010-11-19, 25.32, 25.43, 25.06, 25.33, 406800.0, 21.85
2010-11-22, 25.19, 25.37, 24.87, 25.23, 477200.0, 21.77
2010-11-23, 24.88, 25.04, 24.59, 24.67, 606100.0, 21.28
2010-11-24, 24.92, 25.04, 24.56, 24.96, 466800.0, 21.53
2010-11-26, 24.75, 24.92, 24.59, 24.67, 166400.0, 21.28
2010-11-29, 24.62, 24.67, 23.76, 24.19, 741700.0, 20.87
2010-11-30, 24.03, 24.37, 23.92, 24.18, 641500.0, 20.86
2010-12-01, 24.34, 24.82, 24.34, 24.5, 521600.0, 21.14
2010-12-02, 24.49, 24.73, 24.27, 24.57, 379900.0, 21.2
2010-12-03, 24.42, 25.26, 24.42, 25.18, 373000.0, 21.72
2010-12-06, 25.34, 25.72, 25.19, 25.51, 549600.0, 22.01
2010-12-07, 25.7, 25.92, 25.38, 25.66, 569300.0, 22.14
2010-12-08, 25.73, 25.9, 25.15, 25.2, 703600.0, 21.74
2010-12-09, 25.5, 25.97, 25.38, 25.43, 944700.0, 21.94
2010-12-10, 25.52, 25.52, 25.12, 25.33, 704800.0, 21.85
2010-12-13, 25.36, 25.53, 25.0, 25.41, 903600.0, 21.92
2010-12-14, 25.48, 25.66, 25.26, 25.57, 806900.0, 22.06
2010-12-15, 25.46, 25.58, 25.14, 25.28, 815400.0, 21.81
2010-12-16, 25.19, 25.38, 24.72, 24.84, 870300.0, 21.43
2010-12-17, 24.8, 24.87, 24.47, 24.49, 1129600.0, 21.13
2010-12-20, 24.68, 24.69, 23.89, 23.96, 997900.0, 20.67
2010-12-21, 24.11, 24.3, 23.8, 23.99, 903300.0, 20.7
2010-12-22, 24.08, 24.64, 24.01, 24.58, 732500.0, 21.21
2010-12-23, 24.48, 24.55, 24.33, 24.39, 492000.0, 21.04
2010-12-27, 24.19, 24.26, 23.92, 24.05, 533700.0, 20.75
2010-12-28, 24.13, 24.33, 24.02, 24.17, 423000.0, 20.85
2010-12-29, 24.15, 24.29, 24.0, 24.09, 449600.0, 20.78
2010-12-30, 24.0, 24.18, 23.9, 24.02, 566200.0, 20.72
2010-12-31, 23.96, 23.98, 23.48, 23.71, 877000.0, 20.46
2011-01-03, 23.89, 24.0, 23.5, 23.78, 1144700.0, 20.52
2011-01-04, 23.82, 24.0, 23.48, 23.67, 556500.0, 20.42
2011-01-05, 23.58, 24.01, 23.58, 23.68, 1365500.0, 20.43
2011-01-06, 23.77, 23.9, 23.51, 23.82, 806400.0, 20.55
2011-01-07, 23.75, 23.96, 23.43, 23.59, 416200.0, 20.35
2011-01-10, 23.55, 24.16, 23.45, 24.07, 667500.0, 20.77
2011-01-11, 24.15, 24.25, 23.99, 24.0, 589100.0, 20.71
2011-01-12, 24.1, 24.38, 24.04, 24.36, 776600.0, 21.02
2011-01-13, 24.27, 24.41, 23.94, 24.13, 900800.0, 20.82
2011-01-14, 24.14, 24.44, 24.1, 24.43, 632900.0, 21.08
2011-01-18, 24.44, 24.85, 24.33, 24.73, 865100.0, 21.34
2011-01-19, 24.7, 24.8, 24.47, 24.58, 774200.0, 21.21
2011-01-20, 24.44, 24.56, 23.99, 24.38, 917900.0, 21.03
2011-01-21, 24.41, 24.91, 23.81, 23.85, 1147000.0, 20.58
2011-01-24, 23.83, 24.12, 23.62, 23.91, 730900.0, 20.63
2011-01-25, 23.89, 24.13, 23.66, 24.13, 518600.0, 20.82
2011-01-26, 24.15, 24.17, 23.7, 23.87, 762900.0, 20.59
2011-01-27, 23.86, 24.24, 23.77, 24.17, 383500.0, 20.85
2011-01-28, 24.1, 24.15, 23.7, 23.82, 639000.0, 20.55
2011-01-31, 23.88, 24.01, 23.45, 23.52, 975200.0, 20.29
2011-02-01, 23.72, 24.08, 23.55, 23.85, 1546300.0, 20.58
2011-02-02, 24.22, 24.22, 22.5, 22.64, 2613200.0, 19.53
2011-02-03, 22.6, 22.65, 22.19, 22.24, 1555200.0, 19.19
2011-02-04, 22.32, 22.44, 21.87, 21.94, 1301000.0, 18.93
2011-02-07, 21.96, 22.1, 21.06, 21.19, 4278100.0, 18.28
2011-02-08, 21.27, 21.29, 20.4, 20.89, 3870500.0, 18.02
2011-02-09, 20.97, 20.99, 20.45, 20.6, 3062800.0, 17.77
2011-02-10, 20.59, 20.65, 20.0, 20.59, 1820700.0, 17.76
2011-02-11, 20.61, 21.28, 20.53, 21.22, 1800000.0, 18.31
2011-02-14, 21.56, 22.34, 21.55, 21.83, 4621500.0, 18.83
2011-02-15, 21.82, 22.09, 21.65, 21.76, 1600100.0, 18.77
2011-02-16, 21.81, 22.05, 21.67, 21.78, 1583800.0, 18.79
2011-02-17, 21.95, 22.25, 21.85, 22.04, 1329900.0, 19.01
2011-02-18, 22.0, 22.21, 21.89, 21.99, 801100.0, 18.97
2011-02-22, 21.76, 21.98, 21.06, 21.16, 2106200.0, 18.26
2011-02-23, 21.12, 21.5, 20.74, 21.08, 1257100.0, 18.19
2011-02-24, 21.07, 21.14, 20.71, 20.9, 1089500.0, 18.03
2011-02-25, 20.92, 21.11, 20.76, 21.02, 950900.0, 18.13
2011-02-28, 21.21, 21.21, 20.64, 20.87, 1220100.0, 18.01
2011-03-01, 21.15, 21.52, 20.59, 20.77, 1968400.0, 17.92
2011-03-02, 20.68, 20.76, 20.09, 20.16, 2095700.0, 17.39
2011-03-03, 20.27, 20.48, 20.1, 20.14, 1051300.0, 17.38
2011-03-04, 20.21, 20.32, 20.01, 20.05, 947400.0, 17.3
2011-03-07, 20.21, 20.27, 19.22, 19.26, 2282700.0, 16.62
2011-03-08, 19.34, 19.73, 19.1, 19.12, 1768600.0, 16.5
2011-03-09, 19.2, 19.37, 19.0, 19.34, 1943100.0, 16.69
2011-03-10, 19.31, 19.73, 18.98, 19.0, 2780300.0, 16.39
2011-03-11, 19.17, 19.45, 19.0, 19.37, 1322000.0, 16.71
2011-03-14, 19.3, 19.59, 19.08, 19.18, 1180200.0, 16.55
2011-03-15, 18.65, 19.03, 18.57, 18.95, 1207200.0, 16.35
2011-03-16, 18.84, 19.01, 18.51, 18.68, 1224100.0, 16.12
2011-03-17, 18.96, 19.02, 18.52, 18.54, 1033800.0, 16.0
2011-03-18, 18.74, 19.03, 18.59, 19.0, 1442000.0, 16.39
2011-03-21, 19.1, 19.18, 18.76, 18.9, 1048300.0, 16.31
2011-03-22, 18.92, 19.08, 18.83, 18.97, 718500.0, 16.37
2011-03-23, 19.51, 20.24, 19.14, 19.86, 4014100.0, 17.13
2011-03-24, 19.94, 20.09, 19.65, 19.97, 1395000.0, 17.23
2011-03-25, 19.85, 20.26, 19.54, 20.04, 1621500.0, 17.29
2011-03-28, 20.02, 20.06, 19.58, 19.65, 805300.0, 16.95
2011-03-29, 19.66, 20.12, 19.6, 19.73, 1246600.0, 17.02
2011-03-30, 19.79, 19.92, 19.63, 19.65, 515100.0, 16.95
2011-03-31, 19.69, 19.7, 19.31, 19.53, 806300.0, 16.85
2011-04-01, 19.66, 19.9, 19.54, 19.82, 788300.0, 17.1
2011-04-04, 19.87, 20.17, 19.82, 19.85, 675600.0, 17.13
2011-04-05, 19.95, 20.04, 19.72, 20.01, 943000.0, 17.26
2011-04-06, 20.1, 20.54, 19.96, 20.53, 1088000.0, 17.71
2011-04-07, 20.5, 20.66, 20.21, 20.44, 908800.0, 17.63
2011-04-08, 20.53, 20.68, 20.02, 20.07, 611700.0, 17.32
2011-04-11, 20.11, 20.21, 19.72, 19.8, 481900.0, 17.08
2011-04-12, 19.7, 20.39, 19.67, 19.98, 978000.0, 17.24
2011-04-13, 20.0, 20.21, 19.77, 19.82, 536100.0, 17.1
2011-04-14, 19.68, 19.76, 19.51, 19.55, 650700.0, 16.87
2011-04-15, 19.51, 19.8, 19.43, 19.78, 730500.0, 17.06
2011-04-18, 19.63, 19.77, 19.4, 19.72, 1227900.0, 17.01
2011-04-19, 19.76, 19.83, 19.5, 19.81, 816700.0, 17.09
2011-04-20, 19.94, 20.22, 19.82, 19.96, 819900.0, 17.22
2011-04-21, 20.05, 20.07, 19.48, 19.49, 786900.0, 16.81
2011-04-25, 19.58, 19.98, 19.58, 19.73, 985700.0, 17.02
2011-04-26, 19.75, 20.2, 19.63, 20.07, 978400.0, 17.32
2011-04-27, 20.02, 20.22, 19.49, 20.11, 1073400.0, 17.35
2011-04-28, 19.99, 20.83, 19.98, 20.7, 1526600.0, 17.86
2011-04-29, 20.67, 20.7, 20.36, 20.38, 697000.0, 17.58
2011-05-02, 20.4, 20.81, 20.22, 20.73, 1035000.0, 17.88
2011-05-03, 20.5, 20.7, 20.14, 20.4, 1559600.0, 17.6
2011-05-04, 21.43, 22.47, 19.86, 20.13, 4434500.0, 17.37
2011-05-05, 19.92, 20.05, 19.31, 19.43, 2113800.0, 16.76
2011-05-06, 19.6, 19.82, 19.39, 19.58, 1323500.0, 16.89
2011-05-09, 19.55, 19.59, 19.32, 19.35, 1236400.0, 16.69
2011-05-10, 19.29, 19.41, 19.12, 19.14, 1476600.0, 16.51
2011-05-11, 19.08, 19.37, 18.67, 18.71, 1506000.0, 16.14
2011-05-12, 18.61, 19.01, 18.44, 18.85, 969000.0, 16.26
2011-05-13, 18.79, 19.53, 18.57, 19.21, 1781500.0, 16.57
2011-05-16, 19.13, 19.2, 18.68, 18.76, 1543100.0, 16.18
2011-05-17, 18.7, 18.86, 18.53, 18.74, 1088900.0, 16.17
2011-05-18, 18.75, 19.56, 18.68, 19.15, 1588800.0, 16.52
2011-05-19, 19.24, 19.44, 19.07, 19.14, 1107800.0, 16.51
2011-05-20, 19.1, 19.67, 19.1, 19.52, 2236100.0, 16.84
2011-05-23, 19.3, 19.99, 19.18, 19.85, 1972600.0, 17.13
2011-05-24, 19.84, 20.02, 19.48, 19.66, 2106200.0, 16.96
2011-05-25, 19.63, 20.0, 19.53, 19.72, 1375000.0, 17.01
2011-05-26, 19.62, 19.91, 19.57, 19.78, 1023400.0, 17.06
2011-05-27, 19.77, 20.23, 19.77, 20.15, 1086400.0, 17.38
2011-05-31, 20.44, 20.84, 20.36, 20.57, 1771200.0, 17.75
2011-06-01, 20.61, 20.77, 20.49, 20.56, 2478300.0, 17.74
2011-06-02, 20.53, 20.92, 20.48, 20.82, 1813900.0, 17.96
2011-06-03, 20.67, 21.27, 20.64, 20.94, 1933400.0, 18.07
2011-06-06, 20.88, 21.09, 20.44, 20.51, 2163200.0, 17.69
2011-06-07, 20.52, 20.64, 19.84, 19.85, 3044900.0, 17.13
2011-06-08, 19.8, 19.82, 19.18, 19.24, 2002800.0, 16.6
2011-06-09, 19.3, 19.57, 19.2, 19.41, 1070000.0, 16.75
2011-06-10, 19.28, 19.6, 19.15, 19.43, 1761900.0, 16.76
2011-06-13, 19.41, 19.43, 19.21, 19.31, 1241200.0, 16.66
2011-06-14, 19.48, 20.37, 19.48, 20.12, 2367200.0, 17.36
2011-06-15, 20.04, 20.16, 19.82, 19.97, 2567200.0, 17.23
2011-06-16, 20.0, 21.04, 19.91, 20.59, 4098300.0, 17.76
2011-06-17, 20.81, 21.21, 20.39, 20.57, 3075600.0, 17.75
2011-06-20, 20.42, 20.64, 20.15, 20.23, 1449000.0, 17.45
2011-06-21, 20.28, 20.46, 20.05, 20.27, 1602400.0, 17.49
2011-06-22, 20.34, 20.46, 20.28, 20.31, 1589100.0, 17.52
2011-06-23, 20.12, 20.13, 19.7, 19.8, 1912700.0, 17.08
2011-06-24, 19.8, 19.87, 19.44, 19.55, 1403700.0, 16.87
2011-06-27, 19.54, 19.8, 19.45, 19.61, 1284100.0, 16.92
2011-06-28, 19.7, 19.97, 19.6, 19.91, 926700.0, 17.18
2011-06-29, 19.99, 20.15, 19.81, 19.87, 1344400.0, 17.14
2011-06-30, 19.95, 20.14, 19.85, 19.86, 994300.0, 17.13
2011-07-01, 19.87, 20.6, 19.79, 20.55, 1305900.0, 17.73
2011-07-05, 20.52, 20.62, 20.16, 20.41, 802000.0, 17.61
2011-07-06, 20.51, 20.75, 20.38, 20.64, 1016600.0, 17.81
2011-07-07, 20.7, 20.83, 20.44, 20.49, 1072400.0, 17.68
2011-07-08, 20.33, 20.58, 20.18, 20.53, 977300.0, 17.71
2011-07-11, 20.34, 20.34, 19.63, 19.81, 1468500.0, 17.09
2011-07-12, 19.8, 20.2, 19.73, 19.85, 918700.0, 17.13
2011-07-13, 19.98, 20.08, 19.72, 19.75, 835500.0, 17.04
2011-07-14, 19.75, 19.91, 19.33, 19.37, 1029400.0, 16.71
2011-07-15, 19.54, 19.69, 19.46, 19.65, 698400.0, 16.95
2011-07-18, 19.55, 19.59, 18.98, 19.02, 874800.0, 16.41
2011-07-19, 19.06, 19.41, 19.06, 19.33, 731000.0, 16.68
2011-07-20, 19.29, 19.3, 18.88, 18.91, 1272400.0, 16.31
2011-07-21, 18.95, 19.26, 18.93, 19.19, 1342200.0, 16.56
2011-07-22, 19.16, 19.48, 19.07, 19.43, 592800.0, 16.76
2011-07-25, 19.29, 19.44, 18.9, 18.91, 978000.0, 16.31
2011-07-26, 18.95, 19.12, 18.58, 18.66, 1882200.0, 16.1
2011-07-27, 18.54, 18.54, 17.52, 17.69, 3378700.0, 15.26
2011-07-28, 17.75, 17.89, 17.57, 17.67, 1828800.0, 15.24
2011-07-29, 17.48, 17.54, 17.12, 17.18, 1257900.0, 14.82
2011-08-01, 17.35, 17.36, 16.87, 16.93, 1341700.0, 14.61
2011-08-02, 16.76, 17.02, 16.34, 16.35, 1444700.0, 14.11
2011-08-03, 16.34, 17.05, 16.06, 16.98, 2528400.0, 14.65
2011-08-04, 16.74, 16.88, 16.14, 16.19, 3204500.0, 13.97
2011-08-05, 16.36, 16.45, 15.72, 16.11, 3917500.0, 13.9
2011-08-08, 15.65, 15.72, 15.01, 15.07, 3702400.0, 13.0
2011-08-09, 15.19, 15.19, 10.31, 11.19, 1.48796E7, 9.65
2011-08-10, 11.07, 11.07, 10.06, 10.22, 9699100.0, 8.82
2011-08-11, 11.03, 12.49, 11.03, 11.47, 1.06403E7, 9.9
2011-08-12, 11.56, 11.93, 11.38, 11.78, 3752000.0, 10.16
2011-08-15, 12.37, 12.8, 12.23, 12.64, 3296600.0, 10.91
2011-08-16, 12.47, 12.49, 12.13, 12.24, 2201000.0, 10.56
2011-08-17, 12.21, 12.6, 12.08, 12.45, 2009000.0, 10.74
2011-08-18, 12.13, 12.13, 11.55, 11.97, 3029900.0, 10.33
2011-08-19, 11.81, 12.61, 11.58, 12.24, 3487100.0, 10.56
2011-08-22, 12.5, 12.6, 12.07, 12.22, 1655800.0, 10.54
2011-08-23, 12.3, 12.66, 12.15, 12.65, 1766000.0, 10.91
2011-08-24, 12.62, 12.84, 12.34, 12.81, 1789400.0, 11.05
2011-08-25, 13.02, 14.37, 12.59, 13.94, 5447000.0, 12.03
2011-08-26, 13.86, 14.83, 13.86, 14.42, 4064300.0, 12.44
2011-08-29, 14.64, 15.13, 14.09, 15.1, 2323800.0, 13.03
2011-08-30, 15.02, 15.47, 14.96, 15.31, 1982500.0, 13.21
2011-08-31, 15.68, 16.44, 15.5, 15.58, 2759300.0, 13.44
2011-09-01, 15.66, 16.03, 15.02, 15.19, 2311900.0, 13.11
2011-09-02, 14.98, 15.06, 14.38, 14.5, 1801800.0, 12.51
2011-09-06, 14.61, 15.41, 14.2, 14.99, 3616100.0, 12.93
2011-09-07, 15.27, 16.24, 15.22, 15.66, 3133300.0, 13.51
2011-09-08, 15.53, 15.86, 15.27, 15.54, 1376200.0, 13.41
2011-09-09, 15.35, 16.69, 14.39, 14.72, 5607600.0, 12.7
2011-09-12, 14.52, 14.77, 13.96, 14.75, 2804900.0, 12.73
2011-09-13, 14.82, 14.84, 14.11, 14.38, 2577300.0, 12.41
2011-09-14, 14.51, 14.51, 13.8, 14.15, 2959100.0, 12.21
2011-09-15, 14.42, 14.92, 14.24, 14.78, 1773900.0, 12.75
2011-09-16, 14.74, 14.76, 14.34, 14.35, 1602400.0, 12.38
2011-09-19, 13.95, 14.38, 13.65, 14.22, 2106500.0, 12.27
2011-09-20, 14.27, 14.49, 13.77, 13.94, 1453200.0, 12.03
2011-09-21, 13.8, 13.85, 11.72, 11.77, 6277700.0, 10.15
2011-09-22, 11.56, 11.63, 11.07, 11.25, 6710900.0, 9.71
2011-09-23, 11.23, 12.04, 11.18, 11.91, 3105500.0, 10.28
2011-09-26, 11.87, 12.3, 11.36, 12.29, 2355100.0, 10.6
2011-09-27, 12.53, 13.04, 12.49, 12.54, 3023000.0, 10.82
2011-09-28, 12.54, 12.64, 11.89, 11.94, 2212200.0, 10.3
2011-09-29, 12.14, 12.34, 11.95, 12.27, 2528200.0, 10.59
2011-09-30, 12.03, 12.46, 11.86, 12.0, 2329000.0, 10.35
2011-10-03, 11.98, 12.0, 11.28, 11.4, 3420400.0, 9.84
2011-10-04, 11.26, 12.2, 11.17, 12.18, 3300000.0, 10.51
2011-10-05, 12.18, 12.96, 11.88, 12.76, 3376600.0, 11.01
2011-10-06, 12.48, 13.34, 12.24, 13.23, 2255100.0, 11.41
2011-10-07, 13.28, 13.4, 12.54, 12.71, 1849100.0, 10.97
2011-10-10, 12.94, 13.3, 12.66, 13.07, 1528100.0, 11.28
2011-10-11, 12.88, 13.37, 12.67, 13.24, 1283500.0, 11.42
2011-10-12, 13.33, 13.48, 13.1, 13.15, 1800600.0, 11.35
2011-10-13, 13.06, 14.54, 13.0, 14.01, 4357200.0, 12.09
2011-10-14, 14.23, 14.26, 13.54, 14.09, 1922600.0, 12.16
2011-10-17, 13.86, 14.11, 13.78, 13.97, 1774800.0, 12.05
2011-10-18, 13.97, 14.44, 13.89, 14.35, 2108400.0, 12.38
2011-10-19, 14.31, 14.81, 14.0, 14.08, 1653900.0, 12.15
2011-10-20, 14.05, 14.35, 13.58, 14.27, 2062300.0, 12.31
2011-10-21, 14.36, 14.59, 14.09, 14.52, 1298600.0, 12.53
2011-10-24, 14.53, 15.32, 14.36, 15.07, 2231400.0, 13.0
2011-10-25, 15.04, 15.04, 13.99, 14.04, 1643000.0, 12.11
2011-10-26, 14.24, 14.46, 13.7, 14.34, 1232300.0, 12.37
2011-10-27, 14.72, 14.88, 14.23, 14.64, 1710100.0, 12.63
2011-10-28, 14.41, 14.71, 14.33, 14.65, 1438200.0, 12.64
2011-10-31, 14.41, 14.49, 14.07, 14.12, 1203600.0, 12.18
2011-11-01, 13.56, 14.1, 13.14, 13.35, 2057600.0, 11.52
2011-11-02, 14.4, 15.32, 14.0, 15.02, 3729900.0, 12.96
2011-11-03, 15.47, 15.57, 14.72, 15.42, 1873600.0, 13.3
2011-11-04, 15.39, 15.82, 15.32, 15.56, 1782300.0, 13.42
2011-11-07, 15.52, 15.54, 15.17, 15.44, 1316100.0, 13.32
2011-11-08, 15.58, 15.82, 15.29, 15.73, 1513600.0, 13.57
2011-11-09, 15.37, 15.72, 14.88, 15.02, 1901200.0, 12.96
2011-11-10, 15.2, 15.3, 14.88, 15.06, 1025900.0, 12.99
2011-11-11, 15.24, 15.58, 14.91, 15.48, 1043300.0, 13.36
2011-11-14, 15.27, 15.5, 14.91, 15.01, 773100.0, 12.95
2011-11-15, 14.86, 15.14, 14.5, 15.02, 1019000.0, 12.96
2011-11-16, 14.89, 15.3, 14.81, 14.86, 2184600.0, 12.82
2011-11-17, 14.81, 14.92, 14.39, 14.58, 1439800.0, 12.58
2011-11-18, 14.7, 14.88, 14.52, 14.73, 1062900.0, 12.71
2011-11-21, 14.47, 14.49, 14.21, 14.33, 1368900.0, 12.36
2011-11-22, 14.36, 14.43, 13.98, 14.03, 1682600.0, 12.1
2011-11-23, 13.89, 13.89, 13.52, 13.63, 1340900.0, 11.76
2011-11-25, 13.63, 13.9, 13.58, 13.58, 464600.0, 11.72
2011-11-28, 14.03, 14.11, 13.7, 13.79, 1742300.0, 11.9
2011-11-29, 13.78, 13.92, 13.49, 13.82, 1873500.0, 11.92
2011-11-30, 14.35, 14.5, 14.13, 14.34, 2717300.0, 12.37
2011-12-01, 14.3, 14.34, 13.91, 13.92, 1363800.0, 12.01
2011-12-02, 14.03, 14.52, 13.81, 14.47, 1666500.0, 12.48
2011-12-05, 14.62, 14.95, 14.36, 14.46, 1050100.0, 12.48
2011-12-06, 14.48, 14.58, 14.01, 14.07, 565900.0, 12.14
2011-12-07, 14.06, 14.57, 13.84, 14.43, 1297100.0, 12.45
2011-12-08, 14.3, 14.39, 13.55, 13.58, 1752000.0, 11.72
2011-12-09, 13.73, 14.1, 13.66, 13.98, 848900.0, 12.06
2011-12-12, 13.81, 14.04, 13.55, 14.0, 1136600.0, 12.08
2011-12-13, 14.12, 14.24, 13.78, 13.85, 1315300.0, 11.95
2011-12-14, 13.7, 13.86, 13.54, 13.56, 1177400.0, 11.7
2011-12-15, 13.65, 13.85, 13.51, 13.72, 1763500.0, 11.84
2011-12-16, 13.7, 14.1, 13.69, 14.05, 2968100.0, 12.12
2011-12-19, 14.1, 14.29, 14.02, 14.04, 1629900.0, 12.11
2011-12-20, 14.3, 14.9, 14.23, 14.81, 1412000.0, 12.78
2011-12-21, 14.87, 15.3, 14.83, 15.1, 2323100.0, 13.03
2011-12-22, 15.13, 15.29, 15.04, 15.24, 1917000.0, 13.15
2011-12-23, 15.24, 15.4, 15.19, 15.34, 624800.0, 13.23
2011-12-27, 15.27, 15.5, 15.14, 15.46, 721900.0, 13.34
2011-12-28, 15.49, 15.49, 14.96, 14.98, 733600.0, 12.92
2011-12-29, 15.08, 15.25, 15.0, 15.09, 708800.0, 13.02
2011-12-30, 15.09, 15.15, 14.91, 15.1, 737000.0, 13.03
2012-01-03, 15.28, 15.47, 15.09, 15.13, 1023900.0, 13.05
2012-01-04, 15.09, 15.26, 14.84, 15.01, 986300.0, 12.95
2012-01-05, 14.97, 15.63, 14.94, 15.46, 1694600.0, 13.34
2012-01-06, 15.46, 16.24, 15.46, 15.83, 1552300.0, 13.66
2012-01-09, 15.88, 16.4, 15.84, 16.27, 1969900.0, 14.04
2012-01-10, 16.49, 16.79, 16.24, 16.27, 2164700.0, 14.04
2012-01-11, 16.24, 16.32, 16.1, 16.22, 1197500.0, 13.99
2012-01-12, 16.32, 16.47, 15.76, 15.83, 1402400.0, 13.66
2012-01-13, 15.67, 15.78, 14.87, 14.93, 2535500.0, 12.88
2012-01-17, 15.08, 15.21, 14.96, 15.04, 930400.0, 12.98
2012-01-18, 15.05, 15.75, 14.97, 15.7, 1492000.0, 13.55
2012-01-19, 15.61, 16.05, 15.6, 15.86, 999300.0, 13.68
2012-01-20, 15.78, 15.88, 15.54, 15.6, 1391300.0, 13.46
2012-01-23, 15.56, 15.75, 15.38, 15.56, 733500.0, 13.42
2012-01-24, 15.43, 15.67, 15.4, 15.65, 1250700.0, 13.5
2012-01-25, 15.66, 15.86, 15.46, 15.84, 864900.0, 13.67
2012-01-26, 15.85, 15.9, 15.6, 15.72, 914700.0, 13.56
2012-01-27, 15.65, 16.11, 15.63, 16.07, 469500.0, 13.86
2012-01-30, 15.88, 16.16, 15.71, 16.15, 1240600.0, 13.93
2012-01-31, 16.18, 16.3, 16.0, 16.21, 2427500.0, 13.99
2012-02-01, 17.35, 18.89, 16.71, 17.76, 6922000.0, 15.32
2012-02-02, 17.79, 18.29, 17.66, 18.24, 1933100.0, 15.74
2012-02-03, 18.47, 18.5, 18.2, 18.32, 1046200.0, 15.81
2012-02-06, 18.17, 18.24, 17.76, 17.81, 1025900.0, 15.37
2012-02-07, 17.8, 18.09, 17.74, 17.8, 1673000.0, 15.36
2012-02-08, 17.85, 18.33, 17.82, 18.17, 1374400.0, 15.68
2012-02-09, 18.26, 18.45, 18.12, 18.34, 1110800.0, 15.82
2012-02-10, 18.1, 18.61, 18.1, 18.35, 1626500.0, 15.83
2012-02-13, 18.54, 18.72, 18.37, 18.51, 1377600.0, 15.97
2012-02-14, 18.5, 18.84, 18.4, 18.7, 2489300.0, 16.13
2012-02-15, 18.79, 18.85, 18.48, 18.78, 1740900.0, 16.2
2012-02-16, 18.7, 18.87, 18.37, 18.8, 1357300.0, 16.22
2012-02-17, 18.84, 18.85, 18.52, 18.73, 987600.0, 16.16
2012-02-21, 18.76, 18.85, 18.44, 18.63, 669200.0, 16.07
2012-02-22, 18.52, 18.65, 18.2, 18.33, 934000.0, 15.81
2012-02-23, 18.44, 18.51, 18.18, 18.44, 603500.0, 15.91
2012-02-24, 18.43, 18.43, 18.06, 18.23, 857600.0, 15.73
2012-02-27, 18.13, 18.46, 18.13, 18.19, 1080300.0, 15.69
2012-02-28, 18.3, 18.37, 17.85, 17.99, 1233800.0, 15.52
2012-02-29, 18.08, 18.18, 17.35, 17.96, 2285400.0, 15.49
2012-03-01, 18.0, 18.32, 17.95, 18.09, 1260700.0, 15.61
2012-03-02, 18.02, 18.07, 17.64, 17.67, 1147400.0, 15.24
2012-03-05, 17.6, 17.98, 17.55, 17.75, 1213600.0, 15.31
2012-03-06, 17.56, 17.56, 16.8, 17.04, 1392800.0, 14.7
2012-03-07, 17.08, 17.37, 17.0, 17.03, 1179600.0, 14.69
2012-03-08, 17.17, 17.68, 17.17, 17.6, 894900.0, 15.18
2012-03-09, 17.57, 18.03, 17.57, 17.7, 877000.0, 15.27
2012-03-12, 17.69, 17.86, 17.44, 17.56, 390900.0, 15.15
2012-03-13, 17.68, 17.88, 17.5, 17.84, 509400.0, 15.39
2012-03-14, 17.81, 17.9, 17.71, 17.9, 645200.0, 15.44
2012-03-15, 17.88, 18.09, 17.74, 18.08, 1624600.0, 15.6
2012-03-16, 18.02, 18.16, 17.88, 18.1, 1568100.0, 15.62
2012-03-19, 18.1, 18.41, 17.88, 18.26, 1336500.0, 15.75
2012-03-20, 18.09, 18.09, 17.73, 17.99, 653800.0, 15.52
2012-03-21, 18.04, 18.16, 17.87, 18.08, 726000.0, 15.6
2012-03-22, 17.89, 17.9, 17.65, 17.77, 816900.0, 15.33
2012-03-23, 17.74, 18.85, 17.48, 18.49, 1708400.0, 15.95
2012-03-26, 18.64, 19.34, 18.57, 19.3, 2137500.0, 16.65
2012-03-27, 19.24, 19.48, 19.19, 19.19, 1259100.0, 16.56
2012-03-28, 19.19, 19.31, 18.99, 19.29, 1763700.0, 16.64
2012-03-29, 19.09, 19.36, 18.91, 19.29, 854300.0, 16.64
2012-03-30, 19.36, 19.48, 18.77, 18.97, 1227500.0, 16.37
2012-04-02, 19.0, 19.06, 18.55, 18.71, 690100.0, 16.14
2012-04-03, 18.63, 18.75, 18.51, 18.7, 800600.0, 16.13
2012-04-04, 18.49, 18.56, 18.12, 18.45, 1163700.0, 15.92
2012-04-05, 18.37, 18.65, 18.29, 18.42, 861100.0, 15.89
2012-04-09, 24.85, 27.47, 24.55, 26.4, 2.5965E7, 22.78
2012-04-10, 26.01, 26.57, 24.78, 24.82, 6088500.0, 21.41
2012-04-11, 24.77, 25.09, 23.76, 24.31, 5504200.0, 20.97
2012-04-12, 24.21, 25.63, 24.13, 25.6, 2673000.0, 22.09
2012-04-13, 25.27, 26.03, 25.17, 25.79, 2182000.0, 22.25
2012-04-16, 25.79, 25.8, 25.33, 25.5, 1591000.0, 22.0
2012-04-17, 25.58, 25.85, 25.48, 25.61, 1111800.0, 22.09
2012-04-18, 25.59, 25.59, 25.16, 25.36, 1183900.0, 21.88
2012-04-19, 25.39, 25.69, 24.97, 25.25, 1465800.0, 21.78
2012-04-20, 25.39, 25.48, 24.97, 25.0, 1254700.0, 21.57
2012-04-23, 24.74, 24.98, 24.5, 24.75, 1204800.0, 21.35
2012-04-24, 24.92, 25.07, 24.46, 24.61, 1041400.0, 21.23
2012-04-25, 24.86, 24.96, 24.53, 24.59, 1058600.0, 21.21
2012-04-26, 24.66, 25.0, 24.49, 24.81, 1085300.0, 21.4
2012-04-27, 24.77, 25.22, 24.43, 25.18, 1534400.0, 21.72
2012-04-30, 25.12, 25.36, 25.0, 25.04, 1055200.0, 21.6
2012-05-01, 24.94, 25.7, 24.88, 25.32, 1115700.0, 21.84
2012-05-02, 25.11, 25.22, 24.81, 24.98, 860100.0, 21.55
2012-05-03, 25.0, 25.1, 24.27, 24.52, 1114800.0, 21.15
2012-05-04, 24.61, 24.65, 24.04, 24.25, 842600.0, 20.92
2012-05-07, 23.88, 24.94, 23.58, 24.8, 1400000.0, 21.4
2012-05-08, 24.56, 25.72, 24.35, 25.58, 3002400.0, 22.07
2012-05-09, 25.87, 27.31, 25.87, 26.47, 4415300.0, 22.84
2012-05-10, 26.55, 26.84, 26.01, 26.28, 1705500.0, 22.67
2012-05-11, 26.03, 26.43, 25.99, 26.06, 1379200.0, 22.48
2012-05-14, 25.93, 26.15, 25.77, 26.08, 1206100.0, 22.5
2012-05-15, 26.06, 27.19, 26.04, 27.11, 1856300.0, 23.39
2012-05-16, 27.08, 27.49, 26.6, 26.76, 1613800.0, 23.09
2012-05-17, 26.83, 27.06, 26.2, 26.29, 1301600.0, 22.68
2012-05-18, 26.35, 26.7, 25.87, 26.01, 798000.0, 22.44
2012-05-21, 26.02, 27.12, 25.64, 26.98, 1055100.0, 23.28
2012-05-22, 27.03, 27.37, 26.88, 27.2, 1430100.0, 23.47
2012-05-23, 26.84, 27.76, 26.71, 27.7, 1666000.0, 23.9
2012-05-24, 27.66, 27.79, 26.9, 27.61, 1220600.0, 23.82
2012-05-25, 27.66, 27.94, 27.35, 27.48, 922700.0, 23.71
2012-05-29, 27.77, 27.79, 27.07, 27.45, 1030600.0, 23.68
2012-05-30, 27.34, 27.36, 26.76, 27.18, 1477100.0, 23.45
2012-05-31, 27.22, 27.67, 26.72, 27.43, 2716100.0, 23.66
2012-06-01, 26.89, 27.29, 26.78, 27.11, 1354100.0, 23.39
2012-06-04, 27.1, 27.48, 26.82, 27.39, 886800.0, 23.63
2012-06-05, 27.22, 27.48, 26.96, 27.19, 703000.0, 23.46
2012-06-06, 27.29, 27.75, 27.18, 27.4, 998400.0, 23.64
2012-06-07, 27.72, 27.89, 27.4, 27.47, 1186300.0, 23.7
2012-06-08, 27.49, 27.64, 27.34, 27.48, 1437900.0, 23.71
2012-06-11, 27.66, 27.74, 26.77, 26.81, 971300.0, 23.13
2012-06-12, 26.82, 27.28, 26.54, 27.21, 829000.0, 23.48
2012-06-13, 27.1, 27.4, 26.92, 27.1, 1117900.0, 23.38
2012-06-14, 27.13, 27.13, 24.96, 25.57, 3774400.0, 22.06
2012-06-15, 25.54, 26.08, 25.29, 25.99, 2523100.0, 22.42
2012-06-18, 25.93, 27.06, 25.85, 26.96, 1571400.0, 23.26
2012-06-19, 27.1, 27.17, 26.63, 26.72, 1347400.0, 23.05
2012-06-20, 26.79, 26.8, 26.3, 26.51, 1217000.0, 22.87
2012-06-21, 26.56, 26.78, 26.26, 26.43, 1376700.0, 22.8
2012-06-22, 26.44, 27.25, 26.42, 27.16, 1661700.0, 23.43
2012-06-25, 27.06, 27.36, 26.52, 27.15, 1287700.0, 23.42
2012-06-26, 27.15, 27.48, 27.09, 27.25, 1279400.0, 23.51
2012-06-27, 27.26, 27.6, 27.1, 27.31, 556800.0, 23.56
2012-06-28, 28.27, 28.36, 27.38, 27.5, 3365700.0, 23.73
2012-06-29, 27.86, 28.28, 27.5, 28.08, 1753500.0, 24.23
2012-07-02, 28.17, 28.43, 27.92, 28.41, 1490700.0, 24.51
2012-07-03, 28.47, 28.79, 28.4, 28.71, 1079100.0, 24.77
2012-07-05, 28.81, 28.97, 28.42, 28.66, 898600.0, 24.73
2012-07-06, 28.48, 28.56, 28.28, 28.4, 727100.0, 24.5
2012-07-09, 28.4, 28.48, 28.16, 28.21, 770900.0, 24.34
2012-07-10, 28.31, 28.41, 27.7, 27.87, 1663500.0, 24.04
2012-07-11, 27.9, 28.04, 27.73, 27.91, 2081400.0, 24.08
2012-07-12, 27.78, 27.83, 27.34, 27.53, 3724300.0, 23.75
2012-07-13, 27.59, 27.62, 27.14, 27.52, 2679200.0, 23.74
2012-07-16, 27.53, 28.01, 27.4, 27.85, 1974800.0, 24.03
2012-07-17, 27.96, 28.07, 27.47, 27.93, 1826600.0, 24.1
2012-07-18, 27.85, 28.18, 27.61, 27.67, 1074900.0, 23.87
2012-07-19, 27.79, 28.04, 27.59, 27.94, 1853300.0, 24.1
2012-07-20, 27.85, 27.99, 27.58, 27.81, 986400.0, 23.99
2012-07-23, 27.54, 27.79, 27.41, 27.57, 1966500.0, 23.79
2012-07-24, 27.63, 27.96, 27.4, 27.49, 3063300.0, 23.72
2012-07-25, 28.19, 29.6, 28.17, 29.48, 6860100.0, 25.43
2012-07-26, 29.7, 31.37, 29.56, 31.04, 5632700.0, 26.78
2012-07-27, 31.24, 31.94, 31.21, 31.52, 2338300.0, 27.19
2012-07-30, 31.49, 31.84, 31.37, 31.43, 2396800.0, 27.12
2012-07-31, 32.2, 32.41, 31.49, 31.86, 2064700.0, 27.49
2012-08-01, 31.81, 32.07, 31.74, 31.8, 1401100.0, 27.44
2012-08-02, 31.79, 32.17, 31.5, 31.5, 1393900.0, 27.18
2012-08-03, 31.71, 32.65, 31.68, 32.63, 2458600.0, 28.15
2012-08-06, 32.7, 34.0, 32.62, 33.83, 2755700.0, 29.19
2012-08-07, 33.86, 34.25, 33.39, 33.65, 2087600.0, 29.03
2012-08-08, 33.58, 34.42, 33.38, 34.15, 2460800.0, 29.46
2012-08-09, 33.99, 34.51, 33.79, 34.3, 1490600.0, 29.59
2012-08-10, 34.08, 34.08, 33.51, 33.76, 2152600.0, 29.13
2012-08-13, 33.76, 33.86, 33.14, 33.32, 1836700.0, 28.75
2012-08-14, 33.56, 33.78, 33.11, 33.22, 1858100.0, 28.66
2012-08-15, 33.25, 33.32, 32.86, 32.98, 2139900.0, 28.45
2012-08-16, 32.98, 33.6, 32.98, 33.4, 2160600.0, 28.82
2012-08-17, 33.44, 33.62, 33.18, 33.47, 1169800.0, 28.88
2012-08-20, 33.38, 33.4, 32.64, 32.81, 1126500.0, 28.31
2012-08-21, 32.9, 33.07, 32.35, 32.46, 1029200.0, 28.0
2012-08-22, 32.41, 32.63, 32.2, 32.38, 1810400.0, 27.94
2012-08-23, 32.42, 32.82, 32.22, 32.79, 1452200.0, 28.29
2012-08-24, 32.65, 32.98, 32.33, 32.92, 766100.0, 28.4
2012-08-27, 34.0, 34.14, 33.52, 33.86, 2999400.0, 29.21
2012-08-28, 33.98, 34.07, 33.55, 33.63, 1402700.0, 29.01
2012-08-29, 33.6, 33.92, 33.5, 33.74, 986700.0, 29.11
2012-08-30, 33.62, 33.86, 33.28, 33.71, 1954700.0, 29.08
2012-08-31, 33.89, 34.07, 33.4, 33.67, 1611300.0, 29.05
2012-09-04, 33.65, 33.88, 33.25, 33.48, 1457200.0, 28.88
2012-09-05, 33.82, 34.07, 33.61, 33.75, 3044300.0, 29.12
2012-09-06, 33.94, 34.15, 33.7, 33.77, 2844700.0, 29.13
2012-09-07, 34.2, 34.2, 33.34, 33.38, 1330700.0, 28.8
2012-09-10, 33.12, 33.45, 32.7, 32.73, 2903400.0, 28.24
2012-09-11, 32.72, 33.12, 32.57, 33.09, 1698300.0, 28.55
2012-09-12, 33.52, 34.37, 33.14, 34.14, 2517000.0, 29.45
2012-09-13, 34.07, 34.07, 33.38, 33.82, 1672400.0, 29.18
2012-09-14, 33.82, 34.2, 33.73, 33.91, 1555200.0, 29.26
2012-09-17, 34.0, 34.04, 33.66, 33.66, 1454000.0, 29.04
2012-09-18, 33.8, 34.14, 33.54, 33.76, 1544600.0, 29.13
2012-09-19, 33.95, 35.3, 33.77, 34.6, 4047700.0, 29.85
2012-09-20, 34.6, 34.78, 34.18, 34.48, 1663800.0, 29.75
2012-09-21, 34.66, 34.86, 33.68, 33.79, 2119600.0, 29.15
2012-09-24, 33.63, 34.1, 33.45, 33.76, 1118300.0, 29.13
2012-09-25, 33.9, 34.93, 33.63, 33.66, 1561900.0, 29.04
2012-09-26, 33.56, 33.7, 33.04, 33.62, 1618800.0, 29.01
2012-09-27, 34.59, 34.65, 33.78, 34.61, 1272500.0, 29.86
2012-09-28, 34.54, 35.35, 34.43, 35.23, 1643200.0, 30.39
2012-10-01, 35.38, 35.6, 35.05, 35.38, 1419500.0, 30.52
2012-10-02, 35.5, 36.0, 35.45, 36.0, 1508100.0, 31.06
2012-10-03, 36.09, 36.3, 35.8, 36.17, 1130100.0, 31.21
2012-10-04, 36.16, 37.22, 36.16, 36.79, 1206000.0, 31.74
2012-10-05, 36.9, 37.12, 36.56, 36.75, 1027000.0, 31.71
2012-10-08, 36.79, 37.06, 36.56, 36.73, 1128800.0, 31.69
2012-10-09, 36.6, 36.79, 36.11, 36.59, 1033300.0, 31.57
2012-10-10, 36.5, 36.55, 35.41, 35.49, 2645600.0, 30.62
2012-10-11, 35.75, 36.05, 35.63, 35.71, 1217100.0, 30.81
2012-10-12, 35.55, 37.0, 35.55, 36.77, 1711400.0, 31.72
2012-10-15, 36.73, 37.31, 36.72, 37.22, 1143500.0, 32.11
2012-10-16, 37.23, 37.43, 36.8, 37.31, 4598600.0, 32.19
2012-10-17, 37.28, 37.94, 37.0, 37.07, 1064600.0, 31.98
2012-10-18, 36.97, 37.26, 36.28, 36.36, 1716400.0, 31.37
2012-10-19, 36.29, 36.63, 35.73, 36.27, 1138500.0, 31.29
2012-10-22, 36.51, 37.83, 35.77, 35.78, 1137600.0, 30.87
2012-10-23, 35.65, 36.12, 35.43, 35.5, 1025700.0, 30.63
2012-10-24, 35.49, 36.07, 35.47, 35.85, 1085200.0, 30.93
2012-10-25, 36.03, 36.12, 35.1, 35.5, 845300.0, 30.63
2012-10-26, 35.35, 35.41, 34.09, 34.48, 1562000.0, 29.75
2012-10-31, 34.45, 34.76, 34.0, 34.34, 1283600.0, 29.63
2012-11-01, 34.27, 35.69, 34.16, 35.63, 1253300.0, 30.74
2012-11-02, 35.63, 35.95, 35.33, 35.43, 1261700.0, 30.57
2012-11-05, 35.25, 35.82, 35.02, 35.81, 1393700.0, 30.89
2012-11-06, 36.98, 43.93, 36.98, 43.7, 1.01323E7, 37.7
2012-11-07, 42.98, 43.16, 39.8, 40.07, 7870600.0, 34.57
2012-11-08, 40.16, 40.43, 38.8, 39.04, 2734100.0, 33.68
2012-11-09, 38.78, 39.82, 38.12, 39.54, 2518300.0, 34.11
2012-11-12, 39.27, 39.27, 37.52, 38.13, 2892300.0, 32.9
2012-11-13, 38.11, 38.8, 37.7, 38.25, 1487600.0, 33.0
2012-11-14, 38.4, 38.7, 36.07, 36.36, 2773600.0, 31.37
2012-11-15, 36.3, 36.93, 34.71, 35.07, 2671600.0, 30.26
2012-11-16, 35.18, 35.48, 34.76, 35.11, 2611500.0, 30.29
2012-11-19, 35.56, 36.47, 35.35, 35.47, 2366800.0, 30.6
2012-11-20, 35.45, 35.75, 34.9, 35.44, 2942000.0, 30.58
2012-11-21, 35.66, 36.25, 35.49, 35.6, 2633000.0, 30.71
2012-11-23, 35.96, 36.45, 35.78, 36.45, 838200.0, 31.45
2012-11-26, 36.45, 37.09, 36.01, 36.85, 2219300.0, 31.79
2012-11-27, 36.86, 37.18, 36.38, 36.58, 1167200.0, 31.56
2012-11-28, 36.72, 37.08, 35.96, 36.96, 2430400.0, 31.89
2012-11-29, 37.32, 37.69, 37.07, 37.66, 1835500.0, 32.49
2012-11-30, 37.68, 38.02, 36.96, 37.52, 2828800.0, 32.37
2012-12-03, 32.48, 33.17, 31.77, 31.9, 3089100.0, 31.9
2012-12-04, 31.47, 31.57, 30.46, 31.24, 3777700.0, 31.24
2012-12-05, 31.04, 32.02, 30.99, 31.73, 2049100.0, 31.73
2012-12-06, 31.56, 31.62, 31.1, 31.37, 1488300.0, 31.37
2012-12-07, 31.35, 31.7, 31.07, 31.63, 1245000.0, 31.63
2012-12-10, 31.56, 31.84, 31.47, 31.59, 1316300.0, 31.59
2012-12-11, 31.71, 31.83, 31.09, 31.2, 1721600.0, 31.2
2012-12-12, 31.25, 31.25, 30.32, 30.91, 1788100.0, 30.91
2012-12-13, 30.81, 30.92, 30.28, 30.33, 1658600.0, 30.33
2012-12-14, 30.18, 30.55, 29.61, 30.47, 1238700.0, 30.47
2012-12-17, 30.4, 31.0, 30.2, 30.94, 1063400.0, 30.94
2012-12-18, 30.91, 31.16, 30.7, 30.87, 841100.0, 30.87
2012-12-19, 30.83, 31.19, 30.73, 30.74, 781400.0, 30.74
2012-12-20, 30.79, 30.79, 30.17, 30.7, 1168900.0, 30.7
2012-12-21, 30.24, 30.58, 30.14, 30.45, 1603600.0, 30.45
2012-12-24, 30.19, 30.43, 29.9, 30.17, 316300.0, 30.17
2012-12-26, 30.16, 30.23, 29.91, 29.96, 506700.0, 29.96
2012-12-27, 29.96, 30.06, 29.3, 29.8, 1422400.0, 29.8
2012-12-28, 29.6, 29.73, 29.26, 29.43, 962300.0, 29.43
2012-12-31, 29.55, 29.85, 29.25, 29.61, 1419300.0, 29.61
2013-01-02, 30.24, 30.5, 29.98, 30.29, 1379700.0, 30.29
2013-01-03, 30.32, 30.54, 29.97, 30.15, 650100.0, 30.15
2013-01-04, 30.1, 30.55, 30.03, 30.38, 882900.0, 30.38
2013-01-07, 30.37, 30.77, 29.93, 30.16, 857200.0, 30.16
2013-01-08, 30.3, 30.45, 29.48, 29.7, 1803500.0, 29.7
2013-01-09, 29.84, 30.07, 29.6, 29.66, 832700.0, 29.66
2013-01-10, 29.91, 29.91, 29.25, 29.76, 997100.0, 29.76
2013-01-11, 29.64, 30.14, 29.48, 29.82, 753200.0, 29.82
2013-01-14, 29.82, 29.93, 29.53, 29.67, 797500.0, 29.67
2013-01-15, 29.33, 30.01, 29.16, 29.74, 1270000.0, 29.74
2013-01-16, 29.62, 30.13, 29.39, 29.98, 842000.0, 29.98
2013-01-17, 29.96, 30.82, 29.82, 30.33, 1147300.0, 30.33
2013-01-18, 30.36, 30.5, 29.44, 29.75, 934800.0, 29.75
2013-01-22, 29.71, 30.19, 29.7, 29.93, 816200.0, 29.93
2013-01-23, 30.06, 30.44, 29.94, 30.21, 913000.0, 30.21
2013-01-24, 30.22, 31.37, 30.13, 30.8, 1725800.0, 30.8
2013-01-25, 30.79, 31.33, 30.4, 31.26, 1260700.0, 31.26
2013-01-28, 31.35, 31.77, 31.3, 31.47, 1105000.0, 31.47
2013-01-29, 31.35, 31.38, 30.42, 30.67, 1337900.0, 30.67
2013-01-30, 30.6, 30.82, 30.1, 30.28, 842400.0, 30.28
2013-01-31, 30.19, 30.76, 30.01, 30.65, 809800.0, 30.65
2013-02-01, 30.73, 31.05, 30.38, 30.76, 934600.0, 30.76
2013-02-04, 30.48, 30.54, 29.8, 30.42, 1241000.0, 30.42
2013-02-05, 30.42, 30.7, 30.41, 30.5, 767800.0, 30.5
2013-02-06, 30.33, 30.99, 30.22, 30.8, 934900.0, 30.8
2013-02-07, 30.64, 31.53, 30.57, 31.41, 1714100.0, 31.41
2013-02-08, 34.2, 35.84, 33.26, 33.72, 6749700.0, 33.72
2013-02-11, 34.88, 36.44, 34.82, 36.23, 7457400.0, 36.23
2013-02-12, 36.24, 38.9, 36.16, 37.85, 6930700.0, 37.85
2013-02-13, 37.76, 37.76, 36.77, 37.01, 2244900.0, 37.01
2013-02-14, 37.01, 39.59, 36.91, 39.33, 3196800.0, 39.33
2013-02-15, 39.08, 39.72, 38.88, 39.52, 1948600.0, 39.52
2013-02-19, 39.4, 39.75, 39.06, 39.23, 2024300.0, 39.23
2013-02-20, 39.05, 39.17, 37.71, 37.76, 2072700.0, 37.76
2013-02-21, 37.95, 38.3, 37.26, 37.59, 1084700.0, 37.59
2013-02-22, 37.81, 37.99, 37.31, 37.79, 1030700.0, 37.79
2013-02-25, 37.99, 38.38, 36.94, 36.94, 1500600.0, 36.94
2013-02-26, 37.16, 37.82, 36.75, 37.5, 1020400.0, 37.5
2013-02-27, 37.47, 38.37, 37.29, 38.02, 1826200.0, 38.02
2013-02-28, 37.81, 37.81, 36.63, 36.9, 2180100.0, 36.9
2013-03-01, 37.03, 37.95, 36.52, 36.65, 2084700.0, 36.65
2013-03-04, 36.44, 37.5, 36.26, 37.33, 1254000.0, 37.33
2013-03-05, 37.44, 38.32, 37.3, 37.85, 1075600.0, 37.85
2013-03-06, 37.81, 38.01, 37.09, 37.3, 1302400.0, 37.3
2013-03-07, 37.27, 37.49, 37.1, 37.15, 1034600.0, 37.15
2013-03-08, 37.48, 37.56, 36.78, 37.48, 605300.0, 37.48
2013-03-11, 37.25, 37.5, 36.76, 36.84, 995800.0, 36.84
2013-03-12, 36.86, 37.12, 36.6, 36.85, 522800.0, 36.85
2013-03-13, 36.87, 37.09, 36.36, 36.9, 557200.0, 36.9
2013-03-14, 36.92, 37.22, 36.5, 36.58, 724800.0, 36.58
2013-03-15, 36.48, 36.6, 34.57, 34.6, 2671200.0, 34.6
2013-03-18, 34.39, 34.5, 33.58, 34.06, 1261600.0, 34.06
2013-03-19, 34.44, 34.72, 33.63, 34.34, 1098600.0, 34.34
2013-03-20, 34.43, 34.71, 33.87, 34.5, 762900.0, 34.5
2013-03-21, 34.34, 35.82, 34.34, 35.58, 1195500.0, 35.58
2013-03-22, 35.61, 36.44, 35.37, 36.37, 1204200.0, 36.37
2013-03-25, 36.45, 36.63, 35.68, 35.87, 857100.0, 35.87
2013-03-26, 35.87, 36.2, 35.6, 36.17, 802100.0, 36.17
2013-03-27, 37.15, 39.62, 37.11, 39.2, 3538200.0, 39.2
2013-03-28, 39.4, 39.4, 38.14, 38.49, 1778500.0, 38.49
2013-04-01, 38.2, 38.41, 37.93, 38.37, 1157400.0, 38.37
2013-04-02, 39.13, 39.14, 38.07, 38.09, 1201200.0, 38.09
2013-04-03, 38.35, 39.45, 37.31, 38.29, 2811700.0, 38.29
2013-04-04, 38.12, 38.57, 37.86, 38.3, 1980200.0, 38.3
2013-04-05, 38.13, 38.7, 37.85, 38.62, 1484100.0, 38.62
2013-04-08, 38.64, 39.36, 38.64, 39.14, 1267800.0, 39.14
2013-04-09, 39.16, 39.8, 38.55, 39.28, 1387700.0, 39.28
2013-04-10, 39.33, 39.8, 39.26, 39.34, 866100.0, 39.34
2013-04-11, 39.24, 39.41, 38.65, 38.81, 870500.0, 38.81
2013-04-12, 38.74, 39.28, 38.74, 39.19, 938600.0, 39.19
2013-04-15, 38.94, 39.26, 38.24, 38.5, 1931300.0, 38.5
2013-04-16, 38.69, 39.17, 38.63, 38.87, 881300.0, 38.87
2013-04-17, 38.51, 38.56, 37.11, 38.19, 1640800.0, 38.19
2013-04-18, 38.41, 38.54, 37.42, 37.94, 986500.0, 37.94
2013-04-19, 37.76, 38.43, 37.58, 37.72, 867500.0, 37.72
2013-04-22, 37.85, 37.98, 36.97, 37.63, 667600.0, 37.63
2013-04-23, 37.74, 38.32, 37.72, 38.26, 537000.0, 38.26
2013-04-24, 38.37, 39.04, 38.12, 38.65, 828500.0, 38.65
2013-04-25, 38.94, 39.54, 38.76, 39.38, 616900.0, 39.38
2013-04-26, 39.25, 39.49, 38.36, 39.04, 504200.0, 39.04
2013-04-29, 39.14, 39.95, 38.95, 39.05, 1098700.0, 39.05
2013-04-30, 39.0, 39.05, 38.49, 38.64, 1102100.0, 38.64
2013-05-01, 38.64, 38.8, 38.39, 38.62, 1038900.0, 38.62
2013-05-02, 38.72, 41.25, 38.68, 40.6, 3057000.0, 40.6
2013-05-03, 40.86, 41.34, 40.15, 40.34, 873300.0, 40.34
2013-05-06, 40.79, 41.44, 40.79, 40.99, 1111200.0, 40.99
2013-05-07, 41.15, 42.12, 40.92, 41.42, 1881000.0, 41.42
2013-05-08, 39.24, 39.73, 36.7, 37.74, 4043800.0, 37.74
2013-05-09, 38.07, 39.44, 37.74, 39.04, 2050700.0, 39.04
2013-05-10, 39.14, 39.3, 38.54, 39.06, 1527000.0, 39.06
2013-05-13, 38.94, 39.05, 38.09, 38.21, 688400.0, 38.21
2013-05-14, 38.19, 38.5, 37.55, 37.65, 1116900.0, 37.65
2013-05-15, 37.47, 37.96, 37.21, 37.6, 1188800.0, 37.6
2013-05-16, 37.52, 37.81, 37.21, 37.35, 840100.0, 37.35
2013-05-17, 37.37, 37.53, 37.02, 37.16, 709100.0, 37.16
2013-05-20, 37.07, 38.22, 37.07, 37.55, 1043500.0, 37.55
2013-05-21, 37.54, 38.12, 37.24, 37.27, 645000.0, 37.27
2013-05-22, 37.27, 37.52, 35.84, 36.23, 1167900.0, 36.23
2013-05-23, 35.99, 36.61, 35.74, 36.54, 612300.0, 36.54
2013-05-24, 36.47, 36.47, 35.64, 36.17, 672600.0, 36.17
2013-05-28, 36.4, 36.63, 35.2, 35.23, 1107600.0, 35.23
2013-05-29, 35.19, 35.27, 33.83, 34.15, 2752100.0, 34.15
2013-05-30, 34.39, 34.99, 33.46, 33.93, 2787900.0, 33.93
2013-05-31, 33.8, 34.77, 33.71, 34.66, 1615000.0, 34.66
2013-06-03, 34.58, 35.25, 34.37, 34.87, 1794700.0, 34.87
2013-06-04, 34.82, 35.0, 34.15, 34.63, 1733200.0, 34.63
2013-06-05, 34.5, 34.76, 33.87, 34.09, 1092600.0, 34.09
2013-06-06, 34.12, 35.28, 33.79, 35.13, 1813800.0, 35.13
2013-06-07, 35.4, 36.05, 35.02, 35.58, 1134800.0, 35.58
2013-06-10, 35.7, 35.73, 35.01, 35.61, 750100.0, 35.61
2013-06-11, 35.22, 35.47, 34.61, 35.16, 1004300.0, 35.16
2013-06-12, 35.28, 35.74, 35.08, 35.22, 831400.0, 35.22
2013-06-13, 35.27, 35.91, 35.19, 35.74, 1016000.0, 35.74
2013-06-14, 35.62, 36.21, 35.51, 36.04, 751100.0, 36.04
2013-06-17, 36.21, 37.04, 36.16, 36.66, 1481700.0, 36.66
2013-06-18, 36.65, 37.0, 36.47, 36.76, 629200.0, 36.76
2013-06-19, 36.85, 37.13, 36.39, 36.51, 606600.0, 36.51
2013-06-20, 36.18, 36.3, 35.4, 35.5, 659800.0, 35.5
2013-06-21, 35.74, 35.97, 34.69, 34.82, 1149300.0, 34.82
2013-06-24, 34.42, 35.07, 33.9, 34.5, 899600.0, 34.5
2013-06-25, 34.79, 35.52, 34.29, 35.11, 847700.0, 35.11
2013-06-26, 35.39, 36.06, 34.93, 35.76, 1085900.0, 35.76
2013-06-27, 35.82, 37.07, 35.82, 36.64, 870900.0, 36.64
2013-06-28, 36.45, 37.08, 36.34, 36.48, 1253900.0, 36.48
2013-07-01, 36.59, 36.91, 36.4, 36.77, 525600.0, 36.77
2013-07-02, 36.69, 37.54, 36.31, 36.63, 1323900.0, 36.63
2013-07-03, 36.44, 36.6, 35.82, 36.2, 690500.0, 36.2
2013-07-05, 36.3, 36.5, 36.12, 36.45, 436500.0, 36.45
2013-07-08, 37.0, 37.28, 36.63, 37.0, 1003300.0, 37.0
2013-07-09, 37.31, 37.83, 36.71, 37.57, 728100.0, 37.57
2013-07-10, 37.99, 38.1, 36.6, 37.32, 941900.0, 37.32
2013-07-11, 37.64, 37.88, 36.68, 36.98, 1269600.0, 36.98
2013-07-12, 36.98, 38.16, 36.88, 37.9, 591300.0, 37.9
2013-07-15, 37.96, 38.46, 37.38, 38.3, 884400.0, 38.3
2013-07-16, 38.18, 38.27, 37.1, 37.41, 584600.0, 37.41
2013-07-17, 37.26, 37.84, 37.01, 37.5, 1004000.0, 37.5
2013-07-18, 37.57, 37.94, 37.34, 37.35, 1197300.0, 37.35
2013-07-19, 37.26, 37.59, 36.82, 37.29, 932200.0, 37.29
2013-07-22, 37.4, 37.53, 36.88, 37.15, 603400.0, 37.15
2013-07-23, 37.24, 37.57, 36.88, 37.3, 512800.0, 37.3
2013-07-24, 37.38, 37.62, 37.09, 37.45, 514300.0, 37.45
2013-07-25, 37.45, 38.43, 37.16, 38.39, 1009500.0, 38.39
2013-07-26, 38.2, 38.48, 37.82, 38.21, 588100.0, 38.21
2013-07-29, 38.01, 38.12, 36.46, 36.6, 1014700.0, 36.6
2013-07-30, 36.61, 36.81, 36.01, 36.56, 690700.0, 36.56
2013-07-31, 36.65, 37.19, 36.43, 36.84, 744000.0, 36.84
2013-08-01, 37.13, 38.01, 36.8, 37.9, 877200.0, 37.9
2013-08-02, 36.73, 37.09, 35.58, 35.79, 2833900.0, 35.79
2013-08-05, 35.73, 36.0, 34.93, 35.4, 1937000.0, 35.4
2013-08-06, 35.44, 36.74, 35.36, 36.18, 2490500.0, 36.18
2013-08-07, 37.46, 38.4, 36.58, 36.69, 4529000.0, 36.69
2013-08-08, 37.19, 37.32, 36.57, 36.81, 1404700.0, 36.81
2013-08-09, 36.77, 37.62, 36.7, 37.53, 1055200.0, 37.53
2013-08-12, 37.25, 37.6, 37.11, 37.41, 783900.0, 37.41
2013-08-13, 37.12, 37.28, 36.1, 36.2, 1120100.0, 36.2
2013-08-14, 36.21, 36.64, 35.9, 36.14, 862200.0, 36.14
2013-08-15, 35.77, 35.81, 35.2, 35.45, 1056400.0, 35.45
2013-08-16, 35.31, 35.58, 34.85, 35.21, 815700.0, 35.21
2013-08-19, 35.14, 35.15, 34.27, 34.38, 1194500.0, 34.38
2013-08-20, 34.25, 34.66, 33.91, 34.26, 1220500.0, 34.26
2013-08-21, 34.12, 34.17, 33.45, 33.81, 1743700.0, 33.81
2013-08-22, 33.94, 34.44, 33.84, 34.27, 806700.0, 34.27
2013-08-23, 34.35, 35.22, 34.01, 34.94, 1141400.0, 34.94
2013-08-26, 34.85, 35.25, 34.75, 34.87, 603500.0, 34.87
2013-08-27, 34.59, 34.74, 33.9, 34.05, 720200.0, 34.05
2013-08-28, 34.13, 34.37, 33.84, 33.88, 680600.0, 33.88
2013-08-29, 33.8, 34.24, 33.74, 33.95, 758300.0, 33.95
2013-08-30, 33.9, 33.9, 32.73, 32.93, 1046600.0, 32.93
2013-09-03, 33.32, 33.86, 32.6, 32.85, 1132700.0, 32.85
2013-09-04, 32.8, 33.4, 32.62, 33.11, 840300.0, 33.11
2013-09-05, 33.12, 33.47, 32.87, 33.29, 616600.0, 33.29
2013-09-06, 33.33, 33.35, 32.73, 32.76, 617400.0, 32.76
2013-09-09, 32.7, 33.24, 32.69, 32.91, 714900.0, 32.91
2013-09-10, 32.93, 32.99, 32.21, 32.49, 1412800.0, 32.49
2013-09-11, 32.4, 33.6, 32.4, 33.56, 1628500.0, 33.56
2013-09-12, 33.69, 34.74, 33.58, 34.38, 1714200.0, 34.38
2013-09-13, 34.5, 34.7, 33.86, 33.93, 1023200.0, 33.93
2013-09-16, 34.01, 34.34, 33.67, 33.8, 901700.0, 33.8
2013-09-17, 33.82, 34.07, 33.62, 34.07, 825400.0, 34.07
2013-09-18, 34.1, 34.44, 33.71, 34.37, 663800.0, 34.37
2013-09-19, 34.96, 35.24, 34.24, 35.22, 1604500.0, 35.22
2013-09-20, 35.22, 35.61, 34.98, 35.58, 1769100.0, 35.58
2013-09-23, 35.51, 35.74, 34.88, 34.95, 1612800.0, 34.95
2013-09-24, 35.2, 35.62, 34.73, 35.3, 1925300.0, 35.3
2013-09-25, 35.38, 35.38, 34.78, 34.86, 1750700.0, 34.86
2013-09-26, 34.81, 35.22, 34.32, 34.41, 1555000.0, 34.41
2013-09-27, 34.14, 34.85, 34.09, 34.39, 1522200.0, 34.39
2013-09-30, 34.05, 34.65, 33.94, 34.58, 1165000.0, 34.58
2013-10-01, 34.52, 35.94, 34.52, 35.91, 2749500.0, 35.91
2013-10-02, 35.75, 36.3, 35.48, 35.79, 1875000.0, 35.79
2013-10-03, 35.64, 35.81, 34.86, 34.95, 1382100.0, 34.95
2013-10-04, 34.94, 35.08, 34.53, 34.62, 1272800.0, 34.62
2013-10-07, 34.44, 34.54, 33.96, 33.98, 988600.0, 33.98
2013-10-08, 33.89, 34.13, 32.84, 32.89, 1490300.0, 32.89
2013-10-09, 32.84, 33.08, 32.19, 32.71, 1781500.0, 32.71
2013-10-10, 33.01, 33.78, 32.98, 33.66, 1133500.0, 33.66
2013-10-11, 33.51, 34.44, 33.4, 33.95, 1944400.0, 33.95
2013-10-14, 33.59, 33.74, 33.36, 33.53, 1208100.0, 33.53
2013-10-15, 33.56, 33.68, 32.92, 32.97, 1695500.0, 32.97
2013-10-16, 33.23, 33.51, 32.95, 33.43, 1232000.0, 33.43
2013-10-17, 33.36, 33.52, 32.96, 32.99, 1432100.0, 32.99
2013-10-18, 33.04, 33.98, 33.04, 33.95, 2938600.0, 33.95
2013-10-21, 34.85, 35.23, 34.32, 35.01, 1936700.0, 35.01
2013-10-22, 35.18, 35.69, 34.82, 35.19, 1232700.0, 35.19
2013-10-23, 35.98, 37.34, 35.84, 37.08, 2612800.0, 37.08
2013-10-24, 37.21, 37.42, 36.24, 36.67, 1733100.0, 36.67
2013-10-25, 36.66, 36.9, 36.26, 36.67, 906400.0, 36.67
2013-10-28, 36.56, 37.1, 36.47, 36.61, 1376000.0, 36.61
2013-10-29, 36.61, 37.37, 36.5, 37.35, 1076800.0, 37.35
2013-10-30, 37.28, 37.28, 35.79, 36.18, 2036400.0, 36.18
2013-10-31, 36.17, 36.65, 35.82, 36.24, 1456500.0, 36.24
2013-11-01, 36.34, 36.96, 36.24, 36.68, 1400400.0, 36.68
2013-11-04, 36.92, 39.87, 36.8, 38.72, 5297300.0, 38.72
2013-11-05, 40.21, 42.42, 39.95, 42.02, 7158300.0, 42.02
2013-11-06, 42.05, 43.82, 42.0, 43.12, 3410600.0, 43.12
2013-11-07, 43.11, 43.16, 41.65, 41.68, 2877400.0, 41.68
2013-11-08, 41.68, 42.85, 41.52, 42.42, 1701500.0, 42.42
2013-11-11, 42.28, 43.0, 42.06, 42.97, 1291600.0, 42.97
2013-11-12, 42.9, 43.45, 42.45, 43.26, 1238900.0, 43.26
2013-11-13, 42.99, 45.66, 42.95, 45.6, 2382400.0, 45.6
2013-11-14, 45.8, 46.98, 45.06, 46.6, 2178000.0, 46.6
2013-11-15, 46.62, 46.76, 45.66, 46.13, 1068700.0, 46.13
2013-11-18, 46.24, 46.51, 44.7, 45.18, 1947100.0, 45.18
2013-11-19, 45.21, 46.48, 45.17, 45.67, 1242800.0, 45.67
2013-11-20, 45.68, 46.14, 44.9, 45.11, 962200.0, 45.11
2013-11-21, 45.25, 45.48, 44.51, 44.66, 1196800.0, 44.66
2013-11-22, 44.66, 46.0, 44.61, 45.55, 843800.0, 45.55
2013-11-25, 44.51, 45.06, 43.83, 44.46, 1396900.0, 44.46
2013-11-26, 44.56, 44.92, 44.19, 44.26, 1105600.0, 44.26
2013-11-27, 44.2, 44.7, 44.16, 44.7, 639800.0, 44.7
2013-11-29, 44.62, 45.0, 44.53, 44.58, 311200.0, 44.58
2013-12-02, 44.44, 45.61, 44.02, 45.35, 1383700.0, 45.35
2013-12-03, 45.22, 45.95, 45.07, 45.58, 1448800.0, 45.58
2013-12-04, 45.11, 45.69, 44.06, 44.61, 1037400.0, 44.61
2013-12-05, 44.61, 45.13, 43.69, 43.8, 1215100.0, 43.8
2013-12-06, 44.25, 44.61, 44.0, 44.44, 931800.0, 44.44
2013-12-09, 44.35, 44.35, 43.62, 43.91, 744300.0, 43.91
2013-12-10, 43.76, 44.42, 43.66, 44.21, 773600.0, 44.21
2013-12-11, 44.08, 44.22, 42.52, 42.65, 1182100.0, 42.65
2013-12-12, 42.67, 44.02, 42.59, 43.88, 856300.0, 43.88
2013-12-13, 43.99, 44.65, 43.81, 44.37, 1367900.0, 44.37
2013-12-16, 44.56, 45.15, 44.17, 44.84, 642200.0, 44.84
2013-12-17, 44.89, 45.25, 43.95, 44.09, 644300.0, 44.09
2013-12-18, 44.13, 44.43, 43.24, 44.34, 565400.0, 44.34
2013-12-19, 44.31, 44.8, 43.75, 43.82, 773000.0, 43.82
2013-12-20, 43.14, 44.92, 43.0, 44.81, 1013500.0, 44.81
2013-12-23, 44.92, 44.92, 44.14, 44.51, 1169900.0, 44.51
2013-12-24, 44.41, 44.82, 44.2, 44.67, 855300.0, 44.67
2013-12-26, 44.92, 45.78, 44.7, 45.74, 1010100.0, 45.74
2013-12-27, 45.75, 46.13, 45.14, 45.18, 642500.0, 45.18
2013-12-30, 45.25, 45.7, 45.15, 45.64, 500600.0, 45.64
2013-12-31, 45.85, 46.66, 45.72, 46.62, 844100.0, 46.62
2014-01-02, 46.26, 46.3, 44.73, 44.8, 734100.0, 44.8
2014-01-03, 44.62, 45.35, 44.35, 44.4, 681200.0, 44.4
2014-01-06, 44.55, 44.95, 44.36, 44.65, 734600.0, 44.65
2014-01-07, 44.94, 46.25, 44.66, 46.18, 850600.0, 46.18
2014-01-08, 46.27, 46.36, 45.68, 45.97, 660100.0, 45.97
2014-01-09, 46.02, 46.75, 45.6, 45.73, 661000.0, 45.73
2014-01-10, 45.58, 45.65, 44.92, 45.24, 850200.0, 45.24
2014-01-13, 45.34, 45.73, 44.5, 44.85, 777300.0, 44.85
2014-01-14, 45.18, 48.11, 45.1, 47.85, 1786200.0, 47.85
2014-01-15, 47.85, 47.87, 46.21, 47.25, 2395500.0, 47.25
2014-01-16, 48.65, 53.28, 48.38, 52.54, 5815500.0, 52.54
2014-01-17, 52.04, 52.22, 50.24, 50.77, 2006600.0, 50.77
2014-01-21, 51.18, 51.34, 49.36, 50.01, 1099500.0, 50.01
2014-01-22, 50.08, 50.57, 49.26, 49.27, 921100.0, 49.27
2014-01-23, 49.33, 49.89, 48.31, 48.51, 1335300.0, 48.51
2014-01-24, 48.35, 48.6, 47.06, 47.16, 985800.0, 47.16
2014-01-27, 47.4, 47.75, 45.42, 46.19, 926700.0, 46.19
2014-01-28, 46.39, 48.89, 46.39, 48.8, 2130800.0, 48.8
2014-01-29, 48.06, 48.09, 45.96, 46.5, 1284400.0, 46.5
2014-01-30, 47.21, 47.76, 45.94, 46.25, 1210100.0, 46.25
2014-01-31, 45.78, 46.76, 45.25, 46.08, 1064900.0, 46.08
2014-02-03, 47.24, 49.91, 46.25, 46.87, 3696600.0, 46.87
2014-02-04, 47.71, 50.18, 47.37, 49.49, 3303600.0, 49.49
2014-02-05, 49.23, 49.26, 47.06, 47.57, 3508900.0, 47.57
2014-02-06, 49.29, 51.35, 45.55, 47.15, 5365900.0, 47.15
2014-02-07, 46.07, 47.49, 44.33, 47.28, 3324600.0, 47.28
2014-02-10, 46.42, 47.02, 45.28, 45.76, 2717700.0, 45.76
2014-02-11, 45.96, 46.14, 44.6, 45.09, 1827200.0, 45.09
2014-02-12, 45.14, 45.4, 44.62, 44.81, 1521800.0, 44.81
2014-02-13, 44.56, 45.74, 44.53, 44.89, 1506500.0, 44.89
2014-02-14, 44.98, 44.98, 43.75, 44.63, 1295500.0, 44.63
2014-02-18, 44.62, 45.41, 44.5, 45.06, 1393900.0, 45.06
2014-02-19, 45.0, 45.28, 43.32, 43.37, 1495300.0, 43.37
2014-02-20, 43.37, 44.9, 43.28, 44.8, 1774000.0, 44.8
2014-02-21, 44.75, 44.79, 43.58, 43.64, 1248600.0, 43.64
2014-02-24, 43.6, 44.49, 43.23, 43.7, 1026300.0, 43.7
2014-02-25, 43.72, 44.28, 43.36, 43.8, 810900.0, 43.8
2014-02-26, 43.82, 44.31, 43.57, 43.98, 984600.0, 43.98
2014-02-27, 43.87, 44.8, 43.8, 44.52, 948300.0, 44.52
2014-02-28, 44.51, 44.81, 43.47, 43.78, 885000.0, 43.78
2014-03-03, 43.25, 43.8, 43.03, 43.6, 1180900.0, 43.6
2014-03-04, 44.0, 44.98, 43.8, 44.83, 1496800.0, 44.83
2014-03-05, 44.76, 45.65, 44.34, 44.73, 847900.0, 44.73
2014-03-06, 44.88, 44.99, 44.09, 44.55, 1091500.0, 44.55
2014-03-07, 44.82, 44.9, 43.86, 44.04, 860700.0, 44.04
2014-03-10, 43.97, 44.03, 42.95, 43.6, 1038800.0, 43.6
2014-03-11, 43.59, 43.59, 42.3, 42.37, 1060100.0, 42.37
2014-03-12, 42.02, 42.96, 41.05, 42.94, 1155400.0, 42.94
2014-03-13, 43.05, 43.56, 41.58, 41.69, 1557800.0, 41.69
2014-03-14, 41.23, 41.89, 41.14, 41.25, 700100.0, 41.25
2014-03-17, 41.57, 42.5, 40.52, 42.33, 1407400.0, 42.33
2014-03-18, 42.34, 43.05, 42.19, 42.99, 757600.0, 42.99
2014-03-19, 42.95, 43.25, 42.21, 43.15, 949900.0, 43.15
2014-03-20, 42.71, 44.34, 42.71, 43.55, 1185900.0, 43.55
2014-03-21, 43.54, 44.17, 43.23, 43.62, 1716600.0, 43.62
2014-03-24, 43.75, 44.13, 41.71, 42.49, 1630700.0, 42.49
2014-03-25, 42.87, 43.36, 42.11, 42.25, 1070700.0, 42.25
2014-03-26, 42.68, 45.86, 42.66, 43.83, 3612400.0, 43.83
2014-03-27, 43.88, 44.13, 42.65, 43.01, 1760200.0, 43.01
2014-03-28, 43.11, 43.24, 42.42, 42.8, 843700.0, 42.8
2014-03-31, 42.96, 43.77, 42.94, 43.77, 1952900.0, 43.77
2014-04-01, 43.71, 45.4, 43.46, 44.29, 1369600.0, 44.29
2014-04-02, 44.54, 44.77, 43.96, 44.02, 851500.0, 44.02
2014-04-03, 43.99, 44.79, 43.63, 44.01, 1022000.0, 44.01
2014-04-04, 44.36, 44.8, 42.65, 43.05, 2926700.0, 43.05
2014-04-07, 42.7, 42.84, 40.54, 40.58, 2516800.0, 40.58
2014-04-08, 40.59, 42.46, 40.59, 42.39, 1997200.0, 42.39
2014-04-09, 42.68, 43.51, 42.29, 43.39, 1659300.0, 43.39
2014-04-10, 43.39, 44.17, 42.53, 42.89, 1902800.0, 42.89
2014-04-11, 42.4, 43.16, 41.58, 41.72, 1653700.0, 41.72
2014-04-14, 42.29, 42.43, 41.22, 41.61, 1384100.0, 41.61
2014-04-15, 41.11, 42.9, 40.66, 42.49, 2238100.0, 42.49
2014-04-16, 43.23, 44.44, 43.18, 44.36, 2140900.0, 44.36
2014-04-17, 44.21, 44.58, 43.59, 44.16, 1414000.0, 44.16
2014-04-21, 44.0, 44.34, 43.08, 43.14, 1152600.0, 43.14
2014-04-22, 43.11, 43.76, 43.06, 43.35, 683400.0, 43.35
2014-04-23, 43.38, 43.57, 41.89, 42.12, 890100.0, 42.12
2014-04-24, 42.26, 42.49, 41.26, 41.93, 694600.0, 41.93
2014-04-25, 41.7, 42.35, 41.58, 42.02, 1056400.0, 42.02
2014-04-28, 42.27, 42.9, 41.5, 41.74, 1776200.0, 41.74
2014-04-29, 41.97, 42.83, 41.55, 42.8, 939200.0, 42.8
2014-04-30, 42.57, 42.91, 41.7, 42.81, 990200.0, 42.81
2014-05-01, 42.97, 44.04, 42.83, 43.88, 1263500.0, 43.88
2014-05-02, 44.0, 44.09, 43.11, 43.6, 956400.0, 43.6
2014-05-05, 43.28, 43.72, 42.92, 43.54, 797300.0, 43.54
2014-05-06, 43.3, 44.57, 43.11, 43.9, 1800100.0, 43.9
2014-05-07, 40.01, 40.01, 32.31, 34.85, 1.38463E7, 34.85
2014-05-08, 35.23, 36.56, 34.7, 36.39, 3562500.0, 36.39
2014-05-09, 36.65, 38.0, 36.65, 37.74, 3268100.0, 37.74
2014-05-12, 38.0, 38.93, 37.85, 37.97, 1903600.0, 37.97
2014-05-13, 37.91, 37.95, 33.2, 36.81, 3033500.0, 36.81
2014-05-14, 36.7, 36.98, 36.53, 36.81, 1027000.0, 36.81
2014-05-15, 36.72, 37.59, 36.3, 37.5, 1153600.0, 37.5
2014-05-16, 36.98, 37.14, 35.89, 36.81, 1955700.0, 36.81
2014-05-19, 36.68, 37.28, 36.58, 36.8, 1066600.0, 36.8
2014-05-20, 36.75, 36.89, 36.23, 36.47, 1030600.0, 36.47
2014-05-21, 36.72, 36.88, 36.34, 36.74, 906100.0, 36.74
2014-05-22, 36.78, 37.0, 36.38, 36.58, 709600.0, 36.58
2014-05-23, 36.49, 37.21, 36.26, 37.12, 1162400.0, 37.12
2014-05-27, 37.4, 37.4, 35.74, 36.05, 1642000.0, 36.05
2014-05-28, 35.84, 36.65, 35.64, 36.39, 757400.0, 36.39
2014-05-29, 36.68, 36.68, 35.82, 36.18, 1138400.0, 36.18
2014-05-30, 36.2, 36.95, 36.07, 36.28, 1381200.0, 36.28
2014-06-02, 36.27, 36.31, 35.6, 36.28, 1060800.0, 36.28
2014-06-03, 36.0, 36.14, 35.65, 35.93, 1007600.0, 35.93
2014-06-04, 35.78, 36.54, 35.66, 36.5, 924700.0, 36.5
2014-06-05, 36.65, 37.0, 35.83, 35.92, 1222400.0, 35.92
2014-06-06, 35.92, 36.67, 35.85, 36.21, 1717900.0, 36.21
2014-06-09, 36.17, 37.06, 36.17, 36.53, 1142600.0, 36.53
2014-06-10, 36.53, 36.9, 36.43, 36.45, 824900.0, 36.45
2014-06-11, 36.31, 37.46, 36.15, 37.11, 1346900.0, 37.11
2014-06-12, 37.12, 37.33, 36.53, 36.76, 913900.0, 36.76
2014-06-13, 36.86, 37.45, 36.77, 36.96, 1002900.0, 36.96
2014-06-16, 36.75, 36.81, 36.26, 36.36, 558800.0, 36.36
2014-06-17, 36.25, 37.05, 36.18, 36.84, 993700.0, 36.84
2014-06-18, 36.67, 37.65, 36.5, 37.45, 941700.0, 37.45
2014-06-19, 37.49, 38.0, 37.26, 37.98, 1056700.0, 37.98
2014-06-20, 38.1, 38.12, 36.96, 37.82, 1296900.0, 37.82
2014-06-23, 37.77, 38.03, 37.44, 37.99, 740900.0, 37.99
2014-06-24, 37.84, 39.04, 37.77, 38.76, 1326400.0, 38.76
2014-06-25, 38.53, 39.21, 38.27, 38.75, 1004500.0, 38.75
2014-06-26, 38.79, 38.79, 38.25, 38.68, 589400.0, 38.68
2014-06-27, 38.49, 39.51, 38.48, 39.48, 754400.0, 39.48
2014-06-30, 39.47, 39.82, 39.2, 39.79, 803500.0, 39.79
2014-07-01, 39.78, 40.86, 39.65, 40.64, 1607000.0, 40.64
2014-07-02, 40.45, 41.18, 40.36, 40.8, 1340200.0, 40.8
2014-07-03, 40.48, 41.48, 40.48, 41.41, 658900.0, 41.41
2014-07-07, 41.22, 41.69, 40.76, 41.22, 1320800.0, 41.22
2014-07-08, 41.06, 41.35, 39.66, 40.19, 1250200.0, 40.19
2014-07-09, 40.14, 41.05, 39.98, 40.52, 1092600.0, 40.52
2014-07-10, 39.73, 40.65, 39.73, 40.28, 633400.0, 40.28
2014-07-11, 40.38, 41.01, 40.1, 40.27, 1081300.0, 40.27
2014-07-14, 40.6, 41.16, 40.26, 41.1, 933700.0, 41.1
2014-07-15, 41.04, 42.07, 40.44, 40.67, 1518000.0, 40.67
2014-07-16, 40.65, 40.77, 38.46, 38.57, 2599200.0, 38.57
2014-07-17, 38.57, 39.39, 38.05, 38.33, 1182400.0, 38.33
2014-07-18, 38.57, 39.04, 38.4, 38.9, 564400.0, 38.9
2014-07-21, 38.75, 39.15, 38.21, 38.7, 545600.0, 38.7
2014-07-22, 38.93, 39.44, 38.82, 39.09, 482900.0, 39.09
2014-07-23, 39.29, 39.29, 38.71, 38.99, 430800.0, 38.99
2014-07-24, 39.19, 39.43, 39.03, 39.34, 867700.0, 39.34
2014-07-25, 39.35, 39.35, 38.63, 38.82, 528500.0, 38.82
2014-07-28, 38.97, 39.15, 38.41, 38.94, 516100.0, 38.94
2014-07-29, 38.94, 39.01, 38.42, 38.46, 495300.0, 38.46
2014-07-30, 38.57, 39.11, 38.39, 39.02, 889800.0, 39.02
2014-07-31, 38.72, 39.18, 38.21, 38.55, 995300.0, 38.55
2014-08-01, 38.55, 39.4, 38.1, 39.35, 1537000.0, 39.35
2014-08-04, 39.36, 39.83, 38.81, 39.21, 691600.0, 39.21
2014-08-05, 39.0, 39.69, 38.72, 39.0, 1488800.0, 39.0
2014-08-06, 41.71, 42.74, 40.28, 41.92, 2672900.0, 41.92
2014-08-07, 42.61, 43.56, 41.88, 42.54, 2063500.0, 42.54
2014-08-08, 42.79, 43.54, 42.21, 43.4, 1193800.0, 43.4
2014-08-11, 43.61, 43.92, 42.94, 43.07, 802200.0, 43.07
2014-08-12, 43.09, 43.3, 42.24, 42.33, 858900.0, 42.33
2014-08-13, 42.21, 43.1, 42.21, 42.46, 877200.0, 42.46
2014-08-14, 43.5, 44.51, 42.96, 42.98, 4145100.0, 42.98
2014-08-15, 43.22, 43.66, 42.84, 43.63, 931500.0, 43.63
2014-08-18, 43.78, 43.93, 43.41, 43.57, 763600.0, 43.57
2014-08-19, 43.56, 43.96, 43.48, 43.77, 583700.0, 43.77
2014-08-20, 43.69, 44.0, 43.6, 43.76, 563900.0, 43.76
2014-08-21, 43.73, 43.95, 43.53, 43.65, 699900.0, 43.65
2014-08-22, 43.46, 43.71, 43.15, 43.46, 625600.0, 43.46
2014-08-25, 43.8, 43.8, 43.11, 43.21, 409200.0, 43.21
2014-08-26, 43.4, 43.5, 42.93, 43.3, 627100.0, 43.3
2014-08-27, 43.27, 43.42, 42.84, 43.02, 408600.0, 43.02
2014-08-28, 42.96, 43.11, 42.68, 42.79, 297500.0, 42.79
2014-08-29, 42.95, 43.3, 42.82, 43.22, 440100.0, 43.22
2014-09-02, 43.21, 44.11, 43.21, 44.05, 665600.0, 44.05
2014-09-03, 44.22, 44.4, 42.78, 43.01, 1334000.0, 43.01
2014-09-04, 43.01, 43.31, 42.61, 42.83, 684800.0, 42.83
2014-09-05, 42.86, 43.2, 42.58, 42.86, 534200.0, 42.86
2014-09-08, 42.81, 43.47, 42.52, 43.07, 614800.0, 43.07
2014-09-09, 43.11, 43.22, 42.25, 42.29, 542700.0, 42.29
2014-09-10, 42.34, 42.41, 41.66, 42.03, 1127500.0, 42.03
2014-09-11, 41.96, 42.89, 41.86, 42.64, 1202400.0, 42.64
2014-09-12, 42.97, 43.05, 42.32, 42.68, 981800.0, 42.68
2014-09-15, 42.53, 42.54, 41.35, 42.28, 1311100.0, 42.28
2014-09-16, 41.83, 42.69, 41.57, 42.43, 933200.0, 42.43
2014-09-17, 42.42, 42.54, 41.97, 42.26, 906200.0, 42.26
2014-09-18, 42.19, 44.43, 41.52, 43.66, 3828200.0, 43.66
2014-09-19, 43.66, 43.79, 42.05, 42.42, 1970200.0, 42.42
2014-09-22, 42.27, 42.82, 41.85, 42.61, 1464200.0, 42.61
2014-09-23, 42.29, 43.13, 42.26, 42.75, 1504600.0, 42.75
2014-09-24, 42.7, 43.22, 42.5, 43.18, 1134300.0, 43.18
2014-09-25, 43.22, 43.41, 42.51, 42.97, 1354500.0, 42.97
2014-09-26, 42.97, 46.79, 42.75, 44.55, 7216900.0, 44.55
2014-09-29, 44.1, 44.57, 43.79, 44.4, 1287800.0, 44.4
2014-09-30, 44.81, 45.22, 44.48, 44.95, 1349700.0, 44.95
2014-10-01, 44.82, 44.85, 43.46, 43.47, 1436500.0, 43.47
2014-10-02, 43.39, 44.02, 42.79, 43.16, 1249800.0, 43.16
2014-10-03, 43.38, 44.16, 43.06, 43.67, 1489400.0, 43.67
2014-10-06, 43.8, 44.4, 43.7, 44.04, 942100.0, 44.04
2014-10-07, 43.7, 43.89, 43.01, 43.34, 1071700.0, 43.34
2014-10-08, 43.33, 44.16, 42.83, 44.09, 601100.0, 44.09
2014-10-09, 43.94, 44.16, 43.05, 43.3, 751400.0, 43.3
2014-10-10, 43.28, 43.74, 41.26, 41.28, 1947700.0, 41.28
2014-10-13, 41.11, 41.74, 39.89, 39.9, 1455300.0, 39.9
2014-10-14, 40.08, 40.45, 39.38, 39.7, 1172900.0, 39.7
2014-10-15, 38.82, 39.13, 37.67, 38.45, 1799800.0, 38.45
2014-10-16, 37.5, 39.16, 37.5, 38.64, 1131500.0, 38.64
2014-10-17, 39.2, 39.68, 38.76, 39.32, 1053900.0, 39.32
2014-10-20, 39.44, 40.71, 39.11, 40.5, 1355200.0, 40.5
2014-10-21, 40.72, 41.02, 40.35, 40.73, 1029700.0, 40.73
2014-10-22, 41.71, 41.96, 40.58, 40.64, 1091700.0, 40.64
2014-10-23, 41.54, 42.17, 41.26, 41.86, 707300.0, 41.86
2014-10-24, 41.8, 42.06, 41.54, 41.77, 550300.0, 41.77
2014-10-27, 41.78, 41.89, 41.38, 41.45, 734700.0, 41.45
2014-10-28, 41.53, 42.14, 41.43, 42.11, 916600.0, 42.11
2014-10-29, 41.98, 42.66, 41.84, 42.53, 708100.0, 42.53
2014-10-30, 42.3, 43.11, 42.25, 42.92, 542200.0, 42.92
2014-10-31, 43.49, 43.64, 42.98, 43.53, 772200.0, 43.53
2014-11-03, 43.43, 44.05, 43.11, 43.46, 846400.0, 43.46
2014-11-04, 43.42, 43.85, 43.27, 43.59, 595500.0, 43.59
2014-11-05, 43.8, 43.94, 43.26, 43.87, 1500400.0, 43.87
2014-11-06, 39.96, 43.44, 39.53, 42.23, 4092000.0, 42.23
2014-11-07, 41.51, 42.81, 40.58, 42.68, 1752200.0, 42.68
2014-11-10, 42.81, 44.7, 42.55, 44.64, 2646100.0, 44.64
2014-11-11, 44.56, 45.3, 44.1, 45.23, 896800.0, 45.23
2014-11-12, 45.69, 46.4, 44.06, 45.84, 1429400.0, 45.84
2014-11-13, 46.18, 46.99, 45.9, 46.37, 1352800.0, 46.37
2014-11-14, 46.38, 46.91, 45.97, 46.04, 1198500.0, 46.04
2014-11-17, 46.0, 47.43, 45.86, 46.71, 1511000.0, 46.71
2014-11-18, 46.71, 46.88, 45.7, 45.7, 1019200.0, 45.7
2014-11-19, 45.7, 45.7, 44.76, 44.9, 549800.0, 44.9
2014-11-20, 44.64, 45.52, 44.34, 45.46, 737100.0, 45.46
2014-11-21, 45.92, 46.32, 45.32, 45.63, 604300.0, 45.63
2014-11-24, 45.75, 46.68, 45.58, 46.61, 667100.0, 46.61
2014-11-25, 46.64, 46.93, 46.28, 46.77, 443200.0, 46.77
2014-11-26, 46.75, 47.29, 46.26, 46.26, 610700.0, 46.26
2014-11-28, 46.24, 46.83, 45.99, 46.16, 385400.0, 46.16
2014-12-01, 46.63, 46.63, 45.34, 45.47, 602900.0, 45.47
2014-12-02, 45.47, 46.22, 45.37, 46.06, 503800.0, 46.06
2014-12-03, 45.84, 45.85, 45.46, 45.57, 507800.0, 45.57
2014-12-04, 45.53, 46.49, 45.25, 45.99, 473900.0, 45.99
2014-12-05, 45.89, 46.95, 45.82, 46.62, 465800.0, 46.62
2014-12-08, 46.63, 46.85, 44.93, 45.18, 820100.0, 45.18
2014-12-09, 44.6, 45.38, 44.36, 45.29, 567000.0, 45.29
2014-12-10, 45.09, 45.79, 43.99, 44.01, 724900.0, 44.01
2014-12-11, 44.27, 44.94, 44.14, 44.46, 664700.0, 44.46
2014-12-12, 44.17, 44.57, 43.18, 43.25, 881500.0, 43.25
2014-12-15, 43.47, 43.65, 42.61, 42.65, 661100.0, 42.65
2014-12-16, 42.28, 43.28, 41.91, 42.3, 994000.0, 42.3
2014-12-17, 42.45, 43.62, 42.15, 43.4, 718800.0, 43.4
2014-12-18, 44.13, 45.24, 43.79, 45.17, 997100.0, 45.17
2014-12-19, 45.24, 48.21, 45.02, 47.5, 2148000.0, 47.5
2014-12-22, 47.5, 48.01, 47.21, 47.4, 957000.0, 47.4
2014-12-23, 47.65, 47.68, 46.35, 46.4, 837500.0, 46.4
2014-12-24, 46.32, 47.2, 46.29, 46.31, 530800.0, 46.31
2014-12-26, 46.47, 46.71, 46.34, 46.55, 685700.0, 46.55
2014-12-29, 46.55, 47.49, 46.55, 46.73, 433600.0, 46.73
2014-12-30, 46.56, 46.87, 46.15, 46.55, 377800.0, 46.55
2014-12-31, 46.51, 46.75, 45.84, 46.17, 590900.0, 46.17
2015-01-02, 46.65, 46.65, 45.36, 45.49, 463800.0, 45.49
2015-01-05, 45.22, 45.66, 44.45, 44.74, 548400.0, 44.74
2015-01-06, 46.79, 47.88, 45.66, 46.25, 4632200.0, 46.25
2015-01-07, 46.52, 47.03, 45.92, 46.12, 1033600.0, 46.12
2015-01-08, 47.1, 49.78, 46.69, 49.62, 2372600.0, 49.62
2015-01-09, 49.61, 49.86, 48.44, 48.99, 826600.0, 48.99
2015-01-12, 48.11, 48.38, 46.72, 47.21, 1022200.0, 47.21
2015-01-13, 47.64, 49.05, 47.35, 47.71, 1209400.0, 47.71
2015-01-14, 47.23, 47.41, 46.1, 46.43, 1053100.0, 46.43
2015-01-15, 46.6, 46.9, 46.08, 46.21, 611600.0, 46.21
2015-01-16, 46.12, 46.77, 45.84, 46.65, 713100.0, 46.65
2015-01-20, 46.98, 46.99, 46.02, 46.76, 579000.0, 46.76
2015-01-21, 46.78, 47.69, 46.39, 47.62, 696800.0, 47.62
2015-01-22, 48.01, 49.15, 47.33, 49.03, 863600.0, 49.03
2015-01-23, 48.71, 49.4, 48.43, 48.49, 800300.0, 48.49
2015-01-26, 48.42, 49.36, 48.19, 48.49, 786300.0, 48.49
2015-01-27, 47.39, 48.4, 46.79, 48.05, 558200.0, 48.05
2015-01-28, 47.43, 47.83, 43.55, 43.84, 3192700.0, 43.84
2015-01-29, 43.61, 44.44, 42.31, 44.04, 1254800.0, 44.04
2015-01-30, 43.54, 44.12, 43.07, 43.25, 1031900.0, 43.25
2015-02-02, 43.48, 43.9, 42.5, 43.79, 859500.0, 43.79
2015-02-03, 44.05, 44.93, 43.76, 44.77, 870500.0, 44.77
2015-02-04, 44.35, 44.84, 43.28, 43.44, 1356800.0, 43.44
2015-02-05, 43.46, 44.12, 43.01, 43.97, 1081300.0, 43.97
2015-02-06, 44.33, 44.58, 43.61, 44.19, 1298200.0, 44.19
2015-02-09, 44.17, 45.15, 43.96, 44.24, 993500.0, 44.24
2015-02-10, 44.71, 44.92, 43.65, 44.83, 1589500.0, 44.83
2015-02-11, 41.2, 41.41, 38.7, 40.22, 7263600.0, 40.22
2015-02-12, 40.08, 40.73, 39.6, 40.56, 1666900.0, 40.56
2015-02-13, 40.75, 42.0, 40.62, 41.78, 1172600.0, 41.78
2015-02-17, 41.31, 41.73, 41.1, 41.63, 1006300.0, 41.63
2015-02-18, 41.35, 41.55, 41.05, 41.2, 645000.0, 41.2
2015-02-19, 41.19, 41.41, 40.42, 40.73, 802400.0, 40.73
2015-02-20, 40.42, 40.98, 40.29, 40.89, 489100.0, 40.89
2015-02-23, 40.77, 40.85, 39.94, 40.28, 770500.0, 40.28
2015-02-24, 40.18, 40.54, 40.02, 40.23, 446700.0, 40.23
2015-02-25, 40.08, 40.46, 39.87, 40.15, 689400.0, 40.15
2015-02-26, 40.21, 40.64, 40.13, 40.13, 521400.0, 40.13
2015-02-27, 40.15, 40.63, 40.11, 40.54, 757800.0, 40.54
2015-03-02, 40.49, 41.0, 40.44, 40.9, 346000.0, 40.9
2015-03-03, 40.77, 41.71, 40.73, 41.65, 1098600.0, 41.65
2015-03-04, 41.27, 42.42, 41.2, 42.13, 789000.0, 42.13
2015-03-05, 42.12, 42.28, 40.36, 40.55, 1242000.0, 40.55
2015-03-06, 40.4, 41.13, 40.38, 40.8, 573300.0, 40.8
2015-03-09, 40.95, 41.13, 40.16, 40.35, 424000.0, 40.35
2015-03-10, 39.96, 40.05, 39.14, 39.55, 613100.0, 39.55
2015-03-11, 39.46, 39.94, 39.22, 39.76, 636900.0, 39.76
2015-03-12, 39.8, 40.11, 39.28, 39.5, 641300.0, 39.5
2015-03-13, 39.49, 39.5, 38.57, 38.59, 1023600.0, 38.59
2015-03-16, 38.9, 39.48, 38.62, 38.85, 1004100.0, 38.85
2015-03-17, 38.75, 40.54, 38.75, 40.42, 887300.0, 40.42
2015-03-18, 40.21, 41.21, 39.98, 41.13, 1015500.0, 41.13
2015-03-19, 40.94, 41.39, 40.72, 41.15, 617600.0, 41.15
2015-03-20, 41.33, 41.59, 40.5, 40.52, 1089900.0, 40.52
2015-03-23, 40.52, 40.52, 39.64, 39.66, 845100.0, 39.66
2015-03-24, 39.6, 39.98, 39.17, 39.72, 1036800.0, 39.72
2015-03-25, 39.8, 39.95, 39.05, 39.17, 793400.0, 39.17
2015-03-26, 38.99, 39.11, 38.51, 38.91, 731300.0, 38.91
2015-03-27, 38.88, 39.46, 38.76, 39.44, 629800.0, 39.44
2015-03-30, 39.84, 39.9, 39.06, 39.43, 602800.0, 39.43
2015-03-31, 39.630001, 39.990002, 39.279999, 39.610001, 719500.0, 39.610001
2015-04-01, 39.57, 39.720001, 38.380001, 38.450001, 873500.0, 38.450001
2015-04-02, 38.470001, 39.0, 38.459999, 38.759998, 581700.0, 38.759998
2015-04-06, 38.560001, 38.740002, 38.119999, 38.720001, 1573600.0, 38.720001
2015-04-07, 38.73, 39.099998, 38.560001, 38.75, 596900.0, 38.75
2015-04-08, 38.740002, 39.470001, 38.68, 39.360001, 534300.0, 39.360001
2015-04-09, 39.259998, 39.330002, 38.41, 39.040001, 705700.0, 39.040001
2015-04-10, 39.029999, 39.130001, 38.66, 39.040001, 389600.0, 39.040001
2015-04-13, 38.990002, 39.400002, 38.830002, 38.98, 409500.0, 38.98
2015-04-14, 38.830002, 39.27, 38.369999, 38.990002, 513800.0, 38.990002
2015-04-15, 39.34, 39.900002, 38.709999, 39.810001, 726200.0, 39.810001
2015-04-16, 39.720001, 40.23, 38.950001, 39.779999, 1311500.0, 39.779999
2015-04-17, 39.779999, 40.23, 39.450001, 39.950001, 811400.0, 39.950001
2015-04-20, 40.549999, 40.59, 39.509998, 39.91, 547100.0, 39.91
2015-04-21, 39.98, 40.619999, 39.77, 40.279999, 497000.0, 40.279999
2015-04-22, 40.400002, 40.93, 40.0, 40.77, 614700.0, 40.77
2015-04-23, 40.619999, 41.0, 40.27, 40.84, 522400.0, 40.84
2015-04-24, 40.959999, 41.259998, 40.639999, 40.790001, 546200.0, 40.790001
2015-04-27, 40.59, 41.169998, 40.119999, 40.259998, 670000.0, 40.259998
2015-04-28, 40.150002, 40.369999, 39.630001, 39.970001, 599000.0, 39.970001
2015-04-29, 40.0, 40.720001, 39.950001, 40.509998, 781900.0, 40.509998
2015-04-30, 40.450001, 40.810001, 39.470001, 39.900002, 1651400.0, 39.900002
2015-05-01, 39.970001, 40.869999, 39.84, 40.599998, 859400.0, 40.599998
2015-05-04, 40.599998, 41.150002, 40.5, 40.82, 704100.0, 40.82
2015-05-05, 39.77, 40.400002, 38.900002, 39.810001, 1506100.0, 39.810001
2015-05-06, 39.919998, 40.369999, 39.189999, 39.48, 988000.0, 39.48
2015-05-07, 39.529999, 39.970001, 39.200001, 39.389999, 1473100.0, 39.389999
2015-05-08, 41.700001, 44.279999, 41.639999, 43.419998, 4281000.0, 43.419998
2015-05-11, 42.549999, 43.75, 42.009998, 42.59, 1923700.0, 42.59
2015-05-12, 50.169998, 50.75, 50.049999, 50.52, 3.07428E7, 50.52
2015-05-13, 50.41, 50.82, 50.299999, 50.77, 7132500.0, 50.77
2015-05-14, 50.75, 50.810001, 50.540001, 50.75, 4126200.0, 50.75
2015-05-15, 50.650002, 50.759998, 50.529999, 50.639999, 5785000.0, 50.639999
2015-05-18, 50.580002, 50.650002, 50.32, 50.549999, 3280000.0, 50.549999
2015-05-19, 50.450001, 50.540001, 50.25, 50.25, 3421300.0, 50.25
2015-05-20, 50.25, 50.369999, 50.240002, 50.279999, 3533500.0, 50.279999
2015-05-21, 50.299999, 50.34, 50.220001, 50.259998, 2093200.0, 50.259998
2015-05-22, 50.25, 50.32, 50.220001, 50.259998, 2266200.0, 50.259998
2015-05-26, 50.220001, 50.740002, 50.119999, 50.139999, 3460300.0, 50.139999
2015-05-27, 50.099998, 50.150002, 50.0, 50.0, 2640100.0, 50.0
2015-05-28, 50.040001, 50.099998, 50.0, 50.07, 2373300.0, 50.07
2015-05-29, 50.060001, 50.139999, 50.0, 50.009998, 1251700.0, 50.009998
2015-06-01, 50.009998, 50.080002, 50.0, 50.040001, 1312700.0, 50.040001
2015-06-02, 50.040001, 50.110001, 50.0, 50.080002, 2272200.0, 50.080002
2015-06-03, 50.110001, 50.200001, 50.02, 50.18, 1243400.0, 50.18
2015-06-04, 50.07, 50.07, 50.009998, 50.049999, 1405600.0, 50.049999
2015-06-05, 50.02, 50.099998, 50.02, 50.09, 1259900.0, 50.09
2015-06-08, 50.060001, 50.080002, 50.02, 50.07, 4097900.0, 50.07
2015-06-09, 50.049999, 50.110001, 49.93, 50.0, 2745200.0, 50.0
2015-06-10, 49.919998, 50.07, 49.919998, 50.0, 4477700.0, 50.0
2015-06-11, 50.02, 50.040001, 49.970001, 50.0, 3989000.0, 50.0
2015-06-12, 49.98, 50.009998, 49.950001, 49.990002, 2315000.0, 49.990002
2015-06-15, 49.990002, 50.049999, 49.970001, 50.029999, 3964300.0, 50.029999
2015-06-16, 50.009998, 50.029999, 49.970001, 49.98, 4431500.0, 49.98
2015-06-17, 50.0, 50.02, 49.959999, 49.970001, 3904800.0, 49.970001
2015-06-18, 49.98, 49.990002, 49.93, 49.950001, 2599800.0, 49.950001
2015-06-19, 49.970001, 49.990002, 49.950001, 49.959999, 1539400.0, 49.959999
2015-06-22, 49.970001, 50.02, 49.959999, 49.990002, 3199400.0, 49.990002
2015-06-23, 49.990002, 49.990002, 49.990002, 49.990002, 0.0, 49.990002
2015-06-24, 49.990002, 49.990002, 49.990002, 49.990002, 3200000.0, 49.990002
