2009-09-24, 17.0, 21.14, 16.56, 20.29, 4.11192E7, 20.29
2009-09-25, 19.99, 20.7, 18.52, 19.6, 7938900.0, 19.6
2009-09-28, 20.23, 20.23, 18.39, 18.73, 3073000.0, 18.73
2009-09-29, 18.8, 19.94, 18.12, 19.8, 4228700.0, 19.8
2009-09-30, 20.0, 22.1, 19.55, 21.32, 8174900.0, 21.32
2009-10-01, 22.18, 24.1, 21.5, 22.61, 8747100.0, 22.61
2009-10-02, 22.2, 26.74, 22.07, 25.77, 8785200.0, 25.77
2009-10-05, 27.23, 28.2, 23.06, 23.27, 1.44991E7, 23.27
2009-10-06, 23.87, 24.55, 22.22, 22.58, 9292500.0, 22.58
2009-10-07, 22.66, 23.82, 22.06, 23.32, 2878600.0, 23.32
2009-10-08, 23.87, 24.19, 21.7, 21.99, 3827600.0, 21.99
2009-10-09, 22.2, 22.76, 21.2, 21.3, 3287700.0, 21.3
2009-10-12, 21.84, 22.5, 21.3, 22.0, 2863000.0, 22.0
2009-10-13, 22.25, 23.77, 21.6, 23.4, 4425000.0, 23.4
2009-10-14, 23.88, 24.28, 22.85, 23.6, 4608800.0, 23.6
2009-10-15, 23.49, 24.24, 22.89, 23.06, 2146300.0, 23.06
2009-10-16, 23.3, 23.8, 22.8, 23.52, 1756300.0, 23.52
2009-10-19, 23.88, 24.67, 23.3, 23.63, 3763000.0, 23.63
2009-10-20, 24.18, 24.68, 23.23, 24.52, 5266900.0, 24.52
2009-10-21, 24.5, 25.25, 24.0, 24.33, 3093400.0, 24.33
2009-10-22, 24.39, 24.72, 23.55, 23.89, 1450800.0, 23.89
2009-10-23, 24.1, 24.14, 22.22, 22.38, 2021700.0, 22.38
2009-10-26, 22.86, 22.86, 20.26, 20.57, 3438800.0, 20.57
2009-10-27, 20.5, 20.6, 18.65, 19.0, 5579500.0, 19.0
2009-10-28, 19.22, 19.9, 18.86, 19.31, 3532400.0, 19.31
2009-10-29, 19.7, 20.67, 19.56, 20.22, 2327900.0, 20.22
2009-10-30, 20.28, 20.48, 19.01, 19.66, 2065500.0, 19.66
2009-11-02, 19.84, 20.7, 19.33, 19.54, 1300900.0, 19.54
2009-11-03, 19.16, 19.16, 17.73, 18.38, 3319200.0, 18.38
2009-11-04, 19.0, 19.15, 18.07, 18.13, 1006900.0, 18.13
2009-11-05, 18.51, 18.63, 17.55, 17.65, 1760900.0, 17.65
2009-11-06, 17.5, 17.52, 15.9, 16.64, 4476600.0, 16.64
2009-11-09, 17.05, 18.14, 16.9, 17.85, 2570100.0, 17.85
2009-11-10, 18.14, 18.54, 17.33, 17.98, 2213200.0, 17.98
2009-11-11, 17.59, 18.3, 16.75, 16.88, 3835500.0, 16.88
2009-11-12, 16.98, 17.34, 16.7, 16.95, 1378300.0, 16.95
2009-11-13, 17.14, 17.27, 16.02, 16.14, 2152400.0, 16.14
2009-11-16, 16.2, 16.24, 15.01, 15.05, 3531200.0, 15.05
2009-11-17, 15.0, 16.05, 14.31, 15.97, 3774500.0, 15.97
2009-11-18, 16.0, 16.4, 15.31, 15.45, 2103700.0, 15.45
2009-11-19, 15.5, 15.88, 15.15, 15.23, 1111500.0, 15.23
2009-11-20, 15.06, 15.2, 14.69, 14.7, 1056000.0, 14.7
2009-11-23, 15.04, 15.05, 14.5, 14.53, 886800.0, 14.53
2009-11-24, 14.5, 17.49, 14.48, 17.09, 8448100.0, 17.09
2009-11-25, 16.86, 17.69, 16.05, 16.22, 6360700.0, 16.22
2009-11-26, 16.22, 16.22, 16.22, 16.22, 0.0, 16.22
2009-11-27, 15.46, 16.79, 15.25, 15.88, 1808200.0, 15.88
2009-11-30, 16.18, 16.59, 15.81, 16.15, 1329100.0, 16.15
2009-12-01, 16.29, 17.46, 16.15, 16.72, 3176300.0, 16.72
2009-12-02, 17.04, 18.73, 16.72, 17.76, 5575300.0, 17.76
2009-12-03, 18.01, 18.6, 17.68, 17.85, 2629700.0, 17.85
2009-12-04, 18.17, 18.5, 17.0, 17.18, 1756200.0, 17.18
2009-12-07, 17.53, 17.86, 17.03, 17.56, 1084600.0, 17.56
2009-12-08, 17.57, 19.05, 17.2, 18.14, 3270600.0, 18.14
2009-12-09, 18.53, 19.09, 18.05, 18.91, 1921300.0, 18.91
2009-12-10, 19.3, 19.56, 18.82, 18.93, 1582000.0, 18.93
2009-12-11, 19.13, 19.13, 17.85, 18.25, 1421000.0, 18.25
2009-12-14, 18.36, 18.38, 17.56, 17.88, 879400.0, 17.88
2009-12-15, 17.72, 18.7, 17.35, 18.16, 1314100.0, 18.16
2009-12-16, 18.35, 18.97, 18.07, 18.32, 1640900.0, 18.32
2009-12-17, 18.78, 20.5, 18.6, 19.4, 7190100.0, 19.4
2009-12-18, 19.32, 20.5, 19.19, 19.91, 5554000.0, 19.91
2009-12-21, 20.14, 20.44, 19.76, 20.11, 1317700.0, 20.11
2009-12-22, 20.13, 20.25, 19.45, 19.6, 791800.0, 19.6
2009-12-23, 19.57, 19.65, 19.2, 19.33, 729000.0, 19.33
2009-12-24, 19.4, 21.1, 19.4, 21.07, 2351900.0, 21.07
2009-12-25, 21.07, 21.07, 21.07, 21.07, 0.0, 21.07
2009-12-28, 20.95, 21.54, 20.62, 20.87, 1833700.0, 20.87
2009-12-29, 21.06, 22.78, 21.05, 22.46, 3471500.0, 22.46
2009-12-30, 22.01, 23.0, 21.75, 22.84, 4625400.0, 22.84
2009-12-31, 23.09, 23.46, 22.32, 22.44, 1298200.0, 22.44
2010-01-01, 22.44, 22.44, 22.44, 22.44, 0.0, 22.44
2010-01-04, 23.01, 23.1, 22.16, 22.8, 1373700.0, 22.8
2010-01-05, 22.58, 22.88, 22.1, 22.39, 1038800.0, 22.39
2010-01-06, 22.37, 23.39, 21.56, 22.36, 3198900.0, 22.36
2010-01-07, 22.5, 23.07, 21.83, 22.16, 1418700.0, 22.16
2010-01-08, 21.92, 22.0, 21.12, 21.51, 1407800.0, 21.51
2010-01-11, 21.55, 21.68, 20.56, 20.7, 1574600.0, 20.7
2010-01-12, 20.45, 21.35, 20.1, 20.81, 1297800.0, 20.81
2010-01-13, 20.99, 21.0, 19.42, 20.05, 1554800.0, 20.05
2010-01-14, 21.79, 22.65, 20.35, 20.4, 6513700.0, 20.4
2010-01-15, 20.51, 21.24, 20.28, 20.85, 1712200.0, 20.85
2010-01-18, 20.85, 20.85, 20.85, 20.85, 0.0, 20.85
2010-01-19, 20.77, 20.85, 20.3, 20.46, 870800.0, 20.46
2010-01-20, 20.4, 20.44, 19.6, 20.0, 1189400.0, 20.0
2010-01-21, 19.92, 20.09, 18.92, 19.02, 1539100.0, 19.02
2010-01-22, 18.8, 19.02, 17.73, 17.86, 1421700.0, 17.86
2010-01-25, 17.97, 18.27, 17.33, 17.43, 1266200.0, 17.43
2010-01-26, 17.5, 17.78, 17.23, 17.26, 767700.0, 17.26
2010-01-27, 17.19, 17.35, 16.56, 16.99, 1503400.0, 16.99
2010-01-28, 17.29, 17.37, 16.57, 16.6, 850400.0, 16.6
2010-01-29, 16.75, 17.48, 15.94, 15.98, 1329600.0, 15.98
2010-02-01, 16.09, 16.25, 15.8, 16.1, 1038000.0, 16.1
2010-02-02, 16.45, 17.91, 16.27, 17.89, 2776900.0, 17.89
2010-02-03, 17.73, 17.8, 17.26, 17.57, 791400.0, 17.57
2010-02-04, 17.39, 17.39, 15.92, 15.98, 1435500.0, 15.98
2010-02-05, 16.06, 16.68, 15.8, 16.66, 1280200.0, 16.66
2010-02-08, 16.61, 17.1, 16.11, 16.16, 538100.0, 16.16
2010-02-09, 16.59, 17.12, 16.4, 16.83, 838100.0, 16.83
2010-02-10, 17.0, 17.0, 16.5, 16.76, 321600.0, 16.76
2010-02-11, 16.69, 17.34, 16.63, 17.0, 605300.0, 17.0
2010-02-12, 16.91, 17.07, 16.45, 17.0, 451000.0, 17.0
2010-02-15, 17.0, 17.0, 17.0, 17.0, 0.0, 17.0
2010-02-16, 17.45, 17.79, 17.21, 17.48, 728200.0, 17.48
2010-02-17, 17.74, 18.35, 17.5, 17.9, 1520000.0, 17.9
2010-02-18, 17.86, 17.92, 17.4, 17.9, 618500.0, 17.9
2010-02-19, 17.54, 17.74, 17.27, 17.29, 458400.0, 17.29
2010-02-22, 17.44, 17.58, 16.43, 16.8, 942200.0, 16.8
2010-02-23, 16.79, 16.83, 16.3, 16.44, 561500.0, 16.44
2010-02-24, 16.42, 17.15, 16.26, 16.81, 813600.0, 16.81
2010-02-25, 16.43, 16.78, 16.15, 16.59, 621400.0, 16.59
2010-02-26, 16.68, 16.75, 16.3, 16.47, 355400.0, 16.47
2010-03-01, 16.56, 17.16, 16.52, 16.87, 976600.0, 16.87
2010-03-02, 17.24, 17.25, 16.67, 16.88, 588500.0, 16.88
2010-03-03, 16.85, 17.83, 16.7, 17.5, 1281700.0, 17.5
2010-03-04, 17.75, 17.94, 16.85, 16.86, 1007100.0, 16.86
2010-03-05, 17.0, 17.25, 16.45, 16.56, 1186400.0, 16.56
2010-03-08, 16.76, 16.85, 16.37, 16.75, 843200.0, 16.75
2010-03-09, 16.6, 17.23, 16.4, 16.75, 1202300.0, 16.75
2010-03-10, 16.85, 17.16, 16.21, 16.29, 2487200.0, 16.29
2010-03-11, 16.39, 16.41, 15.51, 15.9, 2533800.0, 15.9
2010-03-12, 16.09, 16.84, 15.97, 16.18, 3772400.0, 16.18
2010-03-15, 16.24, 16.24, 15.21, 15.36, 2779300.0, 15.36
2010-03-16, 15.53, 15.59, 14.93, 15.05, 1840500.0, 15.05
2010-03-17, 15.18, 15.25, 14.68, 14.74, 2454400.0, 14.74
2010-03-18, 14.85, 15.1, 14.68, 14.75, 1454600.0, 14.75
2010-03-19, 14.85, 14.86, 14.04, 14.3, 2085400.0, 14.3
2010-03-22, 14.11, 14.72, 13.66, 14.64, 3708000.0, 14.64
2010-03-23, 14.71, 15.4, 14.58, 15.39, 2689100.0, 15.39
2010-03-24, 15.43, 15.55, 14.97, 15.24, 2197100.0, 15.24
2010-03-25, 15.41, 15.48, 14.94, 15.03, 993300.0, 15.03
2010-03-26, 15.04, 15.22, 14.32, 14.83, 1921000.0, 14.83
2010-03-29, 14.57, 14.57, 13.8, 13.88, 4820500.0, 13.88
2010-03-30, 13.93, 13.95, 13.24, 13.64, 3597300.0, 13.64
2010-03-31, 13.48, 14.09, 13.33, 13.74, 2017000.0, 13.74
2010-04-01, 13.89, 14.15, 13.66, 13.67, 1634800.0, 13.67
2010-04-02, 13.67, 13.67, 13.67, 13.67, 0.0, 13.67
2010-04-05, 13.8, 13.84, 13.33, 13.36, 1808900.0, 13.36
2010-04-06, 13.51, 13.65, 13.36, 13.54, 1997200.0, 13.54
2010-04-07, 13.49, 14.07, 13.39, 14.05, 3289900.0, 14.05
2010-04-08, 13.98, 14.14, 13.55, 13.61, 2307300.0, 13.61
2010-04-09, 13.65, 14.1, 13.55, 13.66, 2549000.0, 13.66
2010-04-12, 13.95, 14.35, 13.73, 13.84, 2857500.0, 13.84
2010-04-13, 14.5, 14.79, 14.32, 14.61, 5558900.0, 14.61
2010-04-14, 14.84, 14.96, 14.14, 14.26, 2748400.0, 14.26
2010-04-15, 14.38, 14.49, 14.16, 14.22, 1358700.0, 14.22
2010-04-16, 14.22, 14.4, 13.62, 13.97, 2507700.0, 13.97
2010-04-19, 13.73, 13.88, 13.6, 13.7, 1300600.0, 13.7
2010-04-20, 13.74, 13.83, 13.33, 13.4, 2012900.0, 13.4
2010-04-21, 13.4, 13.44, 13.02, 13.02, 2469600.0, 13.02
2010-04-22, 13.0, 13.02, 12.35, 12.73, 2942000.0, 12.73
2010-04-23, 12.63, 13.16, 12.33, 12.83, 2938600.0, 12.83
2010-04-26, 13.0, 13.25, 12.9, 12.98, 2098600.0, 12.98
2010-04-27, 13.05, 13.1, 12.65, 12.97, 2123400.0, 12.97
2010-04-28, 13.02, 13.16, 12.45, 12.46, 1357700.0, 12.46
2010-04-29, 12.58, 12.9, 12.35, 12.52, 1886800.0, 12.52
2010-04-30, 12.65, 13.35, 12.25, 12.45, 4649700.0, 12.45
2010-05-03, 12.54, 12.58, 12.27, 12.51, 1401800.0, 12.51
2010-05-04, 12.4, 12.5, 11.87, 11.89, 1654800.0, 11.89
2010-05-05, 11.72, 11.72, 10.82, 11.2, 3011100.0, 11.2
2010-05-06, 11.08, 11.19, 8.1, 10.02, 4395300.0, 10.02
2010-05-07, 10.02, 10.02, 9.39, 9.63, 3156400.0, 9.63
2010-05-10, 10.28, 10.5, 9.63, 9.7, 1884300.0, 9.7
2010-05-11, 9.7, 10.44, 9.55, 10.16, 3110000.0, 10.16
2010-05-12, 10.22, 10.25, 9.36, 10.16, 6326600.0, 10.16
2010-05-13, 10.05, 10.65, 9.83, 10.33, 3882500.0, 10.33
2010-05-14, 10.13, 11.5, 9.95, 11.46, 3856800.0, 11.46
2010-05-17, 11.09, 11.25, 10.46, 10.63, 2969300.0, 10.63
2010-05-18, 10.96, 11.02, 10.06, 10.11, 1996400.0, 10.11
2010-05-19, 10.05, 10.16, 9.8, 10.0, 1855500.0, 10.0
2010-05-20, 9.79, 9.83, 9.4, 9.46, 1740700.0, 9.46
2010-05-21, 9.3, 9.47, 9.05, 9.09, 2330000.0, 9.09
2010-05-24, 9.06, 9.15, 8.82, 8.85, 1541100.0, 8.85
2010-05-25, 8.47, 8.48, 8.21, 8.46, 2048100.0, 8.46
2010-05-26, 8.68, 9.55, 8.67, 9.42, 4872200.0, 9.42
2010-05-27, 9.7, 9.73, 9.05, 9.29, 2519100.0, 9.29
2010-05-28, 9.39, 9.39, 9.04, 9.1, 1266200.0, 9.1
2010-05-31, 9.1, 9.1, 9.1, 9.1, 0.0, 9.1
2010-06-01, 9.1, 9.15, 8.8, 8.81, 1312300.0, 8.81
2010-06-02, 8.95, 9.35, 8.77, 9.35, 2042000.0, 9.35
2010-06-03, 9.47, 9.5, 8.96, 9.08, 1316500.0, 9.08
2010-06-04, 8.9, 8.95, 8.43, 8.53, 1763500.0, 8.53
2010-06-07, 8.6, 8.7, 8.0, 8.01, 1698100.0, 8.01
2010-06-08, 8.39, 8.63, 7.91, 7.96, 2968300.0, 7.96
2010-06-09, 8.11, 8.17, 7.55, 7.59, 2074500.0, 7.59
2010-06-10, 7.82, 8.08, 7.5, 8.06, 2795500.0, 8.06
2010-06-11, 7.91, 8.04, 7.81, 8.01, 1282300.0, 8.01
2010-06-14, 8.11, 8.29, 8.03, 8.15, 1559200.0, 8.15
2010-06-15, 8.24, 9.02, 8.21, 8.93, 6160400.0, 8.93
2010-06-16, 8.95, 8.98, 8.6, 8.79, 1666300.0, 8.79
2010-06-17, 8.86, 8.92, 8.41, 8.79, 1731200.0, 8.79
2010-06-18, 8.79, 8.94, 8.66, 8.75, 1704100.0, 8.75
2010-06-21, 8.98, 9.18, 8.52, 8.57, 1658400.0, 8.57
2010-06-22, 8.87, 9.08, 8.66, 8.76, 3178000.0, 8.76
2010-06-23, 8.83, 9.46, 8.61, 9.35, 4337600.0, 9.35
2010-06-24, 9.28, 9.65, 9.01, 9.19, 3539500.0, 9.19
2010-06-25, 9.2, 9.68, 9.1, 9.67, 1.01211E7, 9.67
2010-06-28, 9.65, 10.05, 9.37, 9.88, 4083600.0, 9.88
2010-06-29, 9.71, 9.75, 9.16, 9.19, 3954200.0, 9.19
2010-06-30, 9.24, 9.79, 9.22, 9.43, 2265400.0, 9.43
2010-07-01, 9.34, 9.41, 8.45, 9.12, 2181500.0, 9.12
2010-07-02, 9.11, 9.19, 8.47, 8.68, 1462700.0, 8.68
2010-07-05, 8.68, 8.68, 8.68, 8.68, 0.0, 8.68
2010-07-06, 8.82, 8.99, 8.43, 8.46, 1332800.0, 8.46
2010-07-07, 8.47, 8.6, 8.27, 8.43, 1373900.0, 8.43
2010-07-08, 8.68, 8.77, 8.46, 8.74, 1430000.0, 8.74
2010-07-09, 8.88, 9.35, 8.81, 9.31, 1818900.0, 9.31
2010-07-12, 9.44, 9.44, 8.69, 8.72, 1504800.0, 8.72
2010-07-13, 8.82, 9.05, 8.68, 8.96, 1851000.0, 8.96
2010-07-14, 9.0, 9.36, 8.76, 9.1, 1763400.0, 9.1
2010-07-15, 9.1, 9.65, 9.02, 9.43, 3385600.0, 9.43
2010-07-16, 9.43, 9.47, 8.9, 8.96, 1843100.0, 8.96
2010-07-19, 9.02, 9.28, 8.93, 9.04, 1491900.0, 9.04
2010-07-20, 8.89, 8.92, 8.7, 8.81, 1474000.0, 8.81
2010-07-21, 8.9, 8.92, 8.5, 8.55, 1142200.0, 8.55
2010-07-22, 8.65, 8.89, 8.6, 8.7, 1003000.0, 8.7
2010-07-23, 8.71, 9.44, 8.71, 9.42, 1861000.0, 9.42
2010-07-26, 9.71, 10.98, 9.71, 10.7, 5792500.0, 10.7
2010-07-27, 10.89, 11.15, 10.4, 11.0, 3325900.0, 11.0
2010-07-28, 11.08, 11.48, 10.68, 10.83, 2423000.0, 10.83
2010-07-29, 10.96, 11.05, 10.26, 10.41, 1321300.0, 10.41
2010-07-30, 10.29, 11.11, 10.0, 10.78, 2858200.0, 10.78
2010-08-02, 11.0, 11.04, 10.45, 10.55, 1400300.0, 10.55
2010-08-03, 10.47, 11.08, 10.4, 10.71, 2234800.0, 10.71
2010-08-04, 10.87, 10.93, 10.61, 10.89, 1078100.0, 10.89
2010-08-05, 10.83, 11.53, 10.76, 10.91, 3585600.0, 10.91
2010-08-06, 10.78, 11.09, 10.5, 10.68, 1709100.0, 10.68
2010-08-09, 10.77, 11.0, 10.7, 10.86, 1068800.0, 10.86
2010-08-10, 10.69, 10.72, 10.38, 10.44, 1674400.0, 10.44
2010-08-11, 9.66, 9.7, 8.48, 8.53, 6037200.0, 8.53
2010-08-12, 8.46, 8.48, 8.05, 8.08, 2734500.0, 8.08
2010-08-13, 8.22, 8.28, 7.6, 7.63, 3995200.0, 7.63
2010-08-16, 7.63, 7.76, 7.13, 7.18, 3774400.0, 7.18
2010-08-17, 7.36, 7.48, 7.2, 7.37, 2418000.0, 7.37
2010-08-18, 7.4, 7.53, 7.25, 7.43, 1434200.0, 7.43
2010-08-19, 7.45, 7.49, 7.12, 7.15, 1856300.0, 7.15
2010-08-20, 7.15, 7.2, 6.89, 6.99, 1717700.0, 6.99
2010-08-23, 7.06, 7.09, 6.51, 6.8, 2917000.0, 6.8
2010-08-24, 6.66, 6.72, 6.5, 6.54, 2225400.0, 6.54
2010-08-25, 6.5, 6.95, 6.32, 6.84, 2885900.0, 6.84
2010-08-26, 6.9, 7.05, 6.55, 6.56, 1659700.0, 6.56
2010-08-27, 6.67, 6.76, 6.41, 6.75, 1292200.0, 6.75
2010-08-30, 6.75, 7.14, 6.61, 6.89, 2611700.0, 6.89
2010-08-31, 6.9, 6.94, 6.52, 6.57, 1789400.0, 6.57
2010-09-01, 6.7, 7.14, 6.69, 7.12, 2567400.0, 7.12
2010-09-02, 7.13, 7.44, 7.02, 7.32, 2018000.0, 7.32
2010-09-03, 7.5, 7.77, 7.5, 7.66, 2173900.0, 7.66
2010-09-06, 7.66, 7.66, 7.66, 7.66, 0.0, 7.66
2010-09-07, 7.69, 8.06, 7.53, 7.73, 1544000.0, 7.73
2010-09-08, 7.73, 8.05, 7.29, 7.38, 2152500.0, 7.38
2010-09-09, 7.52, 7.7, 7.39, 7.57, 1264400.0, 7.57
2010-09-10, 7.57, 7.65, 7.31, 7.36, 1095900.0, 7.36
2010-09-13, 8.2, 8.29, 7.89, 8.01, 6081300.0, 8.01
2010-09-14, 8.2, 8.23, 8.01, 8.17, 2118900.0, 8.17
2010-09-15, 8.09, 8.12, 7.96, 8.05, 1332700.0, 8.05
2010-09-16, 8.0, 8.88, 7.98, 8.79, 4329300.0, 8.79
2010-09-17, 9.08, 9.54, 8.9, 9.17, 5607500.0, 9.17
2010-09-20, 9.31, 9.57, 9.25, 9.45, 3191200.0, 9.45
2010-09-21, 9.5, 9.8, 9.11, 9.18, 4103500.0, 9.18
2010-09-22, 9.14, 9.34, 8.67, 8.83, 2946400.0, 8.83
2010-09-23, 8.6, 9.15, 8.4, 8.83, 2494900.0, 8.83
2010-09-24, 9.14, 9.36, 9.07, 9.36, 2465800.0, 9.36
2010-09-27, 9.39, 9.57, 9.25, 9.41, 2181500.0, 9.41
2010-09-28, 9.5, 9.65, 9.27, 9.42, 1983200.0, 9.42
2010-09-29, 9.42, 9.63, 9.16, 9.34, 2118500.0, 9.34
2010-09-30, 9.31, 9.42, 8.9, 8.97, 2314600.0, 8.97
2010-10-01, 8.94, 9.11, 8.82, 8.83, 1615900.0, 8.83
2010-10-04, 8.8, 8.89, 8.57, 8.69, 1040200.0, 8.69
2010-10-05, 8.78, 9.04, 8.57, 8.94, 1546400.0, 8.94
2010-10-06, 8.92, 9.01, 8.57, 8.64, 1639800.0, 8.64
2010-10-07, 8.68, 8.74, 8.46, 8.46, 1161000.0, 8.46
2010-10-08, 8.46, 8.65, 8.4, 8.58, 1007800.0, 8.58
2010-10-11, 8.69, 9.13, 8.53, 8.97, 1765300.0, 8.97
2010-10-12, 8.95, 9.33, 8.88, 9.17, 1522300.0, 9.17
2010-10-13, 9.35, 9.53, 9.18, 9.37, 1942700.0, 9.37
2010-10-14, 9.37, 9.38, 8.94, 9.01, 1388800.0, 9.01
2010-10-15, 9.16, 9.16, 8.72, 9.0, 1125400.0, 9.0
2010-10-18, 8.9, 9.48, 8.82, 9.29, 1437300.0, 9.29
2010-10-19, 9.16, 9.58, 9.01, 9.29, 2174400.0, 9.29
2010-10-20, 9.31, 9.39, 9.15, 9.21, 883400.0, 9.21
2010-10-21, 9.29, 9.35, 9.0, 9.08, 923200.0, 9.08
2010-10-22, 9.09, 9.2, 9.05, 9.19, 629200.0, 9.19
2010-10-25, 9.28, 9.79, 9.19, 9.71, 2474100.0, 9.71
2010-10-26, 9.75, 10.42, 9.7, 10.19, 4686500.0, 10.19
2010-10-27, 10.09, 10.15, 9.84, 9.9, 1523300.0, 9.9
2010-10-28, 10.0, 10.0, 9.54, 9.67, 1474800.0, 9.67
2010-10-29, 9.75, 9.99, 9.7, 9.72, 937400.0, 9.72
2010-11-01, 9.8, 10.4, 9.53, 9.56, 2815500.0, 9.56
2010-11-02, 9.7, 9.73, 9.0, 9.08, 3242600.0, 9.08
2010-11-03, 9.22, 9.34, 9.03, 9.13, 1933600.0, 9.13
2010-11-04, 9.28, 9.5, 9.06, 9.28, 2055800.0, 9.28
2010-11-05, 9.31, 9.98, 9.29, 9.96, 2475200.0, 9.96
2010-11-08, 10.01, 10.01, 9.71, 9.91, 2458500.0, 9.91
2010-11-09, 10.1, 10.2, 9.75, 9.94, 3414300.0, 9.94
2010-11-10, 9.04, 9.16, 8.5, 8.51, 6384800.0, 8.51
2010-11-11, 8.63, 8.85, 8.5, 8.65, 2109500.0, 8.65
2010-11-12, 8.6, 9.28, 8.58, 9.05, 3139200.0, 9.05
2010-11-15, 9.11, 9.23, 8.94, 9.0, 1527300.0, 9.0
2010-11-16, 8.93, 9.09, 8.58, 8.66, 1655200.0, 8.66
2010-11-17, 8.83, 8.83, 8.5, 8.51, 1046000.0, 8.51
2010-11-18, 8.6, 8.91, 8.56, 8.85, 1269000.0, 8.85
2010-11-19, 8.85, 9.03, 8.83, 8.91, 920400.0, 8.91
2010-11-22, 9.03, 9.24, 8.91, 9.19, 2011400.0, 9.19
2010-11-23, 9.15, 9.16, 8.93, 9.0, 1305100.0, 9.0
2010-11-24, 9.0, 9.08, 8.83, 9.01, 1270200.0, 9.01
2010-11-26, 8.95, 8.95, 8.7, 8.71, 658300.0, 8.71
2010-11-29, 8.52, 8.6, 7.85, 7.89, 4266200.0, 7.89
2010-11-30, 7.83, 7.85, 7.63, 7.7, 1949700.0, 7.7
2010-12-01, 7.87, 8.01, 7.83, 7.96, 1213400.0, 7.96
2010-12-02, 7.95, 8.47, 7.91, 8.45, 2173900.0, 8.45
2010-12-03, 8.34, 8.62, 8.3, 8.54, 874800.0, 8.54
2010-12-06, 8.5, 8.88, 8.41, 8.8, 1184300.0, 8.8
2010-12-07, 8.97, 9.0, 8.68, 8.7, 1446600.0, 8.7
2010-12-08, 8.78, 8.95, 8.66, 8.71, 1038900.0, 8.71
2010-12-09, 8.7, 8.92, 8.7, 8.9, 1115800.0, 8.9
2010-12-10, 8.93, 9.27, 8.8, 9.27, 1654300.0, 9.27
2010-12-13, 9.25, 9.49, 9.2, 9.31, 1156500.0, 9.31
2010-12-14, 9.28, 9.44, 9.27, 9.28, 1035000.0, 9.28
2010-12-15, 9.19, 9.27, 9.02, 9.04, 1278800.0, 9.04
2010-12-16, 9.02, 9.04, 8.62, 8.91, 1691100.0, 8.91
2010-12-17, 8.89, 9.19, 8.84, 9.0, 2132700.0, 9.0
2010-12-20, 9.0, 9.31, 8.92, 9.15, 1895400.0, 9.15
2010-12-21, 9.2, 9.5, 9.18, 9.44, 1745400.0, 9.44
2010-12-22, 9.43, 9.95, 9.36, 9.71, 1588200.0, 9.71
2010-12-23, 9.66, 9.9, 9.52, 9.57, 898700.0, 9.57
2010-12-27, 9.5, 9.77, 9.38, 9.71, 769800.0, 9.71
2010-12-28, 9.8, 9.94, 9.7, 9.88, 1332300.0, 9.88
2010-12-29, 9.95, 10.0, 9.63, 9.8, 1496100.0, 9.8
2010-12-30, 9.73, 9.8, 9.52, 9.73, 1581100.0, 9.73
2010-12-31, 9.67, 9.77, 9.46, 9.54, 732700.0, 9.54
2011-01-03, 9.62, 9.95, 9.59, 9.86, 1294500.0, 9.86
2011-01-04, 10.0, 10.1, 9.37, 9.37, 1781800.0, 9.37
2011-01-05, 9.38, 9.7, 9.2, 9.63, 1046600.0, 9.63
2011-01-06, 9.68, 9.95, 9.65, 9.71, 1257400.0, 9.71
2011-01-07, 9.56, 9.72, 9.45, 9.63, 1160100.0, 9.63
2011-01-10, 9.55, 9.75, 9.38, 9.73, 689300.0, 9.73
2011-01-11, 9.86, 10.2, 9.58, 10.0, 2196400.0, 10.0
2011-01-12, 10.1, 10.83, 9.94, 10.77, 4537600.0, 10.77
2011-01-13, 10.99, 10.99, 10.26, 10.35, 2522200.0, 10.35
2011-01-14, 10.49, 10.75, 10.22, 10.5, 1555500.0, 10.5
2011-01-18, 10.62, 10.85, 10.5, 10.51, 1402600.0, 10.51
2011-01-19, 10.6, 10.69, 9.72, 9.91, 2314600.0, 9.91
2011-01-20, 9.8, 9.8, 9.26, 9.32, 2103900.0, 9.32
2011-01-21, 9.42, 9.58, 9.16, 9.17, 1603600.0, 9.17
2011-01-24, 9.2, 9.64, 9.1, 9.48, 1077900.0, 9.48
2011-01-25, 9.4, 9.57, 9.27, 9.43, 944600.0, 9.43
2011-01-26, 9.5, 9.66, 9.32, 9.6, 943600.0, 9.6
2011-01-27, 9.72, 9.84, 9.29, 9.36, 1394600.0, 9.36
2011-01-28, 9.41, 9.47, 8.95, 8.95, 1266700.0, 8.95
2011-01-31, 9.03, 9.11, 8.75, 9.06, 1040800.0, 9.06
2011-02-01, 9.09, 9.2, 8.96, 9.11, 728600.0, 9.11
2011-02-02, 9.11, 9.54, 9.07, 9.33, 1492500.0, 9.33
2011-02-03, 9.43, 9.47, 9.0, 9.28, 1135800.0, 9.28
2011-02-04, 9.24, 9.24, 9.0, 9.01, 743400.0, 9.01
2011-02-07, 9.27, 9.5, 9.2, 9.31, 1504700.0, 9.31
2011-02-08, 9.3, 10.08, 9.25, 9.92, 3338500.0, 9.92
2011-02-09, 9.91, 10.0, 9.51, 9.73, 1428100.0, 9.73
2011-02-10, 9.67, 9.71, 9.52, 9.61, 642100.0, 9.61
2011-02-11, 9.6, 9.76, 9.51, 9.71, 643300.0, 9.71
2011-02-14, 9.67, 10.01, 9.65, 9.8, 1345200.0, 9.8
2011-02-15, 9.75, 10.0, 9.72, 9.74, 679500.0, 9.74
2011-02-16, 9.9, 9.96, 9.78, 9.95, 693000.0, 9.95
2011-02-17, 9.95, 10.03, 9.68, 9.88, 965600.0, 9.88
2011-02-18, 9.96, 9.98, 9.74, 9.75, 627000.0, 9.75
2011-02-22, 9.74, 9.74, 9.11, 9.12, 1556300.0, 9.12
2011-02-23, 9.16, 9.22, 8.95, 9.03, 947100.0, 9.03
2011-02-24, 9.1, 9.7, 9.0, 9.66, 1636800.0, 9.66
2011-02-25, 9.69, 9.88, 9.53, 9.54, 965300.0, 9.54
2011-02-28, 9.58, 9.66, 9.3, 9.48, 1072200.0, 9.48
2011-03-01, 9.49, 9.66, 8.43, 8.44, 5520500.0, 8.44
2011-03-02, 8.53, 8.68, 8.16, 8.17, 2731500.0, 8.17
2011-03-03, 8.45, 8.83, 8.25, 8.73, 2320300.0, 8.73
2011-03-04, 8.7, 8.7, 8.19, 8.34, 2044400.0, 8.34
2011-03-07, 8.35, 8.62, 8.05, 8.1, 1807000.0, 8.1
2011-03-08, 8.1, 8.41, 8.1, 8.3, 1273200.0, 8.3
2011-03-09, 8.25, 8.39, 8.03, 8.23, 1896600.0, 8.23
2011-03-10, 8.06, 8.13, 8.0, 8.0, 1455900.0, 8.0
2011-03-11, 7.97, 8.2, 7.97, 8.11, 1371200.0, 8.11
2011-03-14, 8.03, 8.26, 7.92, 7.98, 1117500.0, 7.98
2011-03-15, 7.75, 7.92, 7.55, 7.92, 1326700.0, 7.92
2011-03-16, 7.95, 8.0, 7.68, 7.69, 1380200.0, 7.69
2011-03-17, 7.9, 7.96, 7.61, 7.69, 940800.0, 7.69
2011-03-18, 7.84, 7.9, 7.68, 7.87, 1057700.0, 7.87
2011-03-21, 8.02, 8.08, 7.8, 7.97, 1162500.0, 7.97
2011-03-22, 8.0, 8.01, 7.86, 7.93, 970200.0, 7.93
2011-03-23, 7.87, 7.9, 7.65, 7.86, 1135600.0, 7.86
2011-03-24, 7.88, 7.95, 7.78, 7.83, 1019300.0, 7.83
2011-03-25, 7.86, 7.93, 7.68, 7.76, 1016200.0, 7.76
2011-03-28, 7.76, 7.87, 7.69, 7.82, 1071500.0, 7.82
2011-03-29, 7.33, 7.33, 6.65, 6.77, 5890600.0, 6.77
2011-03-30, 6.77, 7.09, 6.68, 6.95, 3441000.0, 6.95
2011-03-31, 6.98, 6.98, 6.27, 6.35, 7301500.0, 6.35
2011-04-01, 6.2, 6.21, 5.91, 6.12, 1.93386E7, 6.12
2011-04-04, 6.17, 6.2, 6.0, 6.02, 4083800.0, 6.02
2011-04-05, 6.0, 6.04, 5.9, 6.02, 5305000.0, 6.02
2011-04-06, 6.08, 6.08, 5.87, 5.9, 4639700.0, 5.9
2011-04-07, 5.93, 5.95, 5.82, 5.82, 4601500.0, 5.82
2011-04-08, 5.85, 5.86, 5.33, 5.55, 1.03888E7, 5.55
2011-04-11, 5.69, 5.84, 5.54, 5.56, 5111700.0, 5.56
2011-04-12, 5.52, 5.54, 5.27, 5.32, 4160900.0, 5.32
2011-04-13, 5.38, 5.49, 5.25, 5.29, 2651600.0, 5.29
2011-04-14, 5.31, 5.59, 5.21, 5.54, 3444100.0, 5.54
2011-04-15, 5.53, 5.55, 5.36, 5.51, 3693800.0, 5.51
2011-04-18, 5.85, 6.25, 5.76, 6.13, 1.35114E7, 6.13
2011-04-19, 6.13, 6.2, 5.8, 5.89, 6455200.0, 5.89
2011-04-20, 6.01, 6.04, 5.65, 5.88, 4436600.0, 5.88
2011-04-21, 5.99, 6.08, 5.85, 6.05, 2991700.0, 6.05
2011-04-25, 6.09, 6.39, 6.02, 6.1, 5748900.0, 6.1
2011-04-26, 6.19, 6.19, 6.01, 6.02, 3317500.0, 6.02
2011-04-27, 6.02, 6.09, 5.85, 6.09, 3171400.0, 6.09
2011-04-28, 6.06, 6.07, 5.95, 5.99, 1805200.0, 5.99
2011-04-29, 6.01, 6.07, 5.93, 6.04, 3506000.0, 6.04
2011-05-02, 6.07, 6.07, 5.88, 5.92, 2708000.0, 5.92
2011-05-03, 5.89, 5.93, 5.67, 5.82, 3085000.0, 5.82
2011-05-04, 5.75, 5.78, 5.54, 5.63, 3652400.0, 5.63
2011-05-05, 5.5, 5.84, 5.5, 5.68, 3129000.0, 5.68
2011-05-06, 5.79, 5.83, 5.65, 5.74, 2696000.0, 5.74
2011-05-09, 5.81, 5.89, 5.72, 5.89, 2721700.0, 5.89
2011-05-10, 5.85, 6.17, 5.75, 6.12, 8148200.0, 6.12
2011-05-11, 6.12, 6.25, 5.93, 6.02, 5971400.0, 6.02
2011-05-12, 6.0, 6.12, 5.9, 6.06, 2611500.0, 6.06
2011-05-13, 6.1, 6.1, 5.92, 5.93, 2408700.0, 5.93
2011-05-16, 5.95, 5.99, 5.64, 5.68, 2640000.0, 5.68
2011-05-17, 5.91, 5.99, 5.74, 5.89, 4717000.0, 5.89
2011-05-18, 5.92, 5.95, 5.78, 5.88, 2217100.0, 5.88
2011-05-19, 5.9, 5.97, 5.72, 5.82, 2830800.0, 5.82
2011-05-20, 5.79, 5.89, 5.6, 5.66, 2189300.0, 5.66
2011-05-23, 5.54, 5.6, 5.38, 5.42, 2527000.0, 5.42
2011-05-24, 5.5, 5.64, 5.42, 5.47, 2042700.0, 5.47
2011-05-25, 5.48, 5.76, 5.46, 5.6, 2938200.0, 5.6
2011-05-26, 5.62, 5.96, 5.6, 5.94, 3306000.0, 5.94
2011-05-27, 5.95, 6.05, 5.83, 6.02, 2000200.0, 6.02
2011-05-31, 6.1, 6.2, 5.92, 6.15, 4240300.0, 6.15
2011-06-01, 6.17, 6.18, 5.71, 5.75, 2700800.0, 5.75
2011-06-02, 5.82, 5.92, 5.69, 5.79, 2482700.0, 5.79
2011-06-03, 5.77, 5.94, 5.75, 5.77, 1713000.0, 5.77
2011-06-06, 5.66, 5.7, 5.32, 5.39, 3790600.0, 5.39
2011-06-07, 5.42, 5.48, 5.26, 5.28, 1999400.0, 5.28
2011-06-08, 5.25, 5.3, 4.73, 4.75, 5408200.0, 4.75
2011-06-09, 4.76, 4.8, 4.53, 4.67, 2755800.0, 4.67
2011-06-10, 4.72, 4.77, 4.49, 4.52, 2644900.0, 4.52
2011-06-13, 4.98, 5.27, 4.93, 5.0, 8902400.0, 5.0
2011-06-14, 5.12, 5.28, 5.05, 5.22, 3028700.0, 5.22
2011-06-15, 5.12, 5.35, 5.05, 5.29, 1961100.0, 5.29
2011-06-16, 5.26, 5.34, 4.89, 5.02, 2924300.0, 5.02
2011-06-17, 5.08, 5.11, 4.72, 4.85, 2778900.0, 4.85
2011-06-20, 4.81, 4.96, 4.59, 4.78, 1889000.0, 4.78
2011-06-21, 4.82, 4.97, 4.81, 4.95, 1418600.0, 4.95
2011-06-22, 4.91, 4.94, 4.77, 4.85, 1237300.0, 4.85
2011-06-23, 4.75, 4.94, 4.6, 4.93, 1622100.0, 4.93
2011-06-24, 4.98, 5.0, 4.86, 4.94, 3447500.0, 4.94
2011-06-27, 4.9, 5.22, 4.85, 5.14, 1880400.0, 5.14
2011-06-28, 5.14, 5.21, 4.92, 5.01, 2226700.0, 5.01
2011-06-29, 5.06, 5.16, 5.03, 5.16, 2555300.0, 5.16
2011-06-30, 5.24, 5.34, 5.2, 5.32, 2023000.0, 5.32
2011-07-01, 5.33, 5.44, 5.26, 5.39, 1290700.0, 5.39
2011-07-05, 5.44, 5.44, 5.16, 5.28, 1403100.0, 5.28
2011-07-06, 5.23, 5.3, 5.14, 5.23, 937500.0, 5.23
2011-07-07, 5.3, 5.47, 5.25, 5.37, 1426700.0, 5.37
2011-07-08, 5.33, 5.55, 5.18, 5.54, 1667200.0, 5.54
2011-07-11, 5.43, 5.47, 5.18, 5.21, 1702300.0, 5.21
2011-07-12, 5.18, 5.34, 5.1, 5.1, 1200700.0, 5.1
2011-07-13, 5.24, 5.45, 5.18, 5.35, 1803700.0, 5.35
2011-07-14, 5.36, 5.41, 5.2, 5.32, 1482300.0, 5.32
2011-07-15, 5.37, 5.8, 5.3, 5.68, 2761600.0, 5.68
2011-07-18, 5.58, 5.67, 5.4, 5.5, 1553600.0, 5.5
2011-07-19, 5.58, 5.75, 5.44, 5.48, 1937600.0, 5.48
2011-07-20, 5.54, 5.68, 5.42, 5.51, 1841100.0, 5.51
2011-07-21, 5.57, 5.7, 5.5, 5.68, 1245800.0, 5.68
2011-07-22, 5.68, 5.91, 5.61, 5.77, 1469300.0, 5.77
2011-07-25, 5.65, 5.72, 5.37, 5.48, 1842800.0, 5.48
2011-07-26, 5.6, 5.69, 5.5, 5.53, 1026500.0, 5.53
2011-07-27, 5.47, 5.65, 5.3, 5.32, 1587900.0, 5.32
2011-07-28, 5.28, 5.49, 5.19, 5.36, 1682800.0, 5.36
2011-07-29, 5.31, 5.32, 5.11, 5.13, 1580700.0, 5.13
2011-08-01, 5.26, 5.3, 4.8, 4.84, 2883000.0, 4.84
2011-08-02, 4.85, 4.9, 4.45, 4.45, 2736000.0, 4.45
2011-08-03, 4.52, 4.6, 3.98, 4.24, 4692700.0, 4.24
2011-08-04, 4.19, 4.19, 3.74, 3.74, 3820900.0, 3.74
2011-08-05, 3.89, 4.22, 3.75, 3.87, 5770000.0, 3.87
2011-08-08, 3.51, 3.62, 2.99, 2.99, 5043600.0, 2.99
2011-08-09, 3.23, 3.49, 3.14, 3.49, 3088000.0, 3.49
2011-08-10, 3.49, 3.5, 3.15, 3.17, 2357300.0, 3.17
2011-08-11, 3.75, 4.74, 3.68, 4.6, 1.43051E7, 4.6
2011-08-12, 4.44, 4.59, 4.06, 4.15, 4467700.0, 4.15
2011-08-15, 4.19, 4.47, 4.19, 4.38, 3111300.0, 4.38
2011-08-16, 4.3, 4.36, 4.11, 4.13, 1736000.0, 4.13
2011-08-17, 4.23, 4.27, 4.03, 4.21, 2248400.0, 4.21
2011-08-18, 4.0, 4.2, 3.86, 3.94, 1713100.0, 3.94
2011-08-19, 3.92, 4.25, 3.88, 4.0, 1929700.0, 4.0
2011-08-22, 4.17, 4.27, 3.92, 3.93, 1504600.0, 3.93
2011-08-23, 4.22, 4.23, 3.93, 4.01, 1734400.0, 4.01
2011-08-24, 4.0, 4.35, 4.0, 4.3, 1639400.0, 4.3
2011-08-25, 4.42, 4.88, 4.37, 4.7, 4089200.0, 4.7
2011-08-26, 4.64, 4.78, 4.41, 4.75, 1908300.0, 4.75
2011-08-29, 4.83, 5.02, 4.77, 4.92, 1695700.0, 4.92
2011-08-30, 4.9, 5.03, 4.8, 4.92, 1234100.0, 4.92
2011-08-31, 4.96, 5.0, 4.72, 4.78, 1365700.0, 4.78
2011-09-01, 4.77, 4.77, 4.51, 4.55, 1176100.0, 4.55
2011-09-02, 4.42, 4.47, 4.21, 4.36, 1106700.0, 4.36
2011-09-06, 4.18, 4.38, 4.11, 4.32, 825700.0, 4.32
2011-09-07, 4.41, 5.02, 4.36, 4.95, 2882800.0, 4.95
2011-09-08, 4.88, 4.97, 4.74, 4.83, 994600.0, 4.83
2011-09-09, 4.76, 4.87, 4.45, 4.7, 1188400.0, 4.7
2011-09-12, 4.64, 4.8, 4.51, 4.79, 1120300.0, 4.79
2011-09-13, 4.85, 5.13, 4.85, 4.98, 4172500.0, 4.98
2011-09-14, 4.99, 5.06, 4.77, 4.94, 1684100.0, 4.94
2011-09-15, 4.99, 4.99, 4.83, 4.86, 1441600.0, 4.86
2011-09-16, 4.98, 4.98, 4.5, 4.5, 2209100.0, 4.5
2011-09-19, 4.5, 4.69, 4.36, 4.52, 1598100.0, 4.52
2011-09-20, 4.57, 4.6, 4.19, 4.19, 1788700.0, 4.19
2011-09-21, 4.2, 4.31, 3.93, 3.94, 1558200.0, 3.94
2011-09-22, 3.75, 3.88, 3.62, 3.79, 2292600.0, 3.79
2011-09-23, 3.8, 4.1, 3.79, 4.06, 1498900.0, 4.06
2011-09-26, 4.08, 4.13, 3.73, 3.92, 1970100.0, 3.92
2011-09-27, 4.08, 4.22, 3.95, 4.07, 1857300.0, 4.07
2011-09-28, 4.07, 4.19, 3.91, 3.91, 1273600.0, 3.91
2011-09-29, 4.04, 4.15, 3.61, 3.7, 2405400.0, 3.7
2011-09-30, 3.64, 3.79, 3.42, 3.44, 2685200.0, 3.44
2011-10-03, 3.39, 3.41, 3.01, 3.02, 2373000.0, 3.02
2011-10-04, 3.02, 3.35, 2.77, 3.32, 4146800.0, 3.32
2011-10-05, 3.44, 3.72, 3.32, 3.53, 2577700.0, 3.53
2011-10-06, 3.53, 3.69, 3.29, 3.43, 2497700.0, 3.43
2011-10-07, 3.53, 3.53, 3.18, 3.2, 1818600.0, 3.2
2011-10-10, 3.32, 3.43, 3.22, 3.35, 1824100.0, 3.35
2011-10-11, 3.3, 3.4, 3.19, 3.31, 1726300.0, 3.31
2011-10-12, 3.76, 4.21, 3.6, 4.19, 9704600.0, 4.19
2011-10-13, 4.3, 4.44, 3.81, 3.86, 5053800.0, 3.86
2011-10-14, 3.91, 3.97, 3.57, 3.72, 3008200.0, 3.72
2011-10-17, 3.77, 3.79, 3.49, 3.55, 1916400.0, 3.55
2011-10-18, 3.32, 3.44, 3.19, 3.43, 4608200.0, 3.43
2011-10-19, 3.28, 3.39, 3.25, 3.34, 2441500.0, 3.34
2011-10-20, 3.32, 3.43, 3.21, 3.42, 3866100.0, 3.42
2011-10-21, 3.5, 3.5, 3.37, 3.42, 1625300.0, 3.42
2011-10-24, 3.5, 3.66, 3.47, 3.65, 2022700.0, 3.65
2011-10-25, 3.58, 3.59, 3.4, 3.46, 1444200.0, 3.46
2011-10-26, 3.5, 3.55, 3.31, 3.38, 1273200.0, 3.38
2011-10-27, 3.54, 3.83, 3.47, 3.75, 2884000.0, 3.75
2011-10-28, 3.75, 3.91, 3.65, 3.77, 1354100.0, 3.77
2011-10-31, 3.7, 3.7, 3.43, 3.43, 1386400.0, 3.43
2011-11-01, 3.33, 3.51, 3.27, 3.42, 1725000.0, 3.42
2011-11-02, 3.5, 3.6, 3.4, 3.48, 1133800.0, 3.48
2011-11-03, 3.59, 3.6, 3.39, 3.53, 938000.0, 3.53
2011-11-04, 3.19, 3.26, 3.07, 3.17, 3457900.0, 3.17
2011-11-07, 3.18, 3.47, 3.15, 3.25, 1984800.0, 3.25
2011-11-08, 3.29, 3.34, 3.14, 3.16, 2087200.0, 3.16
2011-11-09, 3.1, 3.29, 3.01, 3.09, 3074600.0, 3.09
2011-11-10, 3.11, 3.15, 2.86, 2.97, 3461600.0, 2.97
2011-11-11, 3.02, 3.1, 2.87, 2.92, 3816500.0, 2.92
2011-11-14, 2.92, 2.99, 2.68, 2.7, 3102700.0, 2.7
2011-11-15, 2.7, 2.71, 2.43, 2.45, 4766900.0, 2.45
2011-11-16, 2.45, 2.48, 2.36, 2.39, 3480800.0, 2.39
2011-11-17, 2.39, 2.55, 2.37, 2.39, 2544800.0, 2.39
2011-11-18, 2.42, 2.45, 2.31, 2.32, 1556400.0, 2.32
2011-11-21, 2.28, 2.28, 2.16, 2.25, 1801000.0, 2.25
2011-11-22, 2.24, 2.28, 2.13, 2.16, 1217300.0, 2.16
2011-11-23, 2.14, 2.19, 2.02, 2.02, 1646100.0, 2.02
2011-11-24, 2.02, 2.02, 2.02, 2.02, 0.0, 2.02
2011-11-25, 2.02, 2.16, 2.01, 2.05, 598300.0, 2.05
2011-11-28, 2.17, 2.24, 2.06, 2.1, 2187900.0, 2.1
2011-11-29, 2.12, 2.4, 2.12, 2.18, 3345100.0, 2.18
2011-11-30, 2.33, 2.48, 2.25, 2.48, 3590100.0, 2.48
2011-12-01, 2.45, 2.45, 2.22, 2.27, 1835300.0, 2.27
2011-12-02, 2.3, 2.32, 2.25, 2.27, 861700.0, 2.27
2011-12-05, 2.29, 2.34, 2.15, 2.19, 1874700.0, 2.19
2011-12-06, 2.19, 2.2, 2.12, 2.13, 1348700.0, 2.13
2011-12-07, 2.11, 2.19, 2.11, 2.13, 1037200.0, 2.13
2011-12-08, 2.15, 2.18, 2.03, 2.03, 2374200.0, 2.03
2011-12-09, 2.08, 2.14, 2.06, 2.11, 2054600.0, 2.11
2011-12-12, 2.1, 2.1, 2.06, 2.07, 946400.0, 2.07
2011-12-13, 2.11, 2.12, 1.98, 1.99, 1541700.0, 1.99
2011-12-14, 1.99, 2.01, 1.86, 1.9, 2696900.0, 1.9
2011-12-15, 1.94, 1.96, 1.7, 1.72, 2444400.0, 1.72
2011-12-16, 1.74, 1.82, 1.65, 1.65, 2658500.0, 1.65
2011-12-19, 1.66, 1.73, 1.51, 1.53, 2800200.0, 1.53
2011-12-20, 1.58, 1.66, 1.54, 1.59, 3617200.0, 1.59
2011-12-21, 1.58, 1.63, 1.56, 1.59, 1920400.0, 1.59
2011-12-22, 1.64, 1.78, 1.64, 1.72, 5106100.0, 1.72
2011-12-23, 1.76, 1.81, 1.67, 1.77, 3414400.0, 1.77
2011-12-26, 1.77, 1.77, 1.77, 1.77, 0.0, 1.77
2011-12-27, 1.78, 1.81, 1.75, 1.8, 2222600.0, 1.8
2011-12-28, 1.84, 1.84, 1.78, 1.8, 3006500.0, 1.8
2011-12-29, 1.8, 1.82, 1.73, 1.77, 4490900.0, 1.77
2011-12-30, 1.73, 1.75, 1.61, 1.61, 3469800.0, 1.61
2012-01-02, 1.61, 1.61, 1.61, 1.61, 0.0, 1.61
2012-01-03, 1.68, 2.1, 1.68, 1.96, 4025800.0, 1.96
2012-01-04, 2.0, 2.0, 1.84, 1.92, 2890100.0, 1.92
2012-01-05, 1.94, 2.24, 1.94, 2.08, 4610300.0, 2.08
2012-01-06, 2.1, 2.16, 2.05, 2.1, 2555100.0, 2.1
2012-01-09, 2.16, 2.18, 2.1, 2.1, 2576800.0, 2.1
2012-01-10, 2.18, 2.22, 2.1, 2.13, 2210500.0, 2.13
2012-01-11, 2.14, 2.45, 2.12, 2.41, 4675400.0, 2.41
2012-01-12, 2.45, 2.46, 2.3, 2.43, 4136200.0, 2.43
2012-01-13, 2.43, 2.45, 2.28, 2.33, 2342100.0, 2.33
2012-01-16, 2.33, 2.33, 2.33, 2.33, 0.0, 2.33
2012-01-17, 2.36, 2.4, 2.1, 2.15, 2535300.0, 2.15
2012-01-18, 2.15, 2.22, 2.13, 2.18, 1315500.0, 2.18
2012-01-19, 2.21, 2.3, 2.2, 2.26, 1619500.0, 2.26
2012-01-20, 2.2, 2.43, 2.09, 2.29, 3709500.0, 2.29
2012-01-23, 2.29, 2.4, 2.27, 2.29, 1800900.0, 2.29
2012-01-24, 2.29, 2.32, 2.18, 2.22, 1548300.0, 2.22
2012-01-25, 2.21, 2.23, 2.14, 2.18, 1422000.0, 2.18
2012-01-26, 2.2, 2.24, 2.12, 2.16, 1803500.0, 2.16
2012-01-27, 2.15, 2.19, 2.13, 2.16, 1357400.0, 2.16
2012-01-30, 2.15, 2.2, 2.12, 2.19, 1282200.0, 2.19
2012-01-31, 2.25, 2.36, 2.16, 2.17, 3640500.0, 2.17
2012-02-01, 2.2, 2.22, 2.1, 2.13, 1746400.0, 2.13
2012-02-02, 2.13, 2.18, 2.13, 2.13, 1135900.0, 2.13
2012-02-03, 2.18, 2.35, 2.16, 2.33, 3876600.0, 2.33
2012-02-06, 2.37, 2.59, 2.33, 2.52, 4973900.0, 2.52
2012-02-07, 2.58, 2.67, 2.26, 2.29, 5467400.0, 2.29
2012-02-08, 2.37, 2.51, 2.31, 2.47, 3532900.0, 2.47
2012-02-09, 2.32, 2.35, 1.79, 1.88, 1.32108E7, 1.88
2012-02-10, 2.03, 2.06, 1.95, 2.03, 5840200.0, 2.03
2012-02-13, 2.1, 2.17, 2.0, 2.13, 5379000.0, 2.13
2012-02-14, 2.2, 2.2, 2.1, 2.13, 2392000.0, 2.13
2012-02-15, 2.17, 2.19, 2.05, 2.09, 1987100.0, 2.09
2012-02-16, 2.09, 2.13, 2.05, 2.13, 1246100.0, 2.13
2012-02-17, 2.15, 2.19, 2.12, 2.16, 1587700.0, 2.16
2012-02-20, 2.16, 2.16, 2.16, 2.16, 0.0, 2.16
2012-02-21, 2.2, 2.32, 2.17, 2.22, 3381600.0, 2.22
2012-02-22, 2.25, 2.28, 2.14, 2.14, 2193500.0, 2.14
2012-02-23, 2.16, 2.18, 2.03, 2.04, 2716700.0, 2.04
2012-02-24, 2.04, 2.06, 1.91, 1.95, 3229100.0, 1.95
2012-02-27, 1.96, 1.98, 1.88, 1.94, 2674400.0, 1.94
2012-02-28, 2.0, 2.05, 1.88, 1.91, 3088500.0, 1.91
2012-02-29, 1.92, 1.92, 1.8, 1.8, 2620600.0, 1.8
2012-03-01, 2.01, 2.06, 1.86, 1.9, 5616400.0, 1.9
2012-03-02, 1.78, 1.82, 1.71, 1.82, 4842000.0, 1.82
2012-03-05, 1.78, 1.82, 1.6, 1.61, 4138600.0, 1.61
2012-03-06, 1.61, 1.69, 1.56, 1.66, 3798900.0, 1.66
2012-03-07, 1.68, 1.7, 1.55, 1.6, 3754800.0, 1.6
2012-03-08, 1.61, 1.61, 1.53, 1.56, 3011800.0, 1.56
2012-03-09, 1.59, 1.69, 1.57, 1.64, 3987400.0, 1.64
2012-03-12, 1.68, 1.72, 1.63, 1.63, 2173300.0, 1.63
2012-03-13, 1.63, 1.71, 1.62, 1.69, 2838100.0, 1.69
2012-03-14, 1.69, 1.7, 1.55, 1.58, 2561800.0, 1.58
2012-03-15, 1.67, 1.67, 1.59, 1.65, 2095300.0, 1.65
2012-03-16, 1.66, 1.66, 1.6, 1.64, 1897300.0, 1.64
2012-03-19, 1.65, 1.74, 1.61, 1.72, 2794100.0, 1.72
2012-03-20, 1.69, 1.72, 1.66, 1.7, 993000.0, 1.7
2012-03-21, 1.71, 1.71, 1.65, 1.65, 1258700.0, 1.65
2012-03-22, 1.66, 1.77, 1.63, 1.68, 3161300.0, 1.68
2012-03-23, 1.69, 1.72, 1.66, 1.7, 1425100.0, 1.7
2012-03-26, 1.63, 1.63, 1.45, 1.49, 9183200.0, 1.49
2012-03-27, 1.52, 1.53, 1.27, 1.4, 7745500.0, 1.4
2012-03-28, 1.34, 1.34, 1.17, 1.22, 1.16078E7, 1.22
2012-03-29, 1.19, 1.21, 1.14, 1.16, 7825900.0, 1.16
2012-03-30, 1.17, 1.26, 1.12, 1.12, 8543500.0, 1.12
2012-04-02, 1.1, 1.12, 0.96, 1.02, 9249100.0, 1.02
2012-04-03, 0.97, 0.98, 0.85, 0.87, 7399300.0, 0.87
2012-04-04, 0.85, 0.87, 0.82, 0.82, 3127800.0, 0.82
2012-04-05, 0.82, 1.08, 0.82, 0.95, 9952600.0, 0.95
2012-04-06, 0.95, 0.95, 0.95, 0.95, 0.0, 0.95
2012-04-09, 1.01, 1.06, 0.95, 0.98, 4051000.0, 0.98
2012-04-10, 0.98, 1.01, 0.89, 0.89, 2132300.0, 0.89
2012-04-11, 0.97, 1.01, 0.89, 0.94, 3205700.0, 0.94
2012-04-12, 0.94, 0.97, 0.88, 0.93, 1751400.0, 0.93
2012-04-13, 0.95, 0.96, 0.9, 0.94, 1167000.0, 0.94
2012-04-16, 0.98, 0.99, 0.92, 0.93, 1099700.0, 0.93
2012-04-17, 0.93, 1.0, 0.93, 0.97, 1942400.0, 0.97
2012-04-18, 0.97, 0.98, 0.93, 0.95, 1393900.0, 0.95
2012-04-19, 0.95, 0.97, 0.93, 0.94, 694300.0, 0.94
2012-04-20, 0.98, 0.98, 0.9, 0.91, 1220800.0, 0.91
2012-04-23, 0.9, 0.9, 0.85, 0.87, 715800.0, 0.87
2012-04-24, 0.86, 0.9, 0.85, 0.89, 740400.0, 0.89
2012-04-25, 0.9, 0.91, 0.88, 0.91, 1025400.0, 0.91
2012-04-26, 0.91, 0.98, 0.88, 0.96, 2167700.0, 0.96
2012-04-27, 0.95, 1.17, 0.92, 1.12, 7362700.0, 1.12
2012-04-30, 1.11, 1.23, 1.01, 1.02, 3490600.0, 1.02
2012-05-01, 1.03, 1.17, 1.02, 1.09, 2162700.0, 1.09
2012-05-02, 1.12, 1.23, 1.09, 1.22, 2581100.0, 1.22
2012-05-03, 1.24, 1.28, 1.16, 1.16, 3785300.0, 1.16
2012-05-04, 1.15, 1.25, 1.13, 1.16, 1810300.0, 1.16
2012-05-07, 1.2, 1.23, 1.15, 1.16, 968500.0, 1.16
2012-05-08, 1.15, 1.2, 1.12, 1.14, 945700.0, 1.14
2012-05-09, 1.14, 1.15, 1.05, 1.12, 952500.0, 1.12
2012-05-10, 1.12, 1.15, 1.1, 1.12, 705900.0, 1.12
2012-05-11, 1.07, 1.12, 1.01, 1.03, 2860500.0, 1.03
2012-05-14, 1.01, 1.02, 0.9, 0.91, 1936600.0, 0.91
2012-05-15, 0.92, 1.04, 0.92, 0.96, 2129100.0, 0.96
2012-05-16, 0.97, 1.03, 0.92, 0.93, 877500.0, 0.93
2012-05-17, 0.93, 0.97, 0.87, 0.88, 1348300.0, 0.88
2012-05-18, 0.88, 0.9, 0.87, 0.88, 985200.0, 0.88
2012-05-21, 0.87, 0.88, 0.82, 0.84, 1284300.0, 0.84
2012-05-22, 0.83, 0.91, 0.83, 0.86, 822500.0, 0.86
2012-05-23, 0.85, 0.95, 0.85, 0.93, 888800.0, 0.93
2012-05-24, 0.94, 1.03, 0.94, 1.03, 2100800.0, 1.03
2012-05-25, 1.03, 1.03, 0.99, 1.01, 496300.0, 1.01
2012-05-28, 1.01, 1.01, 1.01, 1.01, 0.0, 1.01
2012-05-29, 1.03, 1.22, 1.02, 1.2, 3295500.0, 1.2
2012-05-30, 1.17, 1.2, 1.11, 1.14, 1232700.0, 1.14
2012-05-31, 1.0, 1.12, 0.89, 1.02, 3492600.0, 1.02
2012-06-01, 1.0, 1.0, 0.92, 0.95, 1088400.0, 0.95
2012-06-04, 0.95, 0.98, 0.9, 0.93, 980700.0, 0.93
2012-06-05, 1.0, 1.0, 0.95, 0.99, 472500.0, 0.99
2012-06-06, 1.02, 1.04, 0.95, 1.04, 1168000.0, 1.04
2012-06-07, 1.04, 1.04, 0.97, 1.01, 707900.0, 1.01
2012-06-08, 0.99, 1.1, 0.98, 1.06, 1337300.0, 1.06
2012-06-11, 1.07, 1.08, 1.02, 1.04, 856500.0, 1.04
2012-06-12, 1.18, 1.67, 1.15, 1.58, 3.52217E7, 1.58
2012-06-13, 1.4, 1.45, 1.26, 1.37, 1.32956E7, 1.37
2012-06-14, 1.31, 1.35, 1.26, 1.27, 3315300.0, 1.27
2012-06-15, 1.3, 1.3, 1.13, 1.2, 4869800.0, 1.2
2012-06-18, 1.2, 1.36, 1.17, 1.35, 4811700.0, 1.35
2012-06-19, 1.32, 1.37, 1.28, 1.33, 2817800.0, 1.33
2012-06-20, 1.33, 1.49, 1.33, 1.45, 4627700.0, 1.45
2012-06-21, 1.46, 1.54, 1.36, 1.39, 2708800.0, 1.39
2012-06-22, 1.4, 1.5, 1.38, 1.5, 5228800.0, 1.5
2012-06-25, 1.45, 1.48, 1.38, 1.44, 1413400.0, 1.44
2012-06-26, 1.45, 1.6, 1.44, 1.54, 4420600.0, 1.54
2012-06-27, 1.62, 1.63, 1.53, 1.55, 3658200.0, 1.55
2012-06-28, 1.55, 1.58, 1.35, 1.35, 4639300.0, 1.35
2012-06-29, 1.39, 1.4, 1.23, 1.26, 4346900.0, 1.26
2012-07-02, 1.25, 1.31, 1.2, 1.3, 1937100.0, 1.3
2012-07-03, 1.3, 1.37, 1.27, 1.31, 1291600.0, 1.31
2012-07-04, 1.31, 1.31, 1.31, 1.31, 0.0, 1.31
2012-07-05, 1.3, 1.33, 1.26, 1.3, 1501200.0, 1.3
2012-07-06, 1.23, 1.24, 1.15, 1.16, 4117400.0, 1.16
2012-07-09, 1.16, 1.16, 1.02, 1.03, 4131500.0, 1.03
2012-07-10, 1.06, 1.08, 0.88, 0.95, 7493400.0, 0.95
2012-07-11, 0.95, 0.99, 0.88, 0.88, 6796500.0, 0.88
2012-07-12, 0.87, 0.94, 0.84, 0.89, 3751300.0, 0.89
2012-07-13, 0.94, 0.94, 0.82, 0.84, 5130400.0, 0.84
2012-07-16, 0.85, 0.86, 0.82, 0.84, 2276100.0, 0.84
2012-07-17, 0.85, 0.85, 0.75, 0.76, 5270200.0, 0.76
2012-07-18, 0.76, 0.77, 0.69, 0.69, 4382400.0, 0.69
2012-07-19, 0.72, 0.75, 0.69, 0.69, 4227800.0, 0.69
2012-07-20, 0.79, 0.88, 0.74, 0.76, 9705300.0, 0.76
2012-07-23, 0.79, 0.8, 0.73, 0.74, 2998800.0, 0.74
2012-07-24, 0.75, 0.78, 0.72, 0.72, 1749600.0, 0.72
2012-07-25, 0.75, 0.75, 0.69, 0.69, 2921500.0, 0.69
2012-07-26, 0.7, 0.73, 0.62, 0.63, 5101700.0, 0.63
2012-07-27, 0.63, 0.64, 0.48, 0.49, 2.13403E7, 0.49
2012-07-30, 0.52, 0.55, 0.48, 0.48, 8127200.0, 0.48
2012-07-31, 0.48, 0.5, 0.44, 0.44, 6464000.0, 0.44
2012-08-01, 0.46, 0.5, 0.45, 0.46, 3797200.0, 0.46
2012-08-02, 0.5, 0.52, 0.47, 0.48, 3765500.0, 0.48
2012-08-03, 0.52, 0.52, 0.48, 0.49, 9413300.0, 0.49
2012-08-06, 0.5, 0.5, 0.45, 0.45, 5164400.0, 0.45
2012-08-07, 0.47, 0.49, 0.45, 0.47, 3467600.0, 0.47
2012-08-08, 0.58, 0.59, 0.47, 0.5, 2.72307E7, 0.5
2012-08-09, 0.54, 0.62, 0.51, 0.61, 1.59201E7, 0.61
2012-08-10, 0.68, 0.77, 0.57, 0.59, 3.27442E7, 0.59
2012-08-13, 0.62, 0.62, 0.53, 0.55, 8839600.0, 0.55
2012-08-14, 0.55, 0.56, 0.49, 0.5, 9097100.0, 0.5
2012-08-15, 0.5, 0.5, 0.46, 0.48, 7375600.0, 0.48
2012-08-16, 0.5, 0.51, 0.45, 0.47, 1.57003E7, 0.47
2012-08-17, 0.48, 0.49, 0.44, 0.45, 1.26244E7, 0.45
2012-08-20, 0.46, 0.48, 0.4, 0.41, 1.29701E7, 0.41
2012-08-21, 0.43, 0.43, 0.4, 0.4, 7172400.0, 0.4
2012-08-22, 0.4, 0.4, 0.36, 0.38, 1.06791E7, 0.38
2012-08-23, 0.38, 0.38, 0.35, 0.36, 8747400.0, 0.36
2012-08-24, 0.4, 0.4, 0.34, 0.34, 1.14466E7, 0.34
2012-08-27, 0.34, 0.35, 0.31, 0.33, 1.11587E7, 0.33
2012-08-28, 0.33, 0.34, 0.31, 0.31, 9132600.0, 0.31
2012-08-29, 0.32, 0.32, 0.28, 0.28, 1.67928E7, 0.28
2012-08-30, 0.29, 0.29, 0.25, 0.26, 1.43356E7, 0.26
2012-08-31, 0.27, 0.27, 0.25, 0.26, 1.24702E7, 0.26
2012-09-03, 0.26, 0.26, 0.26, 0.26, 0.0, 0.26
2012-09-04, 0.27, 0.27, 0.23, 0.24, 1.86989E7, 0.24
2012-09-05, 0.24, 0.24, 0.21, 0.22, 1.45836E7, 0.22
2012-09-06, 0.23, 0.23, 0.2, 0.2, 1.59301E7, 0.2
2012-09-07, 0.22, 0.22, 0.19, 0.19, 2.28074E7, 0.19
2012-09-10, 0.2, 0.51, 0.19, 0.23, 4.92198E7, 0.23
2012-09-11, 0.25, 0.29, 0.24, 0.29, 4.83053E7, 0.29
2012-09-12, 0.31, 0.36, 0.31, 0.36, 5.09664E7, 0.36
2012-09-13, 0.4, 0.41, 0.3, 0.33, 6.36571E7, 0.33
2012-09-14, 0.36, 0.36, 0.31, 0.31, 2.65667E7, 0.31
2012-09-17, 0.31, 0.33, 0.31, 0.31, 1.19614E7, 0.31
2012-09-18, 0.32, 0.32, 0.28, 0.28, 1.87677E7, 0.28
2012-09-19, 0.28, 0.32, 0.25, 0.32, 2.31704E7, 0.32
2012-09-20, 0.34, 0.34, 0.29, 0.3, 1.82934E7, 0.3
2012-09-21, 0.31, 0.33, 0.28, 0.33, 1.4106E7, 0.33
2012-09-24, 0.32, 0.33, 0.3, 0.31, 8777100.0, 0.31
2012-09-25, 0.31, 0.31, 0.28, 0.29, 1.10576E7, 0.29
2012-09-26, 0.29, 0.29, 0.26, 0.28, 1.08134E7, 0.28
2012-09-27, 0.28, 0.28, 0.25, 0.25, 1.38571E7, 0.25
2012-09-28, 0.26, 0.27, 0.25, 0.25, 1.12876E7, 0.25
2012-10-01, 0.26, 0.3, 0.25, 0.3, 1.93182E7, 0.3
2012-10-02, 0.3, 0.32, 0.28, 0.29, 1.16262E7, 0.29
2012-10-03, 0.29, 0.29, 0.28, 0.28, 6684500.0, 0.28
2012-10-04, 0.28, 0.28, 0.27, 0.27, 6512700.0, 0.27
2012-10-05, 0.28, 0.29, 0.26, 0.27, 9258000.0, 0.27
2012-10-08, 0.28, 0.28, 0.26, 0.27, 5809500.0, 0.27
2012-10-09, 0.26, 0.27, 0.26, 0.26, 6780200.0, 0.26
2012-10-10, 0.26, 0.27, 0.25, 0.25, 5316000.0, 0.25
2012-10-11, 0.25, 0.28, 0.25, 0.26, 8821300.0, 0.26
2012-10-12, 0.26, 0.26, 0.24, 0.24, 1.51097E7, 0.24
2012-10-15, 0.24, 0.25, 0.24, 0.24, 9319600.0, 0.24
2012-10-16, 0.08, 0.1, 0.05, 0.06, 1.533731E8, 0.06
2012-10-17, 0.05, 0.07, 0.05, 0.05, 9.70348E7, 0.05
2012-10-18, 0.06, 0.09, 0.06, 0.08, 8.45927E7, 0.08
2012-10-19, 0.1, 0.12, 0.1, 0.12, 1.07891E8, 0.12
2012-10-22, 0.16, 0.2, 0.16, 0.19, 1.136535E8, 0.19
2012-10-23, 0.19, 0.19, 0.14, 0.16, 6.78959E7, 0.16
2012-10-24, 0.11, 0.12, 0.1, 0.11, 6.94032E7, 0.11
2012-10-25, 0.12, 0.16, 0.12, 0.13, 4.83527E7, 0.13
2012-10-26, 0.15, 0.15, 0.12, 0.14, 4.32885E7, 0.14
2012-10-29, 0.14, 0.14, 0.14, 0.14, 0.0, 0.14
2012-10-30, 0.14, 0.14, 0.14, 0.14, 0.0, 0.14
2012-10-31, 0.16, 0.17, 0.14, 0.14, 4.2755E7, 0.14
2012-11-01, 0.14, 0.14, 0.11, 0.13, 2.36432E7, 0.13
2012-11-02, 0.13, 0.13, 0.12, 0.13, 1.45349E7, 0.13
2012-11-05, 0.13, 0.13, 0.12, 0.12, 1.74591E7, 0.12
2012-11-06, 0.14, 0.14, 0.11, 0.12, 3.05704E7, 0.12
2012-11-07, 0.11, 0.11, 0.09, 0.1, 2.04776E7, 0.1
2012-11-08, 0.09, 0.1, 0.08, 0.08, 2.8424E7, 0.08
2012-11-09, 0.08, 0.1, 0.07, 0.1, 2.82268E7, 0.1
2012-11-12, 0.1, 0.11, 0.09, 0.09, 7283300.0, 0.09
2012-11-13, 0.09, 0.09, 0.08, 0.09, 8501300.0, 0.09
2012-11-14, 0.09, 0.1, 0.09, 0.09, 7292300.0, 0.09
2012-11-15, 0.1, 0.1, 0.08, 0.09, 6926900.0, 0.09
2012-11-16, 0.09, 0.09, 0.09, 0.09, 3225300.0, 0.09
2012-11-19, 0.09, 0.09, 0.09, 0.09, 3576700.0, 0.09
2012-11-20, 0.09, 0.1, 0.09, 0.1, 5014000.0, 0.1
2012-11-21, 0.09, 0.1, 0.09, 0.09, 4624500.0, 0.09
2012-11-22, 0.09, 0.09, 0.09, 0.09, 0.0, 0.09
2012-11-23, 0.09, 0.09, 0.09, 0.09, 1676100.0, 0.09
2012-11-26, 0.09, 0.1, 0.09, 0.09, 3794200.0, 0.09
2012-11-27, 0.09, 0.09, 0.09, 0.09, 3199200.0, 0.09
2012-11-28, 0.09, 0.09, 0.09, 0.09, 4516600.0, 0.09
2012-11-29, 0.09, 0.09, 0.08, 0.08, 7166900.0, 0.08
2012-11-30, 0.08, 0.08, 0.08, 0.08, 2254500.0, 0.08
2012-12-03, 0.08, 0.08, 0.08, 0.08, 4055300.0, 0.08
2012-12-04, 0.08, 0.08, 0.06, 0.07, 1.75467E7, 0.07
2012-12-05, 0.07, 0.07, 0.05, 0.06, 8744200.0, 0.06
2012-12-06, 0.06, 0.08, 0.06, 0.08, 1.84534E7, 0.08
2012-12-07, 0.07, 0.08, 0.07, 0.07, 5122000.0, 0.07
2012-12-10, 0.02, 0.03, 0.02, 0.02, 7.9355E7, 0.02
2012-12-11, 0.02, 0.03, 0.02, 0.03, 2.77691E7, 0.03
2012-12-12, 0.03, 0.04, 0.03, 0.03, 2.7416E7, 0.03
2012-12-13, 0.03, 0.03, 0.02, 0.02, 2.43981E7, 0.02
2012-12-14, 0.02, 0.02, 0.02, 0.02, 6252000.0, 0.02
2012-12-17, 0.02, 0.02, 0.02, 0.02, 1.47833E7, 0.02
2012-12-18, 0.02, 0.02, 0.01, 0.02, 5854400.0, 0.02
2012-12-19, 0.02, 0.02, 0.02, 0.02, 1.40143E7, 0.02
2012-12-20, 0.02, 0.02, 0.02, 0.02, 3047800.0, 0.02
2012-12-21, 0.02, 0.02, 0.02, 0.02, 7340200.0, 0.02
2012-12-24, 0.02, 0.02, 0.02, 0.02, 2025000.0, 0.02
2012-12-25, 0.02, 0.02, 0.02, 0.02, 0.0, 0.02
2012-12-26, 0.02, 0.02, 0.02, 0.02, 4642500.0, 0.02
2012-12-27, 0.02, 0.02, 0.02, 0.02, 3221000.0, 0.02
2012-12-28, 0.02, 0.02, 0.02, 0.02, 6931000.0, 0.02
2012-12-31, 0.02, 0.02, 0.02, 0.02, 8137300.0, 0.02
2013-01-01, 0.02, 0.02, 0.02, 0.02, 0.0, 0.02
2013-01-02, 0.02, 0.02, 0.02, 0.02, 4032900.0, 0.02
2013-01-03, 0.02, 0.02, 0.02, 0.02, 3192200.0, 0.02
2013-01-04, 0.02, 0.02, 0.02, 0.02, 2478800.0, 0.02
2013-01-07, 0.02, 0.02, 0.02, 0.02, 3829700.0, 0.02
2013-01-08, 0.02, 0.02, 0.02, 0.02, 2774600.0, 0.02
2013-01-09, 0.02, 0.02, 0.02, 0.02, 2547100.0, 0.02
2013-01-10, 0.02, 0.02, 0.02, 0.02, 2635600.0, 0.02
2013-01-11, 0.02, 0.02, 0.02, 0.02, 2913600.0, 0.02
2013-01-14, 0.02, 0.02, 0.02, 0.02, 2360400.0, 0.02
2013-01-15, 0.02, 0.04, 0.02, 0.03, 5.52876E7, 0.03
2013-01-16, 0.04, 0.04, 0.04, 0.04, 5.61374E7, 0.04
2013-01-17, 0.04, 0.04, 0.03, 0.03, 2.01676E7, 0.03
2013-01-18, 0.03, 0.04, 0.03, 0.03, 1.00053E7, 0.03
2013-01-21, 0.03, 0.03, 0.03, 0.03, 0.0, 0.03
2013-01-22, 0.03, 0.04, 0.03, 0.04, 8699900.0, 0.04
2013-01-23, 0.04, 0.06, 0.04, 0.06, 3.45482E7, 0.06
2013-01-24, 0.06, 0.06, 0.05, 0.05, 2.53958E7, 0.05
2013-01-25, 0.05, 0.06, 0.05, 0.05, 1.42813E7, 0.05
2013-01-28, 0.05, 0.05, 0.04, 0.04, 8984300.0, 0.04
2013-01-29, 0.04, 0.04, 0.03, 0.04, 2.58961E7, 0.04
2013-01-30, 0.03, 0.04, 0.03, 0.03, 2.26438E7, 0.03
2013-01-31, 0.03, 0.03, 0.02, 0.02, 1.26614E7, 0.02
2013-02-01, 0.03, 0.04, 0.02, 0.03, 1.548E7, 0.03
2013-02-04, 0.03, 0.04, 0.03, 0.04, 6353500.0, 0.04
2013-02-05, 0.03, 0.04, 0.03, 0.03, 3636400.0, 0.03
2013-02-06, 0.03, 0.03, 0.03, 0.03, 3231300.0, 0.03
2013-02-07, 0.03, 0.03, 0.03, 0.03, 9132200.0, 0.03
2013-02-08, 0.03, 0.03, 0.03, 0.03, 9112800.0, 0.03
2013-02-11, 0.03, 0.03, 0.03, 0.03, 5291800.0, 0.03
2013-02-12, 0.03, 0.03, 0.02, 0.03, 3744200.0, 0.03
2013-02-13, 0.03, 0.03, 0.02, 0.03, 6398000.0, 0.03
2013-02-14, 0.03, 0.03, 0.02, 0.03, 3219600.0, 0.03
2013-02-15, 0.03, 0.03, 0.02, 0.03, 2537900.0, 0.03
2013-02-18, 0.03, 0.03, 0.03, 0.03, 0.0, 0.03
2013-02-19, 0.02, 0.03, 0.02, 0.03, 4716800.0, 0.03
2013-02-20, 0.03, 0.04, 0.03, 0.04, 1.39298E7, 0.04
2013-02-21, 0.04, 0.04, 0.03, 0.03, 4860800.0, 0.03
2013-02-22, 0.03, 0.03, 0.03, 0.03, 5329200.0, 0.03
2013-02-25, 0.03, 0.03, 0.03, 0.03, 2357700.0, 0.03
2013-02-26, 0.03, 0.03, 0.03, 0.03, 3160700.0, 0.03
2013-02-27, 0.03, 0.03, 0.03, 0.03, 648700.0, 0.03
2013-02-28, 0.03, 0.03, 0.03, 0.03, 670800.0, 0.03
2013-03-01, 0.03, 0.03, 0.03, 0.03, 1839900.0, 0.03
2013-03-04, 0.03, 0.03, 0.03, 0.03, 2289000.0, 0.03
2013-03-05, 0.03, 0.03, 0.03, 0.03, 2215700.0, 0.03
2013-03-06, 0.03, 0.03, 0.03, 0.03, 2550300.0, 0.03
2013-03-07, 0.03, 0.03, 0.03, 0.03, 2316900.0, 0.03
2013-03-08, 0.03, 0.03, 0.03, 0.03, 5833300.0, 0.03
2013-03-11, 0.03, 0.03, 0.02, 0.02, 6643300.0, 0.02
2013-03-12, 0.02, 0.03, 0.02, 0.03, 2044700.0, 0.03
2013-03-13, 0.02, 0.03, 0.02, 0.03, 623200.0, 0.03
2013-03-14, 0.02, 0.03, 0.02, 0.03, 1.05658E7, 0.03
2013-03-15, 0.03, 0.03, 0.02, 0.03, 2068000.0, 0.03
2013-03-18, 0.03, 0.03, 0.02, 0.03, 1443100.0, 0.03
2013-03-19, 0.03, 0.03, 0.02, 0.02, 2208300.0, 0.02
2013-03-20, 0.02, 0.03, 0.02, 0.03, 1.24719E7, 0.03
2013-03-21, 0.03, 0.03, 0.03, 0.03, 2612000.0, 0.03
2013-03-22, 0.03, 0.03, 0.03, 0.03, 3762300.0, 0.03
2013-03-25, 0.03, 0.04, 0.03, 0.03, 1.86544E7, 0.03
2013-03-26, 0.03, 0.04, 0.03, 0.03, 5843200.0, 0.03
2013-03-27, 0.03, 0.03, 0.03, 0.03, 3517800.0, 0.03
2013-03-28, 0.03, 0.03, 0.03, 0.03, 5253500.0, 0.03
2013-03-29, 0.03, 0.03, 0.03, 0.03, 0.0, 0.03
2013-04-01, 0.03, 0.03, 0.03, 0.03, 3820200.0, 0.03
2013-04-02, 0.03, 0.03, 0.03, 0.03, 2702200.0, 0.03
2013-04-03, 0.03, 0.03, 0.03, 0.03, 2005300.0, 0.03
2013-04-04, 0.03, 0.03, 0.03, 0.03, 1582100.0, 0.03
2013-04-05, 0.03, 0.03, 0.03, 0.03, 825700.0, 0.03
2013-04-08, 0.03, 0.03, 0.03, 0.03, 928700.0, 0.03
2013-04-09, 0.03, 0.03, 0.03, 0.03, 2782200.0, 0.03
2013-04-10, 0.03, 0.03, 0.03, 0.03, 1578800.0, 0.03
2013-04-11, 0.03, 0.03, 0.03, 0.03, 1346600.0, 0.03
2013-04-12, 0.03, 0.03, 0.03, 0.03, 357200.0, 0.03
2013-04-15, 0.03, 0.03, 0.03, 0.03, 2688400.0, 0.03
2013-04-16, 0.03, 0.03, 0.03, 0.03, 1494900.0, 0.03
2013-04-17, 0.03, 0.03, 0.03, 0.03, 1717500.0, 0.03
2013-04-18, 0.03, 0.03, 0.03, 0.03, 1176900.0, 0.03
2013-04-19, 0.03, 0.03, 0.03, 0.03, 1433700.0, 0.03
2013-04-22, 0.03, 0.03, 0.03, 0.03, 569500.0, 0.03
2013-04-23, 0.03, 0.03, 0.03, 0.03, 1292600.0, 0.03
2013-04-24, 0.03, 0.03, 0.03, 0.03, 642700.0, 0.03
2013-04-25, 0.03, 0.03, 0.03, 0.03, 557300.0, 0.03
2013-04-26, 0.03, 0.03, 0.02, 0.03, 1337300.0, 0.03
2013-04-29, 0.02, 0.03, 0.02, 0.03, 1165400.0, 0.03
2013-04-30, 0.03, 0.03, 0.02, 0.02, 1548400.0, 0.02
2013-05-01, 0.03, 0.03, 0.02, 0.02, 1182700.0, 0.02
2013-05-02, 0.02, 0.03, 0.02, 0.02, 961900.0, 0.02
2013-05-03, 0.02, 0.02, 0.02, 0.02, 2006100.0, 0.02
2013-05-06, 0.02, 0.02, 0.02, 0.02, 2051200.0, 0.02
2013-05-07, 0.02, 0.02, 0.02, 0.02, 3085800.0, 0.02
2013-05-08, 0.02, 0.03, 0.02, 0.02, 2346900.0, 0.02
2013-05-09, 0.02, 0.03, 0.02, 0.03, 1596500.0, 0.03
2013-05-10, 0.03, 0.03, 0.02, 0.03, 522100.0, 0.03
2013-05-13, 0.02, 0.03, 0.02, 0.02, 2830000.0, 0.02
2013-05-14, 0.02, 0.03, 0.02, 0.02, 1164300.0, 0.02
2013-05-15, 0.03, 0.03, 0.02, 0.03, 2813200.0, 0.03
2013-05-16, 0.03, 0.03, 0.02, 0.03, 1310800.0, 0.03
2013-05-17, 0.02, 0.02, 0.02, 0.02, 1194200.0, 0.02
2013-05-20, 0.02, 0.02, 0.02, 0.02, 3376200.0, 0.02
2013-05-21, 0.02, 0.02, 0.02, 0.02, 2164800.0, 0.02
2013-05-22, 0.02, 0.02, 0.02, 0.02, 1817900.0, 0.02
2013-05-23, 0.02, 0.02, 0.02, 0.02, 1404600.0, 0.02
2013-05-24, 0.02, 0.02, 0.02, 0.02, 886900.0, 0.02
2013-05-27, 0.02, 0.02, 0.02, 0.02, 0.0, 0.02
2013-05-28, 0.02, 0.03, 0.02, 0.03, 1.62884E7, 0.03
2013-05-29, 0.04, 0.05, 0.03, 0.04, 2.63788E7, 0.04
2013-05-30, 0.05, 0.07, 0.04, 0.05, 3.21898E7, 0.05
2013-05-31, 0.06, 0.06, 0.04, 0.04, 1.41674E7, 0.04
2013-06-03, 0.04, 0.05, 0.04, 0.04, 6399500.0, 0.04
2013-06-04, 0.04, 0.04, 0.04, 0.04, 4819000.0, 0.04
2013-06-05, 0.04, 0.04, 0.04, 0.04, 2179400.0, 0.04
2013-06-06, 0.04, 0.04, 0.04, 0.04, 4397200.0, 0.04
2013-06-07, 0.04, 0.04, 0.04, 0.04, 3464600.0, 0.04
2013-06-10, 0.04, 0.04, 0.03, 0.04, 7993100.0, 0.04
2013-06-11, 0.04, 0.04, 0.03, 0.03, 5920700.0, 0.03
2013-06-12, 0.03, 0.03, 0.03, 0.03, 4577400.0, 0.03
2013-06-13, 0.03, 0.03, 0.03, 0.03, 2751400.0, 0.03
2013-06-14, 0.03, 0.03, 0.03, 0.03, 4735400.0, 0.03
2013-06-17, 0.03, 0.03, 0.03, 0.03, 4604000.0, 0.03
2013-06-18, 0.03, 0.03, 0.03, 0.03, 2191600.0, 0.03
2013-06-19, 0.03, 0.03, 0.03, 0.03, 3718000.0, 0.03
2013-06-20, 0.03, 0.03, 0.03, 0.03, 1419200.0, 0.03
2013-06-21, 0.03, 0.03, 0.03, 0.03, 2213700.0, 0.03
2013-06-24, 0.03, 0.03, 0.03, 0.03, 1680900.0, 0.03
2013-06-25, 0.03, 0.04, 0.03, 0.03, 4895100.0, 0.03
2013-06-26, 0.03, 0.03, 0.03, 0.03, 1376000.0, 0.03
2013-06-27, 0.03, 0.03, 0.03, 0.03, 2158900.0, 0.03
2013-06-28, 0.03, 0.03, 0.03, 0.03, 2413800.0, 0.03
2013-07-01, 0.03, 0.03, 0.03, 0.03, 4292800.0, 0.03
2013-07-02, 0.03, 0.03, 0.03, 0.03, 3173900.0, 0.03
2013-07-03, 0.03, 0.03, 0.03, 0.03, 1944100.0, 0.03
2013-07-04, 0.03, 0.03, 0.03, 0.03, 0.0, 0.03
2013-07-05, 0.03, 0.03, 0.03, 0.03, 2028200.0, 0.03
2013-07-08, 0.03, 0.03, 0.03, 0.03, 3099200.0, 0.03
2013-07-09, 0.03, 0.03, 0.03, 0.03, 0.0, 0.03
