2011-03-30, 18.7, 19.0, 18.15, 18.2, 3.00869E7, 12.6
2011-03-31, 18.05, 18.59, 17.91, 18.0, 9582800.0, 12.46
2011-04-01, 18.01, 18.23, 17.89, 18.0, 3199400.0, 12.46
2011-04-04, 18.07, 18.16, 17.8, 17.88, 1846600.0, 12.38
2011-04-05, 17.88, 18.03, 17.65, 17.98, 2353300.0, 12.45
2011-04-06, 18.01, 18.15, 17.88, 18.1, 474900.0, 12.53
2011-04-07, 18.34, 18.35, 18.0, 18.01, 702100.0, 12.47
2011-04-08, 18.01, 18.15, 17.88, 18.0, 304500.0, 12.46
2011-04-11, 17.94, 18.1, 17.9, 18.06, 486000.0, 12.5
2011-04-12, 18.1, 18.34, 17.87, 18.19, 624600.0, 12.59
2011-04-13, 18.37, 18.37, 18.01, 18.1, 199600.0, 12.53
2011-04-14, 18.01, 18.27, 18.0, 18.25, 408000.0, 12.64
2011-04-15, 18.28, 18.69, 18.21, 18.5, 963000.0, 12.81
2011-04-18, 18.5, 18.59, 17.96, 18.18, 720700.0, 12.59
2011-04-19, 18.25, 18.32, 18.08, 18.2, 405000.0, 12.6
2011-04-20, 18.39, 18.39, 18.1, 18.23, 498200.0, 12.62
2011-04-21, 18.3, 18.35, 17.83, 18.11, 1196100.0, 12.54
2011-04-25, 18.04, 18.25, 18.04, 18.06, 280800.0, 12.5
2011-04-26, 18.21, 18.24, 17.9, 18.18, 622700.0, 12.59
2011-04-27, 18.1, 18.2, 18.04, 18.18, 275400.0, 12.59
2011-04-28, 18.11, 18.27, 17.86, 18.11, 539400.0, 12.54
2011-04-29, 18.18, 18.19, 17.93, 18.08, 196000.0, 12.52
2011-05-02, 18.07, 18.3, 17.93, 18.19, 555700.0, 12.59
2011-05-03, 18.03, 18.35, 18.02, 18.27, 377400.0, 12.65
2011-05-04, 18.23, 18.34, 17.75, 17.98, 614000.0, 12.45
2011-05-05, 17.88, 18.09, 17.7, 17.94, 412200.0, 12.42
2011-05-06, 18.17, 18.17, 17.91, 17.97, 405600.0, 12.44
2011-05-09, 18.34, 18.56, 18.3, 18.5, 965400.0, 12.81
2011-05-10, 18.6, 18.76, 18.48, 18.71, 666400.0, 12.95
2011-05-11, 18.76, 18.76, 18.38, 18.48, 371000.0, 12.79
2011-05-12, 18.8, 18.91, 18.04, 18.42, 722000.0, 12.75
2011-05-13, 18.65, 18.65, 18.06, 18.27, 810300.0, 12.65
2011-05-16, 18.42, 18.5, 17.59, 17.83, 988800.0, 12.34
2011-05-17, 17.86, 17.9, 16.8, 17.18, 980900.0, 11.89
2011-05-18, 17.37, 18.18, 17.18, 17.85, 823900.0, 12.36
2011-05-19, 17.73, 18.0, 17.39, 17.77, 369400.0, 12.46
2011-05-20, 17.76, 18.08, 17.76, 17.85, 508200.0, 12.51
2011-05-23, 17.41, 17.99, 17.38, 17.6, 309200.0, 12.34
2011-05-24, 17.68, 17.97, 17.53, 17.57, 205900.0, 12.32
2011-05-25, 17.6, 17.71, 17.26, 17.37, 285000.0, 12.18
2011-05-26, 17.32, 17.97, 17.32, 17.75, 430700.0, 12.44
2011-05-27, 17.84, 18.49, 17.8, 18.19, 622800.0, 12.75
2011-05-31, 18.05, 18.18, 17.9, 18.02, 329100.0, 12.63
2011-06-01, 17.87, 18.1, 17.69, 17.93, 770100.0, 12.57
2011-06-02, 17.95, 17.95, 17.71, 17.86, 70100.0, 12.52
2011-06-03, 17.56, 17.97, 17.56, 17.85, 75800.0, 12.51
2011-06-06, 17.85, 17.89, 17.33, 17.4, 183600.0, 12.2
2011-06-07, 17.45, 17.47, 16.85, 16.92, 219700.0, 11.86
2011-06-08, 16.94, 17.05, 16.74, 16.75, 180600.0, 11.74
2011-06-09, 16.65, 16.95, 16.21, 16.29, 250900.0, 11.42
2011-06-10, 16.43, 16.47, 15.48, 15.64, 335300.0, 10.96
2011-06-13, 15.59, 15.79, 15.27, 15.51, 560500.0, 10.87
2011-06-14, 15.62, 16.03, 15.62, 16.0, 114700.0, 11.22
2011-06-15, 15.85, 16.25, 15.8, 15.97, 210800.0, 11.2
2011-06-16, 15.79, 16.05, 15.63, 15.87, 187600.0, 11.13
2011-06-17, 15.97, 16.01, 15.81, 15.95, 200300.0, 11.18
2011-06-20, 15.93, 15.99, 15.62, 15.7, 45000.0, 11.01
2011-06-21, 15.82, 16.3, 15.76, 16.0, 244900.0, 11.22
2011-06-22, 15.97, 16.46, 15.97, 16.32, 295200.0, 11.44
2011-06-23, 16.22, 16.29, 16.0, 16.1, 146800.0, 11.29
2011-06-24, 16.01, 16.19, 15.99, 16.0, 174100.0, 11.22
2011-06-27, 16.02, 16.25, 15.99, 16.12, 24600.0, 11.3
2011-06-28, 16.42, 17.06, 16.25, 16.59, 378500.0, 11.63
2011-06-29, 16.42, 17.68, 16.28, 17.13, 515200.0, 12.01
2011-06-30, 17.2, 17.27, 17.05, 17.2, 227800.0, 12.06
2011-07-01, 17.12, 17.23, 16.88, 17.14, 150400.0, 12.02
2011-07-05, 17.08, 17.25, 16.91, 16.99, 158700.0, 11.91
2011-07-06, 16.91, 17.0, 16.7, 16.88, 141800.0, 11.83
2011-07-07, 17.17, 17.17, 16.76, 16.87, 164900.0, 11.83
2011-07-08, 17.28, 17.28, 16.7, 17.0, 139400.0, 11.92
2011-07-11, 16.85, 16.99, 16.36, 16.54, 50700.0, 11.59
2011-07-12, 16.75, 16.9, 16.26, 16.65, 75900.0, 11.67
2011-07-13, 16.79, 16.79, 16.05, 16.39, 102100.0, 11.49
2011-07-14, 16.25, 16.75, 16.02, 16.26, 131500.0, 11.4
2011-07-15, 16.38, 16.8, 16.22, 16.5, 162800.0, 11.57
2011-07-18, 16.31, 16.53, 15.77, 15.9, 160100.0, 11.15
2011-07-19, 16.13, 16.24, 15.83, 16.0, 320300.0, 11.22
2011-07-20, 16.03, 16.37, 15.96, 16.34, 146500.0, 11.45
2011-07-21, 16.63, 16.94, 16.42, 16.75, 310100.0, 11.74
2011-07-22, 16.79, 17.0, 16.55, 16.94, 194000.0, 11.88
2011-07-25, 17.25, 17.43, 16.9, 17.2, 287600.0, 12.06
2011-07-26, 17.21, 17.45, 17.1, 17.28, 280300.0, 12.11
2011-07-27, 17.35, 17.38, 16.67, 16.81, 98300.0, 11.78
2011-07-28, 16.76, 16.99, 16.57, 16.87, 101000.0, 11.83
2011-07-29, 16.74, 17.38, 16.33, 17.31, 153600.0, 12.13
2011-08-01, 17.45, 17.94, 16.97, 17.5, 250600.0, 12.27
2011-08-02, 17.63, 17.63, 16.37, 16.82, 226500.0, 11.79
2011-08-03, 16.75, 17.38, 16.23, 16.73, 349600.0, 11.73
2011-08-04, 16.63, 16.97, 14.8, 14.93, 347400.0, 10.47
2011-08-05, 15.01, 15.38, 12.95, 14.05, 326300.0, 9.85
2011-08-08, 13.55, 14.14, 12.81, 13.24, 817600.0, 9.28
2011-08-09, 12.95, 15.24, 12.75, 14.14, 837400.0, 9.91
2011-08-10, 14.0, 14.2, 13.02, 13.61, 397700.0, 9.54
2011-08-11, 13.31, 13.64, 13.0, 13.61, 393200.0, 9.54
2011-08-12, 13.97, 13.97, 13.1, 13.28, 675200.0, 9.31
2011-08-15, 13.16, 13.8, 13.14, 13.33, 292400.0, 9.34
2011-08-16, 13.33, 14.21, 13.32, 14.17, 419200.0, 9.93
2011-08-17, 14.02, 14.67, 14.02, 14.44, 154800.0, 10.12
2011-08-18, 13.62, 14.09, 13.4, 13.98, 166000.0, 9.97
2011-08-19, 13.82, 14.08, 13.65, 13.85, 298800.0, 9.87
2011-08-22, 13.95, 14.0, 12.8, 13.22, 191600.0, 9.42
2011-08-23, 13.37, 13.44, 13.03, 13.35, 397400.0, 9.52
2011-08-24, 13.4, 13.4, 13.06, 13.18, 459000.0, 9.4
2011-08-25, 13.35, 13.36, 12.85, 13.0, 117300.0, 9.27
2011-08-26, 13.0, 13.0, 12.22, 12.51, 375600.0, 8.92
2011-08-29, 12.69, 12.93, 12.38, 12.61, 453300.0, 8.99
2011-08-30, 12.56, 12.9, 12.48, 12.8, 305800.0, 9.12
2011-08-31, 12.97, 13.25, 12.89, 12.97, 405700.0, 9.25
2011-09-01, 13.0, 13.0, 12.81, 12.91, 374900.0, 9.2
2011-09-02, 12.66, 12.72, 12.02, 12.12, 176700.0, 8.64
2011-09-06, 12.02, 12.26, 12.01, 12.19, 110600.0, 8.69
2011-09-07, 12.37, 12.61, 11.67, 11.92, 241800.0, 8.5
2011-09-08, 11.86, 11.86, 11.16, 11.22, 118600.0, 8.0
2011-09-09, 11.13, 11.75, 11.09, 11.5, 288800.0, 8.2
2011-09-12, 11.36, 11.36, 10.68, 10.85, 296700.0, 7.73
2011-09-13, 11.22, 11.53, 11.0, 11.33, 642800.0, 8.08
2011-09-14, 11.43, 11.99, 11.31, 11.83, 751200.0, 8.43
2011-09-15, 11.89, 11.93, 11.72, 11.84, 207900.0, 8.44
2011-09-16, 11.9, 12.0, 11.8, 12.0, 164600.0, 8.55
2011-09-19, 11.73, 11.9, 11.5, 11.86, 76300.0, 8.45
2011-09-20, 11.91, 11.99, 11.52, 11.61, 110900.0, 8.28
2011-09-21, 11.59, 11.79, 11.06, 11.11, 94700.0, 7.92
2011-09-22, 11.0, 11.17, 10.29, 10.35, 384800.0, 7.38
2011-09-23, 10.36, 10.36, 9.83, 10.05, 374900.0, 7.16
2011-09-26, 10.63, 10.83, 9.92, 10.0, 318200.0, 7.13
2011-09-27, 10.16, 10.8, 10.07, 10.15, 412200.0, 7.24
2011-09-28, 10.18, 10.22, 9.86, 9.97, 199200.0, 7.11
2011-09-29, 10.08, 10.26, 9.9, 10.25, 192200.0, 7.31
2011-09-30, 10.25, 10.47, 10.11, 10.24, 169500.0, 7.3
2011-10-03, 10.26, 10.51, 9.5, 9.61, 539200.0, 6.85
2011-10-04, 9.5, 10.02, 8.85, 9.9, 464400.0, 7.06
2011-10-05, 9.85, 10.49, 9.66, 10.3, 932700.0, 7.34
2011-10-06, 10.15, 10.41, 9.95, 10.34, 433500.0, 7.37
2011-10-07, 10.4, 10.4, 10.21, 10.25, 78800.0, 7.31
2011-10-10, 10.45, 10.78, 10.26, 10.45, 120300.0, 7.45
2011-10-11, 10.36, 10.74, 10.35, 10.52, 222700.0, 7.5
2011-10-12, 10.65, 10.95, 10.47, 10.84, 238200.0, 7.73
2011-10-13, 10.77, 10.81, 10.5, 10.73, 241300.0, 7.65
2011-10-14, 10.83, 10.99, 10.61, 10.77, 218200.0, 7.68
2011-10-17, 10.9, 10.92, 10.71, 10.77, 275000.0, 7.68
2011-10-18, 10.83, 10.93, 10.6, 10.73, 345800.0, 7.65
2011-10-19, 10.77, 11.07, 10.45, 10.54, 524800.0, 7.51
2011-10-20, 10.61, 11.05, 10.51, 10.9, 267800.0, 7.77
2011-10-21, 11.03, 11.37, 10.94, 11.27, 227700.0, 8.03
2011-10-24, 11.35, 11.81, 11.18, 11.77, 412000.0, 8.39
2011-10-25, 11.72, 11.76, 11.54, 11.69, 88000.0, 8.33
2011-10-26, 11.87, 12.36, 11.78, 12.14, 191800.0, 8.65
2011-10-27, 12.63, 13.3, 12.63, 13.29, 317600.0, 9.47
2011-10-28, 13.19, 13.33, 13.06, 13.28, 133200.0, 9.47
2011-10-31, 13.05, 13.39, 13.05, 13.25, 140000.0, 9.45
2011-11-01, 12.7, 12.97, 12.61, 12.82, 176100.0, 9.14
2011-11-02, 13.07, 13.18, 12.75, 13.09, 220700.0, 9.33
2011-11-03, 12.25, 13.38, 12.18, 13.04, 191700.0, 9.3
2011-11-04, 12.97, 13.25, 12.91, 13.22, 128000.0, 9.42
2011-11-07, 13.19, 13.95, 13.19, 13.91, 354900.0, 9.92
2011-11-08, 13.97, 14.04, 13.66, 13.81, 188300.0, 9.84
2011-11-09, 13.56, 13.89, 13.39, 13.81, 309000.0, 9.84
2011-11-10, 13.96, 14.01, 12.88, 13.22, 329800.0, 9.42
2011-11-11, 13.39, 13.59, 12.93, 13.14, 316500.0, 9.37
2011-11-14, 13.16, 13.16, 12.89, 12.97, 132500.0, 9.25
2011-11-15, 12.65, 12.89, 12.27, 12.74, 272700.0, 9.08
2011-11-16, 12.64, 13.07, 12.64, 12.97, 98500.0, 9.25
2011-11-17, 12.87, 12.99, 12.05, 12.1, 161000.0, 8.63
2011-11-18, 12.2, 12.59, 12.16, 12.3, 59000.0, 8.77
2011-11-21, 12.1, 12.1, 11.25, 11.72, 226600.0, 8.35
2011-11-22, 11.48, 11.67, 11.13, 11.58, 17000.0, 8.4
2011-11-23, 11.51, 11.56, 11.17, 11.33, 193800.0, 8.22
2011-11-25, 11.26, 11.31, 11.1, 11.12, 31900.0, 8.06
2011-11-28, 11.51, 11.87, 11.45, 11.6, 230000.0, 8.41
2011-11-29, 11.75, 12.36, 11.74, 12.08, 136000.0, 8.76
2011-11-30, 12.23, 12.69, 12.11, 12.52, 171700.0, 9.08
2011-12-01, 12.52, 12.67, 12.42, 12.65, 191700.0, 9.17
2011-12-02, 12.77, 13.16, 12.77, 13.0, 105400.0, 9.43
2011-12-05, 13.22, 14.21, 13.22, 13.82, 381000.0, 10.02
2011-12-06, 13.8, 14.04, 13.67, 13.97, 90800.0, 10.13
2011-12-07, 13.98, 13.98, 13.39, 13.59, 283900.0, 9.86
2011-12-08, 13.43, 13.58, 12.87, 13.17, 380200.0, 9.55
2011-12-09, 13.25, 13.74, 13.14, 13.56, 305200.0, 9.83
2011-12-12, 13.39, 13.41, 13.03, 13.19, 195000.0, 9.57
2011-12-13, 13.06, 13.4, 13.06, 13.25, 211800.0, 9.61
2011-12-14, 13.13, 13.13, 12.34, 12.7, 78800.0, 9.21
2011-12-15, 12.78, 12.89, 12.22, 12.57, 145300.0, 9.12
2011-12-16, 12.64, 12.75, 11.6, 11.76, 353600.0, 8.53
2011-12-19, 11.95, 12.2, 11.16, 11.84, 551900.0, 8.59
2011-12-20, 11.98, 12.19, 11.79, 12.11, 253100.0, 8.78
2011-12-21, 12.09, 12.25, 11.95, 12.24, 56000.0, 8.88
2011-12-22, 12.32, 12.32, 12.03, 12.27, 181400.0, 8.9
2011-12-23, 12.29, 12.32, 12.07, 12.3, 68400.0, 8.92
2011-12-27, 12.25, 12.36, 12.07, 12.3, 132900.0, 8.92
2011-12-28, 12.26, 12.51, 12.24, 12.48, 137400.0, 9.05
2011-12-29, 12.47, 12.54, 12.25, 12.29, 174700.0, 8.91
2011-12-30, 12.23, 12.42, 12.2, 12.41, 144100.0, 9.0
2012-01-03, 12.5, 13.31, 12.5, 13.05, 465400.0, 9.46
2012-01-04, 12.96, 13.2, 12.8, 13.11, 97200.0, 9.51
2012-01-05, 13.01, 13.61, 12.94, 13.4, 248400.0, 9.72
2012-01-06, 13.29, 13.99, 13.27, 13.93, 214500.0, 10.1
2012-01-09, 13.98, 13.98, 13.51, 13.52, 80100.0, 9.81
2012-01-10, 13.67, 13.9, 13.67, 13.86, 69900.0, 10.05
2012-01-11, 13.8, 13.94, 13.48, 13.58, 57400.0, 9.85
2012-01-12, 13.56, 13.85, 13.48, 13.7, 85000.0, 9.94
2012-01-13, 13.59, 13.85, 13.5, 13.65, 84500.0, 9.9
2012-01-17, 13.5, 14.37, 13.5, 14.12, 550400.0, 10.24
2012-01-18, 14.23, 14.49, 14.03, 14.47, 204700.0, 10.49
2012-01-19, 14.49, 14.83, 14.27, 14.75, 104400.0, 10.7
2012-01-20, 14.93, 15.23, 14.81, 14.96, 2252600.0, 10.85
2012-01-23, 14.98, 15.32, 14.04, 15.15, 149700.0, 10.99
2012-01-24, 15.03, 15.03, 14.52, 14.9, 1515800.0, 10.81
2012-01-25, 14.91, 15.1, 14.46, 14.47, 145600.0, 10.49
2012-01-26, 14.6, 14.88, 14.54, 14.65, 303800.0, 10.62
2012-01-27, 14.58, 15.17, 14.45, 15.11, 221200.0, 10.96
2012-01-30, 14.97, 15.07, 14.12, 14.42, 174000.0, 10.46
2012-01-31, 14.41, 15.06, 14.34, 14.88, 164200.0, 10.79
2012-02-01, 14.98, 15.22, 14.64, 14.68, 204800.0, 10.65
2012-02-02, 14.71, 14.96, 14.58, 14.63, 108900.0, 10.61
2012-02-03, 14.77, 14.96, 14.63, 14.85, 115500.0, 10.77
2012-02-06, 14.83, 14.93, 14.7, 14.84, 107700.0, 10.76
2012-02-07, 14.79, 15.48, 14.7, 15.09, 359800.0, 10.94
2012-02-08, 15.06, 15.16, 14.82, 15.01, 278600.0, 10.89
2012-02-09, 15.06, 15.46, 14.95, 15.34, 347800.0, 11.13
2012-02-10, 14.19, 15.14, 14.02, 14.4, 751900.0, 10.44
2012-02-13, 14.67, 14.82, 14.28, 14.4, 242700.0, 10.44
2012-02-14, 14.51, 14.72, 14.38, 14.51, 283500.0, 10.52
2012-02-15, 14.72, 14.97, 14.67, 14.82, 429800.0, 10.75
2012-02-16, 14.71, 14.86, 14.38, 14.38, 353300.0, 10.43
2012-02-17, 14.47, 14.71, 14.4, 14.49, 291600.0, 10.51
2012-02-21, 14.05, 14.16, 13.8, 13.92, 40800.0, 10.43
2012-02-22, 14.19, 14.34, 13.95, 14.16, 268900.0, 10.61
2012-02-23, 14.21, 14.29, 13.9, 13.93, 189700.0, 10.43
2012-02-24, 14.06, 14.24, 13.93, 14.16, 197000.0, 10.61
2012-02-27, 14.09, 14.18, 13.97, 14.03, 378000.0, 10.51
2012-02-28, 14.03, 14.09, 13.92, 13.95, 158800.0, 10.45
2012-02-29, 14.02, 14.03, 13.87, 14.02, 136400.0, 10.5
2012-03-01, 14.08, 14.08, 13.9, 13.96, 106000.0, 10.46
2012-03-02, 13.92, 14.06, 13.84, 13.92, 144800.0, 10.43
2012-03-05, 13.9, 14.1, 13.86, 14.06, 468800.0, 10.53
2012-03-06, 13.9, 13.97, 13.68, 13.83, 240500.0, 10.36
2012-03-07, 13.9, 14.23, 13.68, 13.85, 310900.0, 10.37
2012-03-08, 14.06, 14.06, 13.78, 14.02, 162500.0, 10.5
2012-03-09, 14.1, 14.25, 13.96, 14.22, 119600.0, 10.65
2012-03-12, 14.34, 14.34, 14.11, 14.27, 125400.0, 10.69
2012-03-13, 14.3, 14.32, 14.09, 14.25, 214500.0, 10.67
2012-03-14, 14.27, 14.5, 14.12, 14.38, 220700.0, 10.77
2012-03-15, 14.38, 14.46, 14.29, 14.36, 85200.0, 10.76
2012-03-16, 14.46, 14.71, 14.31, 14.58, 464300.0, 10.92
2012-03-19, 14.58, 14.6, 14.15, 14.42, 219600.0, 10.8
2012-03-20, 14.28, 14.58, 14.25, 14.32, 164800.0, 10.73
2012-03-21, 14.33, 14.56, 14.19, 14.56, 304900.0, 10.91
2012-03-22, 14.5, 14.69, 14.23, 14.27, 126500.0, 10.69
2012-03-23, 14.34, 14.35, 14.05, 14.26, 150800.0, 10.68
2012-03-26, 14.37, 14.51, 14.3, 14.41, 116300.0, 10.79
2012-03-27, 14.45, 14.5, 14.14, 14.18, 176700.0, 10.62
2012-03-28, 14.22, 14.49, 14.01, 14.25, 155200.0, 10.67
2012-03-29, 14.19, 14.66, 14.16, 14.4, 272800.0, 10.79
2012-03-30, 14.5, 14.5, 14.12, 14.28, 115400.0, 10.7
2012-04-02, 14.37, 14.57, 14.08, 14.4, 201400.0, 10.79
2012-04-03, 14.34, 14.7, 14.21, 14.45, 215200.0, 10.82
2012-04-04, 14.38, 14.38, 13.91, 14.13, 265800.0, 10.58
2012-04-05, 14.12, 14.48, 14.12, 14.35, 66100.0, 10.75
2012-04-09, 14.13, 14.23, 14.0, 14.16, 103500.0, 10.61
2012-04-10, 14.14, 14.19, 13.57, 13.65, 131600.0, 10.22
2012-04-11, 13.93, 14.04, 13.77, 13.99, 131200.0, 10.48
2012-04-12, 13.54, 13.88, 13.54, 13.85, 185300.0, 10.37
2012-04-13, 13.79, 13.82, 13.52, 13.56, 155600.0, 10.16
2012-04-16, 13.57, 13.83, 13.2, 13.32, 178300.0, 9.98
2012-04-17, 13.35, 13.64, 13.04, 13.51, 266600.0, 10.12
2012-04-18, 13.49, 13.93, 13.37, 13.72, 204200.0, 10.28
2012-04-19, 13.62, 13.86, 13.27, 13.51, 217700.0, 10.12
2012-04-20, 13.59, 13.59, 12.89, 12.99, 173900.0, 9.73
2012-04-23, 12.9, 12.99, 12.52, 12.95, 244200.0, 9.7
2012-04-24, 12.96, 13.33, 12.9, 13.22, 217300.0, 9.9
2012-04-25, 13.33, 13.62, 13.06, 13.23, 317100.0, 9.91
2012-04-26, 13.28, 13.28, 12.99, 13.1, 282500.0, 9.81
2012-04-27, 13.16, 13.3, 12.97, 13.11, 173600.0, 9.82
2012-04-30, 13.11, 13.19, 12.79, 12.84, 172000.0, 9.62
2012-05-01, 12.84, 13.04, 12.77, 12.91, 172600.0, 9.67
2012-05-02, 12.82, 13.0, 12.56, 12.65, 207000.0, 9.47
2012-05-03, 12.63, 12.72, 12.28, 12.34, 149000.0, 9.24
2012-05-04, 12.3, 12.3, 11.98, 12.16, 154300.0, 9.11
2012-05-07, 11.97, 12.3, 11.97, 12.2, 405000.0, 9.14
2012-05-08, 12.97, 13.32, 12.56, 12.85, 621500.0, 9.62
2012-05-09, 12.8, 12.93, 12.02, 12.04, 355500.0, 9.02
2012-05-10, 12.1, 12.59, 12.0, 12.03, 357500.0, 9.01
2012-05-11, 12.0, 12.23, 11.58, 11.95, 518300.0, 8.95
2012-05-14, 11.86, 12.03, 11.74, 11.89, 253600.0, 8.91
2012-05-15, 11.75, 11.83, 11.48, 11.61, 307200.0, 8.7
2012-05-16, 11.7, 11.95, 11.44, 11.46, 521200.0, 8.58
2012-05-17, 11.12, 11.19, 10.49, 10.76, 1268500.0, 8.24
2012-05-18, 10.79, 11.02, 10.44, 10.54, 373600.0, 8.07
2012-05-21, 10.42, 11.04, 10.42, 11.01, 316800.0, 8.43
2012-05-22, 10.99, 11.25, 10.88, 11.19, 297800.0, 8.57
2012-05-23, 11.18, 11.71, 11.12, 11.68, 724200.0, 8.94
2012-05-24, 11.69, 11.84, 11.49, 11.73, 365800.0, 8.98
2012-05-25, 11.71, 11.83, 11.62, 11.82, 152000.0, 9.05
2012-05-29, 11.94, 12.13, 11.82, 12.01, 159200.0, 9.2
2012-05-30, 11.88, 11.88, 11.64, 11.68, 253300.0, 8.94
2012-05-31, 11.72, 11.77, 11.43, 11.67, 255200.0, 8.94
2012-06-01, 11.21, 11.72, 10.99, 11.36, 395100.0, 8.7
2012-06-04, 11.38, 11.46, 11.26, 11.42, 312800.0, 8.74
2012-06-05, 11.36, 11.65, 11.05, 11.6, 331700.0, 8.88
2012-06-06, 11.7, 12.05, 11.4, 12.0, 339200.0, 9.19
2012-06-07, 12.17, 12.55, 12.11, 12.5, 255200.0, 9.57
2012-06-08, 12.43, 12.69, 12.42, 12.69, 223800.0, 9.72
2012-06-11, 12.75, 12.77, 12.55, 12.62, 268500.0, 9.66
2012-06-12, 12.47, 12.72, 12.47, 12.67, 332100.0, 9.7
2012-06-13, 12.59, 12.87, 12.53, 12.7, 141200.0, 9.72
2012-06-14, 12.69, 12.84, 12.61, 12.76, 93400.0, 9.77
2012-06-15, 12.75, 12.99, 12.74, 12.83, 210300.0, 9.82
2012-06-18, 12.85, 12.85, 12.55, 12.78, 108100.0, 9.79
2012-06-19, 12.88, 13.0, 12.8, 12.91, 262500.0, 9.89
2012-06-20, 12.96, 12.96, 12.83, 12.91, 233600.0, 9.89
2012-06-21, 12.96, 13.02, 12.77, 12.91, 261700.0, 9.89
2012-06-22, 12.92, 13.01, 12.84, 12.9, 110400.0, 9.88
2012-06-25, 12.8, 12.84, 12.61, 12.72, 298800.0, 9.74
2012-06-26, 12.76, 12.87, 12.65, 12.68, 327500.0, 9.71
2012-06-27, 12.68, 12.77, 12.4, 12.66, 145200.0, 9.69
2012-06-28, 12.59, 12.63, 12.21, 12.25, 387900.0, 9.38
2012-06-29, 12.53, 12.56, 12.3, 12.4, 314200.0, 9.49
2012-07-02, 12.44, 12.77, 12.39, 12.73, 236300.0, 9.75
2012-07-03, 12.72, 12.77, 12.66, 12.67, 78100.0, 9.7
2012-07-05, 12.74, 12.9, 12.62, 12.77, 85900.0, 9.78
2012-07-06, 12.71, 12.71, 12.39, 12.57, 51600.0, 9.63
2012-07-09, 12.52, 12.56, 12.33, 12.38, 89600.0, 9.48
2012-07-10, 12.27, 12.64, 12.0, 12.5, 394300.0, 9.57
2012-07-11, 12.6, 12.91, 12.49, 12.55, 136500.0, 9.61
2012-07-12, 12.44, 12.81, 12.37, 12.78, 161000.0, 9.79
2012-07-13, 12.85, 12.94, 12.72, 12.94, 53300.0, 9.91
2012-07-16, 12.83, 13.0, 12.72, 12.97, 91700.0, 9.93
2012-07-17, 12.9, 13.09, 12.83, 13.03, 136600.0, 9.98
2012-07-18, 13.04, 13.19, 12.81, 13.16, 929900.0, 10.08
2012-07-19, 13.21, 13.21, 13.01, 13.15, 119200.0, 10.07
2012-07-20, 13.01, 13.46, 12.96, 13.41, 179800.0, 10.27
2012-07-23, 13.31, 13.46, 13.17, 13.41, 50500.0, 10.27
2012-07-24, 13.36, 13.45, 13.08, 13.32, 95700.0, 10.2
2012-07-25, 13.33, 13.5, 13.2, 13.23, 94600.0, 10.13
2012-07-26, 13.12, 13.25, 12.87, 12.92, 78500.0, 9.89
2012-07-27, 12.99, 13.24, 12.85, 13.2, 60000.0, 10.11
2012-07-30, 13.2, 13.65, 13.2, 13.34, 88300.0, 10.21
2012-07-31, 13.36, 13.58, 13.34, 13.57, 98900.0, 10.39
2012-08-01, 13.66, 14.18, 13.64, 14.0, 195600.0, 10.72
2012-08-02, 13.85, 14.03, 12.95, 13.51, 393600.0, 10.34
2012-08-03, 13.94, 13.94, 13.57, 13.73, 81800.0, 10.51
2012-08-06, 13.81, 13.82, 13.26, 13.47, 193100.0, 10.31
2012-08-07, 13.75, 13.78, 13.47, 13.55, 225500.0, 10.38
2012-08-08, 13.6, 13.96, 13.38, 13.75, 77800.0, 10.53
2012-08-09, 13.59, 13.65, 13.49, 13.54, 140500.0, 10.37
2012-08-10, 13.53, 13.61, 13.35, 13.52, 161800.0, 10.35
2012-08-13, 13.46, 13.53, 13.23, 13.23, 189300.0, 10.13
2012-08-14, 13.25, 13.49, 13.19, 13.24, 471100.0, 10.14
2012-08-15, 13.27, 13.38, 13.19, 13.27, 266800.0, 10.16
2012-08-16, 13.23, 13.58, 13.12, 13.32, 397700.0, 10.2
2012-08-17, 13.32, 13.34, 13.16, 13.27, 42600.0, 10.16
2012-08-20, 13.21, 13.5, 13.15, 13.47, 60900.0, 10.31
2012-08-21, 13.45, 13.55, 13.4, 13.49, 225800.0, 10.33
2012-08-22, 13.51, 13.84, 13.4, 13.84, 266500.0, 10.6
2012-08-23, 13.52, 13.81, 13.37, 13.72, 284000.0, 10.69
2012-08-24, 13.66, 13.66, 13.39, 13.45, 112300.0, 10.48
2012-08-27, 13.46, 13.53, 13.21, 13.28, 108500.0, 10.35
2012-08-28, 13.28, 13.53, 13.13, 13.48, 162800.0, 10.5
2012-08-29, 13.5, 13.68, 13.42, 13.5, 112900.0, 10.52
2012-08-30, 13.49, 13.56, 13.26, 13.4, 993500.0, 10.44
2012-08-31, 13.5, 13.5, 13.16, 13.26, 37300.0, 10.33
2012-09-04, 13.32, 13.6, 13.25, 13.29, 108600.0, 10.36
2012-09-05, 13.34, 13.48, 13.2, 13.48, 141900.0, 10.5
2012-09-06, 13.56, 13.87, 13.43, 13.59, 148100.0, 10.59
2012-09-07, 13.56, 13.91, 13.56, 13.91, 88500.0, 10.84
2012-09-10, 13.85, 13.99, 13.67, 13.9, 104800.0, 10.83
2012-09-11, 13.85, 14.24, 13.76, 13.92, 270900.0, 10.85
2012-09-12, 14.07, 14.1, 13.79, 13.96, 91700.0, 10.88
2012-09-13, 14.0, 14.2, 13.66, 14.16, 194700.0, 11.03
2012-09-14, 14.25, 14.89, 14.25, 14.54, 386800.0, 11.33
2012-09-17, 14.59, 15.0, 14.59, 14.95, 429700.0, 11.65
2012-09-18, 14.95, 14.96, 14.75, 14.83, 241800.0, 11.56
2012-09-19, 14.87, 15.0, 14.64, 14.99, 356900.0, 11.68
2012-09-20, 14.85, 15.0, 14.72, 14.92, 175100.0, 11.63
2012-09-21, 15.0, 15.06, 14.75, 14.96, 272700.0, 11.66
2012-09-24, 14.86, 14.99, 14.71, 14.84, 101500.0, 11.56
2012-09-25, 14.85, 15.02, 14.64, 14.65, 286700.0, 11.42
2012-09-26, 14.62, 14.96, 14.61, 14.78, 298000.0, 11.52
2012-09-27, 14.8, 15.01, 14.68, 14.82, 469100.0, 11.55
2012-09-28, 14.92, 14.92, 14.17, 14.66, 265600.0, 11.42
2012-10-01, 14.75, 14.86, 14.28, 14.52, 516600.0, 11.31
2012-10-02, 14.49, 14.74, 14.2, 14.37, 380700.0, 11.2
2012-10-03, 14.35, 14.43, 13.84, 14.42, 385300.0, 11.24
2012-10-04, 14.4, 14.87, 14.4, 14.71, 366700.0, 11.46
2012-10-05, 14.76, 14.89, 14.47, 14.74, 377900.0, 11.49
2012-10-08, 14.68, 14.91, 14.62, 14.9, 363100.0, 11.61
2012-10-09, 14.85, 14.9, 14.57, 14.59, 292100.0, 11.37
2012-10-10, 14.57, 14.81, 14.48, 14.66, 290800.0, 11.42
2012-10-11, 14.76, 14.91, 14.4, 14.59, 408200.0, 11.37
2012-10-12, 14.37, 14.52, 14.27, 14.48, 270400.0, 11.28
2012-10-15, 14.48, 14.98, 14.41, 14.92, 359400.0, 11.63
2012-10-16, 14.89, 15.07, 14.58, 15.03, 508600.0, 11.71
2012-10-17, 14.96, 15.15, 14.89, 15.06, 395900.0, 11.74
2012-10-18, 15.07, 15.19, 14.97, 15.06, 258300.0, 11.74
2012-10-19, 15.11, 15.34, 14.96, 15.04, 143700.0, 11.72
2012-10-22, 14.99, 15.2, 14.92, 15.11, 250000.0, 11.77
2012-10-23, 15.14, 15.19, 14.7, 15.03, 556600.0, 11.71
2012-10-24, 15.07, 15.16, 14.63, 14.92, 487700.0, 11.63
2012-10-25, 15.01, 15.25, 14.91, 15.19, 292200.0, 11.84
2012-10-26, 15.13, 15.3, 14.34, 14.81, 261900.0, 11.54
2012-10-31, 15.17, 15.33, 14.88, 15.19, 287000.0, 11.84
2012-11-01, 15.24, 15.47, 15.08, 15.43, 219600.0, 12.02
2012-11-02, 15.46, 15.48, 14.82, 14.92, 171300.0, 11.63
2012-11-05, 14.92, 15.07, 14.64, 14.81, 184000.0, 11.54
2012-11-06, 14.8, 15.11, 14.57, 15.11, 367700.0, 11.77
2012-11-07, 14.91, 14.91, 14.2, 14.45, 381800.0, 11.26
2012-11-08, 14.72, 14.95, 14.04, 14.05, 284400.0, 10.95
2012-11-09, 14.42, 14.71, 14.14, 14.22, 233200.0, 11.08
2012-11-12, 14.22, 14.54, 14.22, 14.52, 167200.0, 11.31
2012-11-13, 14.47, 14.71, 14.32, 14.61, 139700.0, 11.38
2012-11-14, 14.63, 14.7, 13.83, 14.05, 1445300.0, 10.95
2012-11-15, 14.1, 14.5, 14.02, 14.25, 596700.0, 11.1
2012-11-16, 14.34, 14.48, 14.11, 14.14, 137800.0, 11.02
2012-11-19, 14.31, 15.01, 14.25, 14.9, 411100.0, 11.61
2012-11-20, 14.76, 15.14, 14.74, 15.13, 728900.0, 12.11
2012-11-21, 15.1, 15.21, 14.95, 15.18, 503700.0, 12.15
2012-11-23, 15.25, 15.34, 15.12, 15.33, 251400.0, 12.28
2012-11-26, 15.29, 15.4, 15.12, 15.27, 173800.0, 12.23
2012-11-27, 15.3, 15.5, 15.14, 15.34, 192700.0, 12.28
2012-11-28, 15.31, 15.64, 15.16, 15.46, 148400.0, 12.38
2012-11-29, 15.47, 15.68, 15.35, 15.57, 441400.0, 12.47
2012-11-30, 15.41, 15.77, 15.41, 15.69, 485200.0, 12.56
2012-12-03, 15.85, 15.93, 15.61, 15.76, 427600.0, 12.62
2012-12-04, 15.76, 15.9, 15.65, 15.8, 189000.0, 12.65
2012-12-05, 15.75, 16.04, 15.75, 15.92, 438100.0, 12.75
2012-12-06, 15.87, 16.29, 15.79, 16.2, 182100.0, 12.97
2012-12-07, 16.31, 16.37, 15.97, 16.03, 110000.0, 12.84
2012-12-10, 16.04, 16.3, 15.93, 16.26, 78700.0, 13.02
2012-12-11, 16.32, 16.47, 16.18, 16.38, 195800.0, 13.12
2012-12-12, 16.46, 16.46, 15.97, 16.13, 319200.0, 12.92
2012-12-13, 16.16, 16.53, 16.08, 16.53, 552200.0, 13.24
2012-12-14, 16.4, 16.56, 16.28, 16.43, 222900.0, 13.16
2012-12-17, 16.4, 16.81, 16.4, 16.66, 170100.0, 13.34
2012-12-18, 16.7, 17.04, 16.64, 16.92, 316100.0, 13.55
2012-12-19, 16.67, 17.04, 16.67, 16.94, 168000.0, 13.56
2012-12-20, 17.0, 17.09, 16.95, 17.08, 255400.0, 13.68
2012-12-21, 16.79, 17.1, 16.49, 16.96, 182400.0, 13.58
2012-12-24, 16.87, 17.02, 16.73, 16.93, 48800.0, 13.56
2012-12-26, 16.92, 17.27, 16.92, 17.12, 118700.0, 13.71
2012-12-27, 17.06, 17.36, 16.96, 17.28, 279200.0, 13.84
2012-12-28, 17.2, 17.85, 16.96, 17.23, 254500.0, 13.8
2012-12-31, 17.16, 17.58, 17.05, 17.36, 215900.0, 13.9
2013-01-02, 17.77, 17.99, 17.72, 17.93, 539400.0, 14.36
2013-01-03, 17.91, 18.02, 17.84, 18.0, 1004600.0, 14.41
2013-01-04, 18.0, 18.73, 17.93, 18.3, 905500.0, 14.65
2013-01-07, 18.35, 18.53, 18.34, 18.44, 406000.0, 14.77
2013-01-08, 18.44, 18.71, 18.31, 18.67, 370000.0, 14.95
2013-01-09, 18.41, 18.96, 18.41, 18.96, 566900.0, 15.18
2013-01-10, 18.95, 19.49, 18.95, 19.35, 849600.0, 15.49
2013-01-11, 19.25, 19.42, 19.12, 19.3, 337300.0, 15.45
2013-01-14, 19.3, 20.15, 19.2, 19.94, 899700.0, 15.97
2013-01-15, 19.82, 19.99, 19.34, 19.67, 269500.0, 15.75
2013-01-16, 19.8, 19.93, 19.65, 19.83, 300200.0, 15.88
2013-01-17, 19.93, 20.18, 19.9, 20.05, 367600.0, 16.05
2013-01-18, 20.17, 21.03, 20.08, 20.95, 1078000.0, 16.78
2013-01-22, 21.0, 21.5, 20.97, 21.4, 348600.0, 17.14
2013-01-23, 21.47, 21.49, 21.19, 21.24, 242800.0, 17.01
2013-01-24, 21.25, 21.41, 20.81, 21.01, 466700.0, 16.82
2013-01-25, 21.08, 21.46, 20.93, 21.26, 266800.0, 17.02
2013-01-28, 21.26, 21.49, 20.99, 21.19, 271200.0, 16.97
2013-01-29, 21.14, 21.27, 20.77, 21.2, 446800.0, 16.98
2013-01-30, 21.01, 21.18, 20.86, 20.94, 1268800.0, 16.77
2013-01-31, 20.91, 22.6, 20.85, 22.27, 806100.0, 17.83
2013-02-01, 22.74, 23.4, 22.53, 22.77, 1072800.0, 18.23
2013-02-04, 22.15, 22.47, 21.57, 22.21, 634400.0, 17.78
2013-02-05, 22.3, 22.48, 21.76, 21.97, 425200.0, 17.59
2013-02-06, 22.1, 23.0, 21.89, 22.01, 381100.0, 17.62
2013-02-07, 22.31, 22.5, 21.76, 22.15, 391400.0, 17.74
2013-02-08, 23.95, 23.95, 22.44, 22.69, 756500.0, 18.17
2013-02-11, 22.89, 22.89, 22.06, 22.17, 450300.0, 17.75
2013-02-12, 22.19, 22.36, 21.89, 21.98, 366500.0, 17.6
2013-02-13, 22.16, 22.26, 21.55, 21.6, 537700.0, 17.3
2013-02-14, 21.65, 22.43, 21.56, 22.27, 775800.0, 17.83
2013-02-15, 21.38, 22.37, 21.25, 22.2, 1983900.0, 18.66
2013-02-19, 22.19, 23.07, 22.03, 22.75, 1594800.0, 19.12
2013-02-20, 23.0, 23.85, 22.09, 22.28, 1546300.0, 18.72
2013-02-21, 22.21, 22.28, 21.11, 21.2, 1630400.0, 17.82
2013-02-22, 21.44, 22.15, 21.0, 21.87, 1141900.0, 18.38
2013-02-25, 22.15, 23.24, 21.96, 22.45, 1434400.0, 18.87
2013-02-26, 22.6, 22.72, 21.71, 22.44, 491800.0, 18.86
2013-02-27, 22.45, 23.18, 22.39, 22.91, 250600.0, 19.25
2013-02-28, 22.96, 23.92, 22.78, 23.51, 535900.0, 19.76
2013-03-01, 23.27, 23.7, 23.03, 23.41, 363200.0, 19.67
2013-03-04, 23.7, 23.98, 23.55, 23.7, 1006000.0, 19.92
2013-03-05, 23.96, 24.87, 23.93, 24.0, 467400.0, 20.17
2013-03-06, 24.11, 24.11, 23.82, 23.91, 505000.0, 20.09
2013-03-07, 23.89, 24.0, 23.75, 23.99, 346000.0, 20.16
2013-03-08, 24.1, 24.48, 23.8, 24.0, 338500.0, 20.17
2013-03-11, 24.0, 24.5, 23.54, 24.0, 603200.0, 20.17
2013-03-12, 24.03, 24.5, 23.72, 23.9, 382200.0, 20.08
2013-03-13, 24.05, 24.21, 23.91, 24.0, 516700.0, 20.17
2013-03-14, 24.11, 24.14, 23.2, 23.68, 914400.0, 19.9
2013-03-15, 23.68, 23.88, 23.05, 23.47, 911100.0, 19.72
2013-03-18, 23.37, 23.37, 22.9, 23.03, 1039000.0, 19.35
2013-03-19, 23.13, 23.26, 22.59, 22.77, 890200.0, 19.13
2013-03-20, 22.76, 22.91, 22.21, 22.52, 1933400.0, 18.92
2013-03-21, 22.43, 22.7, 22.16, 22.31, 3324200.0, 18.75
2013-03-22, 22.48, 22.56, 21.9, 22.2, 447600.0, 18.66
2013-03-25, 22.31, 22.65, 21.6, 21.67, 556200.0, 18.21
2013-03-26, 21.79, 22.31, 21.59, 22.17, 597800.0, 18.63
2013-03-27, 21.95, 22.19, 21.62, 21.91, 526000.0, 18.41
2013-03-28, 22.12, 22.19, 21.58, 21.64, 375800.0, 18.19
2013-04-01, 21.94, 22.5, 21.84, 22.29, 678700.0, 18.73
2013-04-02, 22.4, 23.87, 22.4, 23.55, 650800.0, 19.79
2013-04-03, 23.76, 24.33, 23.22, 23.45, 784200.0, 19.71
2013-04-04, 23.5, 24.06, 23.24, 24.03, 546700.0, 20.19
2013-04-05, 23.89, 24.43, 23.65, 24.24, 533500.0, 20.37
2013-04-08, 24.27, 25.26, 24.24, 25.09, 830800.0, 21.08
2013-04-09, 25.27, 26.63, 25.09, 26.41, 1506300.0, 22.19
2013-04-10, 26.36, 27.56, 25.75, 26.02, 1413000.0, 21.87
2013-04-11, 26.31, 26.44, 25.4, 25.44, 1565600.0, 21.38
2013-04-12, 25.57, 25.95, 24.61, 24.7, 818800.0, 20.76
2013-04-15, 24.8, 25.49, 22.36, 22.94, 2364200.0, 19.28
2013-04-16, 23.54, 24.83, 23.31, 24.32, 1475700.0, 20.44
2013-04-17, 24.17, 24.36, 23.5, 24.15, 481600.0, 20.29
2013-04-18, 24.3, 24.55, 23.67, 24.2, 440900.0, 20.34
2013-04-19, 24.35, 25.33, 24.31, 24.96, 619100.0, 20.98
2013-04-22, 25.35, 25.37, 24.54, 25.15, 629600.0, 21.13
2013-04-23, 25.36, 26.09, 25.36, 25.56, 722000.0, 21.48
2013-04-24, 25.58, 25.84, 24.98, 25.02, 720600.0, 21.03
2013-04-25, 25.27, 26.02, 25.1, 26.02, 863500.0, 21.87
2013-04-26, 26.09, 26.38, 25.61, 25.87, 670600.0, 21.74
2013-04-29, 26.12, 26.38, 25.9, 25.99, 550500.0, 21.84
2013-04-30, 26.27, 27.38, 26.13, 26.92, 1068900.0, 22.62
2013-05-01, 27.06, 27.2, 25.65, 25.85, 582200.0, 21.72
2013-05-02, 26.27, 26.54, 25.96, 26.25, 331500.0, 22.06
2013-05-03, 26.66, 26.95, 26.34, 26.59, 683300.0, 22.34
2013-05-06, 27.73, 28.14, 26.42, 26.5, 1547000.0, 22.27
2013-05-07, 27.3, 27.5, 26.77, 27.14, 1103500.0, 22.81
2013-05-08, 26.5, 27.2, 26.1, 26.95, 1041300.0, 22.65
2013-05-09, 26.87, 26.87, 25.47, 25.58, 1812300.0, 21.5
2013-05-10, 24.74, 25.05, 24.52, 24.85, 1.66064E7, 20.88
2013-05-13, 24.9, 25.14, 24.82, 25.0, 6323900.0, 21.01
2013-05-14, 24.5, 25.89, 24.4, 25.6, 4866900.0, 22.01
2013-05-15, 25.6, 26.4, 25.14, 26.31, 2546300.0, 22.63
2013-05-16, 26.33, 26.79, 25.89, 26.68, 1777900.0, 22.94
2013-05-17, 26.76, 27.48, 26.5, 27.34, 1196000.0, 23.51
2013-05-20, 26.8, 26.89, 26.12, 26.2, 2658600.0, 22.53
2013-05-21, 26.25, 27.07, 26.13, 26.33, 1197400.0, 22.64
2013-05-22, 26.33, 26.57, 24.63, 25.13, 2020000.0, 21.61
2013-05-23, 24.51, 24.55, 23.33, 23.92, 2893600.0, 20.57
2013-05-24, 23.9, 25.09, 23.76, 25.04, 1283800.0, 21.53
2013-05-28, 25.5, 26.05, 24.6, 24.64, 1587400.0, 21.19
2013-05-29, 24.25, 24.58, 23.49, 24.17, 1256700.0, 20.79
2013-05-30, 24.56, 24.93, 23.87, 24.74, 1739600.0, 21.28
2013-05-31, 24.41, 24.75, 24.01, 24.05, 802900.0, 20.68
2013-06-03, 24.1, 24.73, 23.08, 23.35, 1399800.0, 20.08
2013-06-04, 23.35, 23.82, 22.82, 23.21, 1470500.0, 19.96
2013-06-05, 23.02, 23.2, 22.44, 22.64, 1199800.0, 19.47
2013-06-06, 22.6, 23.75, 22.45, 23.65, 1172800.0, 20.34
2013-06-07, 23.98, 24.67, 23.48, 24.03, 1294900.0, 20.66
2013-06-10, 24.32, 24.67, 23.9, 24.39, 1037300.0, 20.97
2013-06-11, 23.9, 24.26, 23.41, 23.52, 669900.0, 20.23
2013-06-12, 24.34, 24.75, 23.23, 23.79, 939300.0, 20.46
2013-06-13, 23.62, 24.35, 23.54, 24.03, 746400.0, 20.66
2013-06-14, 24.03, 24.09, 23.28, 23.7, 566800.0, 20.38
2013-06-17, 23.75, 24.48, 23.75, 24.0, 615100.0, 20.64
2013-06-18, 24.0, 24.23, 23.62, 24.21, 715700.0, 20.82
2013-06-19, 24.21, 24.59, 23.99, 24.14, 726700.0, 20.76
2013-06-20, 23.71, 23.82, 22.55, 23.17, 1437900.0, 19.93
2013-06-21, 23.3, 23.4, 22.39, 22.67, 722600.0, 19.5
2013-06-24, 22.28, 22.36, 20.86, 21.76, 2817900.0, 18.71
2013-06-25, 21.76, 23.4, 21.73, 22.35, 1968300.0, 19.22
2013-06-26, 22.61, 23.14, 22.43, 22.75, 1147900.0, 19.56
2013-06-27, 23.35, 24.25, 22.87, 23.5, 1882000.0, 20.21
2013-06-28, 23.41, 24.29, 23.2, 24.1, 1192000.0, 20.72
2013-07-01, 24.29, 24.49, 23.6, 23.64, 382700.0, 20.33
2013-07-02, 23.59, 23.84, 23.06, 23.3, 642200.0, 20.04
2013-07-03, 23.04, 23.27, 22.63, 23.01, 487300.0, 19.79
2013-07-05, 23.25, 23.71, 22.61, 23.55, 483200.0, 20.25
2013-07-08, 23.5, 24.5, 23.5, 24.08, 944300.0, 20.71
2013-07-09, 24.18, 24.47, 23.73, 24.01, 1110700.0, 20.65
2013-07-10, 23.98, 24.29, 23.39, 23.82, 894000.0, 20.48
2013-07-11, 24.25, 24.82, 24.11, 24.76, 646000.0, 21.29
2013-07-12, 24.76, 25.09, 24.59, 24.99, 585200.0, 21.49
2013-07-15, 25.07, 25.56, 24.85, 25.23, 798900.0, 21.7
2013-07-16, 25.18, 25.43, 24.26, 24.64, 1314900.0, 21.19
2013-07-17, 24.81, 25.17, 24.4, 24.49, 799100.0, 21.06
2013-07-18, 24.62, 26.4, 24.5, 25.9, 1282500.0, 22.27
2013-07-19, 25.94, 26.43, 25.66, 26.14, 576100.0, 22.48
2013-07-22, 26.38, 27.03, 26.11, 26.86, 1045100.0, 23.1
2013-07-23, 26.62, 27.05, 26.45, 26.67, 701500.0, 22.93
2013-07-24, 26.87, 26.95, 26.12, 26.64, 574000.0, 22.91
2013-07-25, 26.4, 27.03, 26.25, 26.63, 630100.0, 22.9
2013-07-26, 26.3, 26.97, 26.26, 26.97, 434000.0, 23.19
2013-07-29, 26.89, 26.89, 26.13, 26.6, 970600.0, 22.87
2013-07-30, 26.13, 26.6, 25.84, 26.35, 642700.0, 22.66
2013-07-31, 26.53, 26.78, 25.96, 26.72, 390600.0, 22.98
2013-08-01, 27.0, 27.68, 26.47, 27.33, 859900.0, 23.5
2013-08-02, 27.41, 27.9, 26.9, 27.36, 422000.0, 23.53
2013-08-05, 27.36, 27.72, 27.17, 27.56, 967100.0, 23.7
2013-08-06, 27.75, 28.3, 27.67, 27.88, 1250700.0, 23.98
2013-08-07, 27.58, 28.1, 27.25, 27.89, 956200.0, 23.98
2013-08-08, 28.5, 28.84, 27.9, 28.05, 1922100.0, 24.12
2013-08-09, 28.48, 28.5, 27.55, 27.98, 914100.0, 24.06
2013-08-12, 27.76, 28.24, 27.5, 28.06, 832800.0, 24.13
2013-08-13, 28.34, 29.23, 28.02, 29.17, 1518500.0, 25.08
2013-08-14, 29.23, 29.52, 29.01, 29.29, 1272400.0, 25.19
2013-08-15, 28.95, 28.95, 28.38, 28.71, 4355200.0, 24.69
2013-08-16, 28.7, 29.27, 28.36, 28.98, 624100.0, 24.92
2013-08-19, 29.01, 29.48, 28.57, 28.59, 1156200.0, 24.59
2013-08-20, 28.7, 28.93, 28.44, 28.48, 688400.0, 24.49
2013-08-21, 28.39, 28.65, 27.83, 27.95, 510800.0, 24.04
2013-08-22, 26.83, 26.99, 26.07, 26.16, 709500.0, 23.61
2013-08-23, 26.16, 26.7, 25.76, 26.0, 1146600.0, 23.47
2013-08-26, 26.12, 26.54, 26.01, 26.1, 522600.0, 23.56
2013-08-27, 25.78, 26.04, 25.28, 25.47, 728300.0, 22.99
2013-08-28, 25.35, 25.48, 24.78, 25.3, 779700.0, 22.84
2013-08-29, 25.25, 25.95, 25.11, 25.59, 432000.0, 23.1
2013-08-30, 25.49, 25.77, 25.37, 25.39, 385000.0, 22.92
2013-09-03, 25.8, 26.0, 25.49, 25.73, 588800.0, 23.22
2013-09-04, 25.7, 26.85, 25.7, 26.48, 752200.0, 23.9
2013-09-05, 26.47, 26.88, 26.34, 26.47, 399400.0, 23.89
2013-09-06, 26.69, 26.87, 26.4, 26.47, 275300.0, 23.89
2013-09-09, 26.65, 26.92, 26.32, 26.76, 325100.0, 24.15
2013-09-10, 26.89, 27.48, 26.72, 27.4, 572000.0, 24.73
2013-09-11, 27.72, 28.66, 27.72, 28.57, 1204400.0, 25.79
2013-09-12, 28.55, 28.99, 27.98, 28.55, 1648000.0, 25.77
2013-09-13, 28.74, 28.75, 28.11, 28.38, 569200.0, 25.62
2013-09-16, 29.09, 29.38, 28.74, 29.21, 1267600.0, 26.36
2013-09-17, 29.25, 29.88, 28.9, 29.6, 1283200.0, 26.72
2013-09-18, 29.6, 29.95, 29.5, 29.78, 930800.0, 26.88
2013-09-19, 29.98, 29.98, 29.27, 29.31, 1136700.0, 26.45
2013-09-20, 29.25, 29.25, 27.93, 28.2, 1181100.0, 25.45
2013-09-23, 28.07, 28.2, 27.64, 27.9, 1046800.0, 25.18
2013-09-24, 27.85, 27.95, 27.5, 27.73, 961800.0, 25.03
2013-09-25, 27.73, 28.1, 27.42, 27.78, 891000.0, 25.07
2013-09-26, 27.98, 28.3, 27.75, 27.84, 558300.0, 25.13
2013-09-27, 27.76, 28.77, 27.65, 28.32, 690000.0, 25.56
2013-09-30, 27.94, 28.45, 27.71, 28.26, 675300.0, 25.51
2013-10-01, 28.2, 29.12, 28.2, 29.0, 848900.0, 26.17
2013-10-02, 28.96, 29.77, 28.71, 29.77, 669000.0, 26.87
2013-10-03, 29.92, 30.1, 29.08, 29.5, 1021600.0, 26.63
2013-10-04, 29.55, 30.54, 29.52, 30.35, 609300.0, 27.39
2013-10-07, 30.1, 30.23, 29.88, 29.99, 862600.0, 27.07
2013-10-08, 29.94, 30.13, 29.46, 29.54, 554200.0, 26.66
2013-10-09, 29.85, 29.96, 29.15, 29.24, 963800.0, 26.39
2013-10-10, 29.55, 30.21, 29.33, 30.01, 1049600.0, 27.09
2013-10-11, 30.34, 31.19, 29.79, 30.69, 908400.0, 27.7
2013-10-14, 30.65, 30.77, 29.66, 30.6, 1458900.0, 27.62
2013-10-15, 30.73, 31.58, 30.73, 31.12, 1151500.0, 28.09
2013-10-16, 31.35, 32.3, 31.34, 32.2, 947200.0, 29.06
2013-10-17, 32.44, 32.98, 31.98, 32.89, 956500.0, 29.69
2013-10-18, 33.0, 33.93, 32.74, 33.81, 1793500.0, 30.52
2013-10-21, 33.86, 33.89, 33.09, 33.41, 992800.0, 30.16
2013-10-22, 33.47, 34.44, 33.23, 34.15, 1103100.0, 30.82
2013-10-23, 34.0, 34.12, 33.25, 33.99, 655000.0, 30.68
2013-10-24, 33.86, 34.88, 33.69, 34.37, 1141600.0, 31.02
2013-10-25, 34.86, 34.86, 33.41, 33.56, 688400.0, 30.29
2013-10-28, 33.63, 33.75, 32.43, 33.02, 989300.0, 29.8
2013-10-29, 33.27, 33.5, 32.73, 33.36, 682900.0, 30.11
2013-10-30, 33.43, 33.77, 31.86, 32.08, 642900.0, 28.95
2013-10-31, 31.67, 32.43, 31.32, 32.26, 765100.0, 29.12
2013-11-01, 32.34, 33.12, 32.34, 32.88, 309800.0, 29.68
2013-11-04, 33.17, 33.56, 32.8, 33.26, 381300.0, 30.02
2013-11-05, 33.21, 34.2, 32.83, 34.14, 498900.0, 30.81
2013-11-06, 34.14, 34.14, 33.3, 33.52, 467900.0, 30.25
2013-11-07, 33.52, 33.9, 30.83, 32.0, 3428400.0, 28.88
2013-11-08, 31.26, 31.79, 30.79, 31.52, 1661100.0, 28.45
2013-11-11, 31.3, 31.3, 30.02, 30.11, 2289900.0, 27.18
2013-11-12, 30.0, 30.16, 29.21, 29.35, 1900900.0, 26.49
2013-11-13, 29.01, 30.05, 28.89, 29.89, 1558200.0, 26.98
2013-11-14, 29.79, 30.26, 29.35, 30.14, 1529000.0, 27.2
2013-11-15, 30.2, 30.27, 29.97, 30.22, 1596300.0, 27.28
2013-11-18, 30.22, 30.63, 29.55, 30.27, 1416100.0, 27.32
2013-11-19, 30.42, 30.48, 29.88, 30.05, 928500.0, 27.12
2013-11-20, 29.07, 29.65, 28.4, 28.49, 1037100.0, 26.61
2013-11-21, 28.04, 29.74, 28.04, 29.37, 997200.0, 27.43
2013-11-22, 29.54, 30.36, 29.24, 30.18, 1450200.0, 28.19
2013-11-25, 30.26, 30.3, 29.79, 30.16, 1561900.0, 28.17
2013-11-26, 30.0, 30.58, 29.87, 30.31, 997600.0, 28.31
2013-11-27, 30.44, 30.5, 29.87, 30.03, 801500.0, 28.05
2013-11-29, 30.3, 30.39, 29.88, 30.19, 320200.0, 28.2
2013-12-02, 30.1, 30.9, 29.69, 30.06, 1054700.0, 28.08
2013-12-03, 29.65, 29.9, 29.1, 29.38, 1154200.0, 27.44
2013-12-04, 29.3, 30.24, 29.2, 30.02, 2190800.0, 28.04
2013-12-05, 29.89, 30.26, 29.83, 29.91, 477200.0, 27.94
2013-12-06, 30.31, 30.32, 29.92, 30.2, 817400.0, 28.21
2013-12-09, 30.3, 30.5, 30.08, 30.25, 591500.0, 28.25
2013-12-10, 30.35, 30.48, 30.02, 30.25, 505900.0, 28.25
2013-12-11, 30.33, 30.48, 29.7, 29.9, 356300.0, 27.93
2013-12-12, 29.75, 30.0, 29.29, 29.7, 620800.0, 27.74
2013-12-13, 29.96, 30.13, 29.47, 30.13, 846100.0, 28.14
2013-12-16, 30.15, 30.75, 30.15, 30.49, 806700.0, 28.48
2013-12-17, 30.58, 30.6, 30.0, 30.11, 667700.0, 28.12
2013-12-18, 30.2, 30.5, 30.0, 30.36, 1149300.0, 28.36
2013-12-19, 30.45, 30.89, 30.0, 30.43, 762000.0, 28.42
2013-12-20, 30.58, 31.83, 30.5, 31.09, 1262300.0, 29.04
2013-12-23, 31.15, 31.44, 30.64, 30.78, 733900.0, 28.75
2013-12-24, 30.72, 30.96, 30.5, 30.63, 199100.0, 28.61
2013-12-26, 30.68, 31.2, 30.68, 30.8, 300400.0, 28.77
2013-12-27, 30.96, 31.32, 30.7, 31.27, 390900.0, 29.21
2013-12-30, 31.32, 31.4, 30.75, 30.96, 398800.0, 28.92
2013-12-31, 30.91, 31.91, 30.91, 31.61, 560900.0, 29.52
2014-01-02, 31.52, 32.7, 31.38, 32.31, 1046900.0, 30.18
2014-01-03, 32.54, 33.46, 32.36, 33.15, 722000.0, 30.96
2014-01-06, 33.46, 33.57, 33.22, 33.25, 1106500.0, 31.05
2014-01-07, 33.6, 34.24, 33.5, 33.96, 1489900.0, 31.72
2014-01-08, 34.07, 35.09, 33.96, 35.06, 2110100.0, 32.74
2014-01-09, 35.48, 35.68, 34.81, 35.14, 1692000.0, 32.82
2014-01-10, 35.56, 36.0, 35.1, 35.72, 1533800.0, 33.36
2014-01-13, 36.06, 36.51, 35.42, 35.63, 2106000.0, 33.28
2014-01-14, 35.68, 36.28, 35.37, 36.22, 807600.0, 33.83
2014-01-15, 35.57, 35.85, 35.06, 35.75, 1198000.0, 33.39
2014-01-16, 35.7, 36.06, 35.21, 36.05, 1373000.0, 33.67
2014-01-17, 35.88, 36.09, 34.84, 35.06, 1025500.0, 32.74
2014-01-21, 35.3, 35.63, 34.73, 35.2, 766700.0, 32.88
2014-01-22, 35.43, 35.68, 35.1, 35.12, 582200.0, 32.8
2014-01-23, 35.06, 35.21, 33.5, 33.77, 871400.0, 31.54
2014-01-24, 33.42, 33.43, 31.83, 32.2, 1384600.0, 30.07
2014-01-27, 32.44, 32.7, 30.91, 31.74, 1418900.0, 29.64
2014-01-28, 31.62, 32.47, 31.43, 32.24, 965400.0, 30.11
2014-01-29, 31.77, 32.18, 31.53, 31.65, 789100.0, 29.56
2014-01-30, 32.1, 32.87, 32.09, 32.71, 745200.0, 30.55
2014-01-31, 32.41, 33.2, 32.26, 32.45, 509100.0, 30.31
2014-02-03, 32.45, 32.6, 29.91, 30.69, 1622800.0, 28.66
2014-02-04, 30.65, 31.9, 30.57, 31.66, 926800.0, 29.57
2014-02-05, 31.67, 31.93, 31.08, 31.61, 643500.0, 29.52
2014-02-06, 31.8, 32.23, 31.32, 31.78, 1150800.0, 29.68
2014-02-07, 32.01, 32.26, 31.25, 31.9, 2080200.0, 29.79
2014-02-10, 32.74, 32.79, 32.3, 32.5, 710900.0, 30.35
2014-02-11, 32.25, 32.49, 32.08, 32.17, 1239300.0, 30.05
2014-02-12, 32.06, 32.36, 31.93, 32.09, 771600.0, 29.97
2014-02-13, 31.84, 31.99, 31.3, 31.83, 1244200.0, 29.73
2014-02-14, 30.53, 31.29, 30.5, 30.82, 1069400.0, 29.8
2014-02-18, 30.87, 31.71, 30.53, 30.58, 917000.0, 29.56
2014-02-19, 30.7, 31.08, 30.51, 31.0, 716000.0, 29.97
2014-02-20, 30.99, 31.1, 30.75, 30.97, 812500.0, 29.94
2014-02-21, 30.91, 31.69, 30.84, 31.52, 1389800.0, 30.47
2014-02-24, 31.49, 31.95, 31.44, 31.71, 1147000.0, 30.66
2014-02-25, 31.95, 32.0, 31.21, 31.63, 744300.0, 30.58
2014-02-26, 31.77, 32.62, 31.66, 32.01, 1507000.0, 30.95
2014-02-27, 32.4, 32.69, 31.74, 32.02, 583500.0, 30.96
2014-02-28, 32.05, 32.53, 31.78, 32.19, 633400.0, 31.12
2014-03-03, 31.6, 31.93, 31.0, 31.9, 914800.0, 30.84
2014-03-04, 32.24, 33.38, 32.17, 32.26, 1802400.0, 31.19
2014-03-05, 32.26, 33.27, 32.02, 33.01, 1203900.0, 31.91
2014-03-06, 32.76, 33.68, 32.76, 33.22, 689500.0, 32.12
2014-03-07, 33.39, 33.46, 32.18, 32.5, 1243400.0, 31.42
2014-03-10, 32.5, 32.77, 32.32, 32.5, 324100.0, 31.42
2014-03-11, 32.75, 32.97, 32.41, 32.78, 565000.0, 31.69
2014-03-12, 32.56, 32.68, 31.76, 32.59, 383000.0, 31.51
2014-03-13, 32.79, 33.03, 31.57, 32.13, 642000.0, 31.06
2014-03-14, 32.0, 32.19, 31.5, 31.83, 417800.0, 30.77
2014-03-17, 31.98, 32.45, 31.88, 32.15, 400200.0, 31.08
2014-03-18, 32.5, 32.5, 31.75, 32.17, 386300.0, 31.1
2014-03-19, 32.24, 32.75, 32.02, 32.54, 802700.0, 31.46
2014-03-20, 32.36, 32.41, 31.5, 32.27, 1123300.0, 31.2
2014-03-21, 32.3, 32.5, 31.65, 31.74, 841600.0, 30.69
2014-03-24, 31.75, 31.75, 30.09, 31.08, 1307000.0, 30.05
2014-03-25, 31.13, 31.84, 30.59, 30.85, 560000.0, 29.82
2014-03-26, 30.95, 31.52, 30.4, 30.44, 558100.0, 29.43
2014-03-27, 30.54, 31.57, 30.42, 31.22, 666900.0, 30.18
2014-03-28, 31.58, 32.33, 31.08, 32.2, 713100.0, 31.13
2014-03-31, 32.4, 32.48, 31.46, 31.8, 833600.0, 30.74
2014-04-01, 31.7, 31.93, 31.53, 31.82, 503200.0, 30.76
2014-04-02, 31.9, 31.95, 31.19, 31.34, 432500.0, 30.3
2014-04-03, 31.82, 32.24, 31.63, 31.79, 978100.0, 30.73
2014-04-04, 32.33, 32.44, 30.9, 31.0, 1375200.0, 29.97
2014-04-07, 30.75, 30.92, 29.2, 29.43, 2271900.0, 28.45
2014-04-08, 29.25, 29.37, 28.11, 28.24, 2122000.0, 27.3
2014-04-09, 28.33, 29.19, 27.88, 29.01, 1453700.0, 28.05
2014-04-10, 29.2, 29.36, 27.79, 28.06, 824200.0, 27.13
2014-04-11, 27.67, 27.95, 26.81, 27.49, 2729300.0, 26.58
2014-04-14, 27.67, 27.88, 27.26, 27.55, 1554700.0, 26.63
2014-04-15, 27.75, 28.15, 27.12, 27.42, 1200300.0, 26.51
2014-04-16, 27.66, 28.35, 27.48, 28.17, 1206100.0, 27.23
2014-04-17, 28.33, 29.27, 28.13, 28.31, 966200.0, 27.37
2014-04-21, 28.4, 29.46, 28.32, 29.44, 1214200.0, 28.46
2014-04-22, 29.52, 30.53, 29.44, 30.2, 1399700.0, 29.2
2014-04-23, 30.17, 30.58, 29.68, 29.69, 717000.0, 28.7
2014-04-24, 29.8, 29.96, 29.04, 29.06, 668800.0, 28.09
2014-04-25, 29.0, 29.23, 28.14, 28.23, 1607900.0, 27.29
2014-04-28, 28.4, 28.48, 26.79, 26.98, 1301100.0, 26.08
2014-04-29, 26.78, 28.08, 26.78, 27.36, 2954100.0, 26.45
2014-04-30, 27.44, 27.44, 26.97, 27.13, 3021700.0, 26.23
2014-05-01, 27.28, 27.44, 26.93, 27.0, 1546300.0, 26.1
2014-05-02, 27.23, 27.67, 27.13, 27.29, 827900.0, 26.38
2014-05-05, 27.0, 27.36, 26.86, 27.12, 626100.0, 26.22
2014-05-06, 27.27, 27.43, 26.96, 27.03, 1144500.0, 26.13
2014-05-07, 27.25, 27.48, 25.54, 26.83, 3277800.0, 25.94
2014-05-08, 25.79, 27.27, 25.72, 25.97, 1774000.0, 25.11
2014-05-09, 26.0, 26.28, 25.77, 26.19, 1210600.0, 25.32
2014-05-12, 25.96, 26.04, 24.92, 25.65, 4252400.0, 24.8
2014-05-13, 25.63, 25.74, 25.3, 25.63, 1860100.0, 24.78
2014-05-14, 25.71, 25.8, 25.38, 25.69, 1535300.0, 24.84
2014-05-15, 25.75, 25.8, 24.8, 25.28, 1812000.0, 24.44
2014-05-16, 24.6, 24.85, 24.2, 24.28, 1272600.0, 24.28
2014-05-19, 24.25, 24.53, 24.07, 24.19, 1910600.0, 24.19
2014-05-20, 24.28, 24.45, 24.09, 24.24, 2320300.0, 24.24
2014-05-21, 24.24, 24.62, 24.06, 24.39, 1729800.0, 24.39
2014-05-22, 24.5, 24.78, 24.35, 24.61, 1404600.0, 24.61
2014-05-23, 24.6, 24.79, 24.5, 24.71, 1018000.0, 24.71
2014-05-27, 24.86, 25.83, 24.81, 24.98, 2909500.0, 24.98
2014-05-28, 25.0, 25.08, 24.9, 25.03, 1944500.0, 25.03
2014-05-29, 25.16, 25.3, 24.79, 24.95, 1238300.0, 24.95
2014-05-30, 24.68, 25.07, 24.68, 24.83, 952700.0, 24.83
2014-06-02, 24.79, 25.13, 24.76, 24.97, 784200.0, 24.97
2014-06-03, 25.1, 25.1, 24.68, 24.75, 995800.0, 24.75
2014-06-04, 24.82, 25.69, 24.65, 25.34, 1736800.0, 25.34
2014-06-05, 25.46, 26.74, 25.34, 26.59, 1925200.0, 26.59
2014-06-06, 26.65, 27.53, 26.63, 27.1, 2436100.0, 27.1
2014-06-09, 27.08, 27.1, 26.71, 26.89, 2419300.0, 26.89
2014-06-10, 26.89, 27.25, 26.85, 27.0, 652800.0, 27.0
2014-06-11, 26.95, 27.85, 26.64, 27.21, 1636600.0, 27.21
2014-06-12, 27.2, 27.49, 27.11, 27.35, 956800.0, 27.35
2014-06-13, 27.37, 27.37, 27.05, 27.22, 867000.0, 27.22
2014-06-16, 27.23, 27.26, 27.08, 27.2, 1143900.0, 27.2
2014-06-17, 27.25, 28.03, 27.11, 28.02, 933900.0, 28.02
2014-06-18, 27.92, 28.74, 27.64, 28.65, 1110100.0, 28.65
2014-06-19, 28.75, 28.93, 28.03, 28.06, 779600.0, 28.06
2014-06-20, 28.21, 28.27, 27.86, 27.96, 719200.0, 27.96
2014-06-23, 28.11, 28.23, 27.24, 27.66, 540200.0, 27.66
2014-06-24, 27.66, 27.92, 26.94, 27.06, 1489400.0, 27.06
2014-06-25, 27.11, 27.2, 26.7, 26.95, 813900.0, 26.95
2014-06-26, 26.97, 27.2, 26.76, 26.95, 521700.0, 26.95
2014-06-27, 26.91, 27.9, 26.66, 27.72, 1201100.0, 27.72
2014-06-30, 27.79, 28.0, 27.49, 27.72, 1587300.0, 27.72
2014-07-01, 27.92, 28.05, 27.59, 27.63, 947400.0, 27.63
2014-07-02, 27.8, 28.08, 27.62, 27.85, 1401100.0, 27.85
2014-07-03, 27.97, 28.05, 27.4, 27.51, 490100.0, 27.51
2014-07-07, 27.54, 27.68, 27.31, 27.5, 687300.0, 27.5
2014-07-08, 27.31, 27.47, 26.5, 26.76, 1227800.0, 26.76
2014-07-09, 26.41, 26.48, 25.8, 26.01, 2371600.0, 26.01
2014-07-10, 25.58, 25.94, 25.14, 25.6, 1668600.0, 25.6
2014-07-11, 25.62, 25.91, 25.37, 25.62, 582800.0, 25.62
2014-07-14, 25.7, 26.84, 25.7, 26.8, 1299900.0, 26.8
2014-07-15, 26.93, 27.25, 26.85, 27.12, 840600.0, 27.12
2014-07-16, 27.19, 27.72, 27.15, 27.62, 1042800.0, 27.62
2014-07-17, 27.7, 27.84, 27.12, 27.3, 1258700.0, 27.3
2014-07-18, 27.38, 27.95, 27.34, 27.55, 977900.0, 27.55
2014-07-21, 28.18, 28.18, 27.35, 27.63, 433200.0, 27.63
2014-07-22, 27.82, 28.0, 27.21, 27.36, 964300.0, 27.36
2014-07-23, 27.4, 27.65, 27.14, 27.62, 419800.0, 27.62
2014-07-24, 27.63, 27.69, 27.26, 27.36, 607800.0, 27.36
2014-07-25, 27.24, 27.24, 26.66, 27.01, 816200.0, 27.01
2014-07-28, 26.89, 27.08, 26.5, 26.69, 589300.0, 26.69
2014-07-29, 26.76, 27.03, 26.52, 26.62, 685800.0, 26.62
2014-07-30, 26.75, 27.05, 26.64, 26.87, 739300.0, 26.87
2014-07-31, 26.54, 26.76, 26.11, 26.26, 910800.0, 26.26
2014-08-01, 26.11, 26.49, 25.64, 26.2, 969300.0, 26.2
2014-08-04, 26.41, 26.5, 25.79, 26.03, 576000.0, 26.03
2014-08-05, 25.97, 26.08, 25.51, 25.89, 838400.0, 25.89
2014-08-06, 25.03, 25.58, 24.66, 25.25, 1955800.0, 25.25
2014-08-07, 25.36, 25.66, 24.31, 24.73, 3826800.0, 24.73
2014-08-08, 24.74, 24.74, 24.21, 24.48, 967900.0, 24.48
2014-08-11, 24.5, 24.78, 24.4, 24.52, 992400.0, 24.52
2014-08-12, 24.2, 24.74, 23.69, 24.07, 2762600.0, 24.07
2014-08-13, 24.13, 24.58, 24.1, 24.45, 1568400.0, 24.45
2014-08-14, 24.38, 24.59, 24.36, 24.4, 617700.0, 24.4
2014-08-15, 24.05, 24.36, 24.0, 24.08, 1154600.0, 24.08
2014-08-18, 24.19, 24.4, 23.98, 24.3, 2575200.0, 24.3
2014-08-19, 24.5, 24.6, 24.02, 24.09, 1069200.0, 24.09
2014-08-20, 23.6, 23.85, 23.59, 23.64, 1341300.0, 23.64
2014-08-21, 23.71, 24.0, 23.55, 23.98, 1054400.0, 23.98
2014-08-22, 23.96, 24.05, 23.75, 23.78, 953700.0, 23.78
2014-08-25, 24.08, 24.34, 23.78, 24.24, 1277900.0, 24.24
2014-08-26, 24.98, 24.98, 24.06, 24.37, 798000.0, 24.37
2014-08-27, 24.48, 24.58, 24.18, 24.36, 708000.0, 24.36
2014-08-28, 24.33, 24.41, 24.11, 24.3, 367800.0, 24.3
2014-08-29, 24.46, 24.63, 24.36, 24.4, 631200.0, 24.4
2014-09-02, 24.48, 24.55, 23.96, 23.98, 3439600.0, 23.98
2014-09-03, 24.18, 24.25, 23.4, 23.4, 3766000.0, 23.4
2014-09-04, 23.4, 23.58, 23.2, 23.24, 2642500.0, 22.52
2014-09-05, 23.27, 23.67, 23.08, 23.5, 2615700.0, 22.77
2014-09-08, 23.6, 23.93, 23.58, 23.67, 900300.0, 22.94
2014-09-09, 23.72, 23.72, 23.4, 23.54, 1356200.0, 22.81
2014-09-10, 23.5, 24.0, 23.36, 23.66, 1191200.0, 22.93
2014-09-11, 23.62, 23.74, 23.3, 23.68, 1128600.0, 22.95
2014-09-12, 23.7, 23.88, 23.38, 23.6, 1981000.0, 22.87
2014-09-15, 23.54, 23.74, 22.92, 23.16, 1088300.0, 22.44
2014-09-16, 23.2, 23.3, 22.75, 22.95, 1604700.0, 22.24
2014-09-17, 23.03, 23.27, 22.89, 23.08, 703800.0, 22.36
2014-09-18, 23.21, 23.21, 22.89, 22.94, 781000.0, 22.23
2014-09-19, 22.94, 23.04, 22.55, 22.65, 1124300.0, 21.95
2014-09-22, 22.9, 23.36, 22.41, 22.61, 1635000.0, 21.91
2014-09-23, 22.6, 22.94, 22.5, 22.9, 1503600.0, 22.19
2014-09-24, 22.98, 23.5, 22.88, 23.46, 1327300.0, 22.73
2014-09-25, 23.39, 23.54, 23.06, 23.39, 1101800.0, 22.66
2014-09-26, 23.49, 24.15, 23.3, 24.0, 972800.0, 23.26
2014-09-29, 23.87, 24.15, 23.53, 23.87, 1031300.0, 23.13
2014-09-30, 23.83, 24.08, 23.72, 23.84, 1394300.0, 23.1
2014-10-01, 23.87, 23.87, 22.87, 23.29, 1744000.0, 22.57
2014-10-02, 23.21, 23.37, 22.47, 23.26, 1829700.0, 22.54
2014-10-03, 23.57, 23.73, 23.41, 23.67, 698400.0, 22.94
2014-10-06, 23.65, 24.05, 23.65, 23.89, 712000.0, 23.15
2014-10-07, 23.88, 23.88, 23.28, 23.34, 969800.0, 22.62
2014-10-08, 23.45, 23.94, 22.78, 23.76, 1194600.0, 23.02
2014-10-09, 23.73, 23.73, 22.71, 22.82, 2001600.0, 22.11
2014-10-10, 22.78, 22.86, 22.0, 22.01, 1363500.0, 21.33
2014-10-13, 22.06, 22.25, 21.06, 21.09, 1661500.0, 20.44
2014-10-14, 21.12, 21.35, 20.64, 20.89, 1712400.0, 20.24
2014-10-15, 20.75, 21.44, 20.02, 21.23, 2031600.0, 20.57
2014-10-16, 20.74, 21.58, 20.11, 21.23, 1595800.0, 20.57
2014-10-17, 21.58, 22.46, 21.58, 22.02, 1040600.0, 21.34
2014-10-20, 22.03, 22.79, 22.0, 22.74, 727700.0, 22.03
2014-10-21, 23.0, 23.63, 22.72, 23.51, 769100.0, 22.78
2014-10-22, 23.63, 23.66, 22.98, 23.08, 922200.0, 22.36
2014-10-23, 23.23, 23.48, 22.9, 23.02, 970100.0, 22.31
2014-10-24, 23.01, 23.62, 23.0, 23.44, 567400.0, 22.71
2014-10-27, 23.34, 23.34, 22.91, 23.17, 318300.0, 22.45
2014-10-28, 23.14, 23.92, 23.09, 23.84, 754400.0, 23.1
2014-10-29, 23.77, 23.99, 23.15, 23.4, 828400.0, 22.67
2014-10-30, 22.68, 23.2, 22.33, 22.67, 1439400.0, 21.97
2014-10-31, 22.9, 23.08, 22.44, 22.75, 1238100.0, 22.04
2014-11-03, 22.7, 23.03, 22.51, 22.61, 1266900.0, 21.91
2014-11-04, 22.66, 22.82, 22.32, 22.39, 2001600.0, 21.7
2014-11-05, 22.65, 22.79, 22.41, 22.52, 943300.0, 21.82
2014-11-06, 22.65, 22.8, 22.45, 22.58, 841400.0, 21.88
2014-11-07, 22.61, 23.6, 22.58, 23.38, 1404700.0, 22.65
2014-11-10, 23.52, 23.78, 23.34, 23.45, 1065500.0, 22.72
2014-11-11, 23.35, 23.92, 23.02, 23.52, 1249200.0, 22.79
2014-11-12, 22.78, 23.07, 22.5, 22.57, 1193600.0, 22.57
2014-11-13, 22.63, 23.13, 22.57, 22.63, 1030700.0, 22.63
2014-11-14, 22.64, 23.04, 22.57, 22.88, 761700.0, 22.88
2014-11-17, 22.88, 22.93, 22.5, 22.69, 848400.0, 22.69
2014-11-18, 22.69, 23.59, 22.69, 23.34, 1617600.0, 23.34
2014-11-19, 23.34, 23.37, 22.8, 23.11, 1061100.0, 23.11
2014-11-20, 23.06, 23.88, 22.92, 23.75, 1854900.0, 23.75
2014-11-21, 23.94, 24.28, 23.87, 24.11, 1827000.0, 24.11
2014-11-24, 24.16, 24.74, 24.11, 24.48, 1572800.0, 24.48
2014-11-25, 24.39, 24.79, 24.19, 24.67, 1862900.0, 24.67
2014-11-26, 24.55, 25.18, 24.55, 24.99, 1297100.0, 24.99
2014-11-28, 24.95, 24.95, 24.33, 24.44, 451600.0, 24.44
2014-12-01, 24.43, 24.43, 23.33, 23.6, 1973700.0, 23.6
2014-12-02, 23.52, 24.0, 23.49, 23.64, 2048600.0, 23.64
2014-12-03, 23.67, 24.26, 23.55, 24.01, 788500.0, 24.01
2014-12-04, 24.0, 24.21, 23.69, 23.98, 626500.0, 23.98
2014-12-05, 24.0, 24.22, 23.55, 23.6, 2805500.0, 23.6
2014-12-08, 23.44, 23.63, 22.52, 22.88, 1899200.0, 22.88
2014-12-09, 22.62, 23.31, 22.12, 23.04, 1759300.0, 23.04
2014-12-10, 23.01, 23.01, 22.3, 22.4, 1538400.0, 22.4
2014-12-11, 22.42, 23.53, 22.4, 22.75, 1358700.0, 22.75
2014-12-12, 22.5, 22.91, 22.41, 22.81, 2051500.0, 21.99
2014-12-15, 22.82, 22.89, 21.9, 22.05, 2098400.0, 21.26
2014-12-16, 22.22, 22.31, 21.57, 21.8, 1582600.0, 21.02
2014-12-17, 21.86, 22.85, 21.76, 22.0, 2625600.0, 21.21
2014-12-18, 22.3, 22.75, 22.2, 22.56, 1279400.0, 21.75
2014-12-19, 22.53, 22.99, 22.4, 22.7, 1063900.0, 21.89
2014-12-22, 22.7, 23.24, 22.51, 22.7, 790900.0, 21.89
2014-12-23, 22.77, 23.75, 22.51, 23.42, 856000.0, 22.58
2014-12-24, 23.37, 23.45, 23.11, 23.33, 299900.0, 22.5
2014-12-26, 23.45, 23.58, 23.24, 23.56, 420100.0, 22.72
2014-12-29, 23.57, 23.83, 23.41, 23.42, 482600.0, 22.58
2014-12-30, 23.33, 24.29, 23.26, 23.64, 818100.0, 22.79
2014-12-31, 23.7, 24.03, 23.45, 23.58, 505700.0, 22.74
2015-01-02, 23.7, 23.89, 23.24, 23.57, 395700.0, 22.73
2015-01-05, 23.39, 23.46, 22.54, 22.85, 982700.0, 22.03
2015-01-06, 22.51, 22.81, 21.98, 22.13, 1203700.0, 21.34
2015-01-07, 22.3, 23.09, 22.22, 22.78, 1047500.0, 21.96
2015-01-08, 23.01, 23.83, 22.79, 23.82, 889000.0, 22.97
2015-01-09, 23.8, 23.95, 23.66, 23.87, 1039200.0, 23.02
2015-01-12, 23.85, 23.85, 23.35, 23.44, 1097300.0, 22.6
2015-01-13, 23.67, 24.0, 23.45, 23.96, 2110900.0, 23.1
2015-01-14, 23.63, 24.26, 23.45, 24.1, 1223800.0, 23.24
2015-01-15, 24.11, 24.35, 23.3, 23.52, 1057500.0, 22.68
2015-01-16, 23.55, 24.05, 23.11, 23.95, 865700.0, 23.09
2015-01-20, 24.03, 24.08, 23.48, 23.92, 656500.0, 23.06
2015-01-21, 23.87, 24.8, 23.79, 24.23, 1020900.0, 23.36
2015-01-22, 24.3, 25.17, 24.3, 24.79, 1246200.0, 23.9
2015-01-23, 24.73, 24.9, 24.59, 24.62, 797600.0, 23.74
2015-01-26, 24.62, 25.19, 24.52, 25.16, 635600.0, 24.26
2015-01-27, 24.9, 25.36, 24.79, 25.26, 659700.0, 24.36
2015-01-28, 25.5, 25.58, 25.03, 25.21, 2363000.0, 24.31
2015-01-29, 25.2, 25.26, 24.66, 25.05, 1005600.0, 24.15
2015-01-30, 24.65, 25.11, 24.6, 24.87, 626300.0, 23.98
2015-02-02, 24.9, 25.0, 24.48, 24.84, 979100.0, 23.95
2015-02-03, 25.0, 25.8, 24.87, 25.69, 1056400.0, 24.77
2015-02-04, 25.62, 25.68, 25.01, 25.16, 1264600.0, 24.26
2015-02-05, 24.45, 25.0, 23.72, 24.55, 2012200.0, 23.67
2015-02-06, 24.35, 24.44, 24.0, 24.3, 1639200.0, 23.43
2015-02-09, 24.29, 24.4, 23.87, 23.93, 1516300.0, 23.07
2015-02-10, 23.93, 24.01, 23.45, 23.76, 3097400.0, 22.91
2015-02-11, 23.8, 24.19, 23.4, 24.03, 1683200.0, 23.17
2015-02-12, 23.6, 23.7, 23.04, 23.34, 1371700.0, 23.34
2015-02-13, 23.47, 23.77, 23.36, 23.7, 1348500.0, 23.7
2015-02-17, 23.78, 23.9, 23.44, 23.68, 1021800.0, 23.68
2015-02-18, 23.55, 23.75, 23.1, 23.33, 1294700.0, 23.33
2015-02-19, 23.17, 23.6, 23.14, 23.48, 921200.0, 23.48
2015-02-20, 23.41, 23.57, 23.03, 23.5, 727400.0, 23.5
2015-02-23, 23.43, 23.53, 22.87, 23.01, 1483500.0, 23.01
2015-02-24, 23.0, 23.37, 22.85, 23.12, 1193300.0, 23.12
2015-02-25, 23.11, 23.63, 23.11, 23.53, 1520600.0, 23.53
2015-02-26, 23.56, 23.78, 23.05, 23.1, 1500600.0, 23.1
2015-02-27, 23.26, 23.59, 23.0, 23.32, 933600.0, 23.32
2015-03-02, 23.38, 23.52, 22.94, 23.19, 1084500.0, 23.19
2015-03-03, 23.2, 23.44, 22.96, 23.2, 1599800.0, 23.2
2015-03-04, 23.1, 23.36, 22.72, 22.84, 1546000.0, 22.84
2015-03-05, 23.2, 23.27, 22.55, 22.7, 953000.0, 22.7
2015-03-06, 22.7, 22.85, 22.0, 22.28, 1926600.0, 22.28
2015-03-09, 22.32, 22.35, 21.78, 21.84, 1279700.0, 21.84
2015-03-10, 21.57, 21.75, 21.49, 21.62, 1308700.0, 21.62
2015-03-11, 21.61, 22.13, 21.59, 22.01, 1141500.0, 22.01
2015-03-12, 22.07, 22.45, 22.04, 22.28, 978800.0, 22.28
2015-03-13, 22.2, 22.6, 22.2, 22.53, 1012100.0, 22.53
2015-03-16, 22.66, 22.76, 22.32, 22.75, 969000.0, 22.75
2015-03-17, 22.72, 22.77, 22.05, 22.29, 751100.0, 22.29
2015-03-18, 22.0, 22.43, 21.86, 22.07, 1279500.0, 22.07
2015-03-19, 22.05, 22.2, 21.89, 22.19, 524000.0, 22.19
2015-03-20, 22.0, 22.44, 22.0, 22.24, 591300.0, 22.24
2015-03-23, 22.23, 22.43, 22.08, 22.09, 892000.0, 22.09
2015-03-24, 22.08, 22.08, 21.76, 22.01, 893100.0, 22.01
2015-03-25, 22.03, 22.11, 21.66, 21.76, 1195700.0, 21.76
2015-03-26, 21.75, 21.78, 21.0, 21.27, 1672800.0, 21.27
2015-03-27, 21.27, 21.29, 20.96, 21.07, 1631800.0, 21.07
2015-03-30, 21.23, 21.85, 21.07, 21.5, 1361200.0, 21.5
2015-03-31, 21.41, 21.77, 21.309999, 21.6, 966000.0, 21.274075
2015-04-01, 21.549999, 21.75, 21.43, 21.49, 869400.0, 21.165734
2015-04-02, 21.450001, 21.68, 21.35, 21.49, 1028300.0, 21.165734
2015-04-06, 21.24, 21.540001, 21.190001, 21.49, 672700.0, 21.165734
2015-04-07, 21.370001, 21.57, 21.25, 21.41, 2145700.0, 21.086941
2015-04-08, 21.43, 21.43, 21.0, 21.01, 1038100.0, 20.692977
2015-04-09, 21.01, 21.639999, 20.780001, 21.040001, 1309300.0, 20.722525
2015-04-10, 21.17, 21.26, 20.98, 21.25, 1430600.0, 20.929355
2015-04-13, 21.24, 21.709999, 21.24, 21.370001, 2496200.0, 21.047546
2015-04-14, 21.32, 22.040001, 21.32, 21.690001, 1509100.0, 21.362717
2015-04-15, 21.719999, 22.110001, 21.719999, 21.93, 1233500.0, 21.599095
2015-04-16, 22.040001, 22.26, 21.969999, 22.08, 942700.0, 21.746831
2015-04-17, 21.9, 22.09, 21.780001, 22.059999, 775700.0, 21.727133
2015-04-20, 22.1, 22.25, 22.030001, 22.110001, 702600.0, 21.776379
2015-04-21, 22.139999, 22.15, 21.77, 21.92, 1206800.0, 21.589246
2015-04-22, 21.91, 21.93, 21.4, 21.75, 2008800.0, 21.421811
2015-04-23, 21.639999, 21.92, 21.59, 21.75, 1870400.0, 21.421811
2015-04-24, 21.75, 22.120001, 21.75, 22.02, 824100.0, 21.687737
2015-04-27, 22.209999, 22.370001, 22.0, 22.27, 1523900.0, 21.933965
2015-04-28, 22.34, 22.48, 22.120001, 22.360001, 1272300.0, 22.022607
2015-04-29, 22.34, 22.66, 22.139999, 22.559999, 489000.0, 22.219588
2015-04-30, 22.620001, 23.030001, 22.559999, 22.860001, 951600.0, 22.515063
2015-05-01, 22.969999, 23.01, 22.83, 22.879999, 363500.0, 22.534759
2015-05-04, 22.99, 23.33, 22.93, 23.15, 737700.0, 22.800686
2015-05-05, 23.15, 23.24, 22.629999, 22.73, 878600.0, 22.387023
2015-05-06, 22.209999, 22.780001, 22.040001, 22.59, 897200.0, 22.249136
2015-05-07, 21.5, 22.43, 21.5, 22.200001, 1554600.0, 21.865022
2015-05-08, 22.290001, 22.559999, 21.940001, 21.950001, 1732500.0, 21.618794
2015-05-11, 21.860001, 22.110001, 21.629999, 21.68, 1450000.0, 21.352867
2015-05-12, 21.620001, 21.68, 21.43, 21.59, 495000.0, 21.264225
2015-05-13, 21.540001, 21.85, 21.540001, 21.65, 1016300.0, 21.323319
2015-05-14, 21.700001, 21.84, 21.51, 21.66, 662000.0, 21.333169
2015-05-15, 21.67, 22.049999, 21.629999, 21.870001, 732500.0, 21.540001
2015-05-18, 21.620001, 21.74, 21.219999, 21.719999, 913300.0, 21.719999
2015-05-19, 21.6, 21.809999, 21.450001, 21.559999, 1064900.0, 21.559999
2015-05-20, 22.15, 22.15, 21.6, 21.799999, 1593400.0, 21.799999
2015-05-21, 21.76, 21.799999, 21.52, 21.68, 959300.0, 21.68
2015-05-22, 21.6, 21.77, 21.540001, 21.75, 714400.0, 21.75
2015-05-26, 21.74, 21.83, 21.33, 21.799999, 1117700.0, 21.799999
2015-05-27, 21.860001, 22.09, 21.709999, 21.969999, 1088800.0, 21.969999
2015-05-28, 21.99, 22.32, 21.9, 22.24, 976100.0, 22.24
2015-05-29, 22.27, 22.379999, 22.07, 22.200001, 444700.0, 22.200001
2015-06-01, 22.24, 22.4, 21.969999, 22.280001, 911600.0, 22.280001
2015-06-02, 22.299999, 22.719999, 22.139999, 22.4, 1920400.0, 22.4
2015-06-03, 22.610001, 23.049999, 22.42, 22.889999, 1361700.0, 22.889999
2015-06-04, 22.77, 22.940001, 22.450001, 22.73, 700500.0, 22.73
2015-06-05, 22.700001, 22.700001, 22.24, 22.42, 802200.0, 22.42
2015-06-08, 22.440001, 22.48, 21.870001, 22.200001, 1023500.0, 22.200001
2015-06-09, 22.24, 22.299999, 21.41, 21.440001, 1268800.0, 21.440001
2015-06-10, 21.48, 21.6, 21.059999, 21.49, 1399100.0, 21.49
2015-06-11, 21.540001, 21.75, 21.459999, 21.540001, 587400.0, 21.540001
2015-06-12, 21.51, 21.59, 21.27, 21.41, 743200.0, 21.41
2015-06-15, 21.33, 21.450001, 21.209999, 21.299999, 346200.0, 21.299999
2015-06-16, 21.33, 21.440001, 21.08, 21.290001, 565000.0, 21.290001
2015-06-17, 21.34, 21.52, 21.120001, 21.309999, 660900.0, 21.309999
2015-06-18, 21.379999, 21.83, 21.379999, 21.629999, 1800600.0, 21.629999
2015-06-19, 21.68, 21.780001, 21.620001, 21.67, 427100.0, 21.67
2015-06-22, 21.76, 22.290001, 21.76, 22.280001, 1424000.0, 22.280001
2015-06-23, 22.23, 22.77, 22.219999, 22.65, 1134000.0, 22.65
2015-06-24, 22.68, 22.77, 22.34, 22.58, 682100.0, 22.58
2015-06-25, 20.93, 22.959999, 20.93, 22.629999, 1070200.0, 22.629999
2015-06-26, 22.639999, 22.75, 22.209999, 22.41, 551500.0, 22.41
2015-06-29, 22.15, 22.65, 22.129999, 22.15, 989200.0, 22.15
2015-06-30, 22.370001, 22.48, 22.129999, 22.15, 351400.0, 22.15
2015-07-01, 22.280001, 22.610001, 21.84, 22.030001, 840600.0, 22.030001
2015-07-02, 22.059999, 22.389999, 21.950001, 22.15, 606800.0, 22.15
2015-07-06, 22.07, 22.110001, 21.76, 21.969999, 632700.0, 21.969999
2015-07-07, 21.879999, 21.91, 21.26, 21.84, 1029200.0, 21.84
2015-07-08, 21.690001, 21.690001, 21.08, 21.26, 540500.0, 20.834801
2015-07-09, 21.48, 21.6, 21.309999, 21.48, 674300.0, 21.0504
2015-07-10, 21.68, 21.92, 21.65, 21.85, 1119900.0, 21.413001
2015-07-13, 22.18, 22.18, 21.870001, 22.0, 517700.0, 21.56
2015-07-14, 21.959999, 22.610001, 21.959999, 22.360001, 660200.0, 21.912801
2015-07-15, 22.48, 22.59, 22.219999, 22.290001, 595100.0, 21.844201
2015-07-16, 22.299999, 22.450001, 21.959999, 22.1, 486800.0, 21.658001
2015-07-17, 22.059999, 22.32, 21.9, 22.16, 644700.0, 21.7168
2015-07-20, 22.18, 22.23, 21.700001, 21.790001, 2862200.0, 21.354201
2015-07-21, 21.620001, 22.049999, 21.620001, 21.85, 675200.0, 21.413001
2015-07-22, 21.799999, 21.99, 20.950001, 21.209999, 1120600.0, 20.7858
2015-07-23, 21.15, 21.32, 20.219999, 20.700001, 996200.0, 20.286001
2015-07-24, 20.65, 20.65, 20.07, 20.360001, 1649300.0, 19.952801
2015-07-27, 20.07, 20.51, 20.02, 20.18, 1323600.0, 19.776401
2015-07-28, 20.24, 20.620001, 20.07, 20.360001, 1456900.0, 19.952801
2015-07-29, 21.059999, 21.059999, 20.35, 20.43, 718700.0, 20.021401
2015-07-30, 20.43, 20.67, 20.26, 20.67, 860200.0, 20.2566
2015-07-31, 20.709999, 20.84, 20.52, 20.57, 493900.0, 20.1586
2015-08-03, 20.59, 21.07, 20.299999, 20.35, 598700.0, 19.943001
2015-08-04, 20.389999, 20.639999, 20.34, 20.540001, 474000.0, 20.129201
2015-08-05, 20.700001, 20.799999, 20.09, 20.219999, 600900.0, 19.8156
2015-08-06, 20.09, 20.23, 19.790001, 20.139999, 826700.0, 19.7372
2015-08-07, 20.16, 21.389999, 20.030001, 21.18, 1608000.0, 20.756401
2015-08-10, 21.219999, 22.040001, 21.219999, 21.9, 1154100.0, 21.462
2015-08-11, 21.610001, 21.74, 20.799999, 20.92, 955300.0, 20.5016
2015-08-12, 20.82, 20.92, 20.219999, 20.83, 628200.0, 20.4134
2015-08-13, 21.24, 21.24, 20.49, 21.0, 457700.0, 20.58
2015-08-14, 20.35, 20.709999, 20.18, 20.709999, 851100.0, 20.709999
2015-08-17, 20.610001, 20.639999, 20.379999, 20.52, 652500.0, 20.52
2015-08-18, 19.6, 20.370001, 19.58, 20.01, 726100.0, 20.01
2015-08-19, 19.9, 19.950001, 19.48, 19.48, 1004400.0, 19.48
2015-08-20, 19.43, 19.43, 18.639999, 18.85, 1498100.0, 18.85
2015-08-21, 18.629999, 19.01, 18.549999, 18.84, 1576100.0, 18.84
2015-08-24, 18.0, 18.08, 15.35, 18.08, 2030400.0, 18.08
2015-08-25, 18.459999, 18.709999, 17.629999, 17.709999, 1778200.0, 17.709999
2015-08-26, 18.049999, 18.33, 17.92, 18.02, 1489900.0, 18.02
2015-08-27, 18.290001, 18.950001, 18.280001, 18.790001, 1836900.0, 18.790001
2015-08-28, 18.75, 19.17, 18.67, 19.049999, 847200.0, 19.049999
2015-08-31, 19.01, 19.049999, 18.5, 18.58, 722800.0, 18.58
2015-09-01, 18.309999, 18.6, 18.120001, 18.309999, 1002100.0, 18.309999
2015-09-02, 18.559999, 18.91, 18.280001, 18.9, 1208100.0, 18.9
2015-09-03, 19.030001, 19.299999, 18.700001, 19.01, 722000.0, 19.01
2015-09-04, 18.75, 18.91, 18.5, 18.809999, 413400.0, 18.809999
2015-09-08, 19.1, 19.549999, 18.9, 19.52, 664300.0, 19.52
2015-09-09, 19.610001, 19.84, 19.120001, 19.15, 774900.0, 19.15
2015-09-10, 19.08, 19.17, 18.870001, 19.040001, 839500.0, 19.040001
2015-09-11, 18.889999, 19.059999, 18.67, 18.889999, 385300.0, 18.889999
2015-09-14, 18.91, 18.91, 18.530001, 18.67, 348700.0, 17.642931
2015-09-15, 18.75, 19.01, 18.68, 18.98, 558000.0, 17.935877
2015-09-16, 19.02, 19.27, 18.77, 19.27, 457800.0, 18.209924
2015-09-17, 19.08, 19.549999, 18.85, 18.93, 922200.0, 17.888628
2015-09-18, 18.76, 18.76, 18.27, 18.66, 983000.0, 17.633481
2015-09-21, 18.65, 18.889999, 18.52, 18.700001, 420400.0, 17.671281
2015-09-22, 18.540001, 18.540001, 18.01, 18.200001, 524900.0, 17.198787
2015-09-23, 18.219999, 18.219999, 17.6, 17.959999, 754500.0, 16.971988
2015-09-24, 17.76, 17.809999, 17.25, 17.75, 860500.0, 16.773541
2015-09-25, 17.790001, 17.879999, 17.379999, 17.690001, 2039200.0, 16.716843
2015-09-28, 17.700001, 17.709999, 17.200001, 17.33, 1375400.0, 16.376646
2015-09-29, 17.280001, 17.33, 16.450001, 16.719999, 1100200.0, 15.800203
2015-09-30, 16.790001, 17.209999, 16.719999, 17.18, 809600.0, 16.234898
2015-10-01, 17.18, 17.719999, 17.18, 17.6, 976800.0, 16.631794
2015-10-02, 17.379999, 17.9, 17.15, 17.9, 1132900.0, 16.915289
2015-10-05, 18.030001, 18.52, 17.809999, 18.280001, 2349100.0, 17.274386
2015-10-06, 18.4, 18.58, 18.26, 18.4, 1153600.0, 17.387783
2015-10-07, 18.41, 18.67, 18.4, 18.6, 1393000.0, 17.576782
2015-10-08, 18.51, 18.66, 18.290001, 18.66, 1024800.0, 17.633481
2015-10-09, 18.709999, 18.780001, 18.57, 18.620001, 931400.0, 17.595682
2015-10-12, 18.629999, 18.709999, 18.450001, 18.58, 839500.0, 17.557882
2015-10-13, 18.5, 18.58, 18.32, 18.51, 691900.0, 17.491733
2015-10-14, 18.530001, 18.639999, 18.299999, 18.4, 1135400.0, 17.387783
2015-10-15, 18.5, 18.59, 18.15, 18.59, 524100.0, 17.567332
2015-10-16, 18.57, 18.629999, 18.450001, 18.57, 509700.0, 17.548432
2015-10-19, 18.450001, 18.610001, 18.450001, 18.58, 791400.0, 17.557882
2015-10-20, 18.6, 18.68, 18.43, 18.59, 475600.0, 17.567332
2015-10-21, 18.610001, 18.610001, 18.049999, 18.059999, 477800.0, 17.066487
2015-10-22, 18.17, 18.65, 18.139999, 18.6, 1139100.0, 17.576782
2015-10-23, 18.65, 18.700001, 18.530001, 18.59, 492700.0, 17.567332
2015-10-26, 18.51, 18.59, 18.280001, 18.379999, 663300.0, 17.368883
2015-10-27, 18.27, 18.48, 18.120001, 18.450001, 790000.0, 17.435034
2015-10-28, 18.67, 18.67, 18.110001, 18.219999, 663500.0, 17.217685
2015-10-29, 18.209999, 18.5, 18.110001, 18.389999, 482900.0, 17.378333
2015-10-30, 18.41, 18.5, 18.059999, 18.27, 700300.0, 17.264936
2015-11-02, 18.440001, 18.860001, 18.360001, 18.799999, 1213500.0, 17.765778
2015-11-03, 18.82, 19.16, 18.67, 18.959999, 951700.0, 17.916976
2015-11-04, 18.959999, 19.18, 18.799999, 18.969999, 1055100.0, 17.926426
2015-11-05, 19.02, 19.02, 18.15, 18.540001, 1409000.0, 17.520083
2015-11-06, 18.5, 18.58, 18.32, 18.48, 607700.0, 17.463382
2015-11-09, 18.450001, 18.49, 18.1, 18.139999, 507600.0, 17.142086
2015-11-10, 18.200001, 18.43, 17.809999, 17.99, 589300.0, 17.000338
2015-11-11, 17.99, 18.26, 17.84, 18.23, 1023900.0, 17.227135
2015-11-12, 18.08, 18.15, 17.85, 17.92, 697700.0, 16.93419
2015-11-13, 17.98, 17.98, 17.559999, 17.76, 576200.0, 16.782992
2015-11-16, 17.6, 17.950001, 17.549999, 17.66, 518700.0, 16.688492
2015-11-17, 17.74, 17.790001, 16.549999, 16.639999, 1442100.0, 15.724604
2015-11-18, 16.32, 17.059999, 16.1, 16.83, 1053100.0, 16.245862
2015-11-19, 16.85, 17.219999, 16.75, 17.0, 688400.0, 16.409962
2015-11-20, 17.0, 17.040001, 16.540001, 16.57, 713500.0, 15.994886
2015-11-23, 16.74, 16.940001, 16.360001, 16.48, 650200.0, 15.908009
2015-11-24, 16.440001, 16.66, 16.200001, 16.379999, 1106000.0, 15.81148
2015-11-25, 16.42, 16.52, 16.18, 16.290001, 1412300.0, 15.724605
2015-11-27, 16.4, 16.629999, 16.200001, 16.34, 346400.0, 15.772869
2015-11-30, 16.35, 16.4, 16.200001, 16.33, 995100.0, 15.763216
2015-12-01, 16.620001, 16.700001, 16.09, 16.129999, 1183000.0, 15.570157
2015-12-02, 16.129999, 16.389999, 15.99, 16.049999, 1086900.0, 15.492934
2015-12-03, 15.95, 16.059999, 15.55, 15.67, 1854900.0, 15.126123
2015-12-04, 15.69, 15.95, 15.68, 15.85, 951200.0, 15.299876
2015-12-07, 15.83, 15.99, 15.65, 15.7, 933100.0, 15.155082
2015-12-08, 15.27, 15.62, 15.07, 15.48, 1264000.0, 14.942718
2015-12-09, 15.44, 15.69, 14.97, 15.27, 1250000.0, 14.740007
2015-12-10, 15.4, 16.0, 15.39, 15.45, 1034500.0, 14.913759
2015-12-11, 15.25, 15.31, 14.89, 15.08, 1447600.0, 14.556601
2015-12-14, 15.01, 15.25, 14.15, 14.5, 2147300.0, 13.996732
2015-12-15, 14.75, 15.77, 14.59, 15.5, 2038000.0, 14.962024
2015-12-16, 15.67, 15.75, 15.12, 15.56, 1226700.0, 15.019942
2015-12-17, 15.59, 15.63, 15.3, 15.49, 658300.0, 14.952371
2015-12-18, 15.49, 15.49, 14.76, 14.76, 857900.0, 14.247708
2015-12-21, 14.84, 15.03, 14.68, 14.99, 663900.0, 14.469725
2015-12-22, 15.0, 15.17, 14.89, 15.0, 621200.0, 14.479378
2015-12-23, 15.0, 15.89, 15.0, 15.89, 1084400.0, 15.338488
2015-12-24, 15.84, 15.84, 15.4, 15.6, 269800.0, 15.058553
2015-12-28, 15.4, 15.5, 15.22, 15.28, 1062200.0, 14.749659
2015-12-29, 15.33, 15.5, 15.19, 15.38, 798100.0, 14.846189
2015-12-30, 15.29, 15.72, 15.15, 15.25, 1030600.0, 14.720701
2015-12-31, 15.2, 15.36, 15.07, 15.18, 758800.0, 14.653131
2016-01-04, 14.98, 15.5, 14.72, 15.47, 541000.0, 14.933065
2016-01-05, 15.47, 15.54, 15.1, 15.23, 928900.0, 14.701395
2016-01-06, 14.91, 14.95, 14.62, 14.85, 1643500.0, 14.334584
2016-01-07, 14.62, 14.93, 14.44, 14.56, 958100.0, 14.05465
2016-01-08, 14.57, 14.75, 13.99, 14.0, 692700.0, 13.514086
2016-01-11, 14.02, 14.21, 13.81, 14.02, 2428600.0, 13.533392
2016-01-12, 14.14, 14.29, 13.75, 14.12, 1518200.0, 13.629921
2016-01-13, 14.18, 14.44, 13.79, 13.93, 1617600.0, 13.446516
2016-01-14, 13.97, 14.0, 13.14, 13.39, 2320100.0, 12.925258
2016-01-15, 13.03, 13.58, 12.54, 13.38, 1507300.0, 12.915605
2016-01-19, 13.52, 13.79, 12.85, 13.2, 1246100.0, 12.741852
2016-01-20, 12.88, 13.27, 12.4, 13.0, 1298400.0, 12.548794
2016-01-21, 13.05, 13.75, 13.05, 13.15, 1124800.0, 12.693588
2016-01-22, 13.31, 13.81, 13.31, 13.8, 825000.0, 13.321028
2016-01-25, 13.66, 13.87, 13.16, 13.24, 1048700.0, 12.780464
2016-01-26, 13.25, 13.81, 13.19, 13.73, 849300.0, 13.253457
2016-01-27, 13.73, 13.86, 13.41, 13.6, 1038100.0, 13.12797
2016-01-28, 13.72, 13.8, 13.17, 13.43, 771600.0, 12.96387
2016-01-29, 13.6, 13.83, 13.36, 13.58, 654500.0, 13.108663
2016-02-01, 13.43, 13.89, 13.14, 13.58, 1153600.0, 13.108663
2016-02-02, 13.39, 13.46, 12.82, 12.94, 1370400.0, 12.490876
2016-02-03, 13.27, 13.48, 12.47, 12.73, 2741400.0, 12.288165
2016-02-04, 12.65, 13.75, 12.63, 13.4, 4021300.0, 12.934911
2016-02-05, 13.44, 13.66, 13.23, 13.6, 1918600.0, 13.12797
2016-02-08, 13.35, 13.45, 12.54, 12.94, 2945200.0, 12.490876
2016-02-09, 12.72, 13.24, 12.56, 13.17, 2161700.0, 12.712894
2016-02-10, 13.35, 13.55, 12.87, 12.95, 1913600.0, 12.500529
2016-02-11, 12.66, 12.82, 12.35, 12.6, 2891000.0, 12.162678
2016-02-12, 12.78, 13.41, 12.68, 13.4, 1994500.0, 12.934911
2016-02-16, 13.4, 14.22, 13.25, 14.12, 2510100.0, 13.629921
2016-02-17, 14.0, 14.71, 13.84, 14.66, 1922900.0, 14.437474
2016-02-18, 14.78, 15.6, 14.33, 15.6, 4840800.0, 15.363206
2016-02-19, 15.15, 15.15, 14.66, 14.91, 3183100.0, 14.68368
2016-02-22, 15.2, 15.21, 14.88, 15.0, 1832200.0, 14.772314
2016-02-23, 14.83, 14.97, 14.54, 14.7, 959000.0, 14.476867
2016-02-24, 14.5, 14.61, 14.14, 14.58, 1121900.0, 14.358689
2016-02-25, 14.68, 14.93, 14.44, 14.77, 1248600.0, 14.545805
2016-02-26, 14.82, 15.12, 14.73, 15.07, 606200.0, 14.841251
2016-02-29, 15.1, 15.58, 14.87, 15.55, 1087300.0, 15.313965
2016-03-01, 15.77, 16.040001, 15.55, 15.75, 1461700.0, 15.510929
2016-03-02, 15.96, 16.15, 15.6, 15.89, 734300.0, 15.648804
2016-03-03, 15.88, 16.57, 15.8, 16.57, 1266200.0, 16.318482
2016-03-04, 16.67, 16.969999, 16.51, 16.85, 1181400.0, 16.594233
2016-03-07, 16.75, 17.08, 16.639999, 17.08, 925300.0, 16.820741
2016-03-08, 17.0, 17.120001, 16.549999, 16.799999, 870700.0, 16.54499
2016-03-09, 16.82, 17.09, 16.549999, 16.809999, 470500.0, 16.554839
2016-03-10, 16.92, 16.940001, 16.42, 16.799999, 396300.0, 16.54499
2016-03-11, 16.940001, 17.1, 16.780001, 16.91, 604400.0, 16.653321
2016-03-14, 17.049999, 17.129999, 16.73, 16.98, 737800.0, 16.722258
2016-03-15, 16.889999, 16.889999, 16.540001, 16.85, 626500.0, 16.594233
2016-03-16, 16.85, 17.01, 16.57, 16.940001, 633700.0, 16.682867
2016-03-17, 16.969999, 17.450001, 16.92, 17.26, 840600.0, 16.998009
2016-03-18, 17.24, 17.440001, 16.99, 17.15, 867200.0, 16.889678
2016-03-21, 17.129999, 17.18, 16.82, 17.08, 437700.0, 16.820741
2016-03-22, 17.07, 17.48, 16.940001, 17.469999, 584100.0, 17.20482
2016-03-23, 17.370001, 17.43, 17.049999, 17.059999, 425100.0, 16.801044
2016-03-24, 16.940001, 16.940001, 15.56, 16.73, 1500800.0, 16.476053
2016-03-28, 16.75, 16.790001, 16.48, 16.610001, 407600.0, 16.357876
2016-03-29, 16.610001, 17.0, 16.200001, 16.860001, 791400.0, 16.604081
2016-03-30, 16.93, 17.35, 16.889999, 17.040001, 289600.0, 16.781349
2016-03-31, 17.07, 17.219999, 17.0, 17.120001, 424200.0, 16.860135
2016-04-01, 16.99, 17.4, 16.93, 17.35, 394000.0, 17.086643
2016-04-04, 17.33, 17.450001, 17.07, 17.23, 991800.0, 16.968464
2016-04-05, 17.049999, 17.059999, 16.74, 16.84, 549800.0, 16.584384
2016-04-06, 16.84, 16.93, 16.25, 16.309999, 1277400.0, 16.062428
2016-04-07, 16.120001, 16.200001, 15.72, 16.0, 1377000.0, 15.757134
2016-04-08, 16.08, 16.280001, 15.7, 15.83, 682300.0, 15.589715
2016-04-11, 15.93, 16.18, 15.82, 16.1, 459500.0, 15.855617
2016-04-12, 16.139999, 16.440001, 16.110001, 16.389999, 462100.0, 16.141214
2016-04-13, 16.5, 16.870001, 16.450001, 16.799999, 663400.0, 16.54499
2016-04-14, 16.82, 17.040001, 16.719999, 16.959999, 679300.0, 16.702562
2016-04-15, 16.879999, 17.1, 16.879999, 16.92, 381600.0, 16.66317
2016-04-18, 16.889999, 17.34, 16.889999, 17.34, 843200.0, 17.076795
2016-04-19, 17.32, 17.58, 17.290001, 17.450001, 442000.0, 17.185125
2016-04-20, 17.459999, 17.59, 17.35, 17.35, 591000.0, 17.086643
2016-04-21, 17.360001, 17.540001, 17.17, 17.33, 474300.0, 17.066946
2016-04-22, 17.309999, 17.48, 17.200001, 17.32, 328900.0, 17.057098
2016-04-25, 17.23, 17.33, 16.969999, 17.110001, 397100.0, 16.850286
2016-04-26, 17.200001, 17.4, 17.15, 17.290001, 320900.0, 17.027554
2016-04-27, 17.309999, 17.77, 17.200001, 17.719999, 1181000.0, 17.451026
2016-04-28, 17.549999, 17.639999, 17.360001, 17.41, 609600.0, 17.145732
2016-04-29, 17.34, 17.389999, 16.68, 16.91, 856200.0, 16.653321
2016-05-02, 16.940001, 17.530001, 16.940001, 17.32, 532800.0, 17.057098
2016-05-03, 17.16, 17.16, 16.639999, 16.99, 447200.0, 16.732107
2016-05-04, 16.82, 17.1, 16.6, 16.76, 673300.0, 16.505599
2016-05-05, 16.49, 16.809999, 16.0, 16.639999, 623300.0, 16.387419
2016-05-06, 16.52, 17.15, 16.52, 17.07, 760100.0, 16.810893
2016-05-09, 16.98, 17.08, 16.700001, 17.059999, 493800.0, 16.801044
2016-05-10, 17.200001, 17.280001, 17.049999, 17.209999, 517600.0, 16.948767
2016-05-11, 17.17, 17.18, 16.77, 16.9, 815900.0, 16.643473
2016-05-12, 16.92, 17.139999, 16.610001, 17.1, 766400.0, 16.840438
2016-05-13, 17.02, 17.27, 16.559999, 16.629999, 474500.0, 16.377571
2016-05-16, 16.67, 16.75, 16.32, 16.4, 965600.0, 16.151062
2016-05-17, 16.309999, 16.6, 16.219999, 16.469999, 1044100.0, 16.22
2016-05-18, 16.17, 16.74, 16.17, 16.629999, 941800.0, 16.629999
2016-05-19, 16.52, 16.52, 15.75, 15.98, 1145000.0, 15.98
2016-05-20, 15.85, 16.309999, 15.79, 16.0, 1570100.0, 16.0
2016-05-23, 16.02, 16.209999, 15.98, 16.18, 1975100.0, 16.18
2016-05-24, 16.309999, 16.51, 16.209999, 16.299999, 993700.0, 16.299999
2016-05-25, 16.309999, 16.799999, 16.219999, 16.639999, 698900.0, 16.639999
2016-05-26, 16.59, 16.74, 16.360001, 16.389999, 697400.0, 16.389999
2016-05-27, 16.469999, 16.639999, 16.379999, 16.57, 373000.0, 16.57
2016-05-31, 16.68, 16.700001, 16.42, 16.42, 828800.0, 16.42
2016-06-01, 16.389999, 16.68, 16.120001, 16.530001, 1081800.0, 16.530001
2016-06-02, 16.450001, 16.719999, 16.41, 16.639999, 620700.0, 16.639999
2016-06-03, 16.299999, 16.43, 16.219999, 16.24, 609300.0, 16.24
2016-06-06, 16.24, 16.610001, 16.15, 16.389999, 874300.0, 16.389999
2016-06-07, 16.379999, 16.459999, 16.280001, 16.280001, 703800.0, 16.280001
2016-06-08, 16.280001, 16.41, 16.17, 16.35, 519100.0, 16.35
2016-06-09, 16.18, 16.32, 16.0, 16.24, 559300.0, 16.24
2016-06-10, 15.99, 16.129999, 15.85, 16.1, 774000.0, 16.1
2016-06-13, 15.94, 16.290001, 15.76, 15.81, 959300.0, 15.81
2016-06-14, 15.72, 15.85, 15.15, 15.49, 934700.0, 15.49
2016-06-15, 16.27, 16.27, 15.43, 15.44, 811100.0, 15.44
2016-06-16, 15.24, 15.57, 15.16, 15.53, 618600.0, 15.53
2016-06-17, 15.4, 15.67, 15.36, 15.38, 573700.0, 15.38
2016-06-20, 15.53, 15.87, 15.37, 15.39, 1082700.0, 15.39
2016-06-21, 15.35, 15.47, 15.21, 15.36, 644800.0, 15.36
2016-06-22, 15.41, 15.56, 15.2, 15.29, 548100.0, 15.29
2016-06-23, 15.47, 15.81, 15.39, 15.69, 939400.0, 15.69
2016-06-24, 14.97, 15.2, 14.82, 15.01, 2169800.0, 15.01
2016-06-27, 14.75, 14.75, 14.26, 14.48, 1016500.0, 14.48
2016-06-28, 14.71, 15.06, 14.71, 15.04, 868600.0, 15.04
2016-06-29, 15.11, 15.26, 14.88, 15.15, 652300.0, 15.15
2016-06-30, 15.21, 15.21, 15.0, 15.15, 523300.0, 15.15
2016-07-01, 15.0, 15.22, 14.94, 15.01, 245900.0, 15.01
2016-07-05, 14.89, 14.89, 14.47, 14.58, 660900.0, 14.58
2016-07-06, 14.44, 14.83, 14.25, 14.74, 565700.0, 14.74
