2011-04-14, 21.0, 22.0, 20.8, 21.2, 6.37742E7, 20.16
2011-04-15, 21.22, 21.84, 20.81, 21.36, 5891700.0, 20.31
2011-04-18, 21.3, 22.95, 21.11, 22.9, 5759100.0, 21.77
2011-04-19, 23.17, 24.96, 22.78, 24.73, 1.10623E7, 23.51
2011-04-20, 25.8, 25.95, 23.8, 24.04, 5863400.0, 22.86
2011-04-21, 24.1, 24.2, 22.89, 23.67, 2406400.0, 22.51
2011-04-25, 23.65, 23.84, 23.07, 23.56, 1169800.0, 22.4
2011-04-26, 23.87, 23.9, 22.75, 22.88, 1800000.0, 21.75
2011-04-27, 23.1, 23.15, 21.96, 22.39, 1828600.0, 21.29
2011-04-28, 22.25, 22.45, 21.8, 22.1, 1669100.0, 21.01
2011-04-29, 22.05, 22.1, 21.51, 22.03, 1956200.0, 20.95
2011-05-02, 22.09, 23.09, 22.09, 22.5, 2014300.0, 21.39
2011-05-03, 22.65, 22.75, 22.32, 22.69, 1792100.0, 21.57
2011-05-04, 22.6, 22.75, 22.54, 22.65, 844200.0, 21.54
2011-05-05, 22.6, 23.15, 22.39, 22.61, 1681400.0, 21.5
2011-05-06, 23.1, 23.1, 21.51, 22.03, 3614700.0, 20.95
2011-05-09, 22.24, 22.5, 22.05, 22.48, 621600.0, 21.37
2011-05-10, 22.57, 22.7, 22.19, 22.24, 888100.0, 21.15
2011-05-11, 22.1, 22.12, 21.66, 21.81, 1165300.0, 20.74
2011-05-12, 21.67, 21.71, 20.89, 21.48, 1251800.0, 20.42
2011-05-13, 21.48, 22.35, 21.28, 22.25, 1497700.0, 21.16
2011-05-16, 22.41, 22.41, 21.7, 21.9, 572100.0, 20.82
2011-05-17, 21.88, 21.9, 21.35, 21.75, 780000.0, 20.68
2011-05-18, 21.76, 22.59, 21.76, 22.35, 914000.0, 21.25
2011-05-19, 22.5, 22.55, 21.83, 22.25, 683300.0, 21.16
2011-05-20, 22.25, 22.25, 21.87, 22.01, 444100.0, 20.93
2011-05-23, 21.94, 22.14, 21.76, 22.0, 858000.0, 20.92
2011-05-24, 22.55, 22.55, 21.87, 22.01, 1998600.0, 20.93
2011-05-25, 21.9, 22.04, 21.8, 21.9, 531100.0, 20.82
2011-05-26, 21.9, 22.9, 21.75, 22.67, 1050600.0, 21.55
2011-05-27, 22.83, 23.4, 22.61, 23.14, 924100.0, 22.0
2011-05-31, 23.39, 23.4, 22.52, 22.75, 750700.0, 21.63
2011-06-01, 22.94, 22.94, 22.0, 22.09, 640400.0, 21.0
2011-06-02, 22.38, 22.44, 21.7, 22.37, 1122200.0, 21.27
2011-06-03, 22.17, 23.27, 22.12, 22.97, 728300.0, 21.84
2011-06-06, 23.29, 23.34, 22.55, 22.66, 529600.0, 21.54
2011-06-07, 22.7, 23.25, 22.53, 23.15, 697800.0, 22.01
2011-06-08, 23.06, 23.38, 21.53, 21.73, 1310600.0, 20.66
2011-06-09, 21.73, 22.06, 21.34, 21.85, 856300.0, 20.77
2011-06-10, 21.81, 21.88, 21.22, 21.34, 425500.0, 20.29
2011-06-13, 21.34, 21.5, 20.89, 21.01, 719500.0, 19.98
2011-06-14, 21.1, 21.25, 20.42, 20.79, 1870000.0, 19.77
2011-06-15, 20.72, 20.82, 19.7, 20.73, 945400.0, 19.77
2011-06-16, 20.66, 21.09, 20.64, 20.95, 438200.0, 19.98
2011-06-17, 21.1, 21.1, 20.09, 20.15, 982700.0, 19.21
2011-06-20, 20.06, 20.6, 19.81, 20.45, 770100.0, 19.5
2011-06-21, 20.74, 21.19, 20.33, 21.16, 948600.0, 20.18
2011-06-22, 21.26, 21.34, 20.66, 20.73, 557300.0, 19.77
2011-06-23, 20.83, 20.95, 20.45, 20.91, 505300.0, 19.94
2011-06-24, 20.97, 21.0, 20.51, 20.75, 252600.0, 19.79
2011-06-27, 20.96, 20.97, 20.51, 20.7, 458700.0, 19.74
2011-06-28, 20.7, 21.42, 20.66, 21.25, 1276400.0, 20.26
2011-06-29, 21.3, 21.4, 20.97, 21.25, 544200.0, 20.26
2011-06-30, 21.34, 21.62, 20.93, 21.09, 977600.0, 20.11
2011-07-01, 21.06, 22.0, 21.06, 21.5, 406400.0, 20.5
2011-07-05, 21.55, 21.94, 21.26, 21.81, 235200.0, 20.8
2011-07-06, 21.84, 22.45, 21.84, 22.02, 1029200.0, 21.0
2011-07-07, 22.13, 22.46, 21.87, 22.46, 1249000.0, 21.42
2011-07-08, 22.28, 22.49, 22.0, 22.35, 597700.0, 21.31
2011-07-11, 22.11, 22.18, 21.67, 21.96, 443400.0, 20.94
2011-07-12, 22.04, 22.08, 21.72, 21.72, 843200.0, 20.71
2011-07-13, 21.81, 21.98, 21.12, 21.28, 612600.0, 20.29
2011-07-14, 21.3, 21.6, 20.99, 21.0, 429300.0, 20.02
2011-07-15, 20.97, 21.18, 20.65, 20.71, 442300.0, 19.75
2011-07-18, 20.61, 20.68, 19.95, 19.98, 778600.0, 19.05
2011-07-19, 20.15, 21.49, 20.14, 21.34, 823000.0, 20.35
2011-07-20, 21.42, 21.77, 21.31, 21.5, 666700.0, 20.5
2011-07-21, 21.62, 22.0, 21.53, 21.79, 600200.0, 20.78
2011-07-22, 21.96, 24.17, 21.82, 23.5, 2227900.0, 22.41
2011-07-25, 23.12, 23.79, 22.95, 23.47, 683500.0, 22.38
2011-07-26, 23.5, 23.61, 22.93, 23.51, 451800.0, 22.42
2011-07-27, 23.26, 23.26, 22.85, 22.9, 464500.0, 21.84
2011-07-28, 22.95, 23.05, 22.5, 22.71, 372500.0, 21.65
2011-07-29, 22.54, 23.98, 22.32, 23.46, 949500.0, 22.37
2011-08-01, 23.88, 24.41, 22.66, 23.51, 747100.0, 22.42
2011-08-02, 24.2, 25.4, 24.0, 25.13, 4454700.0, 23.96
2011-08-03, 24.88, 25.66, 24.27, 25.4, 1480600.0, 24.22
2011-08-04, 25.4, 25.49, 24.64, 24.85, 1452300.0, 23.7
2011-08-05, 25.0, 25.1, 23.03, 24.24, 1557600.0, 23.11
2011-08-08, 23.36, 23.5, 21.0, 22.03, 2738400.0, 21.01
2011-08-09, 22.33, 22.38, 21.35, 22.07, 1986400.0, 21.04
2011-08-10, 21.85, 23.52, 21.8, 22.45, 1107800.0, 21.41
2011-08-11, 22.36, 25.06, 22.2, 24.5, 2593900.0, 23.36
2011-08-12, 24.52, 24.95, 24.03, 24.31, 441200.0, 23.18
2011-08-15, 24.46, 24.95, 23.8, 24.64, 676800.0, 23.5
2011-08-16, 24.38, 25.02, 24.22, 24.95, 770700.0, 23.79
2011-08-17, 25.11, 26.48, 24.96, 26.0, 2049600.0, 24.79
2011-08-18, 25.35, 26.09, 24.24, 24.69, 1305300.0, 23.54
2011-08-19, 24.66, 25.3, 23.22, 23.42, 1204800.0, 22.33
2011-08-22, 24.29, 24.73, 23.66, 24.42, 548500.0, 23.29
2011-08-23, 24.77, 24.87, 24.23, 24.61, 531200.0, 23.47
2011-08-24, 24.95, 25.44, 24.32, 24.89, 704100.0, 23.73
2011-08-25, 25.04, 25.28, 24.41, 24.55, 358400.0, 23.41
2011-08-26, 24.51, 25.18, 23.8, 24.25, 646600.0, 23.12
2011-08-29, 24.57, 26.49, 24.5, 25.78, 1012100.0, 24.58
2011-08-30, 26.08, 27.93, 25.81, 26.96, 2293100.0, 25.71
2011-08-31, 27.35, 28.6, 26.98, 27.57, 1691900.0, 26.29
2011-09-01, 27.98, 28.14, 26.7, 27.14, 905400.0, 25.88
2011-09-02, 26.61, 27.22, 26.08, 27.06, 1013700.0, 25.8
2011-09-06, 26.76, 26.76, 25.56, 26.7, 1062400.0, 25.46
2011-09-07, 27.21, 27.3, 26.85, 27.18, 1131100.0, 25.92
2011-09-08, 27.18, 28.96, 27.04, 28.25, 1550300.0, 26.94
2011-09-09, 28.07, 29.43, 27.54, 28.52, 2126400.0, 27.2
2011-09-12, 28.2, 28.29, 26.83, 28.05, 1022800.0, 26.75
2011-09-13, 28.09, 28.37, 27.17, 27.46, 1013400.0, 26.18
2011-09-14, 27.85, 28.1, 27.0, 27.94, 1196800.0, 26.64
2011-09-15, 28.25, 28.25, 26.94, 27.46, 1090000.0, 26.18
2011-09-16, 27.64, 27.87, 27.1, 27.36, 553200.0, 26.09
2011-09-19, 27.14, 27.22, 25.94, 27.1, 1435200.0, 25.84
2011-09-20, 27.34, 28.1, 26.86, 27.36, 1294100.0, 26.09
2011-09-21, 27.32, 27.62, 24.85, 24.95, 2214300.0, 23.79
2011-09-22, 23.1, 23.59, 22.26, 22.97, 4534100.0, 21.9
2011-09-23, 22.6, 23.84, 22.05, 23.24, 1126200.0, 22.22
2011-09-26, 23.75, 25.24, 23.5, 25.01, 1182200.0, 23.91
2011-09-27, 25.52, 26.32, 24.86, 25.03, 1375300.0, 23.93
2011-09-28, 25.26, 25.74, 23.65, 23.79, 762900.0, 22.74
2011-09-29, 24.66, 24.67, 22.4, 23.27, 1106700.0, 22.25
2011-09-30, 22.76, 23.56, 22.12, 23.19, 1122400.0, 22.17
2011-10-03, 23.2, 23.2, 21.49, 22.0, 1883000.0, 21.03
2011-10-04, 21.63, 23.38, 20.4, 23.3, 1900000.0, 22.28
2011-10-05, 23.52, 24.91, 22.88, 24.09, 1509900.0, 23.03
2011-10-06, 24.93, 25.25, 23.69, 24.51, 1001400.0, 23.43
2011-10-07, 24.18, 24.36, 22.74, 23.89, 1627500.0, 22.84
2011-10-10, 24.39, 24.83, 24.22, 24.67, 956000.0, 23.59
2011-10-11, 24.43, 24.98, 24.19, 24.8, 736200.0, 23.71
2011-10-12, 25.0, 25.62, 25.0, 25.28, 703000.0, 24.17
2011-10-13, 25.45, 25.65, 24.9, 25.49, 608900.0, 24.37
2011-10-14, 25.56, 25.95, 25.56, 25.74, 543200.0, 24.61
2011-10-17, 23.08, 24.75, 23.08, 24.12, 3479200.0, 23.06
2011-10-18, 23.86, 24.01, 23.23, 23.67, 3244000.0, 22.63
2011-10-19, 23.25, 23.43, 22.3, 22.64, 6615000.0, 21.64
2011-10-20, 22.2, 22.5, 21.56, 21.7, 2.82633E7, 20.75
2011-10-21, 22.0, 22.4, 21.84, 22.36, 7385100.0, 21.38
2011-10-24, 22.48, 22.55, 22.1, 22.28, 4073200.0, 21.3
2011-10-25, 22.22, 22.35, 21.8, 21.86, 1738100.0, 20.9
2011-10-26, 22.1, 22.23, 21.29, 21.8, 1726900.0, 20.84
2011-10-27, 22.19, 23.34, 22.05, 22.89, 5441700.0, 21.88
2011-10-28, 22.3, 23.3, 22.19, 23.09, 2660700.0, 22.07
2011-10-31, 22.82, 23.59, 22.5, 23.4, 2151900.0, 22.37
2011-11-01, 22.56, 23.0, 22.33, 22.75, 2280600.0, 21.75
2011-11-02, 23.0, 23.1, 22.5, 22.59, 1538500.0, 21.6
2011-11-03, 22.9, 22.95, 22.06, 22.6, 1329900.0, 21.61
2011-11-04, 22.63, 22.64, 21.76, 22.0, 1976700.0, 21.03
2011-11-07, 22.09, 22.38, 21.8, 22.38, 1930100.0, 21.4
2011-11-08, 22.39, 22.4, 21.57, 21.61, 2329700.0, 20.66
2011-11-09, 21.36, 21.52, 20.97, 21.02, 2350400.0, 20.1
2011-11-10, 21.35, 21.83, 21.1, 21.4, 1344800.0, 20.46
2011-11-11, 21.47, 21.99, 21.17, 21.35, 1704000.0, 20.41
2011-11-14, 21.54, 21.95, 21.48, 21.77, 1489600.0, 20.81
2011-11-15, 21.42, 22.19, 21.35, 22.0, 1172900.0, 21.03
2011-11-16, 21.75, 21.95, 21.43, 21.47, 1834800.0, 20.53
2011-11-17, 21.41, 21.49, 20.75, 20.95, 1061400.0, 20.03
2011-11-18, 21.1, 21.37, 20.92, 21.22, 870200.0, 20.29
2011-11-21, 20.9, 20.9, 20.04, 20.5, 1073200.0, 19.6
2011-11-22, 20.5, 20.76, 20.25, 20.39, 1437200.0, 19.49
2011-11-23, 20.3, 20.52, 19.63, 19.96, 2612400.0, 19.08
2011-11-25, 19.8, 19.98, 19.5, 19.55, 975500.0, 18.69
2011-11-28, 20.04, 21.02, 20.04, 20.82, 1096300.0, 19.9
2011-11-29, 20.84, 21.43, 20.56, 20.99, 1126200.0, 20.07
2011-11-30, 21.87, 22.18, 21.55, 21.92, 1359000.0, 20.96
2011-12-01, 22.14, 22.74, 21.87, 22.45, 1133000.0, 21.46
2011-12-02, 22.63, 22.75, 22.27, 22.39, 953000.0, 21.41
2011-12-05, 22.65, 22.65, 22.06, 22.25, 872300.0, 21.27
2011-12-06, 22.13, 22.15, 21.46, 21.82, 744600.0, 20.86
2011-12-07, 21.9, 22.2, 21.44, 22.0, 697100.0, 21.03
2011-12-08, 22.17, 22.89, 21.97, 22.46, 2191500.0, 21.47
2011-12-09, 22.46, 22.79, 22.02, 22.67, 850900.0, 21.67
2011-12-12, 22.4, 22.41, 21.8, 22.17, 1023600.0, 21.2
2011-12-13, 22.18, 22.19, 21.42, 21.55, 1114400.0, 20.6
2011-12-14, 21.26, 21.61, 20.4, 20.68, 1226200.0, 19.77
2011-12-15, 20.88, 20.98, 20.03, 20.36, 1012800.0, 19.47
2011-12-16, 20.49, 20.49, 20.05, 20.13, 1374800.0, 19.25
2011-12-19, 20.14, 20.29, 19.69, 19.77, 1415400.0, 18.9
2011-12-20, 20.0, 20.15, 19.67, 20.08, 2449500.0, 19.2
2011-12-21, 20.11, 20.17, 19.72, 20.04, 968400.0, 19.16
2011-12-22, 20.14, 20.68, 20.11, 20.53, 1225900.0, 19.63
2011-12-23, 20.5, 21.42, 20.5, 21.05, 881800.0, 20.18
2011-12-27, 21.13, 21.42, 21.08, 21.21, 398600.0, 20.34
2011-12-28, 21.39, 21.39, 20.51, 20.7, 694600.0, 19.85
2011-12-29, 20.6, 20.74, 20.33, 20.63, 754600.0, 19.78
2011-12-30, 20.57, 20.73, 20.36, 20.53, 512200.0, 19.69
2012-01-03, 21.02, 21.05, 20.2, 20.23, 661100.0, 19.4
2012-01-04, 20.16, 20.23, 19.71, 19.85, 1070500.0, 19.03
2012-01-05, 19.86, 19.95, 19.53, 19.79, 766800.0, 18.98
2012-01-06, 19.85, 19.92, 18.96, 19.29, 1872500.0, 18.5
2012-01-09, 19.26, 19.41, 18.29, 18.56, 2596600.0, 17.8
2012-01-10, 18.81, 19.22, 17.62, 17.85, 4888900.0, 17.12
2012-01-11, 17.88, 18.26, 17.85, 18.16, 1947900.0, 17.41
2012-01-12, 18.16, 18.2, 17.81, 17.88, 1426300.0, 17.14
2012-01-13, 17.9, 18.88, 17.71, 18.82, 2567300.0, 18.05
2012-01-17, 19.12, 19.3, 18.94, 19.19, 1060800.0, 18.4
2012-01-18, 19.32, 19.84, 19.13, 19.77, 1785400.0, 18.96
2012-01-19, 19.88, 19.88, 19.45, 19.84, 1749200.0, 19.02
2012-01-20, 19.82, 20.52, 19.75, 20.29, 1681100.0, 19.45
2012-01-23, 20.29, 20.29, 19.82, 20.18, 1346400.0, 19.35
2012-01-24, 20.19, 21.05, 20.11, 20.99, 1186600.0, 20.13
2012-01-25, 21.06, 21.97, 21.06, 21.91, 1438900.0, 21.01
2012-01-26, 22.0, 22.15, 21.42, 21.61, 1316800.0, 20.72
2012-01-27, 21.85, 21.85, 21.47, 21.65, 618600.0, 20.76
2012-01-30, 21.5, 21.5, 20.82, 21.18, 788200.0, 20.31
2012-01-31, 21.39, 21.5, 21.13, 21.5, 813600.0, 20.62
2012-02-01, 21.71, 21.76, 21.09, 21.72, 888600.0, 20.83
2012-02-02, 21.86, 22.41, 21.72, 22.39, 1094700.0, 21.47
2012-02-03, 22.48, 22.85, 22.09, 22.7, 2492700.0, 21.77
2012-02-06, 22.68, 22.99, 22.46, 22.94, 697700.0, 22.0
2012-02-07, 22.79, 22.91, 21.95, 22.24, 1699400.0, 21.32
2012-02-08, 22.13, 22.19, 20.39, 20.49, 3119500.0, 19.65
2012-02-09, 20.63, 21.08, 20.1, 21.06, 3078000.0, 20.19
2012-02-10, 20.85, 21.04, 20.0, 20.83, 1677900.0, 19.97
2012-02-13, 20.77, 20.97, 20.51, 20.67, 608300.0, 19.82
2012-02-14, 20.79, 20.9, 20.6, 20.72, 797500.0, 19.87
2012-02-15, 20.85, 21.18, 20.83, 21.18, 2042200.0, 20.31
2012-02-16, 21.15, 21.96, 21.12, 21.7, 1043800.0, 20.81
2012-02-17, 21.85, 22.15, 21.43, 21.56, 1079600.0, 20.67
2012-02-21, 21.89, 22.11, 21.36, 21.63, 580700.0, 20.74
2012-02-22, 21.68, 21.73, 21.3, 21.39, 774600.0, 20.51
2012-02-23, 21.56, 21.69, 21.39, 21.56, 563000.0, 20.67
2012-02-24, 21.67, 21.89, 21.05, 21.12, 1256900.0, 20.25
2012-02-27, 21.02, 21.27, 20.73, 20.96, 356000.0, 20.1
2012-02-28, 20.91, 21.3, 20.74, 21.09, 410300.0, 20.22
2012-02-29, 21.16, 21.38, 20.98, 21.02, 351900.0, 20.15
2012-03-01, 21.2, 21.22, 20.77, 20.87, 1236400.0, 20.01
2012-03-02, 20.97, 21.04, 20.5, 20.76, 1307300.0, 19.91
2012-03-05, 20.98, 20.98, 18.7, 19.2, 4561900.0, 18.41
2012-03-06, 18.74, 19.01, 18.2, 18.65, 5150400.0, 17.88
2012-03-07, 18.89, 19.75, 18.89, 19.4, 2098300.0, 18.6
2012-03-08, 19.6, 20.38, 19.54, 20.2, 1863400.0, 19.37
2012-03-09, 20.17, 20.29, 19.45, 19.5, 1800400.0, 18.7
2012-03-12, 19.55, 19.55, 18.94, 19.07, 1570500.0, 18.29
2012-03-13, 19.3, 19.33, 18.84, 18.95, 1372200.0, 18.17
2012-03-14, 18.95, 19.26, 18.83, 18.88, 1250600.0, 18.1
2012-03-15, 18.9, 19.03, 18.62, 18.65, 1029900.0, 17.88
2012-03-16, 18.65, 18.78, 18.46, 18.58, 1556500.0, 17.82
2012-03-19, 18.65, 18.89, 18.41, 18.47, 1752500.0, 17.71
2012-03-20, 18.48, 18.69, 18.37, 18.45, 1316500.0, 17.69
2012-03-21, 18.5, 18.64, 18.38, 18.39, 1109400.0, 17.63
2012-03-22, 18.36, 18.78, 18.33, 18.48, 1031700.0, 17.72
2012-03-23, 18.51, 18.51, 18.24, 18.34, 920800.0, 17.59
2012-03-26, 18.44, 18.72, 18.26, 18.31, 1880500.0, 17.56
2012-03-27, 18.38, 18.43, 18.05, 18.1, 1492300.0, 17.36
2012-03-28, 18.19, 18.48, 18.1, 18.14, 1819300.0, 17.39
2012-03-29, 18.11, 18.16, 17.87, 18.03, 942500.0, 17.29
2012-03-30, 18.09, 18.22, 18.02, 18.09, 1930900.0, 17.35
2012-04-02, 18.03, 18.39, 18.02, 18.24, 1683400.0, 17.49
2012-04-03, 18.25, 18.87, 18.22, 18.55, 2149800.0, 17.79
2012-04-04, 18.37, 18.46, 18.04, 18.09, 1587200.0, 17.35
2012-04-05, 18.1, 18.65, 18.06, 18.48, 679400.0, 17.72
2012-04-09, 18.35, 18.51, 18.19, 18.43, 547800.0, 17.67
2012-04-10, 18.46, 18.55, 17.91, 17.97, 1979600.0, 17.23
2012-04-11, 18.07, 18.4, 17.82, 18.38, 1203600.0, 17.62
2012-04-12, 18.35, 18.68, 18.22, 18.63, 706600.0, 17.86
2012-04-13, 18.63, 18.99, 18.46, 18.87, 651000.0, 18.09
2012-04-16, 18.88, 19.08, 18.81, 18.83, 2070400.0, 18.06
2012-04-17, 18.97, 19.19, 18.67, 19.0, 2121300.0, 18.22
2012-04-18, 18.91, 19.64, 17.77, 18.24, 3870700.0, 17.49
2012-04-19, 18.13, 18.5, 17.32, 18.45, 2464500.0, 17.69
2012-04-20, 19.0, 19.39, 18.75, 19.02, 1913800.0, 18.24
2012-04-23, 18.76, 18.79, 18.28, 18.43, 762000.0, 17.67
2012-04-24, 18.39, 18.61, 18.2, 18.36, 509800.0, 17.6
2012-04-25, 18.4, 18.66, 18.26, 18.44, 819200.0, 17.68
2012-04-26, 18.36, 18.72, 18.15, 18.58, 1025200.0, 17.82
2012-04-27, 18.66, 18.66, 17.59, 17.85, 2152700.0, 17.12
2012-04-30, 17.81, 18.24, 17.77, 17.87, 1354000.0, 17.19
2012-05-01, 17.93, 18.22, 17.8, 17.92, 1293300.0, 17.24
2012-05-02, 18.02, 18.1, 17.6, 17.76, 1227500.0, 17.09
2012-05-03, 17.82, 17.9, 16.79, 17.1, 3168400.0, 16.45
2012-05-04, 16.05, 16.44, 13.28, 14.28, 1.74392E7, 13.74
2012-05-07, 14.27, 14.84, 14.13, 14.19, 9172500.0, 13.65
2012-05-08, 14.19, 14.23, 13.9, 14.0, 3307000.0, 13.47
2012-05-09, 14.0, 14.39, 13.86, 14.35, 2582000.0, 13.81
2012-05-10, 14.39, 14.52, 14.15, 14.35, 1880400.0, 13.81
2012-05-11, 14.16, 14.19, 14.0, 14.06, 1506200.0, 13.53
2012-05-14, 13.98, 13.98, 13.57, 13.65, 4696700.0, 13.13
2012-05-15, 13.65, 13.83, 13.41, 13.48, 1423800.0, 12.97
2012-05-16, 13.55, 13.56, 12.55, 12.7, 4624500.0, 12.22
2012-05-17, 12.85, 12.92, 12.39, 12.39, 3200200.0, 11.92
2012-05-18, 12.39, 12.65, 12.03, 12.44, 2612500.0, 11.97
2012-05-21, 12.43, 12.68, 12.26, 12.64, 1623800.0, 12.16
2012-05-22, 12.66, 13.39, 12.66, 13.23, 3539000.0, 12.73
2012-05-23, 13.06, 13.81, 12.97, 13.57, 3243400.0, 13.06
2012-05-24, 13.57, 13.71, 12.95, 13.38, 2883800.0, 12.87
2012-05-25, 13.55, 14.1, 13.51, 13.69, 2587900.0, 13.17
2012-05-29, 13.91, 14.18, 13.76, 13.93, 1646600.0, 13.4
2012-05-30, 13.97, 13.98, 13.32, 13.55, 1927900.0, 13.04
2012-05-31, 13.5, 13.81, 13.19, 13.52, 1372400.0, 13.01
2012-06-01, 13.43, 13.43, 12.51, 12.67, 2451900.0, 12.19
2012-06-04, 13.0, 13.22, 12.53, 12.53, 1167300.0, 12.05
2012-06-05, 12.67, 13.15, 12.64, 12.84, 2055600.0, 12.35
2012-06-06, 13.08, 14.01, 13.08, 14.01, 1552400.0, 13.48
2012-06-07, 14.4, 14.79, 13.89, 13.97, 3974000.0, 13.44
2012-06-08, 13.75, 14.0, 13.6, 13.99, 3130000.0, 13.46
2012-06-11, 14.06, 14.34, 13.39, 13.55, 862700.0, 13.04
2012-06-12, 13.55, 13.79, 13.1, 13.4, 2170500.0, 12.89
2012-06-13, 13.41, 14.08, 13.26, 13.96, 1276900.0, 13.43
2012-06-14, 14.05, 14.3, 13.77, 14.26, 1350100.0, 13.72
2012-06-15, 14.5, 14.55, 14.26, 14.49, 677400.0, 13.94
2012-06-18, 14.52, 14.67, 13.79, 14.06, 674000.0, 13.53
2012-06-19, 14.1, 14.2, 13.83, 14.1, 904700.0, 13.57
2012-06-20, 14.13, 14.35, 13.88, 14.3, 1642800.0, 13.76
2012-06-21, 14.29, 14.4, 13.38, 13.61, 1170100.0, 13.09
2012-06-22, 13.73, 14.08, 13.68, 14.06, 951800.0, 13.53
2012-06-25, 13.9, 13.95, 13.5, 13.76, 883700.0, 13.24
2012-06-26, 13.87, 14.69, 13.8, 14.42, 2453400.0, 13.87
2012-06-27, 14.55, 14.97, 14.52, 14.95, 1300400.0, 14.38
2012-06-28, 14.78, 14.85, 14.16, 14.45, 737100.0, 13.9
2012-06-29, 14.84, 14.92, 14.54, 14.78, 769300.0, 14.22
2012-07-02, 14.8, 14.84, 14.39, 14.71, 835400.0, 14.15
2012-07-03, 14.76, 15.13, 14.59, 14.86, 619900.0, 14.3
2012-07-05, 15.01, 15.12, 14.67, 14.91, 964000.0, 14.34
2012-07-06, 14.8, 15.05, 14.34, 14.99, 1072800.0, 14.42
2012-07-09, 14.88, 15.14, 14.66, 14.84, 1024300.0, 14.28
2012-07-10, 14.99, 15.07, 14.7, 14.9, 854200.0, 14.33
2012-07-11, 15.0, 15.03, 14.56, 14.71, 609700.0, 14.15
2012-07-12, 14.54, 14.85, 14.44, 14.51, 1893300.0, 13.96
2012-07-13, 14.6, 14.6, 14.17, 14.27, 1855900.0, 13.73
2012-07-16, 14.18, 14.2, 13.54, 13.7, 1137200.0, 13.24
2012-07-17, 13.77, 13.83, 13.32, 13.39, 1378700.0, 12.94
2012-07-18, 13.34, 13.62, 13.23, 13.3, 1048800.0, 12.85
2012-07-19, 13.32, 13.37, 12.87, 12.91, 1502600.0, 12.47
2012-07-20, 12.93, 12.94, 12.31, 12.56, 2757600.0, 12.13
2012-07-23, 12.29, 12.36, 12.13, 12.22, 1712300.0, 11.81
2012-07-24, 12.32, 12.95, 12.27, 12.8, 1181800.0, 12.37
2012-07-25, 12.86, 13.15, 12.65, 12.95, 1352100.0, 12.51
2012-07-26, 13.11, 13.43, 13.02, 13.33, 876800.0, 12.88
2012-07-27, 13.43, 13.54, 13.26, 13.37, 386200.0, 12.92
2012-07-30, 13.37, 13.42, 13.08, 13.24, 765100.0, 12.79
2012-07-31, 13.25, 13.51, 12.97, 13.08, 896100.0, 12.64
2012-08-01, 13.24, 13.3, 12.9, 13.15, 1145100.0, 12.7
2012-08-02, 13.04, 13.12, 12.66, 12.8, 781400.0, 12.37
2012-08-03, 13.04, 13.12, 12.8, 12.81, 423600.0, 12.38
2012-08-06, 12.81, 13.6, 12.79, 13.35, 727000.0, 12.9
2012-08-07, 13.35, 15.43, 13.31, 15.23, 3649700.0, 14.71
2012-08-08, 14.37, 15.19, 14.06, 14.3, 1404700.0, 13.82
2012-08-09, 14.17, 14.63, 14.17, 14.43, 1012300.0, 13.94
2012-08-10, 14.43, 14.43, 13.96, 14.1, 1263400.0, 13.62
2012-08-13, 14.01, 14.1, 13.91, 13.95, 436000.0, 13.48
2012-08-14, 13.95, 14.01, 13.61, 13.93, 1035800.0, 13.46
2012-08-15, 13.92, 14.42, 13.92, 14.22, 2668400.0, 13.74
2012-08-16, 14.2, 14.2, 13.85, 14.0, 1471900.0, 13.53
2012-08-17, 13.99, 14.19, 13.9, 13.99, 1562900.0, 13.52
2012-08-20, 13.95, 14.11, 13.86, 13.88, 792800.0, 13.41
2012-08-21, 13.96, 14.25, 13.9, 13.96, 988500.0, 13.49
2012-08-22, 13.89, 14.02, 13.8, 13.86, 836000.0, 13.39
2012-08-23, 13.82, 13.85, 13.35, 13.45, 1302700.0, 12.99
2012-08-24, 13.38, 13.45, 13.21, 13.36, 948700.0, 12.91
2012-08-27, 13.37, 13.42, 13.25, 13.33, 838700.0, 12.88
2012-08-28, 13.31, 13.4, 13.15, 13.17, 800300.0, 12.72
2012-08-29, 13.16, 13.26, 13.1, 13.17, 663100.0, 12.72
2012-08-30, 13.09, 13.25, 13.04, 13.2, 788900.0, 12.75
2012-08-31, 13.33, 13.33, 13.06, 13.21, 875800.0, 12.76
2012-09-04, 13.2, 13.26, 13.06, 13.25, 769500.0, 12.8
2012-09-05, 13.26, 13.31, 13.12, 13.15, 899800.0, 12.7
2012-09-06, 13.24, 13.5, 13.05, 13.5, 1879800.0, 13.04
2012-09-07, 13.57, 13.84, 13.35, 13.75, 1050900.0, 13.28
2012-09-10, 13.82, 14.29, 13.79, 13.93, 2874600.0, 13.46
2012-09-11, 13.85, 14.1, 13.22, 13.81, 1915100.0, 13.34
2012-09-12, 14.04, 14.1, 13.7, 13.76, 1730300.0, 13.29
2012-09-13, 13.75, 14.02, 13.62, 13.66, 1903600.0, 13.2
2012-09-14, 13.72, 14.45, 13.71, 14.4, 1698800.0, 13.91
2012-09-17, 14.33, 14.46, 14.15, 14.3, 518600.0, 13.82
2012-09-18, 14.23, 14.38, 14.04, 14.31, 569800.0, 13.83
2012-09-19, 14.44, 14.94, 14.26, 14.85, 1095900.0, 14.35
2012-09-20, 14.73, 15.0, 14.6, 14.87, 1049800.0, 14.37
2012-09-21, 14.88, 15.54, 14.75, 15.35, 1736700.0, 14.83
2012-09-24, 15.35, 15.47, 15.0, 15.4, 1532500.0, 14.88
2012-09-25, 15.41, 15.72, 15.41, 15.49, 1771000.0, 14.97
2012-09-26, 15.49, 15.56, 14.94, 15.21, 1815200.0, 14.69
2012-09-27, 15.24, 15.48, 15.14, 15.41, 1715600.0, 14.89
2012-09-28, 15.36, 15.43, 15.19, 15.43, 1168300.0, 14.91
2012-10-01, 15.45, 15.49, 15.24, 15.35, 1608700.0, 14.83
2012-10-02, 15.32, 15.34, 14.97, 15.3, 976200.0, 14.78
2012-10-03, 15.29, 15.53, 15.23, 15.31, 1041800.0, 14.79
2012-10-04, 15.3, 15.89, 15.26, 15.83, 777200.0, 15.29
2012-10-05, 15.87, 16.0, 15.61, 15.79, 1227900.0, 15.26
2012-10-08, 15.76, 15.79, 15.31, 15.37, 2431100.0, 14.85
2012-10-09, 15.38, 15.55, 15.06, 15.19, 1392900.0, 14.68
2012-10-10, 15.19, 15.37, 15.07, 15.21, 921400.0, 14.69
2012-10-11, 15.35, 16.0, 15.35, 15.65, 1559700.0, 15.12
2012-10-12, 15.93, 15.95, 15.02, 15.04, 764000.0, 14.53
2012-10-15, 15.16, 15.2, 14.83, 15.01, 890000.0, 14.5
2012-10-16, 15.23, 15.47, 15.05, 15.21, 684400.0, 14.69
2012-10-17, 15.23, 15.58, 15.07, 15.51, 1034200.0, 14.98
2012-10-18, 15.65, 16.0, 15.51, 15.73, 1131100.0, 15.2
2012-10-19, 15.61, 15.75, 14.78, 14.83, 2110800.0, 14.33
2012-10-22, 14.2, 14.55, 13.65, 14.3, 1556800.0, 13.87
2012-10-23, 14.13, 14.17, 13.63, 13.74, 2569300.0, 13.33
2012-10-24, 13.93, 13.97, 13.38, 13.48, 1509400.0, 13.08
2012-10-25, 13.74, 13.9, 13.24, 13.24, 747800.0, 12.84
2012-10-26, 13.25, 13.53, 12.93, 13.23, 2688100.0, 12.83
2012-10-31, 13.2, 13.27, 12.82, 12.91, 2391500.0, 12.52
2012-11-01, 13.0, 13.29, 12.74, 12.89, 1639100.0, 12.5
2012-11-02, 12.88, 12.95, 12.11, 12.37, 5597400.0, 12.0
2012-11-05, 12.44, 12.55, 12.33, 12.42, 1152600.0, 12.05
2012-11-06, 12.51, 12.54, 12.1, 12.15, 1290900.0, 11.79
2012-11-07, 12.06, 12.15, 11.66, 11.88, 2506100.0, 11.52
2012-11-08, 11.9, 11.98, 11.57, 11.66, 2334900.0, 11.31
2012-11-09, 11.66, 11.78, 11.51, 11.55, 1148800.0, 11.2
2012-11-12, 11.7, 11.74, 11.55, 11.63, 827000.0, 11.28
2012-11-13, 11.57, 11.6, 10.53, 10.94, 6277900.0, 10.61
2012-11-14, 11.01, 11.25, 10.75, 10.78, 1998400.0, 10.46
2012-11-15, 10.8, 10.94, 10.63, 10.73, 950500.0, 10.41
2012-11-16, 10.78, 11.19, 10.68, 11.06, 2695500.0, 10.73
2012-11-19, 11.31, 11.38, 11.12, 11.25, 2431000.0, 10.91
2012-11-20, 11.29, 11.4, 11.25, 11.34, 1081900.0, 11.0
2012-11-21, 11.41, 11.63, 11.31, 11.56, 937400.0, 11.21
2012-11-23, 11.63, 11.71, 11.41, 11.57, 940400.0, 11.22
2012-11-26, 11.6, 11.99, 11.57, 11.97, 1732700.0, 11.61
2012-11-27, 11.87, 12.0, 11.75, 12.0, 899800.0, 11.64
2012-11-28, 11.92, 12.17, 11.83, 12.15, 1894700.0, 11.79
2012-11-29, 12.15, 12.29, 12.15, 12.28, 858200.0, 11.91
2012-11-30, 12.25, 12.39, 12.17, 12.25, 1635500.0, 11.88
2012-12-03, 12.28, 12.29, 12.1, 12.12, 1499300.0, 11.76
2012-12-04, 12.06, 12.5, 11.87, 12.23, 1612900.0, 11.86
2012-12-05, 12.23, 12.54, 12.12, 12.38, 1736200.0, 12.01
2012-12-06, 12.33, 12.49, 12.2, 12.33, 640600.0, 11.96
2012-12-07, 12.32, 12.66, 12.29, 12.49, 1101500.0, 12.12
2012-12-10, 12.51, 13.2, 12.48, 12.6, 2012100.0, 12.22
2012-12-11, 12.82, 12.99, 12.5, 12.64, 2893100.0, 12.26
2012-12-12, 12.66, 12.73, 12.51, 12.56, 781200.0, 12.18
2012-12-13, 12.51, 12.69, 12.4, 12.6, 1097300.0, 12.22
2012-12-14, 12.56, 12.6, 12.48, 12.5, 1058900.0, 12.13
2012-12-17, 12.6, 12.67, 12.49, 12.6, 1301700.0, 12.22
2012-12-18, 12.63, 12.66, 12.49, 12.64, 1056100.0, 12.32
2012-12-19, 12.72, 12.76, 12.48, 12.51, 1947400.0, 12.19
2012-12-20, 12.5, 12.62, 12.49, 12.6, 1023000.0, 12.28
2012-12-21, 12.43, 12.52, 12.41, 12.49, 1183500.0, 12.17
2012-12-24, 12.43, 12.49, 12.1, 12.17, 320200.0, 11.86
2012-12-26, 12.16, 12.25, 11.46, 11.92, 1539900.0, 11.62
2012-12-27, 11.93, 12.07, 11.76, 11.83, 2141300.0, 11.53
2012-12-28, 11.8, 12.0, 11.79, 11.95, 1868700.0, 11.65
2012-12-31, 11.84, 12.1, 11.46, 11.96, 2344400.0, 11.66
2013-01-02, 12.39, 12.48, 12.16, 12.31, 3657100.0, 12.0
2013-01-03, 12.36, 12.87, 12.2, 12.86, 2537300.0, 12.53
2013-01-04, 12.92, 13.73, 12.87, 13.72, 2611200.0, 13.37
2013-01-07, 13.65, 14.25, 13.61, 13.62, 2744800.0, 13.28
2013-01-08, 13.69, 13.79, 13.25, 13.5, 2478400.0, 13.16
2013-01-09, 13.46, 13.97, 13.46, 13.93, 2258200.0, 13.58
2013-01-10, 13.98, 14.06, 13.74, 13.93, 1438900.0, 13.58
2013-01-11, 13.95, 14.05, 13.86, 13.95, 731700.0, 13.6
2013-01-14, 13.96, 14.06, 13.76, 13.81, 598300.0, 13.46
2013-01-15, 13.68, 13.93, 13.62, 13.89, 321200.0, 13.54
2013-01-16, 13.81, 14.02, 13.79, 13.94, 482000.0, 13.59
2013-01-17, 13.97, 14.05, 13.75, 13.8, 552500.0, 13.45
2013-01-18, 13.83, 13.87, 13.57, 13.67, 842000.0, 13.32
2013-01-22, 13.61, 13.67, 13.5, 13.65, 1246400.0, 13.3
2013-01-23, 13.56, 13.71, 13.52, 13.66, 1605400.0, 13.31
2013-01-24, 13.71, 14.03, 13.54, 13.8, 859000.0, 13.45
2013-01-25, 13.86, 13.92, 13.74, 13.86, 281400.0, 13.51
2013-01-28, 13.85, 13.94, 13.7, 13.87, 447800.0, 13.52
2013-01-29, 13.85, 13.88, 13.65, 13.8, 500000.0, 13.45
2013-01-30, 13.75, 13.95, 13.64, 13.71, 904100.0, 13.36
2013-01-31, 13.7, 13.86, 13.65, 13.74, 612100.0, 13.39
2013-02-01, 13.88, 14.5, 13.77, 14.25, 1733900.0, 13.89
2013-02-04, 14.19, 14.19, 13.94, 14.05, 1109600.0, 13.69
2013-02-05, 14.12, 14.25, 13.99, 14.03, 707300.0, 13.68
2013-02-06, 13.98, 14.14, 13.96, 14.11, 256500.0, 13.75
2013-02-07, 14.14, 14.15, 13.95, 14.08, 329300.0, 13.72
2013-02-08, 14.05, 14.14, 13.6, 13.69, 1520700.0, 13.34
2013-02-11, 13.65, 13.66, 13.11, 13.2, 3532300.0, 12.87
2013-02-12, 13.24, 13.33, 13.15, 13.21, 1310000.0, 12.88
2013-02-13, 13.2, 13.21, 12.88, 12.92, 1768400.0, 12.59
2013-02-14, 12.9, 12.92, 12.67, 12.73, 1978300.0, 12.41
2013-02-15, 12.79, 12.95, 12.7, 12.73, 588700.0, 12.41
2013-02-19, 12.78, 13.1, 12.75, 13.03, 974900.0, 12.7
2013-02-20, 13.03, 13.13, 12.82, 12.91, 1213900.0, 12.58
2013-02-21, 12.85, 12.91, 12.69, 12.91, 1341700.0, 12.58
2013-02-22, 12.99, 13.07, 12.75, 12.96, 1402000.0, 12.63
2013-02-25, 12.99, 12.99, 12.83, 12.85, 1151400.0, 12.52
2013-02-26, 12.92, 12.98, 12.73, 12.8, 881100.0, 12.48
2013-02-27, 12.82, 12.88, 12.75, 12.84, 795100.0, 12.52
2013-02-28, 12.79, 12.87, 12.42, 12.67, 1821200.0, 12.35
2013-03-01, 12.69, 13.02, 12.52, 12.72, 804300.0, 12.4
2013-03-04, 12.74, 12.83, 12.13, 12.28, 1554200.0, 11.97
2013-03-05, 12.35, 12.38, 12.18, 12.22, 778200.0, 11.91
2013-03-06, 12.22, 12.34, 11.91, 12.19, 1222600.0, 11.88
2013-03-07, 12.13, 12.54, 12.0, 12.44, 1448900.0, 12.13
2013-03-08, 12.88, 13.09, 12.0, 12.64, 3763400.0, 12.32
2013-03-11, 12.61, 13.43, 12.56, 13.36, 1601600.0, 13.02
2013-03-12, 13.4, 13.71, 13.4, 13.61, 1360400.0, 13.27
2013-03-13, 13.69, 13.79, 13.59, 13.7, 1043200.0, 13.35
2013-03-14, 13.74, 13.78, 13.55, 13.61, 1328900.0, 13.27
2013-03-15, 13.63, 13.68, 13.36, 13.44, 1607200.0, 13.1
2013-03-18, 13.39, 13.46, 13.05, 13.09, 878200.0, 12.76
2013-03-19, 13.13, 13.3, 12.92, 12.92, 782900.0, 12.59
2013-03-20, 13.01, 13.18, 12.9, 13.07, 603300.0, 12.74
2013-03-21, 13.07, 13.15, 12.75, 12.75, 912600.0, 12.43
2013-03-22, 12.86, 13.29, 12.81, 13.27, 548600.0, 12.93
2013-03-25, 13.22, 13.36, 13.08, 13.27, 649300.0, 12.93
2013-03-26, 13.16, 13.46, 13.04, 13.42, 527400.0, 13.08
2013-03-27, 13.32, 13.62, 13.3, 13.54, 708600.0, 13.2
2013-03-28, 13.4, 13.51, 13.2, 13.2, 687700.0, 12.92
2013-04-01, 13.17, 13.24, 12.48, 12.5, 1169700.0, 12.24
2013-04-02, 12.64, 12.78, 12.34, 12.55, 1256200.0, 12.29
2013-04-03, 12.61, 12.76, 12.26, 12.33, 857700.0, 12.07
2013-04-04, 12.29, 12.48, 12.2, 12.38, 1538000.0, 12.12
2013-04-05, 12.19, 12.4, 12.1, 12.36, 689600.0, 12.1
2013-04-08, 12.21, 12.69, 12.21, 12.48, 759200.0, 12.22
2013-04-09, 12.48, 12.58, 12.36, 12.42, 748100.0, 12.16
2013-04-10, 12.45, 12.47, 12.23, 12.32, 892300.0, 12.06
2013-04-11, 12.29, 12.71, 12.25, 12.5, 718800.0, 12.24
2013-04-12, 12.54, 12.54, 12.26, 12.44, 716300.0, 12.18
2013-04-15, 12.41, 12.59, 12.11, 12.18, 1306400.0, 11.92
2013-04-16, 12.22, 12.45, 12.18, 12.32, 943500.0, 12.06
2013-04-17, 12.2, 12.36, 11.94, 12.14, 864600.0, 11.89
2013-04-18, 12.1, 12.18, 12.03, 12.14, 437300.0, 11.89
2013-04-19, 12.13, 12.2, 12.01, 12.13, 742800.0, 11.88
2013-04-22, 12.15, 12.45, 12.1, 12.41, 579000.0, 12.15
2013-04-23, 12.42, 12.69, 12.34, 12.41, 783700.0, 12.15
2013-04-24, 12.38, 12.58, 12.15, 12.42, 520300.0, 12.16
2013-04-25, 12.51, 12.83, 12.47, 12.78, 558300.0, 12.51
2013-04-26, 12.69, 12.81, 12.62, 12.68, 524600.0, 12.41
2013-04-29, 12.63, 13.38, 12.63, 13.22, 1276000.0, 12.94
2013-04-30, 13.0, 13.65, 12.6, 13.62, 1623500.0, 13.33
2013-05-01, 13.6, 13.6, 13.12, 13.48, 1310000.0, 13.2
2013-05-02, 13.68, 14.1, 13.48, 14.07, 1325200.0, 13.78
2013-05-03, 14.1, 14.19, 13.99, 14.17, 809700.0, 13.87
2013-05-06, 14.15, 14.4, 14.11, 14.32, 765500.0, 14.02
2013-05-07, 14.31, 14.39, 14.09, 14.31, 877400.0, 14.01
2013-05-08, 14.32, 14.32, 14.12, 14.29, 435200.0, 13.99
2013-05-09, 14.31, 14.41, 14.25, 14.35, 400000.0, 14.05
2013-05-10, 14.31, 14.45, 14.25, 14.31, 401000.0, 14.01
2013-05-13, 14.31, 14.56, 14.13, 14.51, 804800.0, 14.21
2013-05-14, 14.45, 14.72, 14.45, 14.68, 834300.0, 14.37
2013-05-15, 14.59, 14.88, 14.59, 14.85, 818400.0, 14.54
2013-05-16, 14.83, 15.23, 14.72, 15.14, 1146900.0, 14.82
2013-05-17, 15.12, 15.36, 15.12, 15.31, 427600.0, 14.99
2013-05-20, 15.29, 15.52, 15.23, 15.46, 580000.0, 15.14
2013-05-21, 15.37, 15.39, 15.14, 15.32, 1185200.0, 15.0
2013-05-22, 15.3, 15.3, 14.78, 14.86, 872400.0, 14.55
2013-05-23, 14.66, 14.78, 14.52, 14.72, 399500.0, 14.41
2013-05-24, 14.62, 15.03, 14.58, 14.95, 484100.0, 14.64
2013-05-28, 15.05, 15.06, 14.85, 14.91, 479900.0, 14.6
2013-05-29, 14.85, 14.88, 14.26, 14.26, 997900.0, 13.96
2013-05-30, 14.26, 14.53, 14.25, 14.31, 689000.0, 14.01
2013-05-31, 14.28, 14.28, 13.74, 13.78, 1273400.0, 13.49
2013-06-03, 13.75, 14.0, 13.44, 13.44, 968400.0, 13.16
2013-06-04, 13.54, 14.0, 13.48, 13.69, 994700.0, 13.4
2013-06-05, 13.73, 13.79, 13.34, 13.36, 330000.0, 13.08
2013-06-06, 13.38, 13.49, 13.34, 13.48, 232700.0, 13.2
2013-06-07, 13.55, 13.81, 13.46, 13.61, 597900.0, 13.32
2013-06-10, 13.74, 14.35, 13.7, 13.85, 849500.0, 13.56
2013-06-11, 13.62, 13.63, 13.1, 13.12, 1122900.0, 12.85
2013-06-12, 13.18, 13.3, 12.85, 12.98, 637900.0, 12.71
2013-06-13, 12.98, 13.03, 12.81, 13.01, 1054500.0, 12.74
2013-06-14, 13.06, 13.08, 12.79, 12.81, 352500.0, 12.54
2013-06-17, 12.95, 13.17, 12.7, 12.79, 825000.0, 12.52
2013-06-18, 12.78, 12.96, 12.55, 12.94, 962000.0, 12.67
2013-06-19, 12.94, 13.01, 12.78, 12.79, 593800.0, 12.52
2013-06-20, 12.63, 12.63, 12.0, 12.11, 1305200.0, 11.86
2013-06-21, 12.1, 12.22, 11.6, 11.78, 1420900.0, 11.53
2013-06-24, 11.54, 11.92, 11.22, 11.74, 1201600.0, 11.49
2013-06-25, 11.8, 11.9, 11.64, 11.78, 687800.0, 11.53
2013-06-26, 11.82, 11.87, 11.57, 11.71, 949200.0, 11.46
2013-06-27, 11.84, 11.85, 11.56, 11.59, 664200.0, 11.35
2013-06-28, 11.47, 11.74, 11.38, 11.68, 746300.0, 11.49
2013-07-01, 11.85, 11.98, 11.69, 11.83, 912600.0, 11.64
2013-07-02, 11.81, 11.98, 11.39, 11.59, 979700.0, 11.41
2013-07-03, 11.5, 11.72, 11.37, 11.39, 686500.0, 11.21
2013-07-05, 11.53, 11.65, 11.21, 11.39, 1006100.0, 11.21
2013-07-08, 11.42, 11.7, 11.24, 11.46, 1045300.0, 11.28
2013-07-09, 11.47, 11.52, 11.3, 11.51, 552500.0, 11.33
2013-07-10, 11.47, 11.63, 11.42, 11.62, 583400.0, 11.44
2013-07-11, 11.72, 11.83, 11.62, 11.73, 416900.0, 11.54
2013-07-12, 11.73, 11.91, 11.63, 11.76, 383300.0, 11.57
2013-07-15, 11.88, 12.26, 11.78, 11.89, 709500.0, 11.7
2013-07-16, 12.03, 12.03, 11.57, 11.78, 1205600.0, 11.59
2013-07-17, 11.77, 11.94, 11.66, 11.71, 505900.0, 11.52
2013-07-18, 11.7, 11.92, 11.66, 11.73, 737700.0, 11.54
2013-07-19, 11.73, 11.8, 11.61, 11.64, 518800.0, 11.46
2013-07-22, 11.58, 12.04, 11.58, 11.83, 455300.0, 11.64
2013-07-23, 11.88, 11.89, 11.58, 11.78, 1357900.0, 11.59
2013-07-24, 11.79, 11.79, 11.59, 11.61, 687300.0, 11.43
2013-07-25, 11.56, 11.8, 11.56, 11.75, 744100.0, 11.56
2013-07-26, 11.76, 11.93, 11.73, 11.81, 1387600.0, 11.62
2013-07-29, 11.8, 11.92, 11.75, 11.85, 120200.0, 11.66
2013-07-30, 11.93, 12.0, 11.72, 11.8, 1032800.0, 11.61
2013-07-31, 11.83, 12.13, 11.75, 12.06, 1137400.0, 11.87
2013-08-01, 12.14, 12.15, 11.82, 11.88, 993400.0, 11.69
2013-08-02, 11.97, 11.97, 11.65, 11.75, 1375900.0, 11.56
2013-08-05, 11.75, 12.18, 11.75, 11.98, 1002000.0, 11.79
2013-08-06, 11.8, 12.59, 11.75, 12.37, 4691000.0, 12.17
2013-08-07, 12.23, 13.42, 12.23, 13.33, 3810500.0, 13.12
2013-08-08, 13.24, 13.71, 12.96, 13.25, 3167000.0, 13.04
2013-08-09, 13.28, 13.35, 13.05, 13.24, 1065100.0, 13.03
2013-08-12, 13.1, 13.29, 12.99, 13.0, 661500.0, 12.79
2013-08-13, 12.99, 12.99, 12.59, 12.81, 873700.0, 12.61
2013-08-14, 12.73, 12.84, 12.6, 12.64, 501300.0, 12.44
2013-08-15, 12.52, 12.61, 11.92, 11.93, 1614700.0, 11.74
2013-08-16, 12.0, 12.07, 11.49, 11.56, 2440900.0, 11.38
2013-08-19, 11.6, 11.6, 11.19, 11.31, 1990500.0, 11.13
2013-08-20, 11.44, 11.44, 11.23, 11.26, 765000.0, 11.08
2013-08-21, 11.3, 11.3, 10.83, 10.85, 1470500.0, 10.68
2013-08-22, 10.91, 11.12, 10.82, 10.94, 964200.0, 10.77
2013-08-23, 11.03, 11.09, 10.83, 10.91, 1155300.0, 10.74
2013-08-26, 10.87, 11.07, 10.76, 10.8, 691700.0, 10.63
2013-08-27, 10.74, 10.77, 10.59, 10.61, 789100.0, 10.44
2013-08-28, 10.58, 10.62, 10.45, 10.6, 570900.0, 10.43
2013-08-29, 10.65, 11.09, 10.6, 10.99, 1514900.0, 10.82
2013-08-30, 10.98, 10.98, 10.59, 10.7, 922100.0, 10.53
2013-09-03, 10.76, 11.1, 10.76, 11.02, 1446800.0, 10.85
2013-09-04, 11.09, 11.3, 10.97, 11.15, 1697000.0, 10.97
2013-09-05, 11.13, 11.38, 11.1, 11.31, 722200.0, 11.13
2013-09-06, 11.35, 11.59, 11.29, 11.54, 921000.0, 11.36
2013-09-09, 11.6, 11.79, 11.55, 11.67, 754900.0, 11.48
2013-09-10, 11.78, 12.11, 11.74, 12.11, 1201400.0, 11.92
2013-09-11, 12.03, 12.07, 11.81, 11.82, 556600.0, 11.63
2013-09-12, 11.93, 12.24, 11.81, 11.85, 692400.0, 11.66
2013-09-13, 11.89, 12.02, 11.81, 11.83, 566800.0, 11.64
2013-09-16, 11.87, 12.42, 11.87, 12.25, 1709900.0, 12.06
2013-09-17, 12.31, 12.5, 12.2, 12.36, 1031400.0, 12.16
2013-09-18, 12.38, 12.47, 12.14, 12.46, 1153700.0, 12.26
2013-09-19, 12.5, 12.57, 12.4, 12.55, 1086200.0, 12.35
2013-09-20, 12.42, 12.51, 12.2, 12.21, 593600.0, 12.02
2013-09-23, 12.16, 12.19, 12.04, 12.1, 633900.0, 11.91
2013-09-24, 12.1, 12.1, 11.91, 11.91, 566900.0, 11.72
2013-09-25, 11.88, 11.93, 11.69, 11.78, 506700.0, 11.59
2013-09-26, 11.77, 11.88, 11.67, 11.86, 551600.0, 11.67
2013-09-27, 11.84, 11.95, 11.76, 11.8, 383100.0, 11.67
2013-09-30, 11.74, 11.91, 11.6, 11.85, 793900.0, 11.72
2013-10-01, 11.86, 12.03, 11.8, 12.03, 509700.0, 11.9
2013-10-02, 11.95, 12.13, 11.9, 12.1, 563900.0, 11.97
2013-10-03, 12.07, 12.13, 12.0, 12.11, 515800.0, 11.98
2013-10-04, 12.15, 12.23, 12.07, 12.2, 1063500.0, 12.07
2013-10-07, 12.0, 12.0, 11.83, 11.83, 308900.0, 11.7
2013-10-08, 11.82, 11.95, 11.47, 11.6, 794100.0, 11.47
2013-10-09, 11.55, 11.71, 11.12, 11.19, 1237000.0, 11.07
2013-10-10, 11.25, 11.46, 11.18, 11.29, 617600.0, 11.17
2013-10-11, 11.33, 11.55, 11.29, 11.55, 879300.0, 11.42
2013-10-14, 11.5, 11.53, 11.14, 11.38, 873200.0, 11.26
2013-10-15, 11.5, 11.59, 11.29, 11.39, 747300.0, 11.27
2013-10-16, 11.47, 11.48, 11.28, 11.4, 310700.0, 11.28
2013-10-17, 11.35, 11.53, 11.21, 11.53, 312800.0, 11.4
2013-10-18, 11.55, 11.59, 11.35, 11.5, 1176300.0, 11.38
2013-10-21, 11.5, 11.55, 11.28, 11.55, 1086000.0, 11.42
2013-10-22, 11.62, 12.11, 11.58, 12.11, 903700.0, 11.98
2013-10-23, 12.08, 12.15, 11.82, 12.07, 1033900.0, 11.94
2013-10-24, 12.15, 12.15, 11.93, 12.07, 378900.0, 11.94
2013-10-25, 12.09, 12.09, 11.62, 11.93, 973200.0, 11.8
2013-10-28, 11.96, 11.97, 11.72, 11.78, 581900.0, 11.65
2013-10-29, 12.19, 12.5, 12.05, 12.47, 2258400.0, 12.33
2013-10-30, 12.52, 12.67, 12.21, 12.27, 1219200.0, 12.14
2013-10-31, 12.28, 12.32, 12.01, 12.04, 924000.0, 11.91
2013-11-01, 12.02, 12.08, 11.79, 11.87, 788900.0, 11.74
2013-11-04, 11.99, 12.53, 11.92, 12.48, 1821400.0, 12.34
2013-11-05, 11.8, 12.62, 11.8, 12.35, 1708200.0, 12.22
2013-11-06, 12.39, 12.49, 11.61, 11.74, 1486800.0, 11.61
2013-11-07, 11.78, 11.84, 11.3, 11.37, 1106600.0, 11.25
2013-11-08, 11.4, 11.45, 11.13, 11.41, 1227600.0, 11.29
2013-11-11, 11.38, 11.52, 11.28, 11.47, 464200.0, 11.35
2013-11-12, 11.43, 11.46, 11.3, 11.39, 477500.0, 11.27
2013-11-13, 11.4, 11.56, 11.3, 11.4, 462400.0, 11.28
2013-11-14, 11.4, 11.73, 11.34, 11.7, 812000.0, 11.57
2013-11-15, 11.76, 12.06, 11.71, 11.87, 699100.0, 11.74
2013-11-18, 11.89, 12.09, 11.87, 11.94, 649300.0, 11.81
2013-11-19, 11.98, 11.99, 11.79, 11.89, 506500.0, 11.76
2013-11-20, 11.94, 12.08, 11.84, 11.92, 536900.0, 11.79
2013-11-21, 11.92, 11.99, 11.74, 11.77, 754600.0, 11.64
2013-11-22, 11.77, 11.95, 11.75, 11.79, 528200.0, 11.66
2013-11-25, 11.9, 11.91, 11.62, 11.65, 731800.0, 11.52
2013-11-26, 11.65, 11.91, 11.63, 11.87, 808400.0, 11.74
2013-11-27, 11.88, 12.03, 11.81, 11.89, 524900.0, 11.76
2013-11-29, 11.87, 12.24, 11.85, 12.2, 719700.0, 12.07
2013-12-02, 12.2, 12.21, 11.75, 11.77, 1819500.0, 11.64
2013-12-03, 11.77, 11.96, 11.61, 11.65, 711800.0, 11.52
2013-12-04, 11.65, 11.74, 11.46, 11.72, 491000.0, 11.59
2013-12-05, 11.69, 11.88, 11.51, 11.63, 943200.0, 11.5
2013-12-06, 11.69, 11.83, 11.55, 11.69, 536000.0, 11.56
2013-12-09, 11.68, 11.95, 11.61, 11.71, 446900.0, 11.58
2013-12-10, 11.65, 11.76, 11.61, 11.69, 373400.0, 11.56
2013-12-11, 11.68, 11.72, 11.35, 11.37, 1046500.0, 11.25
2013-12-12, 11.39, 11.44, 11.14, 11.28, 1061400.0, 11.16
2013-12-13, 11.29, 11.52, 11.25, 11.35, 1265400.0, 11.23
2013-12-16, 11.4, 11.71, 11.37, 11.66, 971800.0, 11.53
2013-12-17, 11.7, 11.95, 11.59, 11.94, 1131500.0, 11.81
2013-12-18, 11.92, 12.49, 11.9, 12.34, 1481500.0, 12.21
2013-12-19, 12.38, 12.4, 11.97, 12.15, 672100.0, 12.02
2013-12-20, 12.12, 12.2, 11.96, 12.08, 633800.0, 11.95
2013-12-23, 12.08, 12.28, 12.05, 12.2, 527300.0, 12.07
2013-12-24, 12.28, 12.28, 12.21, 12.28, 151300.0, 12.15
2013-12-26, 12.23, 12.4, 12.23, 12.29, 241200.0, 12.22
2013-12-27, 12.28, 12.31, 11.87, 11.95, 555500.0, 11.88
2013-12-30, 12.18, 12.23, 11.96, 12.11, 552600.0, 12.04
2013-12-31, 12.2, 12.22, 12.04, 12.12, 550900.0, 12.05
2014-01-02, 12.12, 12.12, 11.62, 11.64, 869100.0, 11.57
2014-01-03, 11.79, 11.88, 11.44, 11.46, 838000.0, 11.39
2014-01-06, 11.46, 11.5, 11.2, 11.26, 1513500.0, 11.19
2014-01-07, 11.3, 11.4, 11.22, 11.25, 1064200.0, 11.18
2014-01-08, 11.25, 11.33, 11.09, 11.15, 877700.0, 11.08
2014-01-09, 11.12, 11.16, 11.01, 11.06, 761700.0, 10.99
2014-01-10, 11.05, 11.26, 11.04, 11.15, 489500.0, 11.08
2014-01-13, 11.1, 11.28, 11.08, 11.09, 753400.0, 11.02
2014-01-14, 11.1, 11.16, 10.72, 10.78, 1211400.0, 10.72
2014-01-15, 10.78, 10.85, 10.62, 10.69, 1157300.0, 10.63
2014-01-16, 10.67, 10.8, 10.62, 10.73, 466000.0, 10.67
2014-01-17, 10.73, 10.86, 10.71, 10.75, 339700.0, 10.69
2014-01-21, 10.78, 11.24, 10.76, 10.81, 808000.0, 10.75
2014-01-22, 10.62, 10.64, 10.0, 10.16, 3161800.0, 10.1
2014-01-23, 10.03, 10.07, 9.51, 9.54, 2875600.0, 9.48
2014-01-24, 9.5, 9.61, 9.15, 9.24, 2640300.0, 9.18
2014-01-27, 9.22, 9.4, 8.74, 8.86, 3035800.0, 8.81
2014-01-28, 8.89, 9.17, 8.89, 9.09, 2261100.0, 9.04
2014-01-29, 9.03, 9.15, 8.88, 8.94, 1889900.0, 8.89
2014-01-30, 8.93, 9.36, 8.93, 9.31, 3688200.0, 9.25
2014-01-31, 9.16, 9.28, 8.84, 8.86, 1427400.0, 8.81
2014-02-03, 8.9, 8.96, 8.3, 8.32, 2227800.0, 8.27
2014-02-04, 8.44, 8.68, 8.44, 8.61, 1398700.0, 8.56
2014-02-05, 8.66, 8.72, 8.45, 8.67, 880400.0, 8.62
2014-02-06, 8.75, 9.05, 8.74, 8.95, 1098600.0, 8.9
2014-02-07, 8.96, 9.09, 8.86, 8.9, 779800.0, 8.85
2014-02-10, 8.92, 9.0, 8.8, 8.98, 1642900.0, 8.93
2014-02-11, 8.95, 8.96, 8.69, 8.87, 2159100.0, 8.82
2014-02-12, 8.98, 9.02, 8.7, 8.84, 648800.0, 8.79
2014-02-13, 8.74, 8.78, 8.5, 8.71, 1813800.0, 8.66
2014-02-14, 8.7, 8.95, 8.68, 8.87, 668900.0, 8.82
2014-02-18, 8.85, 8.92, 8.56, 8.77, 901300.0, 8.72
2014-02-19, 8.77, 8.8, 8.7, 8.74, 604400.0, 8.69
2014-02-20, 8.75, 8.83, 8.67, 8.74, 1349200.0, 8.69
2014-02-21, 8.8, 8.82, 8.68, 8.71, 678200.0, 8.66
2014-02-24, 8.7, 8.94, 8.7, 8.88, 6577100.0, 8.83
2014-02-25, 8.92, 9.2, 8.91, 8.94, 2346300.0, 8.89
2014-02-26, 9.0, 9.06, 8.87, 8.91, 1478600.0, 8.86
2014-02-27, 8.94, 9.3, 8.86, 9.02, 1288200.0, 8.97
2014-02-28, 9.08, 9.2, 8.74, 8.79, 1304100.0, 8.74
2014-03-03, 8.72, 8.96, 8.61, 8.86, 2913700.0, 8.81
2014-03-04, 8.94, 9.09, 8.9, 9.01, 522400.0, 8.96
2014-03-05, 9.06, 9.1, 8.99, 9.05, 331100.0, 9.0
2014-03-06, 9.16, 9.55, 9.1, 9.28, 1406400.0, 9.22
2014-03-07, 9.28, 9.39, 9.13, 9.38, 686400.0, 9.32
2014-03-10, 9.39, 9.39, 9.11, 9.22, 538500.0, 9.16
2014-03-11, 9.3, 9.74, 9.27, 9.56, 1740900.0, 9.5
2014-03-12, 9.59, 9.98, 9.56, 9.82, 1624600.0, 9.76
2014-03-13, 9.9, 9.9, 9.44, 9.53, 749100.0, 9.47
2014-03-14, 9.65, 9.85, 9.61, 9.65, 666400.0, 9.59
2014-03-17, 9.65, 9.85, 9.59, 9.7, 315300.0, 9.64
2014-03-18, 9.87, 10.11, 9.79, 9.92, 707800.0, 9.86
2014-03-19, 10.1, 10.1, 9.33, 9.37, 1161100.0, 9.31
2014-03-20, 9.69, 9.93, 9.46, 9.75, 597500.0, 9.69
2014-03-21, 9.75, 10.02, 9.7, 10.0, 1246300.0, 9.94
2014-03-24, 10.0, 10.0, 9.5, 9.7, 1174200.0, 9.7
2014-03-25, 9.9, 9.95, 9.59, 9.77, 335900.0, 9.77
2014-03-26, 9.8, 10.1, 9.8, 10.1, 548400.0, 10.1
2014-03-27, 9.95, 10.13, 9.88, 10.0, 596100.0, 10.0
2014-03-28, 10.0, 10.1, 9.99, 10.07, 339900.0, 10.07
2014-03-31, 10.1, 10.12, 9.95, 10.08, 446100.0, 10.08
2014-04-01, 10.1, 10.25, 10.07, 10.2, 463600.0, 10.2
2014-04-02, 10.25, 10.4, 10.17, 10.38, 345700.0, 10.38
2014-04-03, 10.38, 10.49, 10.29, 10.4, 566100.0, 10.4
2014-04-04, 10.43, 10.52, 10.24, 10.29, 744900.0, 10.29
2014-04-07, 10.23, 10.45, 10.11, 10.18, 637600.0, 10.18
2014-04-08, 10.18, 10.45, 10.14, 10.16, 451800.0, 10.16
2014-04-09, 10.2, 10.3, 9.99, 10.2, 509000.0, 10.2
2014-04-10, 10.25, 10.62, 10.17, 10.25, 673100.0, 10.25
2014-04-11, 10.26, 10.26, 9.73, 9.88, 502700.0, 9.88
2014-04-14, 9.94, 10.1, 9.68, 9.77, 459500.0, 9.77
2014-04-15, 9.8, 9.91, 9.53, 9.6, 350700.0, 9.6
2014-04-16, 9.61, 9.87, 9.6, 9.8, 244800.0, 9.8
2014-04-17, 9.86, 10.01, 9.54, 9.92, 757200.0, 9.92
2014-04-21, 9.97, 9.97, 9.74, 9.74, 178200.0, 9.74
2014-04-22, 9.74, 9.77, 9.56, 9.6, 589800.0, 9.6
2014-04-23, 9.6, 9.69, 9.5, 9.55, 213400.0, 9.55
2014-04-24, 9.56, 9.65, 9.38, 9.45, 331000.0, 9.45
2014-04-25, 9.5, 9.67, 9.36, 9.49, 659400.0, 9.49
2014-04-28, 9.73, 9.73, 9.45, 9.45, 529100.0, 9.45
2014-04-29, 9.53, 9.6, 9.2, 9.21, 947300.0, 9.21
2014-04-30, 9.18, 9.63, 9.11, 9.11, 1417900.0, 9.11
2014-05-01, 9.11, 9.28, 9.04, 9.13, 1248800.0, 9.13
2014-05-02, 9.11, 9.23, 9.11, 9.16, 770700.0, 9.16
2014-05-05, 9.16, 9.2, 9.03, 9.1, 553800.0, 9.1
2014-05-06, 9.0, 9.1, 8.61, 8.67, 992200.0, 8.67
2014-05-07, 8.68, 8.76, 8.26, 8.51, 1173000.0, 8.51
2014-05-08, 8.43, 8.58, 8.43, 8.5, 588700.0, 8.5
2014-05-09, 8.5, 8.58, 8.5, 8.58, 309200.0, 8.58
2014-05-12, 8.58, 8.76, 8.58, 8.69, 1078200.0, 8.69
2014-05-13, 8.69, 8.94, 8.66, 8.74, 402000.0, 8.74
2014-05-14, 8.71, 8.82, 8.61, 8.65, 387400.0, 8.65
2014-05-15, 8.65, 8.67, 8.58, 8.61, 441300.0, 8.61
2014-05-16, 9.33, 9.37, 8.68, 8.75, 546700.0, 8.75
2014-05-19, 8.75, 8.75, 8.6, 8.69, 368700.0, 8.69
2014-05-20, 8.7, 8.76, 8.65, 8.71, 243300.0, 8.71
2014-05-21, 8.71, 8.76, 8.6, 8.68, 446000.0, 8.68
2014-05-22, 8.51, 8.72, 8.51, 8.62, 511800.0, 8.62
2014-05-23, 8.6, 8.66, 8.57, 8.6, 349000.0, 8.6
2014-05-27, 8.7, 8.89, 8.66, 8.88, 546600.0, 8.88
2014-05-28, 8.89, 9.07, 8.8, 9.02, 512300.0, 9.02
2014-05-29, 9.05, 9.09, 8.84, 8.91, 495900.0, 8.91
2014-05-30, 8.76, 8.97, 8.7, 8.9, 704600.0, 8.9
2014-06-02, 9.05, 9.05, 8.86, 8.94, 637400.0, 8.94
2014-06-03, 8.89, 9.0, 8.88, 8.99, 249600.0, 8.94
2014-06-04, 8.92, 9.23, 8.92, 9.17, 210600.0, 9.12
2014-06-05, 9.16, 9.68, 9.12, 9.68, 636800.0, 9.63
2014-06-06, 10.09, 10.09, 9.53, 9.61, 354000.0, 9.56
2014-06-09, 10.4, 10.5, 9.92, 10.37, 1143900.0, 10.31
2014-06-10, 10.32, 10.58, 10.3, 10.57, 472200.0, 10.51
2014-06-11, 10.56, 10.56, 10.25, 10.45, 284200.0, 10.39
2014-06-12, 10.4, 10.58, 10.35, 10.5, 135900.0, 10.44
2014-06-13, 10.5, 10.64, 10.48, 10.55, 188500.0, 10.49
2014-06-16, 10.51, 10.65, 10.47, 10.58, 372300.0, 10.52
2014-06-17, 10.73, 10.8, 10.63, 10.77, 404400.0, 10.71
2014-06-18, 10.83, 11.4, 10.8, 11.14, 765300.0, 11.08
2014-06-19, 11.08, 11.4, 11.01, 11.25, 758200.0, 11.19
2014-06-20, 11.39, 11.39, 10.89, 11.14, 576500.0, 11.08
2014-06-23, 11.22, 11.24, 10.93, 11.14, 295400.0, 11.08
2014-06-24, 11.14, 11.2, 10.81, 10.81, 368700.0, 10.81
2014-06-25, 10.76, 11.05, 10.72, 11.0, 404100.0, 11.0
2014-06-26, 10.93, 11.04, 10.75, 10.98, 463500.0, 10.98
2014-06-27, 10.99, 11.12, 10.91, 11.09, 239800.0, 11.09
2014-06-30, 11.05, 11.3, 10.78, 11.2, 403400.0, 11.2
2014-07-01, 11.29, 11.44, 11.06, 11.11, 699500.0, 11.11
2014-07-02, 11.12, 11.16, 10.96, 11.05, 406500.0, 11.05
2014-07-03, 11.05, 11.11, 11.0, 11.11, 167200.0, 11.11
2014-07-07, 11.12, 11.19, 10.94, 11.05, 296900.0, 11.05
2014-07-08, 11.03, 11.14, 10.92, 11.12, 235200.0, 11.12
2014-07-09, 11.12, 11.21, 10.95, 11.13, 702000.0, 11.13
2014-07-10, 10.98, 10.99, 10.72, 10.78, 338200.0, 10.78
2014-07-11, 10.76, 10.91, 10.61, 10.69, 357600.0, 10.69
2014-07-14, 10.71, 10.83, 10.59, 10.64, 971400.0, 10.64
2014-07-15, 10.62, 10.62, 10.28, 10.36, 523600.0, 10.36
2014-07-16, 10.3, 10.44, 10.27, 10.35, 407900.0, 10.35
2014-07-17, 10.31, 10.34, 10.25, 10.28, 279000.0, 10.28
2014-07-18, 10.28, 10.29, 10.07, 10.12, 242400.0, 10.12
2014-07-21, 10.07, 10.11, 9.75, 9.83, 480700.0, 9.83
2014-07-22, 9.6, 9.71, 9.4, 9.51, 1007600.0, 9.51
2014-07-23, 9.45, 9.59, 9.35, 9.52, 2042100.0, 9.52
2014-07-24, 9.56, 9.76, 9.47, 9.69, 193800.0, 9.69
2014-07-25, 9.64, 9.92, 9.64, 9.9, 203400.0, 9.9
2014-07-28, 9.89, 10.01, 9.83, 9.93, 267100.0, 9.93
2014-07-29, 9.95, 10.44, 9.93, 10.38, 391300.0, 10.38
2014-07-30, 10.48, 10.54, 10.34, 10.5, 340100.0, 10.5
2014-07-31, 10.5, 10.51, 10.19, 10.26, 573300.0, 10.26
2014-08-01, 10.35, 10.42, 10.21, 10.25, 617100.0, 10.25
2014-08-04, 10.25, 10.25, 9.92, 10.02, 576200.0, 10.02
2014-08-05, 9.43, 9.78, 8.5, 8.73, 2541100.0, 8.73
2014-08-06, 8.44, 8.7, 8.44, 8.5, 1590600.0, 8.5
2014-08-07, 8.48, 8.64, 8.23, 8.27, 1519700.0, 8.27
2014-08-08, 8.22, 8.3, 7.97, 7.99, 992900.0, 7.99
2014-08-11, 8.0, 8.15, 7.94, 8.02, 873000.0, 8.02
2014-08-12, 8.01, 8.08, 7.95, 7.96, 759200.0, 7.96
2014-08-13, 7.95, 8.14, 7.77, 7.98, 702200.0, 7.98
2014-08-14, 7.96, 8.07, 7.96, 7.96, 523800.0, 7.96
2014-08-15, 7.95, 8.03, 7.83, 7.84, 391900.0, 7.84
2014-08-18, 7.73, 7.99, 7.67, 7.96, 425800.0, 7.96
2014-08-19, 7.94, 8.0, 7.9, 7.97, 399100.0, 7.97
2014-08-20, 7.96, 7.99, 7.81, 7.93, 296700.0, 7.93
2014-08-21, 7.77, 7.84, 7.45, 7.5, 1260800.0, 7.5
2014-08-22, 7.49, 7.5, 7.33, 7.34, 756800.0, 7.34
2014-08-25, 7.33, 7.33, 7.16, 7.2, 1491800.0, 7.2
2014-08-26, 7.1, 7.27, 7.08, 7.12, 1529300.0, 7.12
2014-08-27, 7.1, 7.2, 7.07, 7.1, 722000.0, 7.1
2014-08-28, 7.1, 7.11, 7.06, 7.1, 506000.0, 7.1
2014-08-29, 7.12, 7.19, 7.09, 7.19, 442500.0, 7.19
2014-09-02, 7.2, 7.3, 7.12, 7.13, 691400.0, 7.13
2014-09-03, 7.13, 7.19, 7.02, 7.02, 657500.0, 7.02
2014-09-04, 7.05, 7.12, 7.0, 7.05, 378500.0, 6.98
2014-09-05, 7.01, 7.03, 6.78, 6.8, 1511900.0, 6.73
2014-09-08, 6.75, 6.88, 6.64, 6.8, 1154200.0, 6.73
2014-09-09, 6.8, 6.8, 6.6, 6.65, 477500.0, 6.58
2014-09-10, 6.63, 6.68, 6.35, 6.45, 1782300.0, 6.39
2014-09-11, 6.4, 6.54, 6.26, 6.39, 1145800.0, 6.33
2014-09-12, 6.44, 6.49, 6.39, 6.49, 1101700.0, 6.42
2014-09-15, 6.54, 6.55, 6.4, 6.45, 620100.0, 6.39
2014-09-16, 6.44, 6.51, 6.15, 6.28, 1034600.0, 6.22
2014-09-17, 6.3, 6.37, 6.21, 6.26, 1040400.0, 6.2
2014-09-18, 6.23, 6.34, 6.21, 6.24, 817100.0, 6.18
2014-09-19, 6.23, 6.23, 6.08, 6.11, 985500.0, 6.05
2014-09-22, 6.1, 6.11, 5.83, 5.96, 862100.0, 5.9
2014-09-23, 5.93, 6.03, 5.86, 5.98, 855200.0, 5.92
2014-09-24, 5.88, 5.96, 5.87, 5.92, 403700.0, 5.92
2014-09-25, 5.91, 6.02, 5.8, 5.86, 1095500.0, 5.86
2014-09-26, 5.85, 6.02, 5.83, 6.01, 531500.0, 6.01
2014-09-29, 6.0, 6.0, 5.82, 5.9, 648400.0, 5.9
2014-09-30, 5.9, 6.01, 5.86, 5.98, 526400.0, 5.98
2014-10-01, 6.0, 6.43, 6.0, 6.14, 1881600.0, 6.14
2014-10-02, 6.19, 6.24, 6.0, 6.16, 920600.0, 6.16
2014-10-03, 6.2, 6.26, 6.16, 6.24, 507300.0, 6.24
2014-10-06, 6.35, 6.41, 6.29, 6.31, 736300.0, 6.31
2014-10-07, 6.3, 6.35, 6.17, 6.18, 571400.0, 6.18
2014-10-08, 6.19, 6.25, 5.91, 5.92, 1212400.0, 5.92
2014-10-09, 5.94, 5.96, 5.8, 5.8, 1009900.0, 5.8
2014-10-10, 5.81, 5.98, 5.7, 5.7, 581200.0, 5.7
2014-10-13, 5.63, 5.65, 5.4, 5.49, 785200.0, 5.49
2014-10-14, 5.48, 5.68, 5.44, 5.59, 581100.0, 5.59
2014-10-15, 5.63, 5.63, 5.43, 5.56, 669600.0, 5.56
2014-10-16, 5.53, 6.13, 5.5, 5.9, 1654900.0, 5.9
2014-10-17, 5.96, 6.25, 5.94, 6.21, 521300.0, 6.21
2014-10-20, 6.2, 6.24, 5.95, 6.01, 697900.0, 6.01
2014-10-21, 6.11, 6.34, 6.01, 6.29, 612600.0, 6.29
2014-10-22, 6.25, 6.38, 5.9, 6.0, 419400.0, 6.0
2014-10-23, 6.0, 6.11, 5.8, 6.08, 308100.0, 6.08
2014-10-24, 6.07, 6.29, 6.07, 6.2, 263400.0, 6.2
2014-10-27, 6.12, 6.14, 5.92, 6.06, 1161500.0, 6.06
2014-10-28, 6.06, 6.3, 6.06, 6.22, 395300.0, 6.22
2014-10-29, 6.22, 6.28, 5.95, 6.02, 556700.0, 6.02
2014-10-30, 5.95, 6.07, 5.95, 6.06, 204100.0, 6.06
2014-10-31, 6.08, 6.25, 6.01, 6.16, 418600.0, 6.16
2014-11-03, 6.15, 6.18, 6.01, 6.05, 391100.0, 6.05
2014-11-04, 5.71, 6.5, 5.46, 6.4, 2317900.0, 6.4
2014-11-05, 6.45, 6.96, 6.22, 6.92, 1050600.0, 6.92
2014-11-06, 6.92, 7.08, 6.59, 6.61, 578600.0, 6.61
2014-11-07, 6.49, 6.79, 6.44, 6.75, 565900.0, 6.75
2014-11-10, 6.75, 6.87, 6.65, 6.82, 334900.0, 6.82
2014-11-11, 6.8, 6.82, 6.46, 6.49, 525900.0, 6.49
2014-11-12, 6.42, 6.7, 6.3, 6.68, 235900.0, 6.68
2014-11-13, 6.6, 6.87, 6.6, 6.68, 434800.0, 6.68
2014-11-14, 6.63, 6.7, 6.57, 6.65, 178500.0, 6.65
2014-11-17, 6.59, 6.7, 6.36, 6.37, 329000.0, 6.37
2014-11-18, 6.26, 6.42, 6.23, 6.26, 362000.0, 6.26
2014-11-19, 6.23, 6.28, 5.92, 6.21, 565200.0, 6.21
2014-11-20, 6.14, 6.26, 6.14, 6.23, 164000.0, 6.23
2014-11-21, 6.24, 6.45, 6.2, 6.29, 206300.0, 6.29
2014-11-24, 6.3, 6.4, 6.12, 6.17, 375200.0, 6.17
2014-11-25, 6.17, 6.25, 6.08, 6.21, 717000.0, 6.21
2014-11-26, 6.2, 6.43, 6.03, 6.43, 326500.0, 6.43
2014-11-28, 6.45, 6.61, 6.42, 6.61, 249100.0, 6.61
2014-12-01, 6.6, 6.6, 6.11, 6.26, 584200.0, 6.26
2014-12-02, 6.27, 6.32, 6.02, 6.11, 405200.0, 6.11
2014-12-03, 6.08, 6.22, 6.04, 6.12, 729900.0, 6.12
2014-12-04, 6.19, 6.28, 6.1, 6.23, 332000.0, 6.23
2014-12-05, 6.22, 6.43, 6.22, 6.41, 250600.0, 6.41
2014-12-08, 6.42, 6.45, 6.23, 6.28, 602800.0, 6.28
2014-12-09, 6.27, 6.27, 6.13, 6.2, 614600.0, 6.2
2014-12-10, 6.16, 6.3, 6.15, 6.2, 1523900.0, 6.2
2014-12-11, 6.2, 6.5, 6.0, 6.09, 2202800.0, 6.09
2014-12-12, 6.01, 6.04, 5.75, 5.95, 663500.0, 5.88
2014-12-15, 5.96, 6.0, 5.7, 5.71, 478800.0, 5.65
2014-12-16, 5.6, 5.66, 5.35, 5.43, 558600.0, 5.37
2014-12-17, 5.44, 5.5, 5.36, 5.44, 658800.0, 5.38
2014-12-18, 5.45, 5.57, 5.32, 5.36, 645200.0, 5.3
2014-12-19, 5.33, 5.41, 5.17, 5.27, 837200.0, 5.21
2014-12-22, 5.31, 5.66, 5.25, 5.29, 1295200.0, 5.23
2014-12-23, 5.3, 5.49, 5.27, 5.38, 669200.0, 5.38
2014-12-24, 5.39, 5.46, 5.39, 5.39, 185200.0, 5.39
2014-12-26, 5.4, 5.43, 5.37, 5.4, 301900.0, 5.4
2014-12-29, 5.38, 5.5, 5.38, 5.45, 396500.0, 5.45
2014-12-30, 5.45, 5.57, 5.39, 5.39, 296900.0, 5.39
2014-12-31, 5.39, 5.42, 5.39, 5.41, 752700.0, 5.41
2015-01-02, 5.46, 5.55, 5.39, 5.46, 166000.0, 5.46
2015-01-05, 5.45, 5.55, 5.39, 5.52, 617100.0, 5.52
2015-01-06, 5.54, 5.59, 5.39, 5.39, 204500.0, 5.39
2015-01-07, 5.4, 5.47, 5.38, 5.4, 318500.0, 5.4
2015-01-08, 5.41, 5.49, 5.38, 5.4, 358900.0, 5.4
2015-01-09, 5.45, 5.45, 5.2, 5.21, 616700.0, 5.21
2015-01-12, 5.21, 5.3, 5.04, 5.06, 375100.0, 5.06
2015-01-13, 5.07, 5.24, 4.91, 5.21, 1053300.0, 5.21
2015-01-14, 5.15, 5.16, 5.05, 5.14, 973300.0, 5.14
2015-01-15, 5.09, 5.16, 5.03, 5.08, 503200.0, 5.08
2015-01-16, 5.06, 5.18, 5.06, 5.11, 516700.0, 5.11
2015-01-20, 5.1, 5.36, 5.09, 5.33, 765300.0, 5.33
2015-01-21, 5.25, 5.61, 5.25, 5.48, 1219400.0, 5.48
2015-01-22, 5.48, 5.65, 5.48, 5.5, 450400.0, 5.5
2015-01-23, 5.56, 5.62, 5.3, 5.32, 183700.0, 5.32
2015-01-26, 5.32, 5.53, 5.27, 5.47, 204300.0, 5.47
2015-01-27, 5.4, 5.74, 5.4, 5.69, 402000.0, 5.69
2015-01-28, 5.72, 5.75, 5.5, 5.58, 236700.0, 5.58
2015-01-29, 5.61, 5.75, 5.53, 5.7, 326400.0, 5.7
2015-01-30, 5.6, 5.67, 5.52, 5.55, 217300.0, 5.55
2015-02-02, 5.51, 5.69, 5.44, 5.58, 279700.0, 5.58
2015-02-03, 5.64, 5.82, 5.56, 5.72, 407000.0, 5.72
2015-02-04, 5.77, 5.87, 5.67, 5.77, 570400.0, 5.77
2015-02-05, 5.7, 5.85, 5.7, 5.77, 350200.0, 5.77
2015-02-06, 5.76, 5.85, 5.76, 5.82, 261800.0, 5.82
2015-02-09, 5.82, 5.93, 5.82, 5.85, 235200.0, 5.85
2015-02-10, 5.9, 5.93, 5.76, 5.81, 263300.0, 5.81
2015-02-11, 5.8, 5.82, 5.24, 5.28, 601200.0, 5.28
2015-02-12, 5.23, 5.44, 5.11, 5.23, 522400.0, 5.23
2015-02-13, 5.22, 5.23, 5.1, 5.17, 404900.0, 5.17
2015-02-17, 5.19, 5.41, 5.17, 5.36, 319500.0, 5.36
2015-02-18, 5.3, 5.53, 5.3, 5.51, 364600.0, 5.51
2015-02-19, 5.54, 5.89, 5.5, 5.55, 572200.0, 5.55
2015-02-20, 5.56, 5.64, 5.37, 5.39, 155800.0, 5.39
2015-02-23, 5.44, 5.44, 5.21, 5.25, 237500.0, 5.25
2015-02-24, 5.2, 5.32, 5.1, 5.17, 490400.0, 5.17
2015-02-25, 5.13, 5.27, 5.11, 5.19, 352900.0, 5.19
2015-02-26, 5.25, 5.47, 5.23, 5.34, 509100.0, 5.34
2015-02-27, 5.35, 5.42, 5.2, 5.25, 305100.0, 5.25
2015-03-02, 5.3, 5.36, 5.16, 5.27, 300600.0, 5.27
2015-03-03, 5.3, 5.56, 5.3, 5.46, 824100.0, 5.46
2015-03-04, 5.43, 5.56, 5.28, 5.37, 942300.0, 5.37
2015-03-05, 5.42, 5.42, 5.16, 5.24, 728600.0, 5.24
2015-03-06, 5.24, 5.24, 5.13, 5.19, 421400.0, 5.19
2015-03-09, 5.16, 5.19, 4.6, 4.71, 1419200.0, 4.71
2015-03-10, 4.6, 4.64, 4.3, 4.31, 814400.0, 4.31
2015-03-11, 4.39, 4.43, 4.09, 4.17, 781600.0, 4.17
2015-03-12, 4.12, 4.37, 4.12, 4.36, 663800.0, 4.36
2015-03-13, 4.35, 4.35, 4.15, 4.23, 998800.0, 4.23
2015-03-16, 4.37, 4.37, 4.11, 4.23, 638800.0, 4.23
2015-03-17, 4.25, 5.38, 4.15, 5.07, 2816500.0, 5.07
2015-03-18, 5.0, 5.14, 4.81, 4.82, 856100.0, 4.82
2015-03-19, 4.77, 4.9, 4.59, 4.8, 716700.0, 4.8
2015-03-20, 4.85, 4.91, 4.71, 4.72, 777500.0, 4.72
2015-03-23, 4.74, 5.17, 4.74, 5.1, 906400.0, 5.1
2015-03-24, 5.09, 5.23, 5.01, 5.2, 346500.0, 5.2
2015-03-25, 5.23, 5.25, 5.08, 5.21, 371500.0, 5.21
2015-03-26, 5.19, 5.19, 5.02, 5.15, 291100.0, 5.15
2015-03-27, 5.12, 5.15, 4.89, 5.0, 338300.0, 5.0
2015-03-30, 4.98, 5.06, 4.94, 4.98, 275000.0, 4.98
2015-03-31, 4.94, 5.02, 4.71, 4.93, 528300.0, 4.93
2015-04-01, 4.95, 5.4, 4.8, 5.29, 1907800.0, 5.29
2015-04-02, 5.29, 5.58, 5.28, 5.52, 510400.0, 5.52
2015-04-06, 5.54, 5.79, 5.46, 5.69, 558600.0, 5.69
2015-04-07, 5.73, 5.8, 5.58, 5.78, 410900.0, 5.78
2015-04-08, 5.8, 6.04, 5.74, 5.99, 669000.0, 5.99
2015-04-09, 6.02, 6.3, 5.97, 6.07, 1159700.0, 6.07
2015-04-10, 6.08, 6.09, 5.78, 5.88, 446100.0, 5.88
2015-04-13, 5.84, 5.84, 5.51, 5.73, 427300.0, 5.73
2015-04-14, 5.7, 5.93, 5.61, 5.92, 242700.0, 5.92
2015-04-15, 5.91, 5.95, 5.74, 5.9, 319800.0, 5.9
2015-04-16, 5.85, 5.94, 5.83, 5.91, 244100.0, 5.91
2015-04-17, 5.88, 5.94, 5.71, 5.77, 342900.0, 5.77
2015-04-20, 5.83, 5.84, 5.65, 5.8, 176100.0, 5.8
2015-04-21, 5.75, 5.8, 5.66, 5.77, 178600.0, 5.77
2015-04-22, 5.79, 5.91, 5.65, 5.89, 312100.0, 5.89
2015-04-23, 5.91, 6.06, 5.88, 6.03, 530600.0, 6.03
2015-04-24, 6.06, 6.27, 6.06, 6.16, 598400.0, 6.16
2015-04-27, 6.28, 6.28, 6.12, 6.17, 223600.0, 6.17
2015-04-28, 6.19, 6.3, 6.15, 6.27, 194600.0, 6.27
2015-04-29, 6.21, 6.25, 6.04, 6.06, 272000.0, 6.06
2015-04-30, 6.04, 6.16, 5.95, 6.0, 456000.0, 6.0
2015-05-01, 6.04, 6.12, 5.99, 6.11, 111200.0, 6.11
2015-05-04, 6.13, 6.5, 6.13, 6.46, 343200.0, 6.46
2015-05-05, 6.46, 6.57, 6.46, 6.55, 344000.0, 6.55
2015-05-06, 6.59, 6.6, 6.24, 6.35, 325800.0, 6.35
2015-05-07, 6.38, 6.48, 6.27, 6.36, 158700.0, 6.36
2015-05-08, 6.42, 6.46, 6.11, 6.33, 407900.0, 6.33
2015-05-11, 6.33, 6.43, 6.05, 6.09, 371400.0, 6.09
2015-05-12, 5.62, 5.88, 5.49, 5.52, 929500.0, 5.52
2015-05-13, 5.5, 5.88, 5.26, 5.49, 1227700.0, 5.49
2015-05-14, 5.49, 5.56, 5.25, 5.29, 460300.0, 5.29
2015-05-15, 5.35, 5.45, 5.25, 5.39, 261200.0, 5.39
2015-05-18, 5.36, 5.47, 5.31, 5.32, 327700.0, 5.32
2015-05-19, 5.36, 5.38, 5.13, 5.28, 381000.0, 5.28
2015-05-20, 5.21, 5.49, 5.21, 5.48, 278200.0, 5.48
2015-05-21, 5.41, 5.42, 5.34, 5.37, 194100.0, 5.37
2015-05-22, 5.35, 5.54, 5.25, 5.27, 304800.0, 5.27
2015-05-26, 5.27, 5.41, 5.21, 5.37, 289700.0, 5.37
2015-05-27, 5.41, 5.41, 5.26, 5.29, 189100.0, 5.29
2015-05-28, 5.28, 5.36, 5.2, 5.31, 428300.0, 5.31
2015-05-29, 5.35, 5.55, 5.3, 5.51, 474900.0, 5.51
2015-06-01, 5.51, 5.56, 5.38, 5.45, 355000.0, 5.45
2015-06-02, 5.43, 5.67, 5.38, 5.61, 245400.0, 5.61
2015-06-03, 5.62, 5.89, 5.54, 5.87, 250500.0, 5.87
2015-06-04, 5.87, 5.89, 5.73, 5.82, 222300.0, 5.82
2015-06-05, 5.82, 5.86, 5.76, 5.77, 79500.0, 5.77
2015-06-08, 5.79, 5.81, 5.72, 5.78, 82700.0, 5.78
2015-06-09, 5.77, 5.87, 5.71, 5.74, 101000.0, 5.74
2015-06-10, 5.8, 6.0, 5.76, 5.95, 312200.0, 5.95
2015-06-11, 5.91, 5.96, 5.61, 5.76, 229300.0, 5.76
2015-06-12, 5.76, 5.77, 5.64, 5.7, 65600.0, 5.7
2015-06-15, 5.69, 5.76, 5.53, 5.72, 155700.0, 5.72
2015-06-16, 5.72, 5.72, 5.5, 5.6, 111900.0, 5.6
2015-06-17, 5.61, 5.71, 5.5, 5.67, 161200.0, 5.67
2015-06-18, 5.71, 5.82, 5.66, 5.82, 195400.0, 5.82
2015-06-19, 5.81, 5.82, 5.67, 5.69, 189100.0, 5.69
2015-06-22, 5.72, 5.77, 5.66, 5.68, 161700.0, 5.68
2015-06-23, 5.69, 5.79, 5.63, 5.69, 517400.0, 5.69
2015-06-24, 5.68, 5.71, 5.55, 5.6, 849900.0, 5.6
2015-06-25, 5.63, 5.63, 5.43, 5.44, 494700.0, 5.44
2015-06-26, 5.44, 5.65, 5.4, 5.61, 2011000.0, 5.61
2015-06-29, 5.52, 5.64, 5.35, 5.37, 198200.0, 5.37
2015-06-30, 5.42, 5.45, 5.17, 5.26, 407600.0, 5.26
2015-07-01, 5.25, 5.27, 4.83, 4.98, 401600.0, 4.98
2015-07-02, 4.98, 5.05, 4.89, 4.96, 241200.0, 4.96
2015-07-06, 4.95, 4.96, 4.83, 4.84, 340000.0, 4.84
2015-07-07, 4.82, 4.89, 4.64, 4.7, 281000.0, 4.7
2015-07-08, 4.67, 4.7, 4.41, 4.51, 223400.0, 4.51
2015-07-09, 4.54, 4.63, 4.52, 4.53, 439400.0, 4.53
2015-07-10, 4.54, 4.72, 4.53, 4.62, 223300.0, 4.62
2015-07-13, 4.6, 4.67, 4.47, 4.47, 237700.0, 4.47
2015-07-14, 4.46, 4.58, 4.46, 4.47, 173400.0, 4.47
2015-07-15, 4.42, 4.85, 4.1, 4.68, 3110100.0, 4.68
2015-07-16, 4.91, 4.91, 4.55, 4.61, 486300.0, 4.61
2015-07-17, 4.6, 4.67, 4.5, 4.56, 260600.0, 4.56
2015-07-20, 4.56, 4.56, 4.18, 4.21, 438200.0, 4.21
2015-07-21, 4.2, 4.62, 4.2, 4.53, 459500.0, 4.53
2015-07-22, 4.51, 4.51, 4.2, 4.3, 275000.0, 4.3
2015-07-23, 4.34, 4.42, 4.17, 4.25, 201700.0, 4.25
2015-07-24, 4.17, 4.26, 4.17, 4.25, 262000.0, 4.25
2015-07-27, 4.2, 4.28, 4.19, 4.21, 170800.0, 4.21
2015-07-28, 4.25, 4.31, 4.19, 4.24, 217200.0, 4.24
2015-07-29, 4.19, 4.33, 4.19, 4.2, 212000.0, 4.2
2015-07-30, 4.2, 4.28, 4.17, 4.28, 312000.0, 4.28
2015-07-31, 4.26, 4.3, 4.19, 4.25, 237000.0, 4.25
2015-08-03, 4.23, 4.28, 4.19, 4.23, 273500.0, 4.23
2015-08-04, 4.23, 4.27, 4.22, 4.26, 301200.0, 4.26
2015-08-05, 4.28, 4.49, 4.27, 4.34, 251200.0, 4.34
2015-08-06, 4.33, 4.33, 4.2, 4.22, 167300.0, 4.22
2015-08-07, 4.2, 4.31, 4.16, 4.25, 164800.0, 4.25
2015-08-10, 4.24, 4.3, 4.14, 4.21, 6511800.0, 4.21
2015-08-11, 4.42, 4.63, 4.39, 4.39, 740300.0, 4.39
2015-08-12, 4.13, 4.18, 3.54, 3.78, 2864000.0, 3.78
2015-08-13, 3.82, 3.9, 3.24, 3.34, 1585500.0, 3.34
2015-08-14, 3.37, 3.48, 3.1, 3.34, 1378300.0, 3.34
2015-08-17, 3.38, 3.75, 3.26, 3.69, 1617900.0, 3.69
2015-08-18, 3.72, 3.77, 3.56, 3.74, 580000.0, 3.74
2015-08-19, 3.72, 3.86, 3.6, 3.75, 820800.0, 3.75
2015-08-20, 3.72, 3.78, 3.62, 3.66, 479600.0, 3.66
2015-08-21, 3.64, 3.67, 3.37, 3.57, 733800.0, 3.57
2015-08-24, 3.44, 3.51, 3.21, 3.28, 549900.0, 3.28
2015-08-25, 3.49, 3.49, 3.2, 3.3, 289500.0, 3.3
2015-08-26, 3.35, 3.35, 3.05, 3.21, 631400.0, 3.21
2015-08-27, 3.21, 3.68, 3.21, 3.68, 819900.0, 3.68
2015-08-28, 3.68, 3.94, 3.65, 3.9, 926900.0, 3.9
2015-08-31, 3.87, 4.02, 3.79, 4.0, 607500.0, 4.0
2015-09-01, 3.94, 4.02, 3.81, 4.0, 650100.0, 4.0
2015-09-02, 4.07, 4.07, 3.78, 4.0, 542100.0, 4.0
2015-09-03, 4.05, 4.06, 3.94, 4.01, 311200.0, 4.01
2015-09-04, 3.94, 4.01, 3.81, 4.01, 692300.0, 4.01
2015-09-08, 4.05, 4.1, 3.8, 3.84, 354700.0, 3.84
2015-09-09, 3.84, 3.93, 3.67, 3.7, 332700.0, 3.7
2015-09-10, 3.71, 3.71, 3.35, 3.55, 700800.0, 3.55
2015-09-11, 3.48, 3.6, 3.42, 3.55, 348000.0, 3.55
2015-09-14, 3.54, 3.6, 3.49, 3.57, 297100.0, 3.57
2015-09-15, 3.55, 3.75, 3.55, 3.68, 252900.0, 3.68
2015-09-16, 3.66, 3.75, 3.56, 3.56, 259500.0, 3.56
2015-09-17, 3.56, 3.67, 3.49, 3.5, 1207800.0, 3.5
2015-09-18, 3.47, 3.5, 3.39, 3.41, 495100.0, 3.41
2015-09-21, 3.4, 3.43, 3.3, 3.35, 518100.0, 3.35
2015-09-22, 3.33, 3.4, 3.23, 3.25, 215500.0, 3.25
2015-09-23, 3.25, 3.26, 3.08, 3.12, 301900.0, 3.12
2015-09-24, 3.11, 3.11, 2.92, 3.09, 467300.0, 3.09
2015-09-25, 3.06, 3.1, 2.91, 2.93, 315400.0, 2.93
2015-09-28, 2.92, 2.93, 2.75, 2.89, 629100.0, 2.89
2015-09-29, 2.89, 2.92, 2.71, 2.8, 595400.0, 2.8
2015-09-30, 2.85, 2.86, 2.72, 2.72, 314400.0, 2.72
2015-10-01, 2.74, 2.77, 2.6, 2.66, 457500.0, 2.66
2015-10-02, 2.62, 2.75, 2.62, 2.65, 1896500.0, 2.65
2015-10-05, 2.7, 2.73, 2.64, 2.69, 1695600.0, 2.69
2015-10-06, 2.67, 2.72, 2.65, 2.7, 622100.0, 2.7
2015-10-07, 2.7, 2.72, 2.68, 2.69, 846700.0, 2.69
2015-10-08, 2.68, 2.71, 2.68, 2.7, 830200.0, 2.7
2015-10-09, 2.7, 2.84, 2.65, 2.69, 2743200.0, 2.69
2015-10-12, 2.69, 2.7, 2.61, 2.68, 392400.0, 2.68
2015-10-13, 2.69, 2.7, 2.68, 2.7, 955200.0, 2.7
2015-10-14, 2.7, 2.7, 2.68, 2.69, 781200.0, 2.69
2015-10-15, 2.69, 2.74, 2.57, 2.57, 587100.0, 2.57
2015-10-16, 2.62, 2.84, 2.58, 2.8, 1495600.0, 2.8
2015-10-19, 2.82, 2.96, 2.73, 2.9, 710400.0, 2.9
2015-10-20, 2.89, 3.1, 2.89, 3.09, 515000.0, 3.09
2015-10-21, 3.11, 3.19, 3.07, 3.18, 2797000.0, 3.18
2015-10-22, 3.24, 3.39, 3.21, 3.28, 683600.0, 3.28
2015-10-23, 3.3, 3.31, 3.17, 3.27, 938100.0, 3.27
2015-10-26, 3.3, 3.3, 3.19, 3.21, 492100.0, 3.21
2015-10-27, 3.2, 3.2, 2.98, 3.16, 867800.0, 3.16
2015-10-28, 3.21, 3.33, 3.13, 3.23, 844600.0, 3.23
2015-10-29, 3.24, 3.26, 2.99, 3.02, 363300.0, 3.02
2015-10-30, 3.06, 3.19, 2.96, 3.08, 686900.0, 3.08
2015-11-02, 3.11, 3.19, 3.09, 3.15, 406600.0, 3.15
2015-11-03, 3.15, 3.18, 3.04, 3.07, 335200.0, 3.07
2015-11-04, 3.18, 3.25, 2.93, 3.0, 833500.0, 3.0
2015-11-05, 3.0, 3.17, 2.95, 3.13, 523300.0, 3.13
2015-11-06, 3.17, 3.22, 3.15, 3.19, 434700.0, 3.19
2015-11-09, 3.17, 3.2, 3.07, 3.09, 367500.0, 3.09
2015-11-10, 3.07, 3.12, 2.99, 3.0, 256900.0, 3.0
2015-11-11, 3.01, 3.06, 2.95, 2.98, 310300.0, 2.98
2015-11-12, 3.0, 3.0, 2.87, 2.9, 418300.0, 2.9
2015-11-13, 2.93, 2.93, 2.87, 2.88, 273100.0, 2.88
2015-11-16, 2.86, 2.89, 2.76, 2.84, 332400.0, 2.84
2015-11-17, 2.81, 2.84, 2.7, 2.73, 300200.0, 2.73
2015-11-18, 2.78, 3.0, 2.77, 2.99, 317400.0, 2.99
2015-11-19, 3.01, 3.15, 2.95, 3.1, 604800.0, 3.1
2015-11-20, 3.07, 3.35, 3.07, 3.3, 1123900.0, 3.3
2015-11-23, 3.37, 3.85, 3.35, 3.83, 1715400.0, 3.83
2015-11-24, 3.76, 3.76, 3.49, 3.64, 522100.0, 3.64
2015-11-25, 3.62, 3.79, 3.59, 3.76, 335300.0, 3.76
2015-11-27, 3.8, 3.81, 3.72, 3.73, 371600.0, 3.73
2015-11-30, 3.71, 3.97, 3.58, 3.94, 907000.0, 3.94
2015-12-01, 3.94, 3.94, 3.71, 3.79, 390500.0, 3.79
2015-12-02, 3.77, 3.77, 3.67, 3.73, 196900.0, 3.73
2015-12-03, 3.72, 3.73, 3.45, 3.47, 357000.0, 3.47
2015-12-04, 3.5, 3.51, 3.41, 3.5, 193800.0, 3.5
2015-12-07, 3.52, 3.61, 3.13, 3.25, 574200.0, 3.25
2015-12-08, 3.16, 3.28, 3.14, 3.19, 439800.0, 3.19
2015-12-09, 3.13, 3.28, 3.13, 3.26, 355300.0, 3.26
2015-12-10, 3.26, 3.3, 3.18, 3.25, 268700.0, 3.25
2015-12-11, 3.2, 3.21, 3.04, 3.1, 349000.0, 3.1
2015-12-14, 3.06, 3.1, 3.03, 3.04, 317600.0, 3.04
2015-12-15, 3.04, 3.13, 3.04, 3.13, 225900.0, 3.13
2015-12-16, 3.1, 3.21, 3.08, 3.15, 303700.0, 3.15
2015-12-17, 3.17, 3.22, 3.12, 3.19, 222700.0, 3.19
2015-12-18, 3.12, 3.15, 3.04, 3.13, 412400.0, 3.13
2015-12-21, 3.15, 3.17, 3.04, 3.12, 368100.0, 3.12
2015-12-22, 3.15, 3.15, 3.03, 3.1, 228500.0, 3.1
2015-12-23, 3.04, 3.26, 3.04, 3.08, 328000.0, 3.08
2015-12-24, 3.1, 3.12, 3.04, 3.1, 94400.0, 3.1
2015-12-28, 3.07, 3.1, 3.0, 3.04, 217300.0, 3.04
2015-12-29, 3.05, 3.21, 2.99, 3.14, 421600.0, 3.14
2015-12-30, 3.15, 3.25, 3.11, 3.14, 319100.0, 3.14
2015-12-31, 3.12, 3.2, 3.1, 3.11, 224100.0, 3.11
2016-01-04, 3.04, 3.1, 3.04, 3.09, 154200.0, 3.09
2016-01-05, 3.14, 3.26, 3.1, 3.25, 601300.0, 3.25
2016-01-06, 3.2, 3.27, 3.11, 3.24, 378500.0, 3.24
2016-01-07, 3.2, 3.2, 3.05, 3.09, 291900.0, 3.09
2016-01-08, 3.09, 3.16, 3.07, 3.1, 338200.0, 3.1
2016-01-11, 3.13, 3.15, 3.0, 3.07, 473600.0, 3.07
2016-01-12, 3.08, 3.08, 2.72, 2.79, 343500.0, 2.79
2016-01-13, 2.8, 2.91, 2.65, 2.69, 302600.0, 2.69
2016-01-14, 2.7, 2.91, 2.64, 2.76, 433700.0, 2.76
2016-01-15, 2.71, 2.71, 2.59, 2.6, 432900.0, 2.6
2016-01-19, 2.6, 2.83, 2.6, 2.79, 487700.0, 2.79
2016-01-20, 2.78, 2.78, 2.52, 2.71, 335700.0, 2.71
2016-01-21, 2.68, 2.77, 2.62, 2.67, 125900.0, 2.67
2016-01-22, 2.69, 2.88, 2.69, 2.83, 277500.0, 2.83
2016-01-25, 2.81, 2.96, 2.74, 2.76, 342400.0, 2.76
2016-01-26, 2.79, 2.84, 2.75, 2.81, 177600.0, 2.81
2016-01-27, 2.83, 2.93, 2.82, 2.89, 118700.0, 2.89
2016-01-28, 2.9, 2.97, 2.76, 2.83, 232300.0, 2.83
2016-01-29, 2.84, 2.96, 2.77, 2.86, 175300.0, 2.86
2016-02-01, 2.82, 2.83, 2.62, 2.76, 474500.0, 2.76
2016-02-02, 2.71, 2.88, 2.67, 2.77, 300600.0, 2.77
2016-02-03, 2.77, 2.78, 2.6, 2.72, 327900.0, 2.72
2016-02-04, 2.73, 2.85, 2.73, 2.83, 180200.0, 2.83
2016-02-05, 2.79, 2.8, 2.68, 2.7, 319500.0, 2.7
2016-02-08, 2.66, 2.67, 2.44, 2.52, 706700.0, 2.52
2016-02-09, 2.46, 2.67, 2.38, 2.52, 664600.0, 2.52
2016-02-10, 2.57, 2.59, 2.31, 2.38, 396700.0, 2.38
2016-02-11, 2.32, 2.36, 2.25, 2.27, 481500.0, 2.27
2016-02-12, 2.28, 2.32, 2.16, 2.21, 465500.0, 2.21
2016-02-16, 2.28, 2.33, 2.22, 2.28, 392600.0, 2.28
2016-02-17, 2.27, 2.39, 2.27, 2.36, 481300.0, 2.36
2016-02-18, 2.33, 2.46, 2.33, 2.44, 698400.0, 2.44
2016-02-19, 2.44, 2.45, 2.4, 2.42, 382100.0, 2.42
2016-02-22, 2.41, 2.48, 2.37, 2.44, 362000.0, 2.44
2016-02-23, 2.42, 2.44, 2.39, 2.4, 189400.0, 2.4
2016-02-24, 2.37, 2.54, 2.33, 2.42, 1274000.0, 2.42
2016-02-25, 2.42, 2.6, 2.42, 2.57, 1834100.0, 2.57
2016-02-26, 2.59, 2.68, 2.5, 2.66, 571600.0, 2.66
2016-02-29, 2.64, 2.69, 2.6, 2.63, 1117300.0, 2.63
2016-03-01, 2.63, 2.69, 2.6, 2.6, 1113300.0, 2.6
2016-03-02, 2.58, 2.75, 2.55, 2.73, 806500.0, 2.73
2016-03-03, 2.72, 2.83, 2.69, 2.8, 904200.0, 2.8
2016-03-04, 2.82, 2.82, 2.68, 2.76, 1284500.0, 2.76
2016-03-07, 2.74, 2.83, 2.74, 2.81, 1928800.0, 2.81
2016-03-08, 2.81, 2.84, 2.79, 2.83, 1166900.0, 2.83
2016-03-09, 2.85, 2.87, 2.72, 2.75, 618600.0, 2.75
2016-03-10, 2.7, 2.71, 2.61, 2.71, 422000.0, 2.71
2016-03-11, 2.74, 2.74, 2.65, 2.7, 343100.0, 2.7
2016-03-14, 2.71, 2.84, 2.71, 2.79, 722300.0, 2.79
2016-03-15, 2.79, 2.86, 2.68, 2.74, 641400.0, 2.74
2016-03-16, 2.95, 3.12, 2.88, 3.09, 4712700.0, 3.09
2016-03-17, 3.07, 3.36, 3.07, 3.19, 3039800.0, 3.19
2016-03-18, 3.22, 3.25, 2.97, 3.25, 1620400.0, 3.25
2016-03-21, 3.25, 3.53, 3.17, 3.53, 1043500.0, 3.53
2016-03-22, 3.55, 3.68, 3.39, 3.54, 770100.0, 3.54
2016-03-23, 3.54, 3.55, 3.4, 3.54, 373000.0, 3.54
2016-03-24, 3.53, 3.53, 3.35, 3.47, 331900.0, 3.47
2016-03-28, 3.47, 3.51, 3.42, 3.48, 235700.0, 3.48
2016-03-29, 3.5, 3.75, 3.42, 3.56, 370100.0, 3.56
2016-03-30, 3.61, 3.89, 3.57, 3.78, 600600.0, 3.78
2016-03-31, 3.79, 3.87, 3.56, 3.75, 519600.0, 3.75
2016-04-01, 3.73, 3.75, 3.59, 3.7, 327700.0, 3.7
2016-04-04, 3.71, 3.71, 3.35, 3.46, 464000.0, 3.46
2016-04-05, 3.44, 3.64, 3.38, 3.53, 294500.0, 3.53
2016-04-06, 3.5, 3.56, 3.39, 3.5, 426000.0, 3.5
2016-04-07, 3.53, 3.53, 3.29, 3.33, 501600.0, 3.33
2016-04-08, 3.36, 3.54, 3.34, 3.54, 294300.0, 3.54
2016-04-11, 3.55, 3.79, 3.55, 3.74, 426600.0, 3.74
2016-04-12, 3.76, 4.12, 3.76, 4.04, 663300.0, 4.04
2016-04-13, 4.06, 4.25, 3.95, 4.02, 438700.0, 4.02
2016-04-14, 4.03, 4.21, 4.0, 4.13, 576100.0, 4.13
2016-04-15, 4.07, 4.17, 4.03, 4.1, 418700.0, 4.1
2016-04-18, 4.09, 4.09, 4.0, 4.04, 285400.0, 4.04
2016-04-19, 4.04, 4.21, 4.0, 4.19, 489100.0, 4.19
2016-04-20, 4.3, 4.38, 4.2, 4.33, 1701200.0, 4.33
2016-04-21, 4.32, 4.34, 4.18, 4.18, 464000.0, 4.18
2016-04-22, 4.18, 4.26, 4.13, 4.17, 406400.0, 4.17
2016-04-25, 4.15, 4.17, 4.0, 4.02, 256600.0, 4.02
2016-04-26, 4.02, 4.06, 3.99, 4.0, 380200.0, 4.0
2016-04-27, 4.08, 4.35, 4.05, 4.34, 525200.0, 4.34
2016-04-28, 4.35, 4.51, 4.3, 4.37, 1012400.0, 4.37
2016-04-29, 4.34, 4.38, 4.15, 4.15, 378500.0, 4.15
2016-05-02, 4.18, 4.5, 4.18, 4.39, 430100.0, 4.39
2016-05-03, 4.38, 4.62, 4.31, 4.62, 618200.0, 4.62
2016-05-04, 4.8, 5.13, 4.77, 4.8, 924000.0, 4.8
2016-05-05, 4.77, 4.83, 4.56, 4.67, 552700.0, 4.67
2016-05-06, 4.7, 4.79, 4.53, 4.64, 420300.0, 4.64
2016-05-09, 4.73, 4.79, 4.44, 4.47, 629600.0, 4.47
2016-05-10, 4.6, 4.74, 4.5, 4.7, 465600.0, 4.7
2016-05-11, 4.62, 4.68, 4.39, 4.39, 749000.0, 4.39
2016-05-12, 4.39, 4.44, 4.18, 4.37, 603900.0, 4.37
2016-05-13, 4.31, 4.44, 4.24, 4.29, 271300.0, 4.29
2016-05-16, 4.2, 4.28, 4.06, 4.21, 447100.0, 4.21
2016-05-17, 4.22, 4.34, 4.15, 4.33, 304800.0, 4.33
2016-05-18, 4.35, 4.57, 4.31, 4.47, 498400.0, 4.47
2016-05-19, 4.54, 4.56, 4.24, 4.32, 369300.0, 4.32
2016-05-20, 4.42, 4.47, 4.36, 4.4, 332100.0, 4.4
2016-05-23, 4.4, 4.52, 4.34, 4.5, 484200.0, 4.5
2016-05-24, 4.54, 4.67, 4.51, 4.58, 608100.0, 4.58
2016-05-25, 4.57, 4.68, 4.57, 4.62, 321400.0, 4.62
2016-05-26, 4.66, 4.66, 4.48, 4.5, 184400.0, 4.5
2016-05-27, 4.51, 4.51, 4.42, 4.44, 162400.0, 4.44
2016-05-31, 4.44, 4.44, 4.32, 4.36, 383500.0, 4.36
2016-06-01, 4.38, 4.4, 4.28, 4.33, 343000.0, 4.33
2016-06-02, 4.33, 4.36, 4.25, 4.3, 343300.0, 4.3
2016-06-03, 4.36, 4.4, 4.32, 4.36, 322600.0, 4.36
2016-06-06, 4.34, 4.47, 4.34, 4.46, 320800.0, 4.46
2016-06-07, 4.48, 4.6, 4.46, 4.58, 252800.0, 4.58
2016-06-08, 4.55, 4.74, 4.55, 4.71, 307000.0, 4.71
2016-06-09, 4.68, 4.9, 4.59, 4.89, 1208900.0, 4.89
2016-06-10, 4.88, 4.89, 4.64, 4.65, 541600.0, 4.65
2016-06-13, 4.6, 4.63, 4.45, 4.48, 376100.0, 4.48
2016-06-14, 4.44, 4.6, 4.44, 4.49, 445700.0, 4.49
2016-06-15, 4.5, 4.81, 4.5, 4.73, 377200.0, 4.73
2016-06-16, 4.7, 4.79, 4.53, 4.72, 340400.0, 4.72
2016-06-17, 4.75, 4.88, 4.73, 4.81, 312900.0, 4.81
2016-06-20, 4.9, 4.98, 4.7, 4.76, 1417900.0, 4.76
2016-06-21, 4.76, 4.84, 4.68, 4.82, 161900.0, 4.82
2016-06-22, 4.83, 4.94, 4.75, 4.84, 612800.0, 4.84
2016-06-23, 4.9, 4.9, 4.82, 4.9, 541800.0, 4.9
2016-06-24, 4.64, 4.75, 4.57, 4.73, 647800.0, 4.73
2016-06-27, 4.62, 4.62, 4.49, 4.59, 870300.0, 4.59
2016-06-28, 4.68, 4.75, 4.42, 4.55, 1124000.0, 4.55
2016-06-29, 4.64, 4.78, 4.59, 4.77, 259900.0, 4.77
2016-06-30, 4.78, 4.88, 4.7, 4.77, 386800.0, 4.77
2016-07-01, 4.75, 4.91, 4.75, 4.85, 229100.0, 4.85
2016-07-05, 4.95, 4.95, 4.75, 4.85, 444100.0, 4.85
2016-07-06, 4.79, 4.79, 4.68, 4.73, 241100.0, 4.73
