2009-12-03, 10.36, 11.1, 10.36, 10.92, 18200.0, 7.89
2009-12-04, 11.17, 11.24, 10.94, 10.99, 30800.0, 7.94
2009-12-07, 11.27, 11.27, 10.6, 10.7, 67100.0, 7.73
2009-12-08, 10.23, 10.23, 9.84, 9.89, 140300.0, 7.15
2009-12-09, 9.9, 9.99, 9.84, 9.91, 62800.0, 7.16
2009-12-10, 10.02, 10.02, 9.84, 9.88, 44400.0, 7.14
2009-12-11, 9.84, 9.89, 9.74, 9.83, 67000.0, 7.1
2009-12-14, 9.82, 9.85, 9.68, 9.75, 51900.0, 7.05
2009-12-15, 9.71, 9.78, 9.63, 9.75, 73500.0, 7.05
2009-12-16, 9.75, 9.94, 9.72, 9.94, 97200.0, 7.18
2009-12-17, 9.85, 9.93, 9.79, 9.91, 94100.0, 7.16
2009-12-18, 10.02, 10.25, 9.98, 10.24, 663400.0, 7.4
2009-12-21, 10.46, 10.55, 10.25, 10.42, 292800.0, 7.53
2009-12-22, 10.42, 10.77, 10.38, 10.64, 215900.0, 7.69
2009-12-23, 10.82, 11.01, 10.59, 10.85, 272300.0, 7.84
2009-12-24, 10.92, 10.94, 10.8, 10.93, 82600.0, 7.9
2009-12-28, 10.93, 10.93, 10.93, 10.93, 0.0, 7.9
2009-12-29, 11.07, 11.1, 10.89, 10.95, 295700.0, 7.91
2009-12-30, 10.93, 10.93, 10.75, 10.86, 151200.0, 7.85
2009-12-31, 10.89, 11.04, 10.86, 10.95, 134800.0, 7.91
2010-01-04, 11.07, 11.25, 11.06, 11.22, 245800.0, 8.11
2010-01-05, 11.27, 11.31, 11.12, 11.2, 183100.0, 8.09
2010-01-06, 11.28, 11.36, 11.22, 11.34, 168900.0, 8.2
2010-01-07, 11.36, 11.51, 11.32, 11.48, 181100.0, 8.3
2010-01-08, 11.5, 11.78, 11.46, 11.67, 214300.0, 8.43
2010-01-11, 11.82, 11.83, 11.49, 11.66, 197700.0, 8.43
2010-01-12, 11.62, 11.63, 11.41, 11.55, 185400.0, 8.35
2010-01-13, 11.5, 11.64, 11.45, 11.59, 132300.0, 8.38
2010-01-14, 11.68, 11.8, 11.55, 11.68, 123100.0, 8.44
2010-01-15, 11.72, 11.75, 11.54, 11.66, 158700.0, 8.43
2010-01-19, 11.68, 11.97, 11.56, 11.95, 166700.0, 8.64
2010-01-20, 11.74, 11.77, 11.53, 11.73, 139600.0, 8.48
2010-01-21, 11.75, 11.76, 11.44, 11.54, 188600.0, 8.34
2010-01-22, 11.58, 11.62, 11.37, 11.59, 145800.0, 8.38
2010-01-25, 11.62, 11.67, 11.4, 11.67, 202800.0, 8.43
2010-01-26, 11.52, 11.65, 11.4, 11.62, 89800.0, 8.4
2010-01-27, 11.46, 11.52, 11.35, 11.41, 119400.0, 8.25
2010-01-28, 11.47, 11.56, 11.18, 11.19, 113000.0, 8.09
2010-01-29, 11.2, 11.47, 11.17, 11.29, 135700.0, 8.16
2010-02-01, 11.42, 11.49, 11.29, 11.47, 102200.0, 8.29
2010-02-02, 11.46, 11.54, 11.36, 11.37, 109500.0, 8.22
2010-02-03, 11.45, 11.48, 11.36, 11.39, 69300.0, 8.23
2010-02-04, 11.4, 11.4, 11.07, 11.09, 137300.0, 8.01
2010-02-05, 11.1, 11.22, 10.74, 11.22, 307500.0, 8.11
2010-02-08, 11.33, 11.4, 11.27, 11.27, 118200.0, 8.14
2010-02-09, 11.36, 11.4, 11.11, 11.19, 113600.0, 8.09
2010-02-10, 11.17, 11.2, 10.9, 11.01, 120800.0, 7.96
2010-02-11, 11.09, 11.7, 11.01, 11.21, 77700.0, 8.1
2010-02-12, 11.17, 11.27, 11.11, 11.18, 92000.0, 8.08
2010-02-16, 11.44, 11.62, 11.35, 11.5, 177100.0, 8.31
2010-02-17, 11.58, 11.63, 11.5, 11.56, 85400.0, 8.35
2010-02-18, 11.61, 11.68, 11.46, 11.56, 97600.0, 8.35
2010-02-19, 11.45, 11.75, 11.38, 11.73, 88000.0, 8.48
2010-02-22, 11.78, 11.97, 11.7, 11.93, 123100.0, 8.62
2010-02-23, 11.92, 12.06, 11.83, 12.03, 215700.0, 8.69
2010-02-24, 12.03, 12.05, 11.83, 12.05, 128500.0, 8.71
2010-02-25, 11.89, 12.01, 11.8, 11.91, 76700.0, 8.61
2010-02-26, 11.9, 12.08, 11.88, 12.05, 118800.0, 8.71
2010-03-01, 12.02, 12.13, 11.91, 11.94, 172400.0, 8.63
2010-03-02, 12.0, 12.08, 11.94, 12.07, 129300.0, 8.72
2010-03-03, 12.05, 12.16, 11.93, 12.14, 142200.0, 8.77
2010-03-04, 12.16, 12.33, 12.11, 12.3, 88700.0, 8.89
2010-03-05, 12.32, 12.6, 12.24, 12.41, 172700.0, 8.97
2010-03-08, 12.67, 12.67, 12.49, 12.6, 127900.0, 9.11
2010-03-09, 12.65, 13.02, 12.65, 12.91, 177100.0, 9.33
2010-03-10, 12.88, 12.97, 12.77, 12.86, 206400.0, 9.29
2010-03-11, 12.84, 13.05, 12.79, 12.97, 124000.0, 9.37
2010-03-12, 12.99, 13.37, 12.99, 13.37, 248700.0, 9.66
2010-03-15, 13.37, 13.55, 13.19, 13.44, 201900.0, 9.71
2010-03-16, 13.44, 13.49, 12.67, 12.84, 509300.0, 9.28
2010-03-17, 12.79, 12.96, 12.66, 12.79, 282200.0, 9.24
2010-03-18, 12.8, 13.08, 12.71, 13.04, 148400.0, 9.42
2010-03-19, 13.01, 13.55, 12.79, 13.39, 139100.0, 9.68
2010-03-22, 13.19, 13.35, 12.56, 12.66, 276300.0, 9.15
2010-03-23, 12.69, 12.77, 12.32, 12.42, 217900.0, 8.98
2010-03-24, 12.39, 12.77, 12.18, 12.77, 129800.0, 9.23
2010-03-25, 12.8, 12.87, 12.65, 12.71, 58400.0, 9.19
2010-03-26, 12.73, 12.73, 12.0, 12.42, 199900.0, 8.98
2010-03-29, 12.5, 12.5, 12.15, 12.4, 184200.0, 8.96
2010-03-30, 12.39, 12.5, 12.25, 12.47, 141100.0, 9.01
2010-03-31, 12.35, 12.35, 11.86, 12.02, 389500.0, 8.69
2010-04-01, 12.0, 12.04, 11.61, 11.63, 439800.0, 8.41
2010-04-05, 11.59, 11.61, 11.29, 11.54, 303400.0, 8.34
2010-04-06, 11.6, 11.89, 11.56, 11.84, 179200.0, 8.56
2010-04-07, 11.86, 11.95, 11.75, 11.8, 103800.0, 8.53
2010-04-08, 11.78, 11.84, 11.65, 11.78, 77100.0, 8.51
2010-04-09, 11.77, 11.97, 11.77, 11.82, 77900.0, 8.54
2010-04-12, 11.78, 12.07, 11.78, 12.06, 89500.0, 8.72
2010-04-13, 12.13, 12.28, 12.06, 12.24, 92200.0, 8.85
2010-04-14, 12.37, 12.38, 12.22, 12.28, 55400.0, 8.87
2010-04-15, 12.27, 12.35, 12.09, 12.11, 41900.0, 8.75
2010-04-16, 12.06, 12.18, 11.94, 12.08, 93300.0, 8.73
2010-04-19, 12.15, 12.35, 12.06, 12.35, 130600.0, 8.93
2010-04-20, 12.55, 12.65, 12.48, 12.63, 120300.0, 9.13
2010-04-21, 12.68, 12.73, 12.55, 12.62, 40500.0, 9.12
2010-04-22, 12.67, 12.73, 12.49, 12.73, 65500.0, 9.2
2010-04-23, 12.7, 12.86, 12.6, 12.82, 58900.0, 9.27
2010-04-26, 12.89, 12.89, 12.79, 12.86, 75200.0, 9.29
2010-04-27, 12.77, 12.8, 12.38, 12.41, 93800.0, 8.97
2010-04-28, 12.4, 12.59, 12.29, 12.5, 60800.0, 9.03
2010-04-29, 12.65, 12.67, 12.56, 12.59, 78100.0, 9.1
2010-04-30, 12.6, 12.6, 12.43, 12.5, 49600.0, 9.03
2010-05-03, 12.55, 12.59, 12.45, 12.53, 95000.0, 9.06
2010-05-04, 12.4, 12.4, 11.97, 12.11, 145500.0, 8.75
2010-05-05, 11.93, 12.15, 11.75, 11.82, 167200.0, 8.54
2010-05-06, 11.78, 11.88, 10.97, 11.3, 372400.0, 8.17
2010-05-07, 11.2, 11.5, 11.06, 11.35, 213000.0, 8.2
2010-05-10, 11.96, 11.98, 11.56, 11.72, 161700.0, 8.47
2010-05-11, 11.75, 11.96, 11.7, 11.96, 91600.0, 8.64
2010-05-12, 12.01, 12.36, 11.95, 12.33, 100700.0, 8.91
2010-05-13, 12.35, 12.42, 12.17, 12.32, 96700.0, 8.9
2010-05-14, 12.27, 12.27, 11.98, 12.12, 109600.0, 8.76
2010-05-17, 12.14, 12.21, 11.78, 12.0, 148900.0, 8.67
2010-05-18, 12.05, 12.25, 11.72, 11.75, 195300.0, 8.49
2010-05-19, 11.6, 11.68, 11.15, 11.36, 261000.0, 8.21
2010-05-20, 11.19, 11.2, 10.74, 10.86, 304400.0, 7.85
2010-05-21, 10.39, 11.77, 10.38, 10.79, 269200.0, 7.8
2010-05-24, 11.0, 11.21, 10.72, 11.01, 99500.0, 7.96
2010-05-25, 10.49, 10.94, 10.38, 10.92, 236000.0, 7.89
2010-05-26, 11.27, 11.74, 11.1, 11.66, 215200.0, 8.43
2010-05-27, 11.93, 12.19, 10.78, 12.08, 124100.0, 8.73
2010-05-28, 12.15, 12.2, 11.76, 11.95, 57000.0, 8.64
2010-06-01, 11.76, 11.93, 11.52, 11.75, 107300.0, 8.49
2010-06-02, 11.76, 11.87, 11.6, 11.8, 75400.0, 8.53
2010-06-03, 11.83, 12.03, 11.81, 11.9, 99900.0, 8.6
2010-06-04, 11.77, 12.0, 11.6, 11.65, 68900.0, 8.42
2010-06-07, 11.61, 11.7, 11.49, 11.58, 75900.0, 8.37
2010-06-08, 11.6, 11.78, 11.57, 11.75, 48100.0, 8.49
2010-06-09, 11.95, 11.99, 11.68, 11.7, 53000.0, 8.46
2010-06-10, 12.02, 12.03, 11.77, 11.9, 51700.0, 8.6
2010-06-11, 11.78, 11.9, 11.75, 11.9, 55500.0, 8.6
2010-06-14, 11.96, 12.0, 11.87, 11.92, 93000.0, 8.61
2010-06-15, 11.93, 12.33, 11.93, 12.27, 82300.0, 8.87
2010-06-16, 12.22, 12.28, 11.59, 12.18, 85100.0, 8.8
2010-06-17, 12.23, 12.26, 12.06, 12.2, 53400.0, 8.82
2010-06-18, 12.16, 12.41, 12.12, 12.39, 63300.0, 8.95
2010-06-21, 12.52, 12.53, 12.3, 12.38, 67600.0, 8.95
2010-06-22, 12.4, 12.5, 12.34, 12.4, 65900.0, 8.96
2010-06-23, 12.23, 12.31, 12.12, 12.13, 65100.0, 8.77
2010-06-24, 12.07, 12.14, 12.02, 12.11, 66400.0, 8.75
2010-06-25, 12.13, 12.36, 12.1, 12.35, 77900.0, 8.93
2010-06-28, 12.26, 12.34, 12.12, 12.16, 62200.0, 8.79
2010-06-29, 12.03, 12.03, 11.6, 11.69, 91800.0, 8.45
2010-06-30, 11.77, 11.8, 11.58, 11.6, 74300.0, 8.38
2010-07-01, 11.87, 11.87, 11.35, 11.54, 91400.0, 8.34
2010-07-02, 11.55, 11.63, 11.51, 11.55, 56400.0, 8.35
2010-07-06, 11.65, 11.74, 11.58, 11.66, 84400.0, 8.43
2010-07-07, 11.73, 12.05, 11.67, 11.98, 103500.0, 8.66
2010-07-08, 12.13, 12.24, 11.84, 11.99, 73700.0, 8.67
2010-07-09, 12.06, 12.14, 11.99, 12.04, 36500.0, 8.7
2010-07-12, 12.06, 12.29, 12.04, 12.2, 62300.0, 8.82
2010-07-13, 12.39, 12.46, 12.24, 12.3, 69600.0, 8.89
2010-07-14, 12.33, 12.36, 12.23, 12.27, 24100.0, 8.87
2010-07-15, 12.22, 12.3, 12.06, 12.14, 39200.0, 8.77
2010-07-16, 12.05, 12.12, 12.0, 12.02, 57300.0, 8.69
2010-07-19, 12.07, 12.21, 12.07, 12.21, 28600.0, 8.82
2010-07-20, 12.09, 12.43, 12.05, 12.43, 40300.0, 8.98
2010-07-21, 12.49, 12.5, 12.33, 12.38, 36700.0, 8.95
2010-07-22, 12.44, 12.44, 12.18, 12.18, 56000.0, 8.8
2010-07-23, 12.3, 12.87, 12.1, 12.48, 143700.0, 9.02
2010-07-26, 12.48, 12.82, 12.48, 12.62, 129600.0, 9.12
2010-07-27, 12.94, 12.94, 12.64, 12.79, 111500.0, 9.24
2010-07-28, 12.84, 12.97, 12.49, 12.49, 103100.0, 9.09
2010-07-29, 12.69, 12.79, 12.4, 12.43, 104500.0, 9.05
2010-07-30, 12.52, 12.97, 12.46, 12.93, 191900.0, 9.41
2010-08-02, 13.15, 13.48, 12.95, 13.21, 169400.0, 9.61
2010-08-03, 13.01, 13.15, 12.8, 13.03, 162900.0, 9.48
2010-08-04, 13.0, 13.0, 12.81, 13.0, 89900.0, 9.46
2010-08-05, 12.99, 13.09, 12.85, 13.03, 96100.0, 9.48
2010-08-06, 13.0, 13.08, 12.81, 13.0, 76000.0, 9.46
2010-08-09, 12.66, 12.99, 12.66, 12.85, 103400.0, 9.35
2010-08-10, 12.86, 12.88, 12.66, 12.84, 165500.0, 9.34
2010-08-11, 12.84, 13.13, 12.52, 12.62, 203300.0, 9.18
2010-08-12, 12.3, 12.79, 12.3, 12.69, 132800.0, 9.24
2010-08-13, 13.04, 13.19, 12.77, 13.09, 523400.0, 9.53
2010-08-16, 13.24, 13.24, 13.0, 13.11, 267600.0, 9.54
2010-08-17, 13.24, 13.24, 13.1, 13.2, 242900.0, 9.61
2010-08-18, 13.24, 13.24, 13.1, 13.13, 129800.0, 9.56
2010-08-19, 13.24, 13.24, 12.85, 13.02, 162300.0, 9.48
2010-08-20, 12.94, 13.08, 12.83, 12.94, 162500.0, 9.42
2010-08-23, 12.94, 13.1, 12.9, 12.95, 158600.0, 9.42
2010-08-24, 12.77, 12.98, 12.75, 12.86, 114500.0, 9.36
2010-08-25, 12.95, 12.95, 12.63, 12.74, 145500.0, 9.27
2010-08-26, 12.78, 12.93, 12.73, 12.79, 121200.0, 9.31
2010-08-27, 12.8, 12.81, 12.6, 12.67, 25200.0, 9.28
2010-08-30, 12.98, 12.98, 12.51, 12.53, 175700.0, 9.18
2010-08-31, 12.5, 12.63, 12.45, 12.5, 97200.0, 9.16
2010-09-01, 12.83, 12.85, 12.65, 12.81, 105600.0, 9.39
2010-09-02, 12.88, 12.98, 12.68, 12.91, 233900.0, 9.46
2010-09-03, 12.99, 13.03, 12.84, 13.0, 222700.0, 9.53
2010-09-07, 13.05, 13.05, 12.91, 13.0, 332800.0, 9.53
2010-09-08, 12.99, 13.13, 12.98, 13.11, 191900.0, 9.61
2010-09-09, 13.11, 13.24, 13.09, 13.19, 194100.0, 9.67
2010-09-10, 13.17, 13.28, 13.1, 13.26, 136300.0, 9.72
2010-09-13, 13.3, 13.35, 13.25, 13.32, 170700.0, 9.76
2010-09-14, 13.22, 13.37, 13.15, 13.27, 198400.0, 9.72
2010-09-15, 13.31, 13.37, 13.19, 13.37, 100700.0, 9.8
2010-09-16, 13.36, 13.4, 13.29, 13.32, 148800.0, 9.76
2010-09-17, 13.27, 13.4, 13.26, 13.36, 63000.0, 9.79
2010-09-20, 13.46, 13.52, 13.33, 13.52, 157800.0, 9.91
2010-09-21, 13.49, 13.6, 13.45, 13.57, 155900.0, 9.94
2010-09-22, 13.54, 13.69, 13.54, 13.64, 181900.0, 10.0
2010-09-23, 13.47, 13.6, 13.47, 13.51, 112000.0, 9.9
2010-09-24, 13.51, 13.82, 13.51, 13.76, 202800.0, 10.08
2010-09-27, 13.79, 13.89, 13.77, 13.81, 145500.0, 10.12
2010-09-28, 13.72, 13.8, 13.64, 13.8, 91500.0, 10.18
2010-09-29, 13.8, 14.0, 13.76, 13.97, 135600.0, 10.3
2010-09-30, 13.97, 14.0, 13.72, 13.85, 156600.0, 10.22
2010-10-01, 13.86, 13.89, 13.78, 13.87, 129600.0, 10.23
2010-10-04, 13.98, 13.99, 13.75, 13.76, 187100.0, 10.15
2010-10-05, 13.8, 13.99, 13.66, 13.94, 202400.0, 10.28
2010-10-06, 13.97, 14.03, 13.86, 13.86, 395200.0, 10.22
2010-10-07, 13.86, 13.95, 13.76, 13.8, 90500.0, 10.18
2010-10-08, 13.92, 14.03, 13.84, 13.99, 218700.0, 10.32
2010-10-11, 14.05, 14.38, 14.03, 14.19, 165100.0, 10.47
2010-10-12, 14.11, 14.2, 13.97, 14.07, 260800.0, 10.38
2010-10-13, 13.8, 13.8, 13.42, 13.5, 1213200.0, 9.96
2010-10-14, 13.37, 13.65, 13.32, 13.48, 3104600.0, 9.94
2010-10-15, 13.5, 13.55, 13.4, 13.49, 402900.0, 9.95
2010-10-18, 13.49, 13.5, 13.37, 13.48, 400300.0, 9.94
2010-10-19, 13.36, 13.48, 13.32, 13.44, 377600.0, 9.91
2010-10-20, 13.45, 13.48, 13.37, 13.44, 268200.0, 9.91
2010-10-21, 13.5, 13.5, 13.28, 13.32, 281600.0, 9.82
2010-10-22, 13.35, 13.36, 13.27, 13.29, 256300.0, 9.8
2010-10-25, 13.35, 13.45, 13.3, 13.44, 343200.0, 9.91
2010-10-26, 13.45, 13.45, 13.35, 13.4, 260500.0, 9.88
2010-10-27, 13.34, 13.4, 13.26, 13.33, 393800.0, 9.9
2010-10-28, 13.43, 13.46, 13.27, 13.35, 309400.0, 9.91
2010-10-29, 13.36, 13.43, 13.31, 13.38, 180000.0, 9.93
2010-11-01, 13.43, 13.43, 13.31, 13.37, 173700.0, 9.93
2010-11-02, 13.44, 13.45, 13.37, 13.43, 143700.0, 9.97
2010-11-03, 13.45, 13.45, 13.31, 13.39, 158400.0, 9.94
2010-11-04, 13.4, 13.45, 13.32, 13.39, 226000.0, 9.94
2010-11-05, 13.36, 13.6, 13.34, 13.6, 184900.0, 10.1
2010-11-08, 13.55, 13.76, 13.55, 13.71, 277600.0, 10.18
2010-11-09, 13.73, 13.85, 13.63, 13.64, 227500.0, 10.13
2010-11-10, 13.64, 13.78, 13.6, 13.7, 156400.0, 10.17
2010-11-11, 13.66, 13.74, 13.55, 13.7, 300200.0, 10.17
2010-11-12, 13.61, 13.74, 13.55, 13.62, 223500.0, 10.11
2010-11-15, 13.65, 13.68, 13.55, 13.66, 167700.0, 10.14
2010-11-16, 13.56, 13.57, 13.4, 13.43, 297900.0, 9.97
2010-11-17, 13.49, 13.61, 13.35, 13.41, 245100.0, 9.96
2010-11-18, 13.64, 13.68, 13.47, 13.52, 216000.0, 10.04
2010-11-19, 13.61, 13.69, 13.55, 13.68, 172400.0, 10.16
2010-11-22, 13.74, 13.74, 13.57, 13.67, 128000.0, 10.15
2010-11-23, 13.65, 13.66, 13.58, 13.62, 174600.0, 10.11
2010-11-24, 13.7, 13.75, 13.66, 13.75, 150600.0, 10.21
2010-11-26, 13.8, 13.8, 13.62, 13.69, 44800.0, 10.23
2010-11-29, 13.77, 13.99, 13.65, 13.95, 254900.0, 10.43
2010-11-30, 13.96, 14.0, 13.75, 13.87, 232400.0, 10.37
2010-12-01, 13.99, 14.0, 13.9, 13.94, 249800.0, 10.42
2010-12-02, 14.1, 14.2, 14.06, 14.17, 264000.0, 10.59
2010-12-03, 14.22, 14.28, 14.11, 14.24, 200000.0, 10.64
2010-12-06, 14.29, 14.37, 14.17, 14.37, 286600.0, 10.74
2010-12-07, 14.38, 14.43, 14.23, 14.25, 217800.0, 10.65
2010-12-08, 14.33, 14.45, 14.25, 14.31, 246400.0, 10.7
2010-12-09, 14.41, 14.45, 14.22, 14.39, 208300.0, 10.76
2010-12-10, 14.4, 14.45, 14.35, 14.39, 204800.0, 10.76
2010-12-13, 14.37, 14.38, 14.28, 14.33, 255000.0, 10.71
2010-12-14, 14.34, 14.38, 14.26, 14.29, 211000.0, 10.68
2010-12-15, 14.3, 14.35, 14.26, 14.34, 151100.0, 10.72
2010-12-16, 14.35, 14.39, 14.27, 14.39, 192400.0, 10.76
2010-12-17, 14.41, 14.9, 14.36, 14.89, 266000.0, 11.13
2010-12-20, 14.83, 14.94, 14.57, 14.79, 274500.0, 11.05
2010-12-21, 14.85, 14.85, 14.61, 14.76, 177200.0, 11.03
2010-12-22, 14.83, 14.84, 14.67, 14.74, 118500.0, 11.02
2010-12-23, 14.79, 14.84, 14.74, 14.84, 131300.0, 11.09
2010-12-27, 14.86, 14.86, 14.52, 14.78, 117300.0, 11.05
2010-12-28, 14.75, 14.81, 14.55, 14.75, 123500.0, 11.02
2010-12-29, 14.75, 14.98, 14.73, 14.86, 156900.0, 11.18
2010-12-30, 14.88, 14.88, 14.75, 14.76, 82500.0, 11.1
2010-12-31, 14.71, 14.84, 14.71, 14.76, 91500.0, 11.1
2011-01-03, 15.0, 15.05, 14.75, 14.76, 188000.0, 11.1
2011-01-04, 14.82, 14.89, 14.73, 14.75, 162500.0, 11.09
2011-01-05, 14.75, 14.99, 14.75, 14.9, 164900.0, 11.21
2011-01-06, 14.95, 14.95, 14.77, 14.93, 141700.0, 11.23
2011-01-07, 14.98, 15.0, 14.9, 14.98, 270300.0, 11.27
2011-01-10, 15.01, 15.07, 14.89, 15.05, 179200.0, 11.32
2011-01-11, 15.1, 15.13, 15.03, 15.1, 175800.0, 11.36
2011-01-12, 15.24, 15.24, 15.12, 15.2, 190200.0, 11.43
2011-01-13, 15.2, 15.32, 15.16, 15.27, 188800.0, 11.48
2011-01-14, 15.16, 15.34, 15.16, 15.34, 132000.0, 11.54
2011-01-18, 15.26, 15.4, 15.21, 15.23, 191200.0, 11.45
2011-01-19, 15.21, 15.31, 15.09, 15.11, 265400.0, 11.36
2011-01-20, 15.14, 15.15, 14.92, 15.0, 223200.0, 11.28
2011-01-21, 15.1, 15.17, 15.01, 15.03, 131700.0, 11.3
2011-01-24, 15.29, 15.39, 15.06, 15.32, 232700.0, 11.52
2011-01-25, 15.24, 15.32, 15.1, 15.13, 177700.0, 11.38
2011-01-26, 15.19, 15.32, 15.1, 15.23, 172800.0, 11.45
2011-01-27, 15.23, 15.3, 15.2, 15.29, 117300.0, 11.57
2011-01-28, 15.27, 15.3, 15.09, 15.24, 152000.0, 11.53
2011-01-31, 15.2, 15.39, 15.19, 15.31, 128900.0, 11.58
2011-02-01, 15.34, 15.42, 15.33, 15.41, 163400.0, 11.66
2011-02-02, 15.56, 15.67, 15.42, 15.6, 145100.0, 11.8
2011-02-03, 15.64, 15.64, 15.4, 15.44, 119500.0, 11.68
2011-02-04, 15.44, 15.5, 15.35, 15.46, 102500.0, 11.7
2011-02-07, 15.47, 15.5, 15.39, 15.45, 127900.0, 11.69
2011-02-08, 15.47, 15.55, 15.4, 15.42, 148500.0, 11.67
2011-02-09, 15.45, 15.45, 15.22, 15.27, 181300.0, 11.55
2011-02-10, 15.25, 15.29, 15.15, 15.2, 128100.0, 11.5
2011-02-11, 15.21, 15.5, 15.19, 15.5, 141100.0, 11.73
2011-02-14, 15.56, 15.6, 15.38, 15.52, 159700.0, 11.74
2011-02-15, 15.5, 15.52, 15.4, 15.51, 123100.0, 11.73
2011-02-16, 15.51, 15.52, 15.4, 15.45, 125400.0, 11.69
2011-02-17, 15.4, 15.55, 15.4, 15.54, 159600.0, 11.76
2011-02-18, 15.6, 15.6, 15.48, 15.52, 255300.0, 11.74
2011-02-22, 15.5, 15.52, 15.4, 15.46, 191400.0, 11.7
2011-02-23, 15.47, 15.48, 15.3, 15.33, 192600.0, 11.6
2011-02-24, 15.33, 15.43, 15.3, 15.37, 144400.0, 11.7
2011-02-25, 15.49, 15.49, 15.35, 15.38, 124700.0, 11.71
2011-02-28, 15.47, 15.5, 15.44, 15.46, 157900.0, 11.77
2011-03-01, 15.45, 15.49, 15.4, 15.45, 145700.0, 11.76
2011-03-02, 15.5, 15.59, 15.45, 15.51, 159400.0, 11.81
2011-03-03, 15.54, 15.59, 15.49, 15.55, 92600.0, 11.84
2011-03-04, 15.52, 15.6, 15.5, 15.53, 93800.0, 11.82
2011-03-07, 15.58, 15.6, 15.5, 15.52, 122100.0, 11.81
2011-03-08, 15.57, 15.63, 15.52, 15.59, 104400.0, 11.87
2011-03-09, 15.6, 15.75, 15.56, 15.59, 153500.0, 11.87
2011-03-10, 15.5, 15.6, 15.4, 15.41, 162700.0, 11.73
2011-03-11, 15.35, 15.52, 15.1, 15.47, 157100.0, 11.78
2011-03-14, 15.59, 15.59, 15.35, 15.39, 116300.0, 11.71
2011-03-15, 15.25, 15.31, 15.2, 15.26, 256700.0, 11.62
2011-03-16, 15.21, 15.26, 14.82, 14.97, 277400.0, 11.39
2011-03-17, 14.91, 15.12, 14.74, 15.04, 209800.0, 11.45
2011-03-18, 15.17, 15.32, 15.0, 15.27, 185700.0, 11.62
2011-03-21, 15.66, 15.66, 15.35, 15.52, 198900.0, 11.81
2011-03-22, 15.6, 15.6, 15.22, 15.27, 177500.0, 11.62
2011-03-23, 15.25, 15.25, 15.01, 15.09, 269500.0, 11.49
2011-03-24, 15.19, 15.19, 14.8, 14.93, 417600.0, 11.36
2011-03-25, 15.01, 15.08, 14.92, 15.05, 251300.0, 11.46
2011-03-28, 15.05, 15.27, 15.05, 15.14, 173100.0, 11.52
2011-03-29, 14.72, 15.15, 14.72, 14.96, 228900.0, 11.46
2011-03-30, 14.99, 15.12, 14.96, 15.04, 159700.0, 11.52
2011-03-31, 15.06, 15.17, 15.0, 15.13, 131800.0, 11.59
2011-04-01, 15.19, 15.33, 15.16, 15.23, 162000.0, 11.66
2011-04-04, 15.17, 15.32, 15.17, 15.26, 144100.0, 11.69
2011-04-05, 15.25, 15.42, 15.22, 15.42, 94300.0, 11.81
2011-04-06, 15.35, 15.42, 15.0, 15.09, 373100.0, 11.56
2011-04-07, 15.07, 15.17, 15.02, 15.1, 181300.0, 11.56
2011-04-08, 15.1, 15.18, 15.05, 15.09, 108300.0, 11.56
2011-04-11, 15.1, 15.15, 14.98, 15.0, 175100.0, 11.49
2011-04-12, 14.96, 14.96, 14.67, 14.68, 424300.0, 11.24
2011-04-13, 14.74, 14.78, 14.33, 14.48, 476900.0, 11.09
2011-04-14, 14.5, 14.58, 14.37, 14.58, 202900.0, 11.17
2011-04-15, 14.56, 14.75, 14.49, 14.57, 178600.0, 11.16
2011-04-18, 14.64, 14.64, 14.4, 14.57, 224000.0, 11.16
2011-04-19, 14.59, 14.8, 14.59, 14.67, 180600.0, 11.24
2011-04-20, 14.71, 14.91, 14.71, 14.84, 169200.0, 11.37
2011-04-21, 14.9, 15.03, 14.8, 14.97, 159600.0, 11.47
2011-04-25, 15.06, 15.18, 14.96, 15.18, 207100.0, 11.63
2011-04-26, 15.18, 15.3, 15.11, 15.25, 242600.0, 11.68
2011-04-27, 15.25, 15.25, 14.98, 15.07, 18200.0, 11.61
2011-04-28, 15.07, 15.15, 15.02, 15.14, 104000.0, 11.67
2011-04-29, 15.11, 15.24, 15.05, 15.18, 119000.0, 11.7
2011-05-02, 15.3, 15.3, 15.14, 15.25, 222000.0, 11.75
2011-05-03, 15.25, 15.35, 15.15, 15.32, 183000.0, 11.81
2011-05-04, 15.35, 15.4, 15.12, 15.34, 257000.0, 11.82
2011-05-05, 15.23, 15.36, 15.13, 15.33, 241900.0, 11.81
2011-05-06, 15.37, 15.49, 15.23, 15.26, 188500.0, 11.76
2011-05-09, 15.29, 15.48, 15.25, 15.45, 236000.0, 11.91
2011-05-10, 15.45, 15.6, 15.45, 15.56, 294100.0, 11.99
2011-05-11, 15.58, 15.6, 15.44, 15.55, 235800.0, 11.98
2011-05-12, 15.54, 15.62, 15.23, 15.31, 269000.0, 11.8
2011-05-13, 15.26, 15.28, 15.0, 15.17, 297600.0, 11.69
2011-05-16, 15.14, 15.17, 15.03, 15.07, 218900.0, 11.61
2011-05-17, 15.03, 15.06, 14.97, 15.0, 226400.0, 11.56
2011-05-18, 15.09, 15.13, 15.0, 15.12, 236600.0, 11.65
2011-05-19, 15.28, 15.28, 15.1, 15.14, 201900.0, 11.67
2011-05-20, 15.15, 15.26, 15.03, 15.16, 202100.0, 11.68
2011-05-23, 15.13, 15.2, 15.04, 15.12, 225200.0, 11.65
2011-05-24, 15.1, 15.14, 14.95, 15.1, 335600.0, 11.64
2011-05-25, 15.1, 15.15, 15.0, 15.11, 220800.0, 11.64
2011-05-26, 15.02, 15.08, 14.97, 15.08, 158500.0, 11.69
2011-05-27, 15.1, 15.34, 15.1, 15.32, 185300.0, 11.88
2011-05-31, 15.59, 15.59, 15.33, 15.45, 220700.0, 11.98
2011-06-01, 15.42, 15.48, 15.21, 15.31, 149800.0, 11.87
2011-06-02, 15.07, 15.33, 15.05, 15.32, 238900.0, 11.88
2011-06-03, 15.2, 15.34, 15.08, 15.24, 208800.0, 11.82
2011-06-06, 15.24, 15.31, 15.16, 15.2, 236700.0, 11.79
2011-06-07, 15.19, 15.38, 15.19, 15.33, 177200.0, 11.89
2011-06-08, 15.29, 15.35, 15.02, 15.08, 255600.0, 11.69
2011-06-09, 15.02, 15.29, 15.02, 15.26, 230800.0, 11.83
2011-06-10, 15.27, 15.32, 14.87, 15.18, 466200.0, 11.77
2011-06-13, 15.18, 15.43, 15.18, 15.41, 380100.0, 11.95
2011-06-14, 15.48, 15.63, 15.43, 15.6, 573800.0, 12.1
2011-06-15, 15.56, 15.57, 15.37, 15.54, 348000.0, 12.05
2011-06-16, 15.45, 15.54, 15.25, 15.44, 310500.0, 11.97
2011-06-17, 15.45, 15.47, 15.22, 15.41, 266100.0, 11.95
2011-06-20, 15.37, 15.49, 15.12, 15.25, 416000.0, 11.83
2011-06-21, 15.39, 15.58, 15.27, 15.58, 456400.0, 12.08
2011-06-22, 15.55, 16.18, 15.45, 15.85, 638000.0, 12.29
2011-06-23, 15.61, 15.63, 15.2, 15.51, 816800.0, 12.03
2011-06-24, 15.51, 15.68, 15.25, 15.3, 7306800.0, 11.86
2011-06-27, 15.41, 15.41, 15.15, 15.24, 651300.0, 11.82
2011-06-28, 15.25, 15.25, 15.06, 15.13, 593200.0, 11.8
2011-06-29, 15.16, 15.26, 15.1, 15.13, 192100.0, 11.8
2011-06-30, 15.23, 15.25, 15.09, 15.22, 261600.0, 11.87
2011-07-01, 15.21, 15.44, 15.1, 15.41, 276000.0, 12.02
2011-07-05, 15.31, 15.49, 15.31, 15.47, 440100.0, 12.07
2011-07-06, 15.5, 15.81, 15.46, 15.76, 478400.0, 12.3
2011-07-07, 15.86, 16.03, 15.83, 16.02, 434600.0, 12.5
2011-07-08, 15.94, 16.04, 15.84, 15.97, 394600.0, 12.46
2011-07-11, 15.93, 16.05, 15.75, 15.83, 309800.0, 12.35
2011-07-12, 15.8, 15.99, 15.8, 15.86, 288900.0, 12.37
2011-07-13, 15.96, 16.1, 15.85, 16.09, 364800.0, 12.55
2011-07-14, 16.11, 16.11, 15.85, 15.86, 250200.0, 12.37
2011-07-15, 15.9, 16.05, 15.9, 16.02, 289800.0, 12.5
2011-07-18, 16.17, 16.18, 15.9, 15.97, 319800.0, 12.46
2011-07-19, 16.1, 16.24, 16.07, 16.23, 324500.0, 12.66
2011-07-20, 16.19, 16.26, 16.11, 16.18, 199000.0, 12.62
2011-07-21, 16.28, 16.34, 16.11, 16.31, 416800.0, 12.72
2011-07-22, 16.29, 16.31, 16.13, 16.25, 182500.0, 12.68
2011-07-25, 16.15, 16.28, 16.15, 16.15, 186100.0, 12.6
2011-07-26, 16.15, 16.25, 16.14, 16.14, 219200.0, 12.59
2011-07-27, 16.07, 16.07, 15.55, 15.58, 348300.0, 12.23
2011-07-28, 15.53, 15.77, 15.51, 15.68, 237500.0, 12.31
2011-07-29, 15.56, 15.61, 15.41, 15.61, 392400.0, 12.25
2011-08-01, 15.76, 16.28, 15.76, 16.14, 309000.0, 12.67
2011-08-02, 15.95, 16.07, 15.59, 15.59, 375100.0, 12.24
2011-08-03, 15.63, 15.74, 15.21, 15.43, 425100.0, 12.11
2011-08-04, 15.32, 15.35, 14.41, 14.56, 946800.0, 11.43
2011-08-05, 14.62, 14.75, 13.12, 14.09, 1733700.0, 11.06
2011-08-08, 13.51, 13.96, 13.21, 13.33, 957200.0, 10.46
2011-08-09, 13.42, 14.55, 13.25, 14.51, 914100.0, 11.39
2011-08-10, 14.35, 14.42, 13.71, 13.72, 636100.0, 10.77
2011-08-11, 13.62, 14.39, 13.59, 14.2, 739200.0, 11.15
2011-08-12, 14.32, 14.6, 14.1, 14.57, 393400.0, 11.44
2011-08-15, 14.69, 15.1, 14.68, 15.1, 403900.0, 11.85
2011-08-16, 15.01, 15.06, 14.88, 14.98, 299400.0, 11.76
2011-08-17, 15.08, 15.25, 15.0, 15.15, 233200.0, 11.89
2011-08-18, 14.94, 14.98, 14.53, 14.59, 587500.0, 11.45
2011-08-19, 14.54, 14.78, 14.25, 14.25, 386900.0, 11.18
2011-08-22, 14.56, 14.61, 14.25, 14.48, 354500.0, 11.37
2011-08-23, 14.52, 15.01, 14.45, 15.01, 396500.0, 11.78
2011-08-24, 14.98, 15.17, 14.75, 14.98, 275800.0, 11.76
2011-08-25, 15.05, 15.08, 14.8, 14.82, 228200.0, 11.63
2011-08-26, 14.81, 15.14, 14.64, 15.05, 248200.0, 11.81
2011-08-29, 15.14, 15.46, 15.12, 15.46, 317700.0, 12.21
2011-08-30, 15.41, 15.43, 15.15, 15.38, 241200.0, 12.15
2011-08-31, 15.46, 15.5, 15.24, 15.48, 330700.0, 12.22
2011-09-01, 15.49, 15.5, 15.01, 15.05, 306800.0, 11.89
2011-09-02, 14.88, 15.04, 14.65, 14.66, 363300.0, 11.58
2011-09-06, 14.25, 14.65, 14.2, 14.6, 319700.0, 11.53
2011-09-07, 14.7, 15.04, 14.66, 15.0, 317600.0, 11.85
2011-09-08, 14.87, 15.12, 14.66, 14.7, 291700.0, 11.61
2011-09-09, 14.63, 14.66, 14.34, 14.42, 372100.0, 11.39
2011-09-12, 14.29, 14.42, 14.2, 14.4, 203400.0, 11.37
2011-09-13, 14.39, 14.76, 14.39, 14.71, 205600.0, 11.62
2011-09-14, 14.79, 14.85, 14.55, 14.79, 250100.0, 11.68
2011-09-15, 14.88, 14.97, 14.73, 14.95, 234600.0, 11.81
2011-09-16, 14.93, 15.15, 14.86, 15.07, 431100.0, 11.9
2011-09-19, 14.95, 14.98, 14.68, 14.71, 295700.0, 11.62
2011-09-20, 14.82, 14.86, 14.58, 14.58, 231500.0, 11.51
2011-09-21, 14.58, 14.63, 14.2, 14.2, 340400.0, 11.21
2011-09-22, 13.78, 14.14, 13.59, 14.01, 788300.0, 11.06
2011-09-23, 13.92, 14.4, 13.92, 14.32, 385700.0, 11.31
2011-09-26, 14.37, 14.42, 14.13, 14.37, 306200.0, 11.35
2011-09-27, 14.64, 14.88, 14.52, 14.69, 444700.0, 11.6
2011-09-28, 14.66, 14.66, 14.22, 14.22, 322800.0, 11.3
2011-09-29, 14.49, 14.49, 14.29, 14.46, 218400.0, 11.49
2011-09-30, 14.3, 14.48, 14.16, 14.19, 300700.0, 11.27
2011-10-03, 14.12, 14.3, 13.57, 13.57, 571900.0, 10.78
2011-10-04, 13.39, 13.89, 12.97, 13.82, 897200.0, 10.98
2011-10-05, 13.88, 13.92, 13.58, 13.81, 341100.0, 10.97
2011-10-06, 13.85, 14.02, 13.53, 14.0, 484300.0, 11.12
2011-10-07, 14.03, 14.11, 13.76, 13.81, 272000.0, 10.97
2011-10-10, 14.01, 14.39, 13.92, 14.36, 281000.0, 11.41
2011-10-11, 14.14, 14.34, 14.05, 14.26, 251400.0, 11.33
2011-10-12, 13.84, 14.05, 13.83, 13.97, 847600.0, 11.1
2011-10-13, 13.85, 13.89, 13.32, 13.34, 1306200.0, 10.6
2011-10-14, 13.3, 13.44, 13.21, 13.28, 5744000.0, 10.55
2011-10-17, 13.33, 13.59, 13.2, 13.41, 1163600.0, 10.66
2011-10-18, 13.5, 13.76, 13.32, 13.74, 806200.0, 10.92
2011-10-19, 13.74, 13.79, 13.52, 13.54, 680100.0, 10.76
2011-10-20, 13.62, 13.72, 13.44, 13.68, 563800.0, 10.87
2011-10-21, 13.8, 13.86, 13.67, 13.82, 555300.0, 10.98
2011-10-24, 13.9, 14.02, 13.76, 14.02, 588100.0, 11.14
2011-10-25, 14.0, 14.02, 13.75, 13.88, 502300.0, 11.03
2011-10-26, 14.07, 14.18, 13.9, 14.12, 565600.0, 11.22
2011-10-27, 14.45, 14.47, 13.78, 13.87, 1288700.0, 11.09
2011-10-28, 13.8, 13.81, 13.5, 13.65, 1100300.0, 10.92
2011-10-31, 13.55, 13.69, 13.46, 13.5, 2018800.0, 10.8
2011-11-01, 13.25, 13.31, 13.01, 13.02, 1177400.0, 10.41
2011-11-02, 13.15, 13.25, 12.91, 13.02, 1001000.0, 10.41
2011-11-03, 13.1, 13.43, 13.0, 13.35, 589900.0, 10.68
2011-11-04, 13.25, 13.35, 13.0, 13.04, 455100.0, 10.43
2011-11-07, 13.22, 13.64, 13.07, 13.61, 722800.0, 10.88
2011-11-08, 13.57, 13.99, 13.35, 13.37, 1007800.0, 10.69
2011-11-09, 13.18, 13.47, 13.1, 13.24, 785700.0, 10.59
2011-11-10, 13.46, 13.66, 13.39, 13.63, 477000.0, 10.9
2011-11-11, 13.7, 13.74, 13.55, 13.65, 396400.0, 10.92
2011-11-14, 13.54, 13.6, 13.14, 13.27, 675000.0, 10.61
2011-11-15, 13.22, 13.22, 13.07, 13.09, 598800.0, 10.47
2011-11-16, 13.04, 13.13, 13.0, 13.03, 522700.0, 10.42
2011-11-17, 13.07, 13.15, 12.95, 13.0, 583500.0, 10.4
2011-11-18, 13.0, 13.12, 13.0, 13.03, 293100.0, 10.42
2011-11-21, 12.95, 13.06, 12.88, 12.91, 584400.0, 10.32
2011-11-22, 12.95, 13.03, 12.85, 12.91, 506700.0, 10.32
2011-11-23, 12.85, 12.86, 12.52, 12.64, 725200.0, 10.11
2011-11-25, 12.64, 12.76, 12.54, 12.54, 292400.0, 10.03
2011-11-28, 12.63, 12.86, 12.63, 12.73, 557200.0, 10.25
2011-11-29, 12.79, 12.98, 12.71, 12.95, 344400.0, 10.43
2011-11-30, 13.18, 13.22, 13.03, 13.15, 720900.0, 10.59
2011-12-01, 13.15, 13.24, 13.08, 13.17, 403300.0, 10.61
2011-12-02, 13.23, 13.25, 13.07, 13.17, 361900.0, 10.61
2011-12-05, 13.25, 13.28, 13.0, 13.11, 500100.0, 10.56
2011-12-06, 13.06, 13.22, 13.02, 13.2, 414500.0, 10.63
2011-12-07, 13.14, 13.25, 13.02, 13.18, 336000.0, 10.62
2011-12-08, 13.14, 13.17, 12.85, 12.87, 467800.0, 10.37
2011-12-09, 12.88, 13.13, 12.88, 13.09, 378700.0, 10.54
2011-12-12, 13.04, 13.26, 13.0, 13.24, 434000.0, 10.67
2011-12-13, 13.22, 13.3, 12.92, 12.93, 410400.0, 10.42
2011-12-14, 12.86, 13.06, 12.85, 12.99, 503700.0, 10.46
2011-12-15, 13.1, 13.25, 12.99, 13.25, 567600.0, 10.67
2011-12-16, 13.27, 13.58, 13.25, 13.52, 4676200.0, 10.89
2011-12-19, 13.61, 13.75, 13.53, 13.56, 806400.0, 10.92
2011-12-20, 13.69, 13.79, 13.63, 13.79, 673700.0, 11.11
2011-12-21, 13.78, 13.93, 13.71, 13.9, 291400.0, 11.2
2011-12-22, 13.94, 14.12, 13.84, 14.12, 491000.0, 11.37
2011-12-23, 14.15, 14.3, 14.1, 14.23, 363700.0, 11.46
2011-12-27, 14.19, 14.55, 14.15, 14.53, 360700.0, 11.7
2011-12-28, 14.3, 14.41, 14.11, 14.14, 372300.0, 11.46
2011-12-29, 14.15, 14.29, 14.08, 14.14, 354600.0, 11.46
2011-12-30, 14.13, 14.32, 14.08, 14.3, 334000.0, 11.59
2012-01-03, 14.43, 14.5, 14.36, 14.41, 514800.0, 11.68
2012-01-04, 14.37, 14.4, 14.19, 14.29, 319500.0, 11.59
2012-01-05, 14.25, 14.25, 14.11, 14.22, 331500.0, 11.53
2012-01-06, 14.16, 14.33, 14.09, 14.12, 457200.0, 11.45
2012-01-09, 14.19, 14.26, 14.05, 14.2, 420700.0, 11.51
2012-01-10, 14.34, 14.5, 14.31, 14.5, 508000.0, 11.76
2012-01-11, 14.49, 14.59, 14.4, 14.55, 362000.0, 11.8
2012-01-12, 14.58, 14.58, 14.39, 14.5, 286800.0, 11.76
2012-01-13, 14.42, 14.5, 14.37, 14.47, 373600.0, 11.73
2012-01-17, 14.65, 14.67, 14.45, 14.53, 428400.0, 11.78
2012-01-18, 14.51, 14.66, 14.45, 14.66, 296300.0, 11.89
2012-01-19, 14.66, 14.68, 14.44, 14.49, 371800.0, 11.75
2012-01-20, 14.5, 14.61, 14.45, 14.61, 405200.0, 11.85
2012-01-23, 14.64, 14.75, 14.61, 14.69, 299800.0, 11.91
2012-01-24, 14.6, 14.72, 14.53, 14.7, 349100.0, 11.92
2012-01-25, 14.71, 14.73, 14.52, 14.72, 311900.0, 11.93
2012-01-26, 14.8, 14.9, 14.73, 14.88, 369000.0, 12.06
2012-01-27, 14.78, 14.83, 14.64, 14.73, 283200.0, 12.02
2012-01-30, 14.68, 14.76, 14.63, 14.66, 288400.0, 11.96
2012-01-31, 14.74, 14.85, 14.63, 14.83, 421200.0, 12.1
2012-02-01, 14.89, 15.0, 14.83, 14.98, 539800.0, 12.22
2012-02-02, 14.99, 14.99, 14.83, 14.96, 332400.0, 12.21
2012-02-03, 14.95, 15.22, 14.92, 15.14, 511000.0, 12.35
2012-02-06, 15.08, 15.1, 14.75, 14.76, 435900.0, 12.04
2012-02-07, 14.54, 14.58, 14.4, 14.48, 1079200.0, 11.82
2012-02-08, 14.5, 14.64, 14.49, 14.6, 387600.0, 11.91
2012-02-09, 14.71, 14.71, 14.57, 14.6, 294200.0, 11.91
2012-02-10, 14.52, 14.59, 14.4, 14.4, 326600.0, 11.75
2012-02-13, 14.53, 14.63, 14.48, 14.59, 312900.0, 11.91
2012-02-14, 14.57, 14.59, 14.4, 14.45, 324400.0, 11.79
2012-02-15, 14.49, 14.57, 14.41, 14.42, 254500.0, 11.77
2012-02-16, 14.44, 14.76, 14.43, 14.69, 333800.0, 11.99
2012-02-17, 14.74, 14.76, 14.55, 14.69, 281200.0, 11.99
2012-02-21, 14.75, 14.76, 14.58, 14.64, 351800.0, 11.95
2012-02-22, 14.54, 14.66, 14.54, 14.57, 294400.0, 11.89
2012-02-23, 14.62, 14.73, 14.6, 14.73, 355900.0, 12.02
2012-02-24, 14.7, 14.8, 14.7, 14.74, 316600.0, 12.03
2012-02-27, 14.68, 14.76, 14.4, 14.6, 483400.0, 11.99
2012-02-28, 14.59, 14.6, 14.47, 14.55, 323000.0, 11.95
2012-02-29, 14.63, 14.65, 14.42, 14.49, 583900.0, 11.9
2012-03-01, 14.61, 14.61, 14.43, 14.47, 529900.0, 11.89
2012-03-02, 14.51, 14.57, 14.25, 14.38, 655600.0, 11.81
2012-03-05, 14.4, 14.48, 14.25, 14.29, 506000.0, 11.74
2012-03-06, 14.19, 14.28, 14.0, 14.03, 551700.0, 11.52
2012-03-07, 14.05, 14.19, 13.93, 14.19, 610600.0, 11.66
2012-03-08, 14.25, 14.38, 14.13, 14.35, 355300.0, 11.79
2012-03-09, 14.31, 14.43, 14.29, 14.36, 383000.0, 11.79
2012-03-12, 14.33, 14.4, 14.18, 14.24, 349000.0, 11.7
2012-03-13, 14.26, 14.33, 14.13, 14.33, 475100.0, 11.77
2012-03-14, 14.35, 14.36, 14.02, 14.05, 604700.0, 11.54
2012-03-15, 14.01, 14.07, 13.93, 14.03, 446900.0, 11.52
2012-03-16, 14.07, 14.1, 13.8, 13.81, 760700.0, 11.34
2012-03-19, 13.86, 14.03, 13.75, 14.01, 474900.0, 11.51
2012-03-20, 13.95, 14.03, 13.86, 13.95, 330000.0, 11.46
2012-03-21, 13.96, 14.01, 13.87, 13.92, 265000.0, 11.43
2012-03-22, 13.84, 13.87, 13.7, 13.7, 395900.0, 11.25
2012-03-23, 13.66, 13.9, 13.57, 13.89, 447200.0, 11.41
2012-03-26, 13.98, 14.15, 13.91, 14.13, 481800.0, 11.61
2012-03-27, 14.12, 14.18, 14.08, 14.09, 331700.0, 11.57
2012-03-28, 14.05, 14.1, 13.81, 13.87, 90800.0, 11.47
2012-03-29, 13.83, 13.87, 13.64, 13.82, 396000.0, 11.43
2012-03-30, 13.88, 13.92, 13.7, 13.84, 327500.0, 11.45
2012-04-02, 13.8, 13.97, 13.72, 13.97, 438300.0, 11.55
2012-04-03, 13.95, 13.98, 13.71, 13.72, 447700.0, 11.35
2012-04-04, 13.69, 13.73, 13.63, 13.68, 378500.0, 11.31
2012-04-05, 13.74, 13.75, 13.59, 13.6, 280600.0, 11.25
2012-04-09, 13.54, 13.79, 13.51, 13.68, 447100.0, 11.31
2012-04-10, 13.67, 13.7, 13.42, 13.43, 494400.0, 11.11
2012-04-11, 13.53, 13.68, 13.47, 13.68, 345400.0, 11.31
2012-04-12, 13.72, 13.79, 13.64, 13.74, 317900.0, 11.36
2012-04-13, 13.74, 13.8, 13.53, 13.67, 339400.0, 11.31
2012-04-16, 13.76, 13.79, 13.6, 13.7, 228400.0, 11.33
2012-04-17, 13.78, 13.97, 13.69, 13.88, 351700.0, 11.48
2012-04-18, 13.87, 13.94, 13.73, 13.86, 298600.0, 11.46
2012-04-19, 13.82, 14.02, 13.72, 13.85, 278400.0, 11.45
2012-04-20, 14.03, 14.16, 13.92, 14.09, 438800.0, 11.65
2012-04-23, 14.0, 14.02, 13.85, 13.95, 358000.0, 11.54
2012-04-24, 13.95, 14.14, 13.95, 14.14, 288700.0, 11.69
2012-04-25, 14.16, 14.33, 14.12, 14.28, 385700.0, 11.81
2012-04-26, 14.2, 14.25, 14.05, 14.25, 91800.0, 11.87
2012-04-27, 14.29, 14.29, 14.2, 14.27, 290300.0, 11.88
2012-04-30, 14.21, 14.34, 14.17, 14.28, 308100.0, 11.89
2012-05-01, 14.24, 14.49, 14.21, 14.27, 451900.0, 11.88
2012-05-02, 14.24, 14.34, 14.17, 14.34, 310900.0, 11.94
2012-05-03, 14.32, 14.39, 14.17, 14.19, 320000.0, 11.82
2012-05-04, 14.12, 14.2, 13.96, 13.97, 400800.0, 11.63
2012-05-07, 13.99, 14.11, 13.93, 14.11, 215000.0, 11.75
2012-05-08, 14.04, 14.1, 13.85, 14.0, 417300.0, 11.66
2012-05-09, 13.91, 14.08, 13.85, 13.96, 340000.0, 11.62
2012-05-10, 14.07, 14.23, 14.05, 14.23, 246900.0, 11.85
2012-05-11, 14.24, 14.29, 14.03, 14.07, 307100.0, 11.72
2012-05-14, 14.02, 14.04, 13.89, 13.91, 282600.0, 11.58
2012-05-15, 13.87, 13.97, 13.73, 13.76, 311000.0, 11.46
2012-05-16, 13.77, 13.84, 13.7, 13.7, 249900.0, 11.41
2012-05-17, 13.7, 13.79, 13.64, 13.64, 311200.0, 11.36
2012-05-18, 13.71, 13.72, 13.55, 13.68, 579300.0, 11.39
2012-05-21, 13.7, 14.0, 13.68, 14.0, 263200.0, 11.66
2012-05-22, 13.91, 13.94, 13.75, 13.9, 404500.0, 11.57
2012-05-23, 13.82, 13.87, 13.46, 13.64, 408000.0, 11.36
2012-05-24, 13.64, 13.73, 13.55, 13.71, 265700.0, 11.42
2012-05-25, 13.72, 13.77, 13.62, 13.68, 244500.0, 11.39
2012-05-29, 13.73, 13.81, 13.61, 13.78, 235000.0, 11.55
2012-05-30, 13.65, 13.69, 13.47, 13.49, 405600.0, 11.31
2012-05-31, 13.47, 13.56, 13.3, 13.34, 481700.0, 11.18
2012-06-01, 13.24, 13.28, 13.06, 13.14, 566100.0, 11.02
2012-06-04, 13.17, 13.25, 13.0, 13.07, 452300.0, 10.96
2012-06-05, 13.11, 13.25, 13.1, 13.24, 359200.0, 11.1
2012-06-06, 13.3, 13.59, 13.29, 13.58, 558400.0, 11.39
2012-06-07, 13.7, 13.74, 13.52, 13.56, 418300.0, 11.37
2012-06-08, 13.42, 13.55, 13.42, 13.52, 282300.0, 11.33
2012-06-11, 13.67, 13.67, 13.39, 13.39, 576100.0, 11.23
2012-06-12, 13.45, 13.57, 13.33, 13.57, 408500.0, 11.38
2012-06-13, 13.49, 13.63, 13.49, 13.6, 403000.0, 11.4
2012-06-14, 13.65, 13.69, 13.58, 13.69, 311300.0, 11.48
2012-06-15, 13.6, 13.64, 13.36, 13.38, 845900.0, 11.22
2012-06-18, 13.35, 13.5, 13.3, 13.37, 450300.0, 11.21
2012-06-19, 13.4, 13.57, 13.35, 13.51, 522300.0, 11.33
2012-06-20, 13.54, 13.63, 13.39, 13.51, 387100.0, 11.33
2012-06-21, 13.55, 13.55, 13.36, 13.36, 347500.0, 11.2
2012-06-22, 13.47, 13.51, 13.37, 13.47, 618900.0, 11.29
2012-06-25, 13.4, 13.48, 13.3, 13.3, 433700.0, 11.15
2012-06-26, 13.37, 13.45, 13.25, 13.29, 602000.0, 11.14
2012-06-27, 12.69, 12.8, 12.55, 12.61, 5494700.0, 10.65
2012-06-28, 12.6, 12.73, 12.58, 12.73, 1077400.0, 10.75
2012-06-29, 12.95, 12.95, 12.71, 12.81, 1171500.0, 10.82
2012-07-02, 12.9, 13.25, 12.86, 13.14, 1044500.0, 11.09
2012-07-03, 13.06, 13.29, 13.04, 13.1, 472100.0, 11.06
2012-07-05, 13.15, 13.34, 13.1, 13.3, 546800.0, 11.23
2012-07-06, 13.24, 13.41, 13.23, 13.36, 470500.0, 11.28
2012-07-09, 13.37, 13.48, 13.32, 13.45, 466100.0, 11.36
2012-07-10, 13.5, 13.52, 13.35, 13.37, 556800.0, 11.29
2012-07-11, 13.43, 13.48, 13.35, 13.45, 458000.0, 11.36
2012-07-12, 13.4, 13.49, 13.36, 13.44, 423500.0, 11.35
2012-07-13, 13.45, 13.55, 13.45, 13.53, 377700.0, 11.42
2012-07-16, 13.52, 13.67, 13.49, 13.61, 340500.0, 11.49
2012-07-17, 13.67, 13.74, 13.6, 13.64, 571700.0, 11.52
2012-07-18, 13.69, 13.71, 13.62, 13.66, 428400.0, 11.53
2012-07-19, 13.73, 13.74, 13.58, 13.58, 446800.0, 11.47
2012-07-20, 13.53, 13.69, 13.51, 13.62, 566000.0, 11.5
2012-07-23, 13.52, 13.61, 13.47, 13.53, 407400.0, 11.42
2012-07-24, 13.55, 13.58, 13.32, 13.37, 489800.0, 11.29
2012-07-25, 13.46, 13.61, 13.4, 13.55, 498700.0, 11.44
2012-07-26, 13.62, 13.65, 13.55, 13.6, 638100.0, 11.48
2012-07-27, 13.6, 13.72, 13.54, 13.69, 558800.0, 11.64
2012-07-30, 13.74, 13.87, 13.69, 13.84, 500100.0, 11.77
2012-07-31, 13.86, 13.9, 13.74, 13.78, 433400.0, 11.72
2012-08-01, 13.85, 13.87, 13.62, 13.62, 587300.0, 11.58
2012-08-02, 13.6, 13.66, 13.45, 13.47, 618000.0, 11.45
2012-08-03, 13.61, 13.65, 13.55, 13.6, 430500.0, 11.56
2012-08-06, 13.66, 13.78, 13.6, 13.75, 430000.0, 11.69
2012-08-07, 13.76, 13.9, 13.73, 13.84, 464400.0, 11.77
2012-08-08, 13.84, 13.98, 13.84, 13.92, 357900.0, 11.83
2012-08-09, 13.9, 13.98, 13.85, 13.94, 311600.0, 11.85
2012-08-10, 13.87, 13.92, 13.77, 13.89, 363100.0, 11.81
2012-08-13, 13.91, 14.0, 13.83, 13.99, 347900.0, 11.89
2012-08-14, 14.02, 14.02, 13.93, 13.97, 378300.0, 11.88
2012-08-15, 13.97, 14.02, 13.87, 13.99, 263600.0, 11.89
2012-08-16, 14.0, 14.08, 13.92, 14.08, 330000.0, 11.97
2012-08-17, 14.05, 14.1, 14.01, 14.1, 330400.0, 11.99
2012-08-20, 14.1, 14.2, 14.05, 14.18, 343100.0, 12.06
2012-08-21, 14.23, 14.29, 14.16, 14.18, 365900.0, 12.06
2012-08-22, 14.12, 14.28, 14.11, 14.25, 367000.0, 12.12
2012-08-23, 14.24, 14.28, 14.19, 14.22, 334800.0, 12.09
2012-08-24, 14.24, 14.3, 14.22, 14.25, 367300.0, 12.12
2012-08-27, 14.4, 14.5, 14.23, 14.34, 354300.0, 12.19
2012-08-28, 14.37, 14.41, 14.27, 14.35, 444500.0, 12.2
2012-08-29, 14.33, 14.34, 14.12, 14.16, 305100.0, 12.12
2012-08-30, 14.12, 14.16, 14.01, 14.01, 274100.0, 11.99
2012-08-31, 14.11, 14.13, 14.0, 14.11, 212500.0, 12.08
2012-09-04, 14.17, 14.3, 14.08, 14.28, 359600.0, 12.22
2012-09-05, 14.28, 14.31, 14.15, 14.19, 309200.0, 12.15
2012-09-06, 14.27, 14.38, 14.26, 14.38, 404900.0, 12.31
2012-09-07, 14.39, 14.5, 14.34, 14.46, 322200.0, 12.38
2012-09-10, 14.35, 14.49, 14.35, 14.45, 289200.0, 12.37
2012-09-11, 14.51, 14.54, 14.45, 14.54, 268200.0, 12.45
2012-09-12, 14.5, 14.53, 14.36, 14.47, 330400.0, 12.39
2012-09-13, 14.46, 14.72, 14.45, 14.72, 396900.0, 12.6
2012-09-14, 14.72, 14.78, 14.58, 14.64, 505000.0, 12.53
2012-09-17, 14.57, 14.62, 14.51, 14.6, 286400.0, 12.5
2012-09-18, 14.61, 14.73, 14.6, 14.68, 286100.0, 12.57
2012-09-19, 14.7, 14.85, 14.67, 14.82, 319400.0, 12.69
2012-09-20, 14.76, 14.84, 14.68, 14.81, 330100.0, 12.68
2012-09-21, 14.88, 14.92, 14.82, 14.88, 821900.0, 12.74
2012-09-24, 14.87, 14.95, 14.82, 14.85, 384100.0, 12.71
2012-09-25, 14.95, 15.05, 14.9, 14.9, 589200.0, 12.75
2012-09-26, 14.78, 14.95, 14.76, 14.88, 364000.0, 12.82
2012-09-27, 14.9, 15.03, 14.85, 15.03, 438000.0, 12.95
2012-09-28, 14.97, 15.04, 14.9, 14.96, 298700.0, 12.89
2012-10-01, 14.99, 15.09, 14.85, 14.95, 326900.0, 12.88
2012-10-02, 14.97, 15.0, 14.85, 14.91, 266400.0, 12.85
2012-10-03, 14.89, 14.99, 14.87, 14.9, 290000.0, 12.84
2012-10-04, 14.94, 15.05, 14.89, 15.05, 287000.0, 12.97
2012-10-05, 15.08, 15.17, 15.06, 15.17, 378900.0, 13.07
2012-10-08, 15.16, 15.17, 15.05, 15.06, 184400.0, 12.98
2012-10-09, 15.16, 15.16, 14.92, 14.92, 289400.0, 12.86
2012-10-10, 14.98, 15.0, 14.76, 14.88, 317600.0, 12.82
2012-10-11, 14.95, 15.04, 14.84, 14.93, 234200.0, 12.86
2012-10-12, 14.9, 15.03, 14.8, 14.81, 349600.0, 12.76
2012-10-15, 14.81, 14.95, 14.81, 14.91, 292200.0, 12.85
2012-10-16, 14.88, 14.95, 14.83, 14.92, 313700.0, 12.86
2012-10-17, 14.94, 15.12, 14.91, 15.07, 239900.0, 12.99
2012-10-18, 15.07, 15.12, 14.95, 15.02, 277700.0, 12.94
2012-10-19, 14.93, 14.98, 14.81, 14.9, 416600.0, 12.84
2012-10-22, 14.91, 14.99, 14.86, 14.97, 226600.0, 12.9
2012-10-23, 14.9, 14.97, 14.8, 14.9, 307800.0, 12.84
2012-10-24, 14.99, 15.0, 14.78, 14.82, 273200.0, 12.77
2012-10-25, 14.88, 14.95, 14.8, 14.86, 287700.0, 12.8
2012-10-26, 14.87, 14.94, 14.78, 14.81, 215600.0, 12.76
2012-10-31, 14.8, 15.02, 14.78, 15.02, 549600.0, 12.94
2012-11-01, 15.05, 15.15, 14.98, 15.11, 578700.0, 13.02
2012-11-02, 15.15, 15.18, 14.94, 14.94, 504300.0, 12.87
2012-11-05, 14.98, 15.06, 14.82, 14.84, 437700.0, 12.79
2012-11-06, 14.79, 14.79, 13.21, 13.28, 2826600.0, 11.44
2012-11-07, 13.35, 13.35, 12.48, 12.65, 2133600.0, 10.9
2012-11-08, 12.66, 12.66, 12.03, 12.03, 2037800.0, 10.37
2012-11-09, 11.74, 12.12, 11.58, 11.99, 1413300.0, 10.33
2012-11-12, 12.05, 12.36, 12.0, 12.34, 800000.0, 10.63
2012-11-13, 12.46, 12.47, 12.21, 12.33, 715700.0, 10.62
2012-11-14, 12.38, 12.38, 11.9, 11.94, 918800.0, 10.29
2012-11-15, 11.97, 11.97, 11.41, 11.63, 1150500.0, 10.02
2012-11-16, 11.67, 11.9, 11.49, 11.86, 762100.0, 10.22
2012-11-19, 11.92, 12.02, 11.9, 12.01, 836600.0, 10.35
2012-11-20, 11.99, 12.01, 11.77, 11.88, 451400.0, 10.24
2012-11-21, 11.87, 11.97, 11.83, 11.97, 355200.0, 10.31
2012-11-23, 12.0, 12.12, 11.95, 12.02, 293000.0, 10.36
2012-11-26, 12.08, 12.08, 11.86, 11.89, 490500.0, 10.25
2012-11-27, 11.9, 11.92, 11.79, 11.86, 562700.0, 10.22
2012-11-28, 11.7, 11.79, 11.51, 11.71, 544900.0, 10.17
2012-11-29, 11.74, 11.85, 11.67, 11.72, 484600.0, 10.18
2012-11-30, 11.69, 11.85, 11.64, 11.8, 632800.0, 10.25
2012-12-03, 11.76, 11.85, 11.6, 11.68, 703000.0, 10.15
2012-12-04, 11.61, 11.79, 11.59, 11.64, 368600.0, 10.11
2012-12-05, 11.64, 11.7, 11.51, 11.57, 543400.0, 10.05
2012-12-06, 11.55, 11.68, 11.27, 11.31, 778800.0, 9.82
2012-12-07, 11.25, 11.44, 11.25, 11.32, 602200.0, 9.83
2012-12-10, 11.32, 11.46, 11.31, 11.46, 499000.0, 9.96
2012-12-11, 11.45, 11.74, 11.44, 11.6, 592200.0, 10.08
2012-12-12, 11.58, 11.6, 11.17, 11.18, 1118200.0, 9.71
2012-12-13, 11.15, 11.15, 10.72, 10.97, 1619200.0, 9.53
2012-12-14, 10.92, 11.04, 10.79, 10.89, 830000.0, 9.46
2012-12-17, 10.96, 11.18, 10.89, 11.17, 779700.0, 9.7
2012-12-18, 11.15, 11.5, 11.15, 11.45, 785000.0, 9.95
2012-12-19, 11.41, 11.58, 11.4, 11.45, 660800.0, 9.95
2012-12-20, 11.45, 11.6, 11.42, 11.52, 607200.0, 10.01
2012-12-21, 11.4, 11.61, 11.14, 11.59, 1416200.0, 10.07
2012-12-24, 11.64, 11.64, 11.39, 11.43, 367000.0, 9.93
2012-12-26, 11.43, 11.54, 11.32, 11.36, 416500.0, 9.87
2012-12-27, 11.28, 11.49, 11.26, 11.48, 687500.0, 10.06
2012-12-28, 11.46, 11.46, 11.25, 11.26, 544400.0, 9.87
2012-12-31, 11.23, 11.48, 11.17, 11.43, 842100.0, 10.01
2013-01-02, 11.63, 12.05, 11.59, 12.05, 1252100.0, 10.56
2013-01-03, 11.99, 12.02, 11.43, 11.47, 935800.0, 10.05
2013-01-04, 11.56, 11.82, 11.47, 11.78, 654400.0, 10.32
2013-01-07, 11.81, 11.85, 11.66, 11.73, 537200.0, 10.28
2013-01-08, 11.76, 11.91, 11.68, 11.91, 565600.0, 10.44
2013-01-09, 11.97, 12.03, 11.87, 11.99, 507900.0, 10.51
2013-01-10, 12.02, 12.21, 11.96, 12.21, 561800.0, 10.7
2013-01-11, 12.24, 12.37, 12.21, 12.33, 506600.0, 10.8
2013-01-14, 12.34, 12.59, 12.3, 12.59, 770100.0, 11.03
2013-01-15, 12.57, 12.63, 12.5, 12.59, 699200.0, 11.03
2013-01-16, 12.59, 12.6, 12.5, 12.57, 462400.0, 11.01
2013-01-17, 12.6, 12.77, 12.52, 12.68, 517200.0, 11.11
2013-01-18, 12.66, 12.76, 12.6, 12.73, 495400.0, 11.15
2013-01-22, 12.84, 12.97, 12.78, 12.95, 615300.0, 11.35
2013-01-23, 12.98, 13.03, 12.91, 12.94, 495400.0, 11.34
2013-01-24, 12.77, 12.82, 12.65, 12.7, 766000.0, 11.13
2013-01-25, 12.69, 12.7, 12.45, 12.63, 979200.0, 11.07
2013-01-28, 12.63, 12.81, 12.53, 12.8, 611600.0, 11.22
2013-01-29, 12.77, 12.97, 12.71, 12.96, 818000.0, 11.44
2013-01-30, 12.94, 12.96, 12.76, 12.85, 630500.0, 11.34
2013-01-31, 12.81, 12.81, 12.03, 12.29, 1749300.0, 10.85
2013-02-01, 12.22, 12.33, 11.52, 11.62, 1894400.0, 10.26
2013-02-04, 11.51, 11.87, 11.47, 11.7, 1393800.0, 10.33
2013-02-05, 11.72, 11.98, 11.66, 11.9, 713800.0, 10.5
2013-02-06, 11.88, 11.98, 11.81, 11.92, 567300.0, 10.52
2013-02-07, 11.91, 12.12, 11.84, 12.09, 683200.0, 10.67
2013-02-08, 12.13, 12.22, 12.03, 12.22, 660700.0, 10.79
2013-02-11, 12.29, 12.29, 12.07, 12.15, 519700.0, 10.73
2013-02-12, 12.14, 12.19, 12.05, 12.08, 747000.0, 10.66
2013-02-13, 12.11, 12.21, 12.08, 12.15, 522500.0, 10.73
2013-02-14, 12.13, 12.17, 11.86, 11.89, 627900.0, 10.5
2013-02-15, 11.94, 11.95, 11.41, 11.51, 1020700.0, 10.16
2013-02-19, 11.5, 11.5, 10.95, 11.07, 1844200.0, 9.77
2013-02-20, 11.0, 11.0, 10.55, 10.59, 2223600.0, 9.35
2013-02-21, 10.56, 10.65, 10.27, 10.34, 1296400.0, 9.13
2013-02-22, 10.39, 10.68, 10.32, 10.58, 945900.0, 9.34
2013-02-25, 10.64, 10.9, 10.44, 10.46, 1055700.0, 9.23
2013-02-26, 10.43, 10.44, 10.3, 10.35, 634500.0, 9.22
2013-02-27, 10.31, 10.49, 10.28, 10.32, 812000.0, 9.19
2013-02-28, 10.25, 10.27, 9.9, 9.97, 1664900.0, 8.88
2013-03-01, 6.19, 7.32, 6.07, 7.12, 9548100.0, 6.34
2013-03-04, 6.67, 6.69, 5.8, 5.91, 9058900.0, 5.26
2013-03-05, 5.88, 6.07, 5.57, 5.68, 4371500.0, 5.06
2013-03-06, 5.63, 5.7, 5.35, 5.66, 4068400.0, 5.04
2013-03-07, 5.54, 5.77, 5.54, 5.6, 2492100.0, 4.99
2013-03-08, 5.58, 5.63, 5.4, 5.43, 2241100.0, 4.84
2013-03-11, 5.41, 5.57, 5.27, 5.55, 2662100.0, 4.94
2013-03-12, 5.62, 5.7, 5.5, 5.6, 1572600.0, 4.99
2013-03-13, 5.59, 5.8, 5.51, 5.78, 1645800.0, 5.15
2013-03-14, 5.79, 5.8, 5.37, 5.41, 2380200.0, 4.82
2013-03-15, 5.4, 5.48, 5.22, 5.35, 2377300.0, 4.77
2013-03-18, 5.3, 5.33, 5.14, 5.18, 1566400.0, 4.61
2013-03-19, 5.16, 5.25, 5.02, 5.14, 2156600.0, 4.58
2013-03-20, 5.16, 5.26, 5.12, 5.2, 1520900.0, 4.63
2013-03-21, 5.21, 5.25, 5.1, 5.12, 1214400.0, 4.56
2013-03-22, 5.14, 5.2, 5.09, 5.17, 1068200.0, 4.61
2013-03-25, 5.13, 5.16, 4.85, 4.87, 2391800.0, 4.34
2013-03-26, 4.82, 4.83, 4.56, 4.75, 2906300.0, 4.26
2013-03-27, 4.88, 5.15, 4.85, 5.0, 2640600.0, 4.48
2013-03-28, 5.03, 5.13, 4.91, 4.93, 1380800.0, 4.42
2013-04-01, 4.94, 5.01, 4.65, 4.66, 1367500.0, 4.18
2013-04-02, 4.7, 5.03, 4.66, 4.99, 1927400.0, 4.48
2013-04-03, 5.06, 5.1, 4.83, 4.87, 1373500.0, 4.37
2013-04-04, 4.89, 4.97, 4.78, 4.93, 790600.0, 4.42
2013-04-05, 4.84, 4.9, 4.75, 4.8, 874800.0, 4.3
2013-04-08, 4.84, 4.88, 4.65, 4.75, 1170500.0, 4.26
2013-04-09, 4.75, 4.87, 4.7, 4.82, 890300.0, 4.32
2013-04-10, 4.83, 4.99, 4.76, 4.9, 938500.0, 4.39
2013-04-11, 4.92, 4.92, 4.78, 4.8, 709000.0, 4.3
2013-04-12, 4.85, 5.25, 4.82, 5.05, 2278900.0, 4.53
2013-04-15, 5.04, 5.04, 4.57, 4.58, 2437400.0, 4.11
2013-04-16, 4.67, 5.03, 4.66, 4.94, 1742400.0, 4.43
2013-04-17, 4.91, 4.93, 4.64, 4.66, 1580600.0, 4.18
2013-04-18, 4.68, 4.77, 4.6, 4.63, 1327000.0, 4.15
2013-04-19, 4.66, 4.69, 4.59, 4.6, 917800.0, 4.13
2013-04-22, 4.62, 4.66, 4.44, 4.6, 1096000.0, 4.13
2013-04-23, 4.66, 4.81, 4.63, 4.73, 1160100.0, 4.24
2013-04-24, 4.71, 4.77, 4.61, 4.7, 709500.0, 4.22
2013-04-25, 4.72, 4.89, 4.67, 4.79, 1015900.0, 4.3
2013-04-26, 4.74, 4.83, 4.68, 4.73, 723000.0, 4.27
2013-04-29, 4.74, 4.79, 4.64, 4.65, 863600.0, 4.2
2013-04-30, 4.65, 4.73, 4.65, 4.7, 651100.0, 4.24
2013-05-01, 4.71, 4.71, 4.6, 4.6, 934200.0, 4.15
2013-05-02, 4.63, 4.64, 4.54, 4.54, 917900.0, 4.1
2013-05-03, 4.6, 4.77, 4.59, 4.72, 1460200.0, 4.26
2013-05-06, 4.74, 4.77, 4.62, 4.65, 788200.0, 4.2
2013-05-07, 4.63, 4.68, 4.61, 4.68, 481500.0, 4.23
2013-05-08, 4.66, 4.8, 4.66, 4.76, 749100.0, 4.3
2013-05-09, 4.85, 5.48, 4.79, 5.44, 3544100.0, 4.91
2013-05-10, 5.43, 5.57, 5.14, 5.31, 2063000.0, 4.8
2013-05-13, 5.28, 5.31, 5.16, 5.24, 943500.0, 4.73
2013-05-14, 5.21, 5.29, 5.09, 5.15, 1045700.0, 4.65
2013-05-15, 5.15, 5.25, 5.03, 5.13, 1103600.0, 4.63
2013-05-16, 5.1, 5.25, 5.07, 5.08, 1117300.0, 4.59
2013-05-17, 5.05, 5.12, 4.8, 4.82, 2148800.0, 4.35
2013-05-20, 4.82, 4.99, 4.82, 4.95, 1087000.0, 4.47
2013-05-21, 4.88, 5.06, 4.88, 4.91, 903300.0, 4.43
2013-05-22, 4.9, 5.04, 4.82, 4.89, 1427800.0, 4.42
2013-05-23, 4.89, 4.93, 4.83, 4.89, 553100.0, 4.42
2013-05-24, 4.87, 4.92, 4.81, 4.88, 567700.0, 4.41
2013-05-28, 4.87, 4.98, 4.86, 4.94, 1012200.0, 4.46
2013-05-29, 4.85, 4.89, 4.84, 4.85, 655600.0, 4.41
2013-05-30, 4.84, 4.93, 4.81, 4.92, 444500.0, 4.47
2013-05-31, 4.89, 4.89, 4.73, 4.75, 1081600.0, 4.32
2013-06-03, 4.77, 4.8, 4.69, 4.76, 878000.0, 4.33
2013-06-04, 4.74, 4.77, 4.69, 4.7, 683300.0, 4.27
2013-06-05, 4.69, 4.71, 4.65, 4.68, 609100.0, 4.25
2013-06-06, 4.67, 4.75, 4.65, 4.72, 608400.0, 4.29
2013-06-07, 4.75, 4.76, 4.65, 4.7, 580700.0, 4.27
2013-06-10, 4.72, 4.75, 4.64, 4.72, 355800.0, 4.29
2013-06-11, 4.66, 4.73, 4.63, 4.7, 402600.0, 4.27
2013-06-12, 4.73, 4.82, 4.64, 4.66, 552000.0, 4.24
2013-06-13, 4.7, 4.8, 4.65, 4.79, 433100.0, 4.35
2013-06-14, 4.77, 4.88, 4.75, 4.84, 652500.0, 4.4
2013-06-17, 4.77, 4.84, 4.65, 4.65, 882800.0, 4.23
2013-06-18, 4.65, 4.68, 4.51, 4.51, 1009400.0, 4.1
2013-06-19, 4.52, 4.57, 4.29, 4.34, 1760800.0, 3.94
2013-06-20, 4.27, 4.31, 4.0, 4.02, 2088400.0, 3.65
2013-06-21, 4.06, 4.31, 4.03, 4.3, 1847400.0, 3.91
2013-06-24, 4.2, 4.22, 4.07, 4.19, 970700.0, 3.81
2013-06-25, 4.22, 4.24, 4.08, 4.12, 728400.0, 3.74
2013-06-26, 4.14, 4.14, 3.9, 3.9, 1178100.0, 3.57
2013-06-27, 3.92, 3.98, 3.86, 3.95, 909700.0, 3.62
2013-06-28, 3.95, 3.96, 3.87, 3.94, 1463600.0, 3.61
2013-07-01, 3.99, 4.13, 3.96, 4.09, 637700.0, 3.75
2013-07-02, 4.05, 4.11, 3.97, 4.0, 665400.0, 3.66
2013-07-03, 4.0, 4.0, 3.86, 3.91, 763600.0, 3.58
2013-07-05, 3.94, 3.95, 3.81, 3.89, 648000.0, 3.56
2013-07-08, 3.9, 4.0, 3.88, 3.98, 657500.0, 3.65
2013-07-09, 3.99, 4.17, 3.97, 4.09, 1214700.0, 3.75
2013-07-10, 4.13, 4.25, 4.11, 4.16, 1190300.0, 3.81
2013-07-11, 4.24, 4.4, 4.19, 4.39, 1264400.0, 4.02
2013-07-12, 4.41, 4.47, 4.31, 4.39, 825400.0, 4.02
2013-07-15, 4.36, 4.47, 4.35, 4.46, 657200.0, 4.09
2013-07-16, 4.47, 4.55, 4.41, 4.53, 598100.0, 4.15
2013-07-17, 4.57, 4.66, 4.55, 4.65, 850000.0, 4.26
2013-07-18, 4.56, 4.59, 4.4, 4.45, 1132600.0, 4.08
2013-07-19, 4.41, 4.44, 4.21, 4.32, 926100.0, 3.96
2013-07-22, 4.36, 4.5, 4.32, 4.49, 598300.0, 4.11
2013-07-23, 4.48, 4.55, 4.44, 4.54, 596800.0, 4.16
2013-07-24, 4.55, 4.59, 4.32, 4.35, 684700.0, 3.98
2013-07-25, 4.33, 4.49, 4.3, 4.44, 501800.0, 4.07
2013-07-26, 4.4, 4.44, 4.33, 4.37, 395400.0, 4.0
2013-07-29, 4.34, 4.39, 4.28, 4.29, 390800.0, 3.96
2013-07-30, 4.32, 4.35, 4.27, 4.32, 443700.0, 3.99
2013-07-31, 4.34, 4.35, 4.22, 4.26, 524600.0, 3.93
2013-08-01, 4.27, 4.33, 4.18, 4.21, 799500.0, 3.88
2013-08-02, 4.19, 4.26, 4.14, 4.17, 603000.0, 3.85
2013-08-05, 4.13, 4.29, 4.13, 4.28, 530800.0, 3.95
2013-08-06, 4.25, 4.25, 4.04, 4.04, 711000.0, 3.73
2013-08-07, 4.03, 4.12, 4.0, 4.08, 502600.0, 3.77
2013-08-08, 4.08, 4.1, 3.96, 3.97, 764000.0, 3.66
2013-08-09, 3.96, 4.09, 3.9, 4.05, 1067000.0, 3.74
2013-08-12, 4.08, 4.25, 4.05, 4.25, 716200.0, 3.92
2013-08-13, 4.24, 4.26, 4.12, 4.12, 581800.0, 3.8
2013-08-14, 4.11, 4.16, 4.06, 4.12, 638100.0, 3.8
2013-08-15, 4.11, 4.17, 4.0, 4.13, 670100.0, 3.81
2013-08-16, 4.1, 4.17, 4.0, 4.04, 518300.0, 3.73
2013-08-19, 4.05, 4.15, 4.03, 4.05, 636600.0, 3.74
2013-08-20, 4.04, 4.08, 4.01, 4.02, 635400.0, 3.71
2013-08-21, 4.02, 4.08, 3.95, 4.01, 723700.0, 3.7
2013-08-22, 4.01, 4.04, 3.95, 3.97, 632400.0, 3.66
2013-08-23, 3.95, 4.09, 3.95, 4.09, 685000.0, 3.77
2013-08-26, 4.1, 4.15, 4.05, 4.15, 459300.0, 3.83
2013-08-27, 4.11, 4.16, 4.0, 4.02, 521600.0, 3.71
2013-08-28, 4.0, 4.04, 3.96, 3.98, 600700.0, 3.7
2013-08-29, 3.98, 4.05, 3.93, 4.03, 866700.0, 3.75
2013-08-30, 4.02, 4.08, 3.97, 3.97, 494800.0, 3.69
2013-09-03, 4.03, 4.07, 3.95, 3.98, 447600.0, 3.7
2013-09-04, 4.0, 4.05, 3.96, 4.0, 612200.0, 3.72
2013-09-05, 4.01, 4.05, 3.98, 4.05, 572800.0, 3.77
2013-09-06, 4.08, 4.14, 4.04, 4.06, 469900.0, 3.78
2013-09-09, 4.06, 4.13, 4.05, 4.1, 490500.0, 3.81
2013-09-10, 4.13, 4.14, 4.06, 4.09, 564100.0, 3.8
2013-09-11, 4.09, 4.13, 4.04, 4.09, 497400.0, 3.8
2013-09-12, 4.09, 4.14, 4.05, 4.05, 347200.0, 3.77
2013-09-13, 4.06, 4.08, 4.02, 4.04, 420700.0, 3.76
2013-09-16, 4.05, 4.1, 4.01, 4.03, 441100.0, 3.75
2013-09-17, 4.02, 4.08, 4.02, 4.05, 520500.0, 3.77
2013-09-18, 4.04, 4.22, 4.02, 4.2, 747500.0, 3.91
2013-09-19, 4.2, 4.28, 4.15, 4.25, 644500.0, 3.95
2013-09-20, 4.25, 4.3, 4.13, 4.21, 1098300.0, 3.92
2013-09-23, 4.18, 4.35, 4.18, 4.26, 729100.0, 3.96
2013-09-24, 4.25, 4.3, 4.2, 4.24, 416200.0, 3.94
2013-09-25, 4.25, 4.35, 4.24, 4.3, 553400.0, 4.0
2013-09-26, 4.28, 4.32, 4.23, 4.29, 577800.0, 4.02
2013-09-27, 4.24, 4.28, 4.19, 4.25, 355800.0, 3.98
2013-09-30, 4.23, 4.31, 4.2, 4.31, 733000.0, 4.04
2013-10-01, 4.33, 4.61, 4.3, 4.61, 2266000.0, 4.32
2013-10-02, 4.62, 4.91, 4.57, 4.83, 2354100.0, 4.53
2013-10-03, 4.85, 4.86, 4.53, 4.55, 1628000.0, 4.26
2013-10-04, 4.55, 4.74, 4.54, 4.54, 891300.0, 4.25
2013-10-07, 4.47, 4.61, 4.43, 4.58, 748700.0, 4.29
2013-10-08, 4.59, 4.64, 4.5, 4.52, 660900.0, 4.24
2013-10-09, 4.55, 4.62, 4.46, 4.49, 696300.0, 4.21
2013-10-10, 4.54, 4.63, 4.51, 4.58, 622700.0, 4.29
2013-10-11, 4.58, 4.86, 4.58, 4.86, 1131400.0, 4.55
2013-10-14, 4.86, 4.99, 4.72, 4.91, 1070000.0, 4.6
2013-10-15, 4.89, 4.99, 4.85, 4.89, 1043000.0, 4.58
2013-10-16, 4.95, 4.96, 4.84, 4.89, 601700.0, 4.58
2013-10-17, 4.91, 5.15, 4.89, 5.12, 1388200.0, 4.8
2013-10-18, 5.14, 5.36, 5.13, 5.29, 1374400.0, 4.96
2013-10-21, 5.24, 5.28, 4.87, 5.04, 1729400.0, 4.72
2013-10-22, 5.06, 5.12, 4.99, 5.09, 750500.0, 4.77
2013-10-23, 5.03, 5.15, 5.03, 5.14, 577600.0, 4.82
2013-10-24, 5.15, 5.15, 5.04, 5.12, 511000.0, 4.8
2013-10-25, 5.12, 5.16, 5.05, 5.11, 564700.0, 4.79
2013-10-28, 5.05, 5.08, 4.79, 4.79, 1544900.0, 4.49
2013-10-29, 4.75, 4.81, 4.66, 4.67, 843400.0, 4.41
2013-10-30, 4.66, 4.71, 4.44, 4.46, 1168100.0, 4.21
2013-10-31, 4.46, 4.53, 4.33, 4.49, 977400.0, 4.24
2013-11-01, 4.5, 4.5, 4.38, 4.41, 894500.0, 4.16
2013-11-04, 4.4, 4.5, 4.37, 4.4, 819600.0, 4.15
2013-11-05, 4.41, 4.45, 4.26, 4.31, 785300.0, 4.07
2013-11-06, 4.33, 4.44, 4.28, 4.36, 683300.0, 4.11
2013-11-07, 4.35, 4.41, 4.28, 4.32, 1004600.0, 4.08
2013-11-08, 4.18, 4.23, 3.86, 3.87, 3992000.0, 3.65
2013-11-11, 3.87, 3.87, 3.71, 3.78, 2726400.0, 3.57
2013-11-12, 3.8, 3.8, 3.52, 3.59, 3367700.0, 3.39
2013-11-13, 3.55, 3.78, 3.54, 3.78, 1653100.0, 3.57
2013-11-14, 3.77, 3.78, 3.67, 3.72, 1042100.0, 3.51
2013-11-15, 3.7, 3.76, 3.69, 3.73, 776600.0, 3.52
2013-11-18, 3.73, 3.81, 3.69, 3.69, 1013000.0, 3.48
2013-11-19, 3.69, 3.73, 3.63, 3.65, 874800.0, 3.44
2013-11-20, 3.65, 3.73, 3.65, 3.68, 723100.0, 3.47
2013-11-21, 3.68, 3.7, 3.66, 3.69, 1061300.0, 3.48
2013-11-22, 3.69, 3.74, 3.68, 3.69, 653100.0, 3.48
2013-11-25, 3.7, 3.9, 3.68, 3.88, 1700600.0, 3.66
2013-11-26, 3.88, 3.88, 3.67, 3.74, 1191200.0, 3.56
2013-11-27, 3.75, 3.77, 3.63, 3.65, 941700.0, 3.47
2013-11-29, 3.67, 3.71, 3.64, 3.7, 556000.0, 3.52
2013-12-02, 3.66, 3.7, 3.43, 3.44, 2401000.0, 3.27
2013-12-03, 3.37, 3.38, 3.2, 3.35, 3138800.0, 3.19
2013-12-04, 3.29, 3.32, 3.21, 3.29, 1842500.0, 3.13
2013-12-05, 3.25, 3.28, 3.22, 3.26, 1117900.0, 3.1
2013-12-06, 3.29, 3.29, 3.17, 3.19, 1265400.0, 3.03
2013-12-09, 3.18, 3.2, 3.06, 3.17, 1714300.0, 3.02
2013-12-10, 3.14, 3.21, 3.11, 3.16, 1069400.0, 3.01
2013-12-11, 3.14, 3.15, 3.08, 3.09, 1231800.0, 2.94
2013-12-12, 3.08, 3.12, 3.07, 3.09, 980400.0, 2.94
2013-12-13, 3.1, 3.48, 3.1, 3.45, 2347700.0, 3.28
2013-12-16, 3.43, 3.45, 3.32, 3.39, 1096000.0, 3.22
2013-12-17, 3.39, 3.4, 3.3, 3.31, 984300.0, 3.15
2013-12-18, 3.31, 3.35, 3.21, 3.26, 1131700.0, 3.1
2013-12-19, 3.24, 3.28, 3.13, 3.14, 1717500.0, 2.99
2013-12-20, 3.15, 3.19, 3.08, 3.1, 3304000.0, 2.95
2013-12-23, 3.09, 3.28, 3.06, 3.27, 1678400.0, 3.11
2013-12-24, 3.28, 3.3, 3.24, 3.27, 513400.0, 3.11
2013-12-26, 3.27, 3.46, 3.26, 3.45, 1809000.0, 3.28
2013-12-27, 3.3, 3.53, 3.3, 3.52, 1553700.0, 3.38
2013-12-30, 3.54, 3.6, 3.41, 3.42, 1415800.0, 3.28
2013-12-31, 3.4, 3.52, 3.4, 3.48, 1234600.0, 3.34
2014-01-02, 3.53, 3.55, 3.4, 3.45, 790300.0, 3.31
2014-01-03, 3.44, 3.5, 3.4, 3.41, 994100.0, 3.27
2014-01-06, 3.41, 3.44, 3.33, 3.37, 1288600.0, 3.24
2014-01-07, 3.36, 3.6, 3.3, 3.59, 1702200.0, 3.45
2014-01-08, 3.56, 3.6, 3.42, 3.48, 821400.0, 3.34
2014-01-09, 3.45, 3.49, 3.33, 3.36, 1019000.0, 3.23
2014-01-10, 3.34, 3.4, 3.31, 3.36, 860400.0, 3.23
2014-01-13, 3.36, 3.37, 3.27, 3.28, 766900.0, 3.15
2014-01-14, 3.28, 3.38, 3.26, 3.29, 739500.0, 3.16
2014-01-15, 3.3, 3.39, 3.3, 3.33, 899100.0, 3.2
2014-01-16, 3.37, 3.37, 3.3, 3.33, 426400.0, 3.2
2014-01-17, 3.3, 3.33, 3.25, 3.27, 889900.0, 3.14
2014-01-21, 3.26, 3.28, 3.25, 3.28, 768900.0, 3.15
2014-01-22, 3.28, 3.29, 3.21, 3.23, 874800.0, 3.1
2014-01-23, 3.23, 3.25, 3.18, 3.21, 752900.0, 3.08
2014-01-24, 3.2, 3.2, 3.1, 3.15, 1166600.0, 3.02
2014-01-27, 3.13, 3.15, 3.06, 3.11, 1021100.0, 2.99
2014-01-28, 3.09, 3.1, 3.02, 3.04, 1817700.0, 2.92
2014-01-29, 3.01, 3.04, 2.99, 3.03, 1051200.0, 2.94
2014-01-30, 3.06, 3.14, 3.01, 3.13, 906100.0, 3.03
2014-01-31, 3.02, 3.07, 2.58, 2.65, 6027300.0, 2.57
2014-02-03, 2.64, 2.72, 2.22, 2.43, 5695200.0, 2.36
2014-02-04, 2.39, 2.44, 2.28, 2.38, 2321400.0, 2.31
2014-02-05, 2.31, 2.36, 2.23, 2.27, 2427600.0, 2.2
2014-02-06, 2.24, 2.27, 2.11, 2.22, 3535900.0, 2.15
2014-02-07, 2.22, 2.4, 2.19, 2.35, 2086700.0, 2.28
2014-02-10, 2.38, 2.42, 2.28, 2.28, 1041300.0, 2.21
2014-02-11, 2.3, 2.33, 2.27, 2.3, 824200.0, 2.23
2014-02-12, 2.3, 2.35, 2.26, 2.34, 1264900.0, 2.27
2014-02-13, 2.36, 2.56, 2.34, 2.52, 1767800.0, 2.44
2014-02-14, 2.54, 2.63, 2.42, 2.61, 1609600.0, 2.53
2014-02-18, 2.65, 2.87, 2.62, 2.79, 2705600.0, 2.7
2014-02-19, 2.79, 2.84, 2.59, 2.59, 1672100.0, 2.51
2014-02-20, 2.63, 2.7, 2.59, 2.66, 960100.0, 2.58
2014-02-21, 2.68, 2.69, 2.58, 2.59, 1129900.0, 2.51
2014-02-24, 2.64, 2.67, 2.6, 2.65, 1328300.0, 2.57
2014-02-25, 2.67, 2.72, 2.65, 2.71, 1063500.0, 2.63
2014-02-26, 2.69, 2.71, 2.61, 2.62, 803100.0, 2.57
2014-02-27, 2.62, 2.62, 2.43, 2.51, 2080200.0, 2.46
2014-02-28, 2.69, 2.75, 2.59, 2.6, 2552100.0, 2.55
2014-03-03, 2.58, 2.66, 2.54, 2.6, 1264000.0, 2.55
2014-03-04, 2.65, 2.74, 2.64, 2.7, 2030200.0, 2.65
2014-03-05, 2.72, 2.84, 2.65, 2.69, 1952700.0, 2.64
2014-03-06, 2.73, 2.84, 2.71, 2.82, 1778300.0, 2.76
2014-03-07, 2.81, 2.88, 2.8, 2.86, 1176400.0, 2.8
2014-03-10, 2.87, 2.87, 2.76, 2.81, 1413400.0, 2.75
2014-03-11, 2.83, 2.84, 2.78, 2.81, 1019100.0, 2.75
2014-03-12, 2.81, 2.82, 2.72, 2.76, 849600.0, 2.71
2014-03-13, 2.75, 2.78, 2.7, 2.74, 706600.0, 2.69
2014-03-14, 2.75, 2.83, 2.75, 2.8, 971500.0, 2.75
2014-03-17, 2.82, 2.95, 2.81, 2.9, 1192600.0, 2.84
2014-03-18, 2.96, 2.98, 2.83, 2.86, 1173600.0, 2.8
2014-03-19, 2.84, 2.86, 2.73, 2.77, 1234100.0, 2.72
2014-03-20, 2.75, 2.76, 2.67, 2.69, 969300.0, 2.64
2014-03-21, 2.7, 2.76, 2.6, 2.64, 2941100.0, 2.59
2014-03-24, 2.66, 2.72, 2.64, 2.71, 1041600.0, 2.66
2014-03-25, 2.7, 3.0, 2.67, 2.97, 2531300.0, 2.91
2014-03-26, 2.99, 3.01, 2.85, 2.85, 1435300.0, 2.79
2014-03-27, 2.86, 2.89, 2.76, 2.85, 788800.0, 2.82
2014-03-28, 2.85, 2.92, 2.82, 2.86, 814700.0, 2.83
2014-03-31, 2.86, 2.91, 2.84, 2.9, 866000.0, 2.87
2014-04-01, 2.9, 2.91, 2.82, 2.85, 918600.0, 2.82
2014-04-02, 2.85, 2.88, 2.82, 2.87, 553100.0, 2.84
2014-04-03, 2.87, 2.94, 2.86, 2.89, 943900.0, 2.86
2014-04-04, 2.94, 3.03, 2.89, 2.91, 1414900.0, 2.88
2014-04-07, 2.91, 2.98, 2.89, 2.9, 505200.0, 2.87
2014-04-08, 2.9, 3.01, 2.9, 3.0, 1028000.0, 2.97
2014-04-09, 3.01, 3.12, 3.01, 3.1, 1365400.0, 3.07
2014-04-10, 3.08, 3.09, 2.94, 2.96, 1340700.0, 2.93
2014-04-11, 2.94, 2.98, 2.91, 2.92, 749000.0, 2.89
2014-04-14, 2.95, 3.06, 2.94, 2.99, 881900.0, 2.96
2014-04-15, 2.99, 3.05, 2.95, 3.04, 1108700.0, 3.01
2014-04-16, 3.09, 3.14, 3.01, 3.08, 1501600.0, 3.05
2014-04-17, 3.1, 3.1, 3.04, 3.09, 658500.0, 3.06
2014-04-21, 3.12, 3.19, 3.08, 3.18, 1222800.0, 3.15
2014-04-22, 3.19, 3.27, 3.18, 3.26, 1611800.0, 3.23
2014-04-23, 3.26, 3.27, 3.21, 3.22, 1055500.0, 3.19
2014-04-24, 3.25, 3.29, 3.2, 3.24, 1277100.0, 3.21
2014-04-25, 3.24, 3.28, 3.18, 3.26, 1316200.0, 3.23
2014-04-28, 3.23, 3.25, 3.16, 3.22, 1019700.0, 3.22
2014-04-29, 3.22, 3.24, 3.19, 3.19, 507100.0, 3.19
2014-04-30, 3.18, 3.2, 2.95, 2.97, 1991800.0, 2.97
2014-05-01, 3.0, 3.06, 2.98, 3.04, 1033600.0, 3.04
2014-05-02, 3.04, 3.49, 3.04, 3.33, 5872800.0, 3.33
2014-05-05, 3.3, 3.31, 3.16, 3.3, 1561600.0, 3.3
2014-05-06, 3.29, 3.3, 3.24, 3.25, 1067300.0, 3.25
2014-05-07, 3.24, 3.3, 3.23, 3.26, 1016400.0, 3.26
2014-05-08, 3.28, 3.3, 3.25, 3.25, 1045800.0, 3.25
2014-05-09, 3.27, 3.28, 3.19, 3.23, 971600.0, 3.23
2014-05-12, 3.2, 3.24, 3.17, 3.21, 1485400.0, 3.21
2014-05-13, 3.19, 3.26, 3.17, 3.24, 1742700.0, 3.24
2014-05-14, 3.21, 3.4, 3.2, 3.31, 1761700.0, 3.31
2014-05-15, 3.33, 3.33, 3.22, 3.25, 990000.0, 3.25
2014-05-16, 3.26, 3.28, 3.16, 3.18, 949100.0, 3.18
2014-05-19, 3.17, 3.26, 3.11, 3.24, 832300.0, 3.21
2014-05-20, 3.2, 3.24, 3.15, 3.22, 1009800.0, 3.19
2014-05-21, 3.21, 3.24, 3.2, 3.24, 692100.0, 3.21
2014-05-22, 3.25, 3.27, 3.21, 3.25, 547000.0, 3.22
2014-05-23, 3.25, 3.28, 3.24, 3.27, 632400.0, 3.24
2014-05-27, 3.29, 3.32, 3.21, 3.32, 1125700.0, 3.29
2014-05-28, 3.28, 3.31, 3.25, 3.28, 723700.0, 3.28
2014-05-29, 3.28, 3.37, 3.28, 3.37, 893900.0, 3.37
2014-05-30, 3.37, 3.41, 3.35, 3.4, 648000.0, 3.4
2014-06-02, 3.39, 3.4, 3.3, 3.31, 808000.0, 3.31
2014-06-03, 3.3, 3.34, 3.27, 3.29, 758200.0, 3.26
2014-06-04, 3.29, 3.31, 3.22, 3.23, 829400.0, 3.2
2014-06-05, 3.23, 3.27, 3.22, 3.27, 695500.0, 3.24
2014-06-06, 3.27, 3.3, 3.24, 3.25, 472100.0, 3.22
2014-06-09, 3.26, 3.28, 3.23, 3.25, 570000.0, 3.22
2014-06-10, 3.25, 3.26, 3.2, 3.25, 747400.0, 3.22
2014-06-11, 3.25, 3.25, 3.15, 3.18, 1341400.0, 3.15
2014-06-12, 3.2, 3.25, 3.18, 3.23, 600200.0, 3.2
2014-06-13, 3.23, 3.27, 3.2, 3.26, 917100.0, 3.23
2014-06-16, 3.26, 3.31, 3.23, 3.31, 1237600.0, 3.28
2014-06-17, 3.3, 3.49, 3.3, 3.47, 2264400.0, 3.44
2014-06-18, 3.47, 3.5, 3.39, 3.49, 1769600.0, 3.46
2014-06-19, 3.52, 3.58, 3.48, 3.53, 1874400.0, 3.5
2014-06-20, 3.57, 3.76, 3.53, 3.73, 1924900.0, 3.7
2014-06-23, 3.76, 3.92, 3.74, 3.9, 2036800.0, 3.87
2014-06-24, 3.91, 3.94, 3.57, 3.66, 2593500.0, 3.63
2014-06-25, 3.6, 3.61, 3.32, 3.6, 3761500.0, 3.57
2014-06-26, 3.61, 3.78, 3.57, 3.71, 1768000.0, 3.71
2014-06-27, 3.71, 3.92, 3.71, 3.92, 3375500.0, 3.92
2014-06-30, 3.94, 4.13, 3.91, 4.1, 3349200.0, 4.1
2014-07-01, 4.1, 4.15, 4.02, 4.05, 1765800.0, 4.05
2014-07-02, 4.09, 4.12, 4.02, 4.09, 1030700.0, 4.09
2014-07-03, 4.07, 4.14, 4.05, 4.13, 731900.0, 4.13
2014-07-07, 4.11, 4.12, 3.97, 3.99, 1509600.0, 3.99
2014-07-08, 3.98, 4.01, 3.87, 3.89, 1553500.0, 3.89
2014-07-09, 3.91, 4.0, 3.9, 3.99, 972900.0, 3.99
2014-07-10, 3.93, 3.95, 3.86, 3.91, 718600.0, 3.88
2014-07-11, 3.89, 3.96, 3.88, 3.89, 661000.0, 3.86
2014-07-14, 3.93, 3.95, 3.83, 3.84, 731100.0, 3.81
2014-07-15, 3.82, 3.89, 3.81, 3.81, 872500.0, 3.78
2014-07-16, 3.82, 3.94, 3.75, 3.87, 1343300.0, 3.84
2014-07-17, 3.87, 3.89, 3.8, 3.81, 1423500.0, 3.78
2014-07-18, 3.81, 3.97, 3.77, 3.96, 1628300.0, 3.93
2014-07-21, 3.95, 4.06, 3.94, 4.05, 1364300.0, 4.02
2014-07-22, 4.05, 4.14, 3.97, 3.99, 2329600.0, 3.96
2014-07-23, 4.01, 4.01, 3.87, 3.91, 2427800.0, 3.88
2014-07-24, 3.94, 3.97, 3.89, 3.92, 503600.0, 3.89
2014-07-25, 3.9, 4.03, 3.88, 3.99, 1207600.0, 3.96
2014-07-28, 3.99, 4.09, 3.99, 4.03, 1117100.0, 4.0
2014-07-29, 4.04, 4.06, 3.94, 3.95, 615800.0, 3.95
2014-07-30, 3.94, 4.0, 3.86, 3.87, 772700.0, 3.87
2014-07-31, 3.86, 3.87, 3.76, 3.77, 1214200.0, 3.77
2014-08-01, 3.78, 3.8, 3.61, 3.65, 1515000.0, 3.65
2014-08-04, 3.66, 3.76, 3.65, 3.7, 1341000.0, 3.7
2014-08-05, 3.66, 3.72, 3.63, 3.65, 840800.0, 3.65
2014-08-06, 3.65, 3.73, 3.64, 3.68, 580200.0, 3.68
2014-08-07, 3.73, 3.78, 3.69, 3.72, 734800.0, 3.72
2014-08-08, 3.66, 3.74, 3.58, 3.6, 1228700.0, 3.6
2014-08-11, 3.62, 3.7, 3.6, 3.67, 832100.0, 3.67
2014-08-12, 3.64, 3.7, 3.64, 3.66, 417800.0, 3.66
2014-08-13, 3.69, 3.71, 3.65, 3.69, 546000.0, 3.69
2014-08-14, 3.69, 3.84, 3.69, 3.83, 1139500.0, 3.83
2014-08-15, 3.87, 3.91, 3.77, 3.84, 905900.0, 3.84
2014-08-18, 3.85, 3.89, 3.82, 3.85, 545200.0, 3.85
2014-08-19, 3.85, 3.89, 3.83, 3.85, 440700.0, 3.85
2014-08-20, 3.85, 3.93, 3.83, 3.92, 962800.0, 3.92
2014-08-21, 3.92, 3.97, 3.9, 3.95, 918800.0, 3.92
2014-08-22, 3.93, 4.04, 3.86, 3.87, 1583000.0, 3.84
2014-08-25, 3.91, 4.0, 3.86, 3.98, 1185500.0, 3.95
2014-08-26, 3.98, 4.02, 3.94, 4.0, 1047900.0, 3.97
2014-08-27, 3.98, 4.01, 3.92, 3.95, 552200.0, 3.95
2014-08-28, 3.94, 3.98, 3.87, 3.88, 888800.0, 3.88
2014-08-29, 3.88, 3.98, 3.87, 3.96, 623200.0, 3.96
2014-09-02, 3.96, 3.98, 3.91, 3.95, 874000.0, 3.95
2014-09-03, 3.95, 3.96, 3.92, 3.93, 501100.0, 3.93
2014-09-04, 3.93, 3.99, 3.88, 3.89, 501500.0, 3.84
2014-09-05, 3.89, 3.96, 3.89, 3.9, 352700.0, 3.85
2014-09-08, 3.91, 3.92, 3.82, 3.83, 581400.0, 3.78
2014-09-09, 3.85, 3.87, 3.81, 3.86, 671100.0, 3.81
2014-09-10, 3.85, 3.98, 3.84, 3.96, 1618300.0, 3.91
2014-09-11, 3.91, 3.96, 3.9, 3.96, 512900.0, 3.91
2014-09-12, 3.94, 3.94, 3.83, 3.87, 1093600.0, 3.82
2014-09-15, 3.87, 3.89, 3.81, 3.81, 504700.0, 3.76
2014-09-16, 2.72, 2.78, 2.51, 2.57, 1.0191E7, 2.54
2014-09-17, 2.52, 2.53, 2.23, 2.25, 5575200.0, 2.22
2014-09-18, 2.25, 2.45, 2.22, 2.45, 2897700.0, 2.42
2014-09-19, 2.49, 2.53, 2.27, 2.32, 2498000.0, 2.29
2014-09-22, 2.3, 2.34, 2.25, 2.31, 1317800.0, 2.28
2014-09-23, 2.33, 2.33, 2.25, 2.25, 1237600.0, 2.22
2014-09-24, 2.25, 2.36, 2.25, 2.26, 2739600.0, 2.23
2014-09-25, 2.25, 2.33, 2.25, 2.29, 1563100.0, 2.26
2014-09-26, 2.29, 2.36, 2.29, 2.35, 1170500.0, 2.32
2014-09-29, 2.33, 2.39, 2.3, 2.37, 1193000.0, 2.34
2014-09-30, 2.37, 2.42, 2.35, 2.38, 1265400.0, 2.35
2014-10-01, 2.39, 2.4, 2.3, 2.3, 1496300.0, 2.27
2014-10-02, 2.3, 2.36, 2.16, 2.24, 2641800.0, 2.21
2014-10-03, 2.25, 2.33, 2.22, 2.29, 1020800.0, 2.26
2014-10-06, 2.3, 2.32, 2.14, 2.14, 1768800.0, 2.11
2014-10-07, 2.11, 2.14, 2.1, 2.11, 1746700.0, 2.08
2014-10-08, 2.09, 2.12, 1.91, 2.03, 2604200.0, 2.01
2014-10-09, 2.05, 2.15, 1.97, 2.04, 2465400.0, 2.02
2014-10-10, 2.02, 2.08, 1.93, 1.96, 1402500.0, 1.94
2014-10-13, 1.96, 2.02, 1.94, 1.94, 854600.0, 1.92
2014-10-14, 2.05, 2.07, 1.93, 2.02, 1612200.0, 2.0
2014-10-15, 1.97, 2.02, 1.91, 2.01, 1841400.0, 1.99
2014-10-16, 1.98, 2.47, 1.97, 2.46, 3111200.0, 2.43
2014-10-17, 2.56, 2.62, 2.32, 2.4, 2136300.0, 2.37
2014-10-20, 2.43, 2.56, 2.42, 2.51, 1590100.0, 2.48
2014-10-21, 2.49, 2.5, 2.16, 2.29, 2538300.0, 2.26
2014-10-22, 2.27, 2.3, 2.22, 2.24, 669400.0, 2.21
2014-10-23, 2.24, 2.32, 2.15, 2.31, 1005700.0, 2.28
2014-10-24, 2.32, 2.35, 2.23, 2.3, 777400.0, 2.27
2014-10-27, 2.28, 2.29, 2.22, 2.24, 560200.0, 2.21
2014-10-28, 2.23, 2.36, 2.21, 2.28, 1388000.0, 2.25
2014-10-29, 2.28, 2.28, 2.18, 2.25, 932900.0, 2.22
2014-10-30, 2.25, 2.27, 2.21, 2.23, 692400.0, 2.2
2014-10-31, 2.26, 2.29, 2.22, 2.22, 1463100.0, 2.19
2014-11-03, 2.22, 2.25, 2.2, 2.22, 523900.0, 2.19
2014-11-04, 2.22, 2.23, 2.18, 2.18, 599700.0, 2.15
2014-11-05, 2.18, 2.19, 2.1, 2.12, 1069300.0, 2.09
2014-11-06, 2.11, 2.15, 2.06, 2.06, 1053700.0, 2.04
2014-11-07, 2.07, 2.17, 2.02, 2.17, 1673700.0, 2.14
2014-11-10, 2.22, 2.3, 2.2, 2.27, 1845000.0, 2.24
2014-11-11, 2.25, 2.28, 2.2, 2.21, 595100.0, 2.18
2014-11-12, 2.23, 2.23, 2.14, 2.15, 1055600.0, 2.12
2014-11-13, 2.15, 2.19, 2.09, 2.1, 807300.0, 2.07
2014-11-14, 2.11, 2.13, 2.07, 2.08, 820100.0, 2.05
2014-11-17, 2.09, 2.22, 2.08, 2.12, 941700.0, 2.09
2014-11-18, 2.12, 2.23, 2.11, 2.2, 1821800.0, 2.17
2014-11-19, 2.2, 2.2, 2.1, 2.1, 713300.0, 2.07
2014-11-20, 2.1, 2.2, 2.09, 2.19, 1411300.0, 2.16
2014-11-21, 2.22, 2.23, 2.16, 2.2, 1304800.0, 2.17
2014-11-24, 2.2, 2.22, 2.15, 2.17, 823100.0, 2.14
2014-11-25, 2.12, 2.25, 2.12, 2.23, 1300800.0, 2.2
2014-11-26, 2.21, 2.32, 2.19, 2.31, 1263600.0, 2.31
2014-11-28, 2.31, 2.31, 2.26, 2.28, 588500.0, 2.28
2014-12-01, 2.23, 2.36, 2.18, 2.31, 1695500.0, 2.31
2014-12-02, 2.27, 2.36, 2.27, 2.31, 881800.0, 2.31
2014-12-03, 2.31, 2.34, 2.28, 2.31, 479900.0, 2.31
2014-12-04, 2.3, 2.33, 2.27, 2.32, 1369300.0, 2.32
2014-12-05, 2.26, 2.33, 2.25, 2.32, 692100.0, 2.32
2014-12-08, 2.3, 2.34, 2.26, 2.3, 959500.0, 2.3
2014-12-09, 2.27, 2.4, 2.21, 2.39, 951100.0, 2.39
2014-12-10, 2.37, 2.39, 2.29, 2.32, 978800.0, 2.32
2014-12-11, 2.33, 2.38, 2.31, 2.34, 588600.0, 2.34
2014-12-12, 2.34, 2.38, 2.34, 2.35, 765400.0, 2.33
2014-12-15, 2.34, 2.39, 2.32, 2.38, 796100.0, 2.36
2014-12-16, 2.36, 2.5, 2.36, 2.47, 1575400.0, 2.45
2014-12-17, 2.47, 2.65, 2.46, 2.65, 1580500.0, 2.63
2014-12-18, 2.68, 2.82, 2.64, 2.77, 1741400.0, 2.75
2014-12-19, 2.77, 2.93, 2.75, 2.93, 1617400.0, 2.9
2014-12-22, 2.92, 2.92, 2.65, 2.78, 1026500.0, 2.75
2014-12-23, 2.78, 2.8, 2.67, 2.67, 595600.0, 2.65
2014-12-24, 2.62, 2.67, 2.55, 2.57, 439600.0, 2.55
2014-12-26, 2.57, 2.74, 2.57, 2.63, 698000.0, 2.61
2014-12-29, 2.56, 2.79, 2.56, 2.63, 788800.0, 2.61
2014-12-30, 2.66, 2.78, 2.62, 2.77, 1000400.0, 2.75
2014-12-31, 2.75, 2.84, 2.65, 2.71, 1218500.0, 2.69
2015-01-02, 2.7, 2.8, 2.68, 2.77, 775100.0, 2.75
2015-01-05, 2.79, 2.79, 2.63, 2.67, 676500.0, 2.65
2015-01-06, 2.67, 2.71, 2.59, 2.61, 587300.0, 2.59
2015-01-07, 2.61, 2.7, 2.61, 2.66, 445000.0, 2.64
2015-01-08, 2.66, 2.75, 2.61, 2.66, 535700.0, 2.64
2015-01-09, 2.64, 2.73, 2.61, 2.65, 388500.0, 2.63
2015-01-12, 2.63, 2.69, 2.54, 2.64, 729100.0, 2.62
2015-01-13, 2.66, 2.73, 2.61, 2.67, 494000.0, 2.65
2015-01-14, 2.63, 2.7, 2.59, 2.7, 707700.0, 2.68
2015-01-15, 2.67, 2.71, 2.58, 2.62, 517000.0, 2.6
2015-01-16, 2.6, 2.7, 2.59, 2.68, 453700.0, 2.66
2015-01-20, 2.66, 2.68, 2.6, 2.65, 904000.0, 2.63
2015-01-21, 2.65, 2.7, 2.65, 2.68, 628900.0, 2.66
2015-01-22, 2.68, 2.74, 2.61, 2.71, 849700.0, 2.69
2015-01-23, 2.71, 2.8, 2.66, 2.73, 540000.0, 2.71
2015-01-26, 2.72, 2.83, 2.72, 2.79, 673300.0, 2.76
2015-01-27, 2.74, 2.8, 2.74, 2.77, 558900.0, 2.75
2015-01-28, 2.74, 2.78, 2.66, 2.76, 1054400.0, 2.74
2015-01-29, 2.75, 2.75, 2.6, 2.73, 2481100.0, 2.71
2015-01-30, 2.7, 2.74, 2.61, 2.65, 667000.0, 2.63
2015-02-02, 2.64, 2.69, 2.6, 2.65, 428400.0, 2.63
2015-02-03, 2.65, 2.76, 2.65, 2.74, 569900.0, 2.72
2015-02-04, 2.73, 2.73, 2.64, 2.66, 398700.0, 2.64
2015-02-05, 2.62, 2.67, 2.51, 2.62, 1146600.0, 2.6
2015-02-06, 2.61, 2.64, 2.57, 2.63, 516900.0, 2.61
2015-02-09, 2.6, 2.65, 2.6, 2.62, 548900.0, 2.6
2015-02-10, 2.59, 2.7, 2.53, 2.65, 851500.0, 2.63
2015-02-11, 2.64, 2.72, 2.64, 2.67, 745100.0, 2.65
2015-02-12, 2.67, 2.72, 2.65, 2.65, 307800.0, 2.63
2015-02-13, 2.62, 2.71, 2.61, 2.68, 837000.0, 2.66
2015-02-17, 2.68, 2.77, 2.65, 2.76, 680400.0, 2.74
2015-02-18, 2.75, 2.84, 2.72, 2.83, 1285400.0, 2.8
2015-02-19, 2.81, 2.85, 2.74, 2.83, 846800.0, 2.8
2015-02-20, 2.82, 2.84, 2.73, 2.75, 796500.0, 2.73
2015-02-23, 2.75, 2.75, 2.67, 2.7, 598900.0, 2.68
2015-02-24, 2.7, 2.74, 2.64, 2.66, 587700.0, 2.64
2015-02-25, 2.62, 2.67, 2.6, 2.66, 493600.0, 2.66
2015-02-26, 2.68, 2.68, 2.6, 2.65, 495600.0, 2.65
2015-02-27, 2.67, 2.9, 2.65, 2.9, 1915700.0, 2.9
2015-03-02, 2.88, 2.93, 2.85, 2.93, 1304800.0, 2.93
2015-03-03, 2.89, 2.95, 2.88, 2.93, 833400.0, 2.93
2015-03-04, 2.93, 2.95, 2.86, 2.9, 682500.0, 2.9
2015-03-05, 2.87, 2.92, 2.86, 2.89, 364500.0, 2.89
2015-03-06, 2.86, 2.88, 2.83, 2.86, 587600.0, 2.86
2015-03-09, 2.86, 2.88, 2.79, 2.8, 498300.0, 2.8
2015-03-10, 2.79, 2.81, 2.78, 2.8, 696500.0, 2.8
2015-03-11, 2.79, 2.84, 2.73, 2.81, 808700.0, 2.81
2015-03-12, 2.82, 2.94, 2.81, 2.93, 788200.0, 2.93
2015-03-13, 2.91, 2.91, 2.86, 2.91, 458100.0, 2.91
2015-03-16, 2.91, 3.12, 2.9, 3.0, 1588500.0, 3.0
2015-03-17, 3.01, 3.02, 2.79, 2.87, 839500.0, 2.87
2015-03-18, 2.85, 2.94, 2.8, 2.93, 903500.0, 2.93
2015-03-19, 2.88, 2.96, 2.82, 2.87, 311700.0, 2.87
2015-03-20, 2.89, 2.95, 2.82, 2.87, 920500.0, 2.87
2015-03-23, 2.84, 2.88, 2.83, 2.86, 556200.0, 2.86
2015-03-24, 2.86, 2.94, 2.84, 2.93, 324400.0, 2.93
2015-03-25, 2.92, 2.95, 2.81, 2.82, 448500.0, 2.82
2015-03-26, 2.82, 2.83, 2.79, 2.79, 475400.0, 2.79
2015-03-27, 2.8, 2.84, 2.79, 2.82, 508700.0, 2.82
2015-03-30, 2.81, 2.82, 2.78, 2.81, 508800.0, 2.81
2015-03-31, 2.79, 2.82, 2.78, 2.81, 683000.0, 2.788925
2015-04-01, 2.86, 2.99, 2.73, 2.77, 4216300.0, 2.749225
2015-04-02, 2.77, 2.79, 2.59, 2.73, 1697300.0, 2.709525
2015-04-06, 2.73, 2.8, 2.71, 2.77, 530400.0, 2.749225
2015-04-07, 2.74, 2.86, 2.74, 2.79, 481000.0, 2.769075
2015-04-08, 2.82, 2.82, 2.76, 2.77, 347600.0, 2.749225
2015-04-09, 2.76, 2.84, 2.76, 2.79, 414600.0, 2.769075
2015-04-10, 2.81, 2.87, 2.78, 2.86, 551400.0, 2.83855
2015-04-13, 2.84, 2.91, 2.83, 2.85, 353900.0, 2.828625
2015-04-14, 2.86, 2.89, 2.84, 2.89, 247100.0, 2.868325
2015-04-15, 2.86, 2.95, 2.86, 2.93, 523400.0, 2.908025
2015-04-16, 2.91, 2.98, 2.9, 2.96, 696200.0, 2.9378
2015-04-17, 2.95, 2.97, 2.92, 2.92, 573100.0, 2.8981
2015-04-20, 2.92, 3.02, 2.92, 3.02, 829800.0, 2.99735
2015-04-21, 2.99, 3.02, 2.93, 2.97, 447300.0, 2.947725
2015-04-22, 2.96, 2.98, 2.92, 2.95, 357800.0, 2.927875
2015-04-23, 2.96, 3.02, 2.94, 3.01, 431200.0, 2.987425
2015-04-24, 3.01, 3.08, 3.0, 3.07, 716700.0, 3.046975
2015-04-27, 3.06, 3.17, 3.06, 3.15, 1206900.0, 3.126375
2015-04-28, 3.14, 3.24, 3.13, 3.24, 1313300.0, 3.2157
2015-04-29, 3.24, 3.3, 3.11, 3.21, 1293900.0, 3.185925
2015-04-30, 3.17, 3.26, 3.12, 3.25, 1258100.0, 3.225625
2015-05-01, 3.24, 3.26, 3.17, 3.25, 717900.0, 3.225625
2015-05-04, 3.23, 3.34, 3.22, 3.31, 1054900.0, 3.285175
2015-05-05, 3.32, 3.33, 3.15, 3.28, 1060600.0, 3.2554
2015-05-06, 3.25, 3.28, 3.2, 3.21, 558100.0, 3.185925
2015-05-07, 3.19, 3.29, 3.13, 3.21, 722100.0, 3.185925
2015-05-08, 3.29, 3.32, 3.22, 3.27, 849100.0, 3.245475
2015-05-11, 3.16, 3.2, 3.05, 3.07, 1012300.0, 3.046975
2015-05-12, 3.03, 3.27, 3.0, 3.25, 1238500.0, 3.225625
2015-05-13, 3.25, 3.29, 3.21, 3.23, 660100.0, 3.205775
2015-05-14, 3.23, 3.27, 3.12, 3.14, 669900.0, 3.11645
2015-05-15, 3.14, 3.24, 3.11, 3.24, 605700.0, 3.2157
2015-05-18, 3.21, 3.27, 3.16, 3.23, 692900.0, 3.205775
2015-05-19, 3.2, 3.24, 3.14, 3.23, 649500.0, 3.205775
2015-05-20, 3.23, 3.27, 3.21, 3.24, 421900.0, 3.2157
2015-05-21, 3.24, 3.24, 3.21, 3.22, 323800.0, 3.19585
2015-05-22, 3.23, 3.31, 3.19, 3.26, 1500600.0, 3.23555
2015-05-26, 3.23, 3.25, 3.18, 3.2, 921000.0, 3.176
2015-05-27, 3.2, 3.23, 3.16, 3.18, 640400.0, 3.18
2015-05-28, 3.16, 3.18, 2.99, 3.0, 1161600.0, 3.0
2015-05-29, 3.04, 3.04, 2.94, 2.95, 1327400.0, 2.95
2015-06-01, 2.95, 3.0, 2.85, 2.88, 1161000.0, 2.88
2015-06-02, 2.88, 2.89, 2.84, 2.88, 1006900.0, 2.88
2015-06-03, 2.87, 2.93, 2.87, 2.9, 823700.0, 2.9
2015-06-04, 2.87, 2.94, 2.87, 2.9, 846300.0, 2.9
2015-06-05, 2.89, 2.93, 2.86, 2.92, 429800.0, 2.92
2015-06-08, 2.93, 2.93, 2.76, 2.78, 1268300.0, 2.78
2015-06-09, 2.83, 2.83, 2.77, 2.8, 498300.0, 2.8
2015-06-10, 2.82, 2.87, 2.82, 2.87, 482000.0, 2.87
2015-06-11, 2.88, 2.88, 2.84, 2.86, 621000.0, 2.86
2015-06-12, 2.87, 2.93, 2.84, 2.93, 466200.0, 2.93
2015-06-15, 2.87, 2.94, 2.87, 2.92, 1029100.0, 2.92
2015-06-16, 2.9, 2.97, 2.88, 2.97, 1223800.0, 2.97
2015-06-17, 2.95, 3.06, 2.94, 3.0, 989600.0, 3.0
2015-06-18, 3.0, 3.08, 2.98, 3.06, 527000.0, 3.06
2015-06-19, 3.06, 3.12, 3.06, 3.12, 1336900.0, 3.12
2015-06-22, 3.09, 3.23, 3.08, 3.18, 776000.0, 3.18
2015-06-23, 3.18, 3.22, 3.14, 3.2, 544900.0, 3.2
2015-06-24, 3.17, 3.19, 3.14, 3.17, 518800.0, 3.17
2015-06-25, 3.17, 3.3, 3.14, 3.28, 1007000.0, 3.28
2015-06-26, 3.23, 3.32, 3.2, 3.22, 2301900.0, 3.22
2015-06-29, 3.21, 3.24, 3.15, 3.18, 744500.0, 3.18
2015-06-30, 3.2, 3.2, 3.06, 3.08, 876000.0, 3.08
2015-07-01, 3.16, 3.27, 3.12, 3.22, 810800.0, 3.22
2015-07-02, 3.18, 3.25, 3.16, 3.25, 644300.0, 3.25
2015-07-06, 3.11, 3.17, 3.03, 3.09, 626400.0, 3.09
2015-07-07, 3.1, 3.1, 2.97, 3.08, 567100.0, 3.08
2015-07-08, 3.02, 3.1, 3.01, 3.04, 538600.0, 3.008786
2015-07-09, 3.07, 3.09, 3.0, 3.03, 532100.0, 2.998888
2015-07-10, 3.02, 3.12, 3.01, 3.1, 558600.0, 3.06817
2015-07-13, 3.06, 3.15, 3.06, 3.09, 739600.0, 3.058272
2015-07-14, 3.09, 3.13, 3.08, 3.13, 583300.0, 3.097862
2015-07-15, 3.13, 3.13, 3.03, 3.04, 471200.0, 3.008786
2015-07-16, 3.01, 3.07, 2.93, 2.95, 477200.0, 2.91971
2015-07-17, 2.96, 2.98, 2.91, 2.92, 394800.0, 2.890018
2015-07-20, 2.87, 2.91, 2.72, 2.75, 957000.0, 2.721763
2015-07-21, 2.73, 2.8, 2.67, 2.68, 603300.0, 2.652482
2015-07-22, 2.63, 2.66, 2.6, 2.63, 477700.0, 2.602996
2015-07-23, 2.63, 2.64, 2.48, 2.48, 601600.0, 2.454536
2015-07-24, 2.46, 2.48, 2.37, 2.38, 770800.0, 2.355563
2015-07-27, 2.39, 2.41, 2.37, 2.4, 386000.0, 2.375357
2015-07-28, 2.43, 2.43, 2.38, 2.39, 286100.0, 2.36546
2015-07-29, 2.38, 2.56, 2.37, 2.54, 388700.0, 2.51392
2015-07-30, 2.54, 2.55, 2.44, 2.44, 526100.0, 2.414946
2015-07-31, 2.45, 2.53, 2.44, 2.49, 776300.0, 2.464433
2015-08-03, 2.49, 2.5, 2.33, 2.35, 629300.0, 2.32587
2015-08-04, 2.37, 2.4, 2.3, 2.32, 681600.0, 2.296179
2015-08-05, 2.32, 2.37, 2.3, 2.3, 639200.0, 2.276384
2015-08-06, 2.32, 2.43, 2.28, 2.38, 456400.0, 2.355563
2015-08-07, 2.36, 2.41, 2.3, 2.33, 341700.0, 2.306076
2015-08-10, 2.36, 2.41, 2.33, 2.36, 380600.0, 2.335768
2015-08-11, 2.41, 2.42, 2.08, 2.15, 1485600.0, 2.127924
2015-08-12, 2.15, 2.23, 1.99, 2.18, 948500.0, 2.157616
2015-08-13, 2.12, 2.3, 2.12, 2.25, 555100.0, 2.226897
2015-08-14, 2.24, 2.32, 2.23, 2.29, 453800.0, 2.266487
2015-08-17, 2.28, 2.37, 2.23, 2.37, 739800.0, 2.345665
2015-08-18, 2.37, 2.41, 2.24, 2.26, 684500.0, 2.236795
2015-08-19, 2.23, 2.33, 2.13, 2.23, 1028300.0, 2.207103
2015-08-20, 2.21, 2.26, 2.16, 2.18, 603300.0, 2.157616
2015-08-21, 2.12, 2.26, 2.12, 2.14, 734000.0, 2.118027
2015-08-24, 2.0, 2.15, 1.97, 2.06, 952700.0, 2.038848
2015-08-25, 2.15, 2.17, 2.0, 2.09, 961100.0, 2.06854
2015-08-26, 2.13, 2.24, 2.05, 2.24, 592800.0, 2.217
2015-08-27, 2.24, 2.35, 2.16, 2.35, 572500.0, 2.35
2015-08-28, 2.34, 2.4, 2.29, 2.35, 457000.0, 2.35
2015-08-31, 2.29, 2.37, 2.27, 2.35, 439300.0, 2.35
2015-09-01, 2.31, 2.34, 2.2, 2.21, 432200.0, 2.21
2015-09-02, 2.24, 2.24, 2.11, 2.13, 561200.0, 2.13
2015-09-03, 2.13, 2.21, 2.11, 2.19, 359400.0, 2.19
2015-09-04, 2.15, 2.19, 2.11, 2.17, 299300.0, 2.17
2015-09-08, 2.21, 2.27, 2.16, 2.21, 600800.0, 2.21
2015-09-09, 2.25, 2.25, 2.07, 2.07, 588500.0, 2.07
2015-09-10, 2.11, 2.14, 2.07, 2.08, 473200.0, 2.08
2015-09-11, 2.08, 2.1, 2.05, 2.07, 291400.0, 2.07
2015-09-14, 2.08, 2.09, 2.01, 2.07, 700100.0, 2.046195
2015-09-15, 2.07, 2.08, 2.02, 2.04, 455300.0, 2.01654
2015-09-16, 2.05, 2.09, 2.03, 2.05, 1546600.0, 2.026425
2015-09-17, 2.06, 2.25, 2.05, 2.23, 688200.0, 2.204355
2015-09-18, 2.21, 2.25, 2.17, 2.2, 445100.0, 2.1747
2015-09-21, 2.21, 2.27, 2.12, 2.15, 298500.0, 2.125275
2015-09-22, 2.15, 2.18, 2.09, 2.15, 410900.0, 2.125275
2015-09-23, 2.17, 2.17, 2.09, 2.09, 390000.0, 2.065965
2015-09-24, 2.07, 2.11, 2.07, 2.1, 349200.0, 2.07585
2015-09-25, 2.12, 2.12, 2.0, 2.01, 641200.0, 1.986885
2015-09-28, 2.02, 2.03, 1.97, 1.97, 513600.0, 1.947345
2015-09-29, 2.0, 2.0, 1.83, 1.84, 801400.0, 1.81884
2015-09-30, 1.88, 1.92, 1.84, 1.86, 445400.0, 1.83861
2015-10-01, 1.86, 1.89, 1.8, 1.8, 352500.0, 1.7793
2015-10-02, 1.79, 1.94, 1.79, 1.92, 394700.0, 1.89792
2015-10-05, 1.96, 2.09, 1.96, 2.02, 389600.0, 1.99677
2015-10-06, 2.01, 2.05, 1.98, 2.01, 331000.0, 1.986885
2015-10-07, 2.02, 2.12, 2.01, 2.07, 409700.0, 2.046195
2015-10-08, 2.04, 2.11, 2.04, 2.05, 544800.0, 2.026425
2015-10-09, 2.07, 2.13, 2.06, 2.12, 248200.0, 2.09562
2015-10-12, 2.13, 2.13, 2.06, 2.13, 190000.0, 2.105505
2015-10-13, 2.12, 2.2, 2.06, 2.06, 265300.0, 2.03631
2015-10-14, 2.07, 2.21, 2.07, 2.19, 315100.0, 2.164815
2015-10-15, 2.18, 2.26, 2.15, 2.24, 531800.0, 2.21424
2015-10-16, 2.26, 2.26, 2.15, 2.17, 294600.0, 2.145045
2015-10-19, 2.18, 2.19, 2.12, 2.15, 228200.0, 2.125275
2015-10-20, 2.16, 2.19, 2.11, 2.13, 262900.0, 2.105505
2015-10-21, 2.11, 2.18, 2.06, 2.16, 331800.0, 2.13516
2015-10-22, 2.15, 2.26, 2.15, 2.21, 248200.0, 2.184585
2015-10-23, 2.2, 2.23, 2.13, 2.2, 253000.0, 2.1747
2015-10-26, 2.2, 2.21, 2.13, 2.15, 228700.0, 2.125275
2015-10-27, 2.13, 2.13, 2.05, 2.05, 384600.0, 2.026425
2015-10-28, 2.06, 2.17, 2.03, 2.15, 531100.0, 2.125275
2015-10-29, 2.16, 2.16, 2.05, 2.05, 268800.0, 2.026425
2015-10-30, 2.09, 2.09, 2.0, 2.04, 370600.0, 2.01654
2015-11-02, 2.05, 2.18, 2.01, 2.18, 612200.0, 2.15493
2015-11-03, 2.15, 2.24, 2.14, 2.19, 464000.0, 2.164815
2015-11-04, 2.18, 2.19, 2.07, 2.09, 335500.0, 2.065965
2015-11-05, 2.1, 2.13, 2.06, 2.09, 316700.0, 2.065965
2015-11-06, 2.09, 2.19, 2.07, 2.18, 380100.0, 2.15493
2015-11-09, 2.18, 2.21, 2.12, 2.12, 374100.0, 2.09562
2015-11-10, 2.12, 2.14, 2.05, 2.06, 314800.0, 2.03631
2015-11-11, 2.09, 2.1, 2.04, 2.05, 242200.0, 2.026425
2015-11-12, 2.04, 2.05, 1.99, 1.99, 381800.0, 1.967115
2015-11-13, 1.97, 2.02, 1.97, 2.01, 383000.0, 1.986885
2015-11-16, 2.01, 2.06, 2.0, 2.04, 276100.0, 2.01654
2015-11-17, 2.05, 2.05, 1.96, 2.0, 489000.0, 1.977
2015-11-18, 2.01, 2.04, 1.97, 2.04, 330000.0, 2.01654
2015-11-19, 2.05, 2.06, 2.0, 2.02, 330300.0, 1.99677
2015-11-20, 1.99, 2.07, 1.99, 2.04, 364400.0, 2.01654
2015-11-23, 2.04, 2.1, 2.02, 2.05, 291900.0, 2.026425
2015-11-24, 2.05, 2.1, 2.01, 2.05, 337300.0, 2.026425
2015-11-25, 2.05, 2.06, 2.0, 2.0, 317000.0, 1.977
2015-11-27, 2.01, 2.04, 2.0, 2.02, 146700.0, 2.02
2015-11-30, 2.04, 2.06, 1.97, 2.0, 1092800.0, 2.0
2015-12-01, 2.0, 2.02, 1.97, 2.01, 992000.0, 2.01
2015-12-02, 2.0, 2.02, 1.97, 1.99, 331500.0, 1.99
2015-12-03, 2.0, 2.01, 1.97, 1.98, 527000.0, 1.98
2015-12-04, 1.97, 2.0, 1.88, 1.92, 890300.0, 1.92
2015-12-07, 1.91, 2.03, 1.82, 1.95, 1491700.0, 1.95
2015-12-08, 1.89, 1.98, 1.86, 1.96, 771800.0, 1.96
2015-12-09, 1.95, 2.01, 1.93, 1.94, 824700.0, 1.94
2015-12-10, 1.94, 1.96, 1.87, 1.87, 548000.0, 1.87
2015-12-11, 1.82, 1.94, 1.8, 1.88, 1122900.0, 1.88
2015-12-14, 1.87, 1.87, 1.7, 1.71, 1439600.0, 1.71
2015-12-15, 1.72, 1.75, 1.67, 1.68, 626000.0, 1.68
2015-12-16, 1.69, 1.76, 1.66, 1.74, 523400.0, 1.74
2015-12-17, 1.73, 1.76, 1.62, 1.65, 678800.0, 1.65
2015-12-18, 1.66, 1.69, 1.63, 1.64, 2859200.0, 1.64
2015-12-21, 1.64, 1.79, 1.64, 1.75, 592600.0, 1.75
2015-12-22, 1.75, 1.77, 1.67, 1.68, 356500.0, 1.68
2015-12-23, 1.68, 1.72, 1.57, 1.6, 906300.0, 1.6
2015-12-24, 1.64, 1.68, 1.63, 1.66, 275400.0, 1.66
2015-12-28, 1.68, 1.73, 1.68, 1.73, 760900.0, 1.73
2015-12-29, 1.71, 1.83, 1.7, 1.8, 1276800.0, 1.8
2015-12-30, 1.8, 1.83, 1.78, 1.78, 613800.0, 1.78
2015-12-31, 1.77, 2.01, 1.76, 1.97, 1320100.0, 1.97
2016-01-04, 2.01, 2.03, 1.87, 1.91, 1105600.0, 1.91
2016-01-05, 1.94, 1.98, 1.9, 1.97, 686600.0, 1.97
2016-01-06, 1.95, 1.99, 1.93, 1.96, 546100.0, 1.96
2016-01-07, 1.93, 1.95, 1.81, 1.82, 660700.0, 1.82
2016-01-08, 1.84, 1.84, 1.75, 1.75, 460400.0, 1.75
2016-01-11, 1.78, 1.78, 1.68, 1.68, 900900.0, 1.68
2016-01-12, 1.7, 1.74, 1.68, 1.69, 532700.0, 1.69
2016-01-13, 1.69, 1.74, 1.67, 1.68, 542200.0, 1.68
2016-01-14, 1.68, 1.72, 1.66, 1.71, 394300.0, 1.71
2016-01-15, 1.68, 1.73, 1.61, 1.72, 608500.0, 1.72
2016-01-19, 1.74, 1.76, 1.65, 1.67, 883400.0, 1.67
2016-01-20, 1.66, 1.71, 1.58, 1.7, 1049800.0, 1.7
2016-01-21, 1.67, 1.83, 1.67, 1.69, 663200.0, 1.69
2016-01-22, 1.75, 1.83, 1.74, 1.79, 737100.0, 1.79
2016-01-25, 1.77, 1.8, 1.71, 1.71, 375300.0, 1.71
2016-01-26, 1.74, 1.79, 1.71, 1.75, 508300.0, 1.75
2016-01-27, 1.73, 1.85, 1.73, 1.75, 821600.0, 1.75
2016-01-28, 1.78, 1.86, 1.75, 1.83, 514100.0, 1.83
2016-01-29, 1.85, 1.91, 1.84, 1.87, 742800.0, 1.87
2016-02-01, 1.85, 1.87, 1.79, 1.79, 502700.0, 1.79
2016-02-02, 1.78, 1.8, 1.75, 1.75, 427000.0, 1.75
2016-02-03, 1.76, 1.83, 1.75, 1.79, 630800.0, 1.79
2016-02-04, 1.8, 1.88, 1.8, 1.82, 355500.0, 1.82
2016-02-05, 1.81, 1.82, 1.75, 1.75, 390900.0, 1.75
2016-02-08, 1.75, 1.77, 1.69, 1.69, 594800.0, 1.69
2016-02-09, 1.69, 1.72, 1.65, 1.68, 512900.0, 1.68
2016-02-10, 1.69, 1.8, 1.6, 1.7, 622200.0, 1.7
2016-02-11, 1.74, 1.75, 1.58, 1.65, 684100.0, 1.65
2016-02-12, 1.68, 1.68, 1.63, 1.65, 452900.0, 1.65
2016-02-16, 1.65, 1.72, 1.6, 1.72, 475800.0, 1.72
2016-02-17, 1.72, 1.8, 1.71, 1.8, 605800.0, 1.8
2016-02-18, 1.78, 1.82, 1.75, 1.81, 315700.0, 1.81
2016-02-19, 1.81, 1.81, 1.74, 1.77, 254700.0, 1.77
2016-02-22, 1.77, 1.84, 1.77, 1.8, 329500.0, 1.8
2016-02-23, 1.8, 1.83, 1.76, 1.77, 354500.0, 1.77
2016-02-24, 1.79, 1.8, 1.71, 1.79, 351200.0, 1.79
2016-02-25, 1.77, 1.83, 1.74, 1.81, 297500.0, 1.81
2016-02-26, 1.81, 1.83, 1.74, 1.75, 397000.0, 1.75
2016-02-29, 1.75, 1.8, 1.71, 1.72, 321400.0, 1.72
2016-03-01, 1.73, 1.78, 1.72, 1.74, 362700.0, 1.74
2016-03-02, 1.73, 1.81, 1.73, 1.81, 438700.0, 1.81
2016-03-03, 1.8, 1.88, 1.8, 1.87, 424100.0, 1.87
2016-03-04, 1.88, 1.94, 1.87, 1.9, 324300.0, 1.9
2016-03-07, 1.88, 1.9, 1.77, 1.79, 390100.0, 1.79
2016-03-08, 1.8, 1.95, 1.8, 1.91, 817800.0, 1.91
2016-03-09, 1.95, 2.04, 1.93, 2.02, 871700.0, 2.02
2016-03-10, 2.0, 2.14, 2.0, 2.14, 781500.0, 2.14
2016-03-11, 2.15, 2.18, 2.1, 2.12, 542500.0, 2.12
2016-03-14, 2.12, 2.15, 2.06, 2.14, 498100.0, 2.14
2016-03-15, 2.12, 2.16, 2.08, 2.11, 492800.0, 2.11
2016-03-16, 2.1, 2.17, 2.1, 2.14, 362800.0, 2.14
2016-03-17, 2.13, 2.17, 2.04, 2.05, 724500.0, 2.05
2016-03-18, 2.08, 2.26, 2.07, 2.21, 3041600.0, 2.21
2016-03-21, 2.22, 2.35, 2.17, 2.32, 1017100.0, 2.32
2016-03-22, 2.31, 2.39, 2.27, 2.39, 559400.0, 2.39
2016-03-23, 2.38, 2.46, 2.32, 2.37, 999700.0, 2.37
2016-03-24, 2.34, 2.44, 2.34, 2.43, 496700.0, 2.43
2016-03-28, 2.43, 2.43, 2.3, 2.4, 489600.0, 2.4
2016-03-29, 2.4, 2.58, 2.34, 2.53, 957000.0, 2.53
2016-03-30, 2.58, 2.58, 2.47, 2.5, 1858100.0, 2.5
2016-03-31, 2.5, 2.54, 2.45, 2.46, 737000.0, 2.46
2016-04-01, 2.46, 2.52, 2.45, 2.49, 1043800.0, 2.49
2016-04-04, 2.52, 2.52, 2.44, 2.47, 852200.0, 2.47
2016-04-05, 2.42, 2.45, 2.35, 2.38, 559600.0, 2.38
2016-04-06, 2.36, 2.51, 2.36, 2.5, 693700.0, 2.5
2016-04-07, 2.43, 2.52, 2.38, 2.38, 474600.0, 2.38
2016-04-08, 2.42, 2.5, 2.41, 2.45, 437100.0, 2.45
2016-04-11, 2.48, 2.48, 2.38, 2.39, 419800.0, 2.39
2016-04-12, 2.39, 2.41, 2.32, 2.41, 524600.0, 2.41
2016-04-13, 2.44, 2.5, 2.37, 2.5, 451400.0, 2.5
2016-04-14, 2.5, 2.5, 2.42, 2.45, 306000.0, 2.45
2016-04-15, 2.43, 2.44, 2.39, 2.43, 264800.0, 2.43
2016-04-18, 2.41, 2.62, 2.41, 2.59, 938300.0, 2.59
2016-04-19, 2.62, 2.62, 2.54, 2.56, 570800.0, 2.56
2016-04-20, 2.57, 2.64, 2.56, 2.59, 609000.0, 2.59
2016-04-21, 2.58, 2.65, 2.52, 2.53, 438900.0, 2.53
2016-04-22, 2.53, 2.62, 2.52, 2.61, 593800.0, 2.61
2016-04-25, 2.58, 2.61, 2.44, 2.54, 663200.0, 2.54
2016-04-26, 2.54, 2.6, 2.52, 2.58, 524600.0, 2.58
2016-04-27, 2.6, 2.65, 2.53, 2.61, 785100.0, 2.61
2016-04-28, 2.59, 2.7, 2.59, 2.65, 845100.0, 2.65
2016-04-29, 2.67, 2.7, 2.61, 2.66, 1023700.0, 2.66
2016-05-02, 2.69, 2.75, 2.63, 2.74, 534800.0, 2.74
2016-05-03, 2.71, 2.72, 2.56, 2.66, 646200.0, 2.66
2016-05-04, 2.64, 2.73, 2.59, 2.59, 360700.0, 2.59
2016-05-05, 2.65, 2.65, 2.55, 2.57, 368900.0, 2.57
2016-05-06, 2.55, 2.63, 2.36, 2.39, 1298900.0, 2.39
2016-05-09, 2.37, 2.38, 2.27, 2.29, 985000.0, 2.29
2016-05-10, 2.27, 2.38, 2.27, 2.32, 717200.0, 2.32
2016-05-11, 2.33, 2.41, 2.31, 2.31, 480800.0, 2.31
2016-05-12, 2.34, 2.37, 2.28, 2.29, 345800.0, 2.29
2016-05-13, 2.29, 2.35, 2.28, 2.29, 361300.0, 2.29
2016-05-16, 2.28, 2.35, 2.28, 2.34, 507900.0, 2.34
2016-05-17, 2.31, 2.35, 2.29, 2.32, 1301300.0, 2.32
2016-05-18, 2.3, 2.4, 2.3, 2.36, 459500.0, 2.36
2016-05-19, 2.31, 2.38, 2.29, 2.36, 276200.0, 2.36
2016-05-20, 2.36, 2.38, 2.32, 2.38, 520100.0, 2.38
2016-05-23, 2.38, 2.43, 2.33, 2.39, 416800.0, 2.39
2016-05-24, 2.36, 2.41, 2.34, 2.35, 525600.0, 2.35
2016-05-25, 2.35, 2.38, 2.34, 2.38, 228400.0, 2.38
2016-05-26, 2.39, 2.42, 2.34, 2.34, 281400.0, 2.34
2016-05-27, 2.33, 2.38, 2.32, 2.34, 213500.0, 2.34
2016-05-31, 2.3, 2.38, 2.3, 2.35, 296700.0, 2.35
2016-06-01, 2.33, 2.37, 2.3, 2.36, 357700.0, 2.36
2016-06-02, 2.35, 2.37, 2.31, 2.36, 260700.0, 2.36
2016-06-03, 2.35, 2.39, 2.33, 2.35, 192800.0, 2.35
2016-06-06, 2.35, 2.4, 2.34, 2.38, 220000.0, 2.38
2016-06-07, 2.38, 2.43, 2.36, 2.42, 256600.0, 2.42
2016-06-08, 2.4, 2.46, 2.4, 2.46, 311900.0, 2.46
2016-06-09, 2.46, 2.46, 2.38, 2.46, 365300.0, 2.46
2016-06-10, 2.41, 2.43, 2.31, 2.32, 391700.0, 2.32
2016-06-13, 2.32, 2.33, 2.26, 2.28, 262900.0, 2.28
2016-06-14, 2.26, 2.29, 2.22, 2.27, 260700.0, 2.27
2016-06-15, 2.25, 2.29, 2.24, 2.24, 330800.0, 2.24
2016-06-16, 2.25, 2.3, 2.21, 2.29, 296400.0, 2.29
2016-06-17, 2.29, 2.35, 2.26, 2.35, 562600.0, 2.35
2016-06-20, 2.34, 2.43, 2.34, 2.39, 337500.0, 2.39
2016-06-21, 2.4, 2.46, 2.35, 2.43, 351500.0, 2.43
2016-06-22, 2.44, 2.47, 2.36, 2.44, 694500.0, 2.44
2016-06-23, 2.45, 2.5, 2.45, 2.47, 308100.0, 2.47
2016-06-24, 2.32, 2.48, 2.28, 2.47, 1145900.0, 2.47
2016-06-27, 2.41, 2.46, 2.33, 2.34, 530000.0, 2.34
2016-06-28, 2.39, 2.46, 2.31, 2.43, 525000.0, 2.43
2016-06-29, 2.43, 2.48, 2.41, 2.46, 384700.0, 2.46
2016-06-30, 2.46, 2.51, 2.41, 2.48, 352400.0, 2.48
2016-07-01, 2.48, 2.54, 2.47, 2.52, 272500.0, 2.52
2016-07-05, 2.52, 2.53, 2.48, 2.52, 321300.0, 2.52
2016-07-06, 2.5, 2.53, 2.48, 2.52, 206700.0, 2.52
