2009-12-18, 0.07, 0.07, 0.07, 0.07, 0.0, 0.07
2009-12-21, 0.07, 0.07, 0.07, 0.07, 0.0, 0.07
2009-12-22, 0.07, 0.07, 0.07, 0.07, 0.0, 0.07
2009-12-23, 0.07, 0.07, 0.07, 0.07, 0.0, 0.07
2009-12-24, 0.07, 0.07, 0.07, 0.07, 0.0, 0.07
2009-12-28, 0.07, 0.07, 0.07, 0.07, 0.0, 0.07
2009-12-29, 0.07, 0.07, 0.07, 0.07, 0.0, 0.07
2009-12-30, 0.07, 0.07, 0.07, 0.07, 0.0, 0.07
2009-12-31, 0.07, 0.07, 0.07, 0.07, 0.0, 0.07
2010-01-04, 0.07, 0.07, 0.07, 0.07, 0.0, 0.07
2010-01-05, 0.07, 0.07, 0.07, 0.07, 0.0, 0.07
2010-01-06, 0.96, 0.96, 0.96, 0.96, 5000.0, 0.96
2010-01-07, 1.06, 1.06, 1.06, 1.06, 5000.0, 1.06
2010-01-08, 1.06, 1.06, 1.06, 1.06, 0.0, 1.06
2010-01-11, 1.06, 1.06, 1.06, 1.06, 0.0, 1.06
2010-01-12, 1.06, 1.06, 1.06, 1.06, 0.0, 1.06
2010-01-13, 1.06, 1.06, 1.06, 1.06, 0.0, 1.06
2010-01-14, 1.06, 1.06, 1.06, 1.06, 0.0, 1.06
2010-01-15, 1.06, 1.06, 1.06, 1.06, 0.0, 1.06
2010-01-19, 1.06, 1.06, 1.06, 1.06, 0.0, 1.06
2010-01-20, 1.06, 1.06, 1.06, 1.06, 0.0, 1.06
2010-01-21, 1.06, 1.06, 1.06, 1.06, 0.0, 1.06
2010-01-22, 1.06, 1.06, 1.06, 1.06, 0.0, 1.06
2010-01-25, 1.06, 1.06, 1.06, 1.06, 0.0, 1.06
2010-01-26, 1.06, 1.06, 1.06, 1.06, 0.0, 1.06
2010-01-27, 1.06, 1.06, 1.06, 1.06, 0.0, 1.06
2010-01-28, 1.06, 1.06, 1.06, 1.06, 0.0, 1.06
2010-01-29, 1.06, 1.06, 1.06, 1.06, 0.0, 1.06
2010-02-01, 1.06, 1.06, 1.06, 1.06, 0.0, 1.06
2010-02-02, 1.06, 1.06, 1.06, 1.06, 0.0, 1.06
2010-02-03, 1.06, 1.06, 1.06, 1.06, 0.0, 1.06
2010-02-04, 1.06, 1.06, 1.06, 1.06, 0.0, 1.06
2010-02-05, 1.06, 1.06, 1.06, 1.06, 0.0, 1.06
2010-02-08, 1.06, 1.06, 1.06, 1.06, 0.0, 1.06
2010-02-09, 1.06, 1.06, 1.06, 1.06, 0.0, 1.06
2010-02-10, 1.06, 1.06, 1.06, 1.06, 0.0, 1.06
2010-02-11, 1.06, 1.06, 1.06, 1.06, 0.0, 1.06
2010-02-12, 1.06, 1.06, 1.06, 1.06, 0.0, 1.06
2010-02-16, 1.06, 1.06, 1.06, 1.06, 0.0, 1.06
2010-02-17, 1.06, 1.06, 1.06, 1.06, 0.0, 1.06
2010-02-18, 1.06, 1.06, 1.06, 1.06, 0.0, 1.06
2010-02-19, 1.06, 1.06, 1.06, 1.06, 0.0, 1.06
2010-02-22, 1.06, 1.06, 1.06, 1.06, 0.0, 1.06
2010-02-23, 1.06, 1.06, 1.06, 1.06, 0.0, 1.06
2010-02-24, 1.06, 1.06, 1.06, 1.06, 0.0, 1.06
2010-02-25, 1.06, 1.06, 1.06, 1.06, 0.0, 1.06
2010-02-26, 1.06, 1.06, 1.06, 1.06, 0.0, 1.06
2010-03-01, 1.06, 1.06, 1.06, 1.06, 0.0, 1.06
2010-03-02, 1.06, 1.06, 1.06, 1.06, 0.0, 1.06
2010-03-03, 1.06, 1.06, 1.06, 1.06, 0.0, 1.06
2010-03-04, 1.95, 2.0, 1.95, 2.0, 2500.0, 2.0
2010-03-05, 2.0, 2.0, 2.0, 2.0, 0.0, 2.0
2010-03-08, 2.0, 2.0, 2.0, 2.0, 0.0, 2.0
2010-03-09, 2.0, 2.0, 2.0, 2.0, 0.0, 2.0
2010-03-10, 2.0, 2.0, 2.0, 2.0, 0.0, 2.0
2010-03-11, 2.0, 2.0, 2.0, 2.0, 0.0, 2.0
2010-03-12, 2.65, 2.65, 2.65, 2.65, 200.0, 2.65
2010-03-15, 2.65, 2.65, 2.65, 2.65, 0.0, 2.65
2010-03-16, 2.65, 2.65, 2.65, 2.65, 0.0, 2.65
2010-03-17, 2.65, 2.65, 2.65, 2.65, 0.0, 2.65
2010-03-18, 2.65, 2.65, 2.65, 2.65, 0.0, 2.65
2010-03-19, 2.65, 2.65, 2.65, 2.65, 0.0, 2.65
2010-03-22, 2.65, 2.65, 2.65, 2.65, 0.0, 2.65
2010-03-23, 2.65, 2.65, 2.65, 2.65, 0.0, 2.65
2010-03-24, 2.65, 2.65, 2.65, 2.65, 0.0, 2.65
2010-03-25, 2.65, 2.65, 2.65, 2.65, 0.0, 2.65
2010-03-26, 2.65, 2.65, 2.65, 2.65, 0.0, 2.65
2010-03-29, 2.65, 2.65, 2.65, 2.65, 0.0, 2.65
2010-03-30, 2.65, 2.65, 2.65, 2.65, 0.0, 2.65
2010-03-31, 2.65, 2.65, 2.65, 2.65, 0.0, 2.65
2010-04-01, 2.65, 2.65, 2.65, 2.65, 0.0, 2.65
2010-04-05, 0.27, 0.27, 0.27, 0.27, 0.0, 0.27
2010-04-06, 0.27, 0.27, 0.27, 0.27, 0.0, 0.27
2010-04-07, 0.27, 0.27, 0.27, 0.27, 0.0, 0.27
2010-04-08, 0.27, 0.27, 0.27, 0.27, 0.0, 0.27
2010-04-09, 2.65, 2.65, 2.65, 2.65, 0.0, 2.65
2010-04-12, 2.65, 2.65, 2.65, 2.65, 0.0, 2.65
2010-04-13, 2.65, 2.65, 2.65, 2.65, 0.0, 2.65
2010-04-14, 2.65, 2.65, 2.65, 2.65, 0.0, 2.65
2010-04-15, 2.65, 2.65, 2.65, 2.65, 0.0, 2.65
2010-04-16, 2.65, 2.65, 2.65, 2.65, 0.0, 2.65
2010-04-19, 2.65, 2.65, 2.65, 2.65, 0.0, 2.65
2010-04-20, 2.65, 2.65, 2.65, 2.65, 0.0, 2.65
2010-04-21, 2.0, 2.0, 2.0, 2.0, 500.0, 2.0
2010-04-22, 2.0, 2.0, 2.0, 2.0, 0.0, 2.0
2010-04-23, 2.0, 2.0, 2.0, 2.0, 0.0, 2.0
2010-04-26, 2.0, 2.0, 2.0, 2.0, 0.0, 2.0
2010-04-27, 2.0, 2.0, 2.0, 2.0, 0.0, 2.0
2010-04-28, 1.89, 1.89, 1.84, 1.84, 3800.0, 1.84
2010-04-29, 1.84, 1.84, 1.84, 1.84, 0.0, 1.84
2010-04-30, 1.84, 1.84, 1.84, 1.84, 0.0, 1.84
2010-05-03, 1.84, 1.84, 1.84, 1.84, 0.0, 1.84
2010-05-04, 1.84, 1.84, 1.84, 1.84, 0.0, 1.84
2010-05-05, 1.84, 1.84, 1.84, 1.84, 0.0, 1.84
2010-05-06, 1.84, 1.84, 1.84, 1.84, 20000.0, 1.84
2010-05-07, 1.84, 1.84, 1.84, 1.84, 0.0, 1.84
2010-05-10, 1.84, 1.84, 1.84, 1.84, 0.0, 1.84
2010-05-11, 1.82, 1.82, 1.82, 1.82, 600.0, 1.82
2010-05-12, 1.77, 1.77, 1.77, 1.77, 10000.0, 1.77
2010-05-13, 1.77, 1.77, 1.77, 1.77, 0.0, 1.77
2010-05-14, 1.77, 1.77, 1.77, 1.77, 0.0, 1.77
2010-05-17, 1.77, 1.77, 1.77, 1.77, 0.0, 1.77
2010-05-18, 1.77, 1.77, 1.77, 1.77, 0.0, 1.77
2010-05-19, 1.77, 1.77, 1.77, 1.77, 0.0, 1.77
2010-05-20, 1.77, 1.77, 1.77, 1.77, 0.0, 1.77
2010-05-21, 1.53, 1.54, 1.53, 1.54, 700.0, 1.54
2010-05-24, 1.54, 1.54, 1.54, 1.54, 0.0, 1.54
2010-05-25, 1.52, 1.52, 1.52, 1.52, 700.0, 1.52
2010-05-26, 1.52, 1.52, 1.52, 1.52, 0.0, 1.52
2010-05-27, 1.52, 1.52, 1.52, 1.52, 0.0, 1.52
2010-05-28, 1.52, 1.52, 1.52, 1.52, 0.0, 1.52
2010-06-01, 1.49, 1.49, 1.49, 1.49, 1400.0, 1.49
2010-06-02, 1.47, 1.47, 1.47, 1.47, 800.0, 1.47
2010-06-03, 1.55, 1.55, 1.47, 1.47, 2200.0, 1.47
2010-06-04, 1.47, 1.47, 1.47, 1.47, 0.0, 1.47
2010-06-07, 1.47, 1.47, 1.47, 1.47, 0.0, 1.47
2010-06-08, 1.47, 1.47, 1.47, 1.47, 0.0, 1.47
2010-06-09, 1.42, 1.42, 1.42, 1.42, 2500.0, 1.42
2010-06-10, 1.42, 1.42, 1.42, 1.42, 0.0, 1.42
2010-06-11, 1.42, 1.42, 1.42, 1.42, 0.0, 1.42
2010-06-14, 1.39, 1.39, 1.39, 1.39, 500.0, 1.39
2010-06-15, 1.39, 1.39, 1.39, 1.39, 0.0, 1.39
2010-06-16, 1.39, 1.39, 1.39, 1.39, 0.0, 1.39
2010-06-17, 1.17, 1.17, 1.17, 1.17, 1000.0, 1.17
2010-06-18, 1.12, 1.12, 1.12, 1.12, 3500.0, 1.12
2010-06-21, 1.12, 1.12, 1.12, 1.12, 0.0, 1.12
2010-06-22, 1.12, 1.12, 1.12, 1.12, 0.0, 1.12
2010-06-23, 1.12, 1.12, 1.12, 1.12, 6500.0, 1.12
2010-06-24, 1.12, 1.12, 1.12, 1.12, 0.0, 1.12
2010-06-25, 1.12, 1.12, 1.12, 1.12, 0.0, 1.12
2010-06-28, 1.12, 1.12, 1.12, 1.12, 0.0, 1.12
2010-06-29, 1.05, 1.05, 0.93, 0.93, 180300.0, 0.93
2010-06-30, 0.93, 0.93, 0.93, 0.93, 0.0, 0.93
2010-07-01, 0.93, 0.93, 0.93, 0.93, 0.0, 0.93
2010-07-02, 0.93, 0.93, 0.93, 0.93, 0.0, 0.93
2010-07-06, 0.88, 0.88, 0.88, 0.88, 800.0, 0.88
2010-07-07, 0.88, 0.88, 0.88, 0.88, 0.0, 0.88
2010-07-08, 0.96, 0.96, 0.96, 0.96, 500.0, 0.96
2010-07-09, 0.96, 0.96, 0.96, 0.96, 0.0, 0.96
2010-07-12, 0.96, 0.96, 0.96, 0.96, 0.0, 0.96
2010-07-13, 1.03, 1.03, 1.02, 1.02, 20000.0, 1.02
2010-07-14, 1.02, 1.02, 1.02, 1.02, 0.0, 1.02
2010-07-15, 1.02, 1.02, 1.02, 1.02, 0.0, 1.02
2010-07-16, 1.02, 1.02, 1.02, 1.02, 0.0, 1.02
2010-07-19, 1.02, 1.02, 1.02, 1.02, 4200.0, 1.02
2010-07-20, 1.02, 1.02, 1.02, 1.02, 0.0, 1.02
2010-07-21, 1.02, 1.02, 1.02, 1.02, 0.0, 1.02
2010-07-22, 1.02, 1.02, 1.02, 1.02, 0.0, 1.02
2010-07-23, 1.06, 1.06, 1.06, 1.06, 2000.0, 1.06
2010-07-26, 1.08, 1.08, 1.08, 1.08, 1000.0, 1.08
2010-07-27, 1.08, 1.08, 1.08, 1.08, 0.0, 1.08
2010-07-28, 1.08, 1.08, 1.08, 1.08, 0.0, 1.08
2010-07-29, 1.08, 1.08, 1.08, 1.08, 0.0, 1.08
2010-07-30, 1.35, 1.39, 1.35, 1.39, 1500.0, 1.39
2010-08-02, 1.41, 1.41, 1.41, 1.41, 1000.0, 1.41
2010-08-03, 1.41, 1.41, 1.41, 1.41, 0.0, 1.41
2010-08-04, 1.37, 1.37, 1.37, 1.37, 2200.0, 1.37
2010-08-05, 1.37, 1.37, 1.37, 1.37, 0.0, 1.37
2010-08-06, 1.37, 1.4, 1.37, 1.37, 4200.0, 1.37
2010-08-09, 1.37, 1.37, 1.37, 1.37, 0.0, 1.37
2010-08-10, 1.37, 1.37, 1.37, 1.37, 0.0, 1.37
2010-08-11, 1.37, 1.37, 1.37, 1.37, 0.0, 1.37
2010-08-12, 1.37, 1.37, 1.37, 1.37, 0.0, 1.37
2010-08-13, 1.37, 1.37, 1.37, 1.37, 0.0, 1.37
2010-08-16, 1.37, 1.37, 1.37, 1.37, 0.0, 1.37
2010-08-17, 1.4, 1.4, 1.39, 1.39, 20300.0, 1.39
2010-08-18, 1.39, 1.39, 1.39, 1.39, 0.0, 1.39
2010-08-19, 1.39, 1.39, 1.39, 1.39, 0.0, 1.39
2010-08-20, 1.37, 1.37, 1.37, 1.37, 7300.0, 1.37
2010-08-23, 1.37, 1.37, 1.37, 1.37, 0.0, 1.37
2010-08-24, 1.37, 1.37, 1.37, 1.37, 0.0, 1.37
2010-08-25, 1.37, 1.37, 1.37, 1.37, 0.0, 1.37
2010-08-26, 1.28, 1.28, 1.28, 1.28, 100.0, 1.28
2010-08-27, 1.28, 1.28, 1.28, 1.28, 2000.0, 1.28
2010-08-30, 1.28, 1.28, 1.28, 1.28, 0.0, 1.28
2010-08-31, 1.25, 1.31, 1.25, 1.3, 13700.0, 1.3
2010-09-01, 1.32, 1.32, 1.27, 1.27, 13000.0, 1.27
2010-09-02, 1.29, 1.29, 1.29, 1.29, 2500.0, 1.29
2010-09-03, 1.29, 1.29, 1.29, 1.29, 0.0, 1.29
2010-09-07, 1.28, 1.29, 1.28, 1.29, 3500.0, 1.29
2010-09-08, 1.27, 1.27, 1.27, 1.27, 2000.0, 1.27
2010-09-09, 1.28, 1.28, 1.28, 1.28, 8000.0, 1.28
2010-09-10, 1.28, 1.28, 1.28, 1.28, 0.0, 1.28
2010-09-13, 1.28, 1.28, 1.28, 1.28, 0.0, 1.28
2010-09-14, 1.28, 1.28, 1.28, 1.28, 0.0, 1.28
2010-09-15, 1.28, 1.28, 1.28, 1.28, 0.0, 1.28
2010-09-16, 1.3, 1.3, 1.3, 1.3, 1500.0, 1.3
2010-09-17, 1.3, 1.3, 1.3, 1.3, 0.0, 1.3
2010-09-20, 1.33, 1.33, 1.33, 1.33, 400.0, 1.33
2010-09-21, 1.33, 1.33, 1.33, 1.33, 0.0, 1.33
2010-09-22, 1.33, 1.33, 1.33, 1.33, 0.0, 1.33
2010-09-23, 1.33, 1.33, 1.33, 1.33, 0.0, 1.33
2010-09-24, 1.33, 1.33, 1.33, 1.33, 0.0, 1.33
2010-09-27, 1.33, 1.33, 1.33, 1.33, 0.0, 1.33
2010-09-28, 1.46, 1.46, 1.46, 1.46, 2000.0, 1.46
2010-09-29, 1.5, 1.5, 1.5, 1.5, 1000.0, 1.5
2010-09-30, 1.65, 1.67, 1.63, 1.67, 137300.0, 1.67
2010-10-01, 1.71, 1.71, 1.59, 1.59, 11500.0, 1.59
2010-10-04, 1.6, 1.6, 1.55, 1.57, 42300.0, 1.57
2010-10-05, 1.56, 1.56, 1.56, 1.56, 1000.0, 1.56
2010-10-06, 1.61, 1.71, 1.61, 1.71, 29000.0, 1.71
2010-10-07, 1.8, 1.8, 1.6, 1.63, 12400.0, 1.63
2010-10-08, 1.64, 1.65, 1.61, 1.61, 17300.0, 1.61
2010-10-11, 1.62, 1.62, 1.61, 1.61, 5400.0, 1.61
2010-10-12, 1.61, 1.61, 1.58, 1.59, 3800.0, 1.59
2010-10-13, 1.68, 1.71, 1.65, 1.68, 27000.0, 1.68
2010-10-14, 1.64, 1.64, 1.64, 1.64, 1500.0, 1.64
2010-10-15, 1.68, 1.68, 1.61, 1.62, 11700.0, 1.62
2010-10-18, 1.62, 1.63, 1.62, 1.63, 5300.0, 1.63
2010-10-19, 1.61, 1.61, 1.53, 1.55, 26600.0, 1.55
2010-10-20, 1.57, 1.58, 1.57, 1.58, 7200.0, 1.58
2010-10-21, 1.56, 1.56, 1.5, 1.53, 17900.0, 1.53
2010-10-22, 1.48, 1.52, 1.48, 1.52, 41600.0, 1.52
2010-10-25, 1.48, 1.49, 1.48, 1.49, 31000.0, 1.49
2010-10-26, 1.47, 1.47, 1.46, 1.47, 32000.0, 1.47
2010-10-27, 1.44, 1.44, 1.44, 1.44, 700.0, 1.44
2010-10-28, 1.45, 1.45, 1.45, 1.45, 1000.0, 1.45
2010-10-29, 1.66, 1.66, 1.66, 1.66, 200.0, 1.66
2010-11-01, 1.68, 1.68, 1.68, 1.68, 1000.0, 1.68
2010-11-02, 1.61, 1.61, 1.61, 1.61, 100.0, 1.61
2010-11-03, 1.57, 1.57, 1.53, 1.53, 3500.0, 1.53
2010-11-04, 1.6, 1.61, 1.6, 1.61, 5000.0, 1.61
2010-11-05, 1.61, 1.61, 1.61, 1.61, 100.0, 1.61
2010-11-08, 1.64, 1.91, 1.64, 1.7, 23500.0, 1.7
2010-11-09, 1.82, 1.86, 1.75, 1.75, 6800.0, 1.75
2010-11-10, 1.8, 1.85, 1.8, 1.85, 70400.0, 1.85
2010-11-11, 2.05, 2.05, 2.05, 2.05, 3000.0, 2.05
2010-11-12, 2.03, 2.06, 2.03, 2.06, 5000.0, 2.06
2010-11-15, 2.18, 2.18, 2.09, 2.09, 15400.0, 2.09
2010-11-16, 2.06, 2.1, 1.94, 1.98, 18600.0, 1.98
2010-11-17, 2.0, 2.24, 2.0, 2.13, 28600.0, 2.13
2010-11-18, 2.25, 2.35, 2.1, 2.17, 10000.0, 2.17
2010-11-19, 2.26, 2.29, 2.25, 2.25, 9300.0, 2.25
2010-11-22, 2.3, 2.3, 2.18, 2.18, 18500.0, 2.18
2010-11-23, 2.31, 2.31, 2.23, 2.24, 6600.0, 2.24
2010-11-24, 2.31, 2.32, 2.31, 2.32, 2200.0, 2.32
2010-11-26, 2.35, 2.35, 2.32, 2.32, 500.0, 2.32
2010-11-29, 2.24, 2.25, 2.21, 2.21, 42400.0, 2.21
2010-11-30, 2.15, 2.15, 2.14, 2.14, 6400.0, 2.14
2010-12-01, 2.22, 2.28, 2.22, 2.28, 1300.0, 2.28
2010-12-02, 2.31, 2.31, 2.3, 2.3, 1100.0, 2.3
2010-12-03, 2.28, 2.33, 2.28, 2.33, 1200.0, 2.33
2010-12-06, 2.33, 2.4, 2.31, 2.4, 21900.0, 2.4
2010-12-07, 2.5, 2.59, 2.48, 2.51, 18800.0, 2.51
2010-12-08, 2.47, 2.5, 2.47, 2.49, 1900.0, 2.49
2010-12-09, 2.69, 2.85, 2.69, 2.85, 26300.0, 2.85
2010-12-10, 2.86, 2.9, 2.86, 2.89, 15700.0, 2.89
2010-12-13, 2.94, 3.2, 2.94, 3.04, 24500.0, 3.04
2010-12-14, 2.99, 2.99, 2.95, 2.95, 2700.0, 2.95
2010-12-15, 2.81, 2.96, 2.8, 2.96, 1900.0, 2.96
2010-12-16, 2.76, 2.8, 2.76, 2.76, 3800.0, 2.76
2010-12-17, 2.82, 2.93, 2.82, 2.93, 3300.0, 2.93
2010-12-20, 2.95, 2.95, 2.88, 2.91, 10000.0, 2.91
2010-12-21, 3.02, 3.13, 3.02, 3.13, 9900.0, 3.13
2010-12-22, 3.13, 3.14, 3.12, 3.13, 3300.0, 3.13
2010-12-23, 3.16, 3.16, 3.13, 3.13, 2900.0, 3.13
2010-12-27, 3.15, 3.15, 3.15, 3.15, 2800.0, 3.15
2010-12-28, 3.15, 3.15, 3.15, 3.15, 0.0, 3.15
2010-12-29, 3.15, 3.15, 3.12, 3.12, 3500.0, 3.12
2010-12-30, 3.01, 3.04, 2.9, 3.04, 26300.0, 3.04
2010-12-31, 3.06, 3.06, 3.06, 3.06, 200.0, 3.06
2011-01-03, 3.17, 3.17, 3.06, 3.06, 1200.0, 3.06
2011-01-04, 3.15, 3.15, 3.06, 3.06, 2700.0, 3.06
2011-01-05, 2.98, 3.01, 2.98, 3.01, 1200.0, 3.01
2011-01-06, 2.94, 2.94, 2.9, 2.9, 1500.0, 2.9
2011-01-07, 2.84, 2.84, 2.68, 2.69, 13400.0, 2.69
2011-01-10, 2.57, 2.6, 2.57, 2.6, 10200.0, 2.6
2011-01-11, 2.78, 3.04, 2.76, 3.04, 11500.0, 3.04
2011-01-12, 3.59, 3.74, 3.49, 3.53, 54000.0, 3.53
2011-01-13, 3.55, 3.55, 3.37, 3.37, 9300.0, 3.37
2011-01-14, 3.31, 3.31, 3.3, 3.3, 29500.0, 3.3
2011-01-18, 3.64, 3.68, 3.63, 3.64, 70300.0, 3.64
2011-01-19, 3.68, 3.68, 3.47, 3.47, 16100.0, 3.47
2011-01-20, 3.43, 3.43, 3.39, 3.42, 3600.0, 3.42
2011-01-21, 3.51, 3.68, 3.51, 3.68, 126600.0, 3.68
2011-01-24, 3.73, 3.75, 3.65, 3.72, 12700.0, 3.72
2011-01-25, 3.45, 3.59, 3.45, 3.45, 48200.0, 3.45
2011-01-26, 3.48, 3.48, 3.48, 3.48, 10000.0, 3.48
2011-01-27, 3.47, 3.47, 3.47, 3.47, 200.0, 3.47
2011-01-28, 3.47, 3.47, 3.47, 3.47, 0.0, 3.47
2011-01-31, 3.55, 3.56, 3.52, 3.53, 13200.0, 3.53
2011-02-01, 3.59, 3.71, 3.58, 3.71, 2700.0, 3.71
2011-02-02, 3.79, 3.79, 3.76, 3.78, 5700.0, 3.78
2011-02-03, 3.88, 3.89, 3.83, 3.86, 11100.0, 3.86
2011-02-04, 3.87, 3.94, 3.87, 3.94, 2700.0, 3.94
2011-02-07, 4.03, 4.03, 3.91, 3.94, 21600.0, 3.94
2011-02-08, 3.99, 3.99, 3.92, 3.93, 21500.0, 3.93
2011-02-09, 3.87, 3.87, 3.76, 3.76, 2200.0, 3.76
2011-02-10, 3.71, 3.72, 3.67, 3.7, 18900.0, 3.7
2011-02-11, 3.71, 3.71, 3.71, 3.71, 700.0, 3.71
2011-02-14, 3.91, 3.96, 3.9, 3.95, 25700.0, 3.95
2011-02-15, 4.13, 4.25, 4.07, 4.09, 14500.0, 4.09
2011-02-16, 4.08, 4.08, 4.04, 4.04, 27300.0, 4.04
2011-02-17, 4.06, 4.06, 3.99, 3.99, 6000.0, 3.99
2011-02-18, 3.98, 3.99, 3.89, 3.93, 7700.0, 3.93
2011-02-22, 3.92, 3.92, 3.87, 3.87, 5400.0, 3.87
2011-02-23, 3.94, 3.94, 3.73, 3.73, 3500.0, 3.73
2011-02-24, 3.8, 3.81, 3.8, 3.8, 6300.0, 3.8
2011-02-25, 3.8, 3.8, 3.8, 3.8, 0.0, 3.8
2011-02-28, 3.9, 3.96, 3.9, 3.92, 6600.0, 3.92
2011-03-01, 4.0, 4.04, 3.94, 3.97, 10100.0, 3.97
2011-03-02, 4.03, 4.03, 3.93, 3.93, 30600.0, 3.93
2011-03-03, 3.96, 3.99, 3.94, 3.99, 7300.0, 3.99
2011-03-04, 4.04, 4.04, 4.04, 4.04, 2000.0, 4.04
2011-03-07, 3.99, 4.0, 3.9, 3.93, 43000.0, 3.93
2011-03-08, 3.93, 3.93, 3.88, 3.9, 68600.0, 3.9
2011-03-09, 3.91, 3.94, 2.49, 3.64, 13300.0, 3.64
2011-03-10, 3.5, 3.5, 3.3, 3.44, 49500.0, 3.44
2011-03-11, 3.12, 3.36, 3.12, 3.36, 18200.0, 3.36
2011-03-14, 3.47, 3.48, 3.28, 3.29, 25300.0, 3.29
2011-03-15, 2.99, 3.07, 2.9, 3.07, 18500.0, 3.07
2011-03-16, 3.08, 3.27, 3.06, 3.27, 12200.0, 3.27
2011-03-17, 3.46, 3.46, 3.3, 3.31, 5000.0, 3.31
2011-03-18, 3.34, 3.36, 3.34, 3.36, 800.0, 3.36
2011-03-21, 3.49, 3.52, 3.39, 3.39, 18800.0, 3.39
2011-03-22, 3.4, 3.4, 3.33, 3.34, 9700.0, 3.34
2011-03-23, 3.35, 3.35, 3.35, 3.35, 300.0, 3.35
2011-03-24, 3.4, 3.4, 3.25, 3.34, 9500.0, 3.34
2011-03-25, 3.35, 3.35, 3.3, 3.3, 3000.0, 3.3
2011-03-28, 3.3, 3.4, 3.25, 3.25, 5900.0, 3.25
2011-03-29, 3.25, 3.25, 3.25, 3.25, 0.0, 3.25
2011-03-30, 3.3, 3.3, 3.26, 3.28, 13500.0, 3.28
2011-03-31, 3.39, 3.44, 3.39, 3.44, 3000.0, 3.44
2011-04-01, 3.59, 3.59, 3.44, 3.47, 15200.0, 3.47
2011-04-04, 3.45, 3.87, 3.45, 3.84, 8500.0, 3.84
2011-04-05, 3.99, 4.15, 3.87, 4.04, 14800.0, 4.04
2011-04-06, 4.15, 4.15, 4.05, 4.05, 25000.0, 4.05
2011-04-07, 4.01, 4.01, 3.94, 4.0, 9500.0, 4.0
2011-04-08, 3.99, 3.99, 3.82, 3.82, 1100.0, 3.82
2011-04-11, 3.81, 3.81, 3.73, 3.73, 10400.0, 3.73
2011-04-12, 3.65, 3.65, 3.6, 3.6, 600.0, 3.6
2011-04-13, 3.61, 3.61, 3.61, 3.61, 400.0, 3.61
2011-04-14, 3.61, 3.61, 3.61, 3.61, 1000.0, 3.61
2011-04-15, 3.64, 3.64, 3.63, 3.63, 4900.0, 3.63
2011-04-18, 3.29, 3.31, 3.19, 3.19, 8400.0, 3.19
2011-04-19, 3.46, 3.49, 3.15, 3.15, 176000.0, 3.15
2011-04-20, 3.45, 3.68, 3.45, 3.47, 88500.0, 3.47
2011-04-21, 3.47, 3.47, 3.47, 3.47, 0.0, 3.47
2011-04-25, 3.32, 3.32, 3.31, 3.31, 500.0, 3.31
2011-04-26, 3.3, 3.3, 3.25, 3.25, 7000.0, 3.25
2011-04-27, 3.32, 3.35, 3.23, 3.25, 13700.0, 3.25
2011-04-28, 3.14, 3.16, 3.1, 3.11, 35100.0, 3.11
2011-04-29, 3.13, 3.16, 3.07, 3.07, 13000.0, 3.07
2011-05-02, 3.03, 3.05, 2.99, 2.99, 12400.0, 2.99
2011-05-03, 2.92, 2.92, 2.75, 2.76, 4800.0, 2.76
2011-05-04, 2.87, 2.87, 2.62, 2.62, 17200.0, 2.62
2011-05-05, 2.76, 2.79, 2.71, 2.72, 17900.0, 2.72
2011-05-06, 2.78, 2.89, 2.78, 2.79, 31000.0, 2.79
2011-05-09, 2.86, 2.86, 2.84, 2.84, 6600.0, 2.84
2011-05-10, 2.84, 2.93, 2.83, 2.93, 5700.0, 2.93
2011-05-11, 2.88, 2.88, 2.85, 2.85, 10300.0, 2.85
2011-05-12, 2.85, 2.85, 2.85, 2.85, 8500.0, 2.85
2011-05-13, 2.85, 2.88, 2.82, 2.88, 6900.0, 2.88
2011-05-16, 2.79, 2.79, 2.79, 2.79, 2000.0, 2.79
2011-05-17, 2.8, 2.82, 2.74, 2.82, 7600.0, 2.82
2011-05-18, 2.89, 2.89, 2.89, 2.89, 2000.0, 2.89
2011-05-19, 3.06, 3.06, 3.06, 3.06, 1000.0, 3.06
2011-05-20, 3.05, 3.14, 3.05, 3.14, 6100.0, 3.14
2011-05-23, 3.14, 3.14, 3.14, 3.14, 0.0, 3.14
2011-05-24, 3.14, 3.14, 3.14, 3.14, 0.0, 3.14
2011-05-25, 3.07, 3.07, 3.07, 3.07, 1000.0, 3.07
2011-05-26, 2.96, 2.96, 2.92, 2.92, 10500.0, 2.92
2011-05-27, 2.92, 2.92, 2.92, 2.92, 0.0, 2.92
2011-05-31, 2.91, 2.91, 2.83, 2.83, 900.0, 2.83
2011-06-01, 2.8, 2.8, 2.8, 2.8, 2500.0, 2.8
2011-06-02, 2.78, 2.78, 2.78, 2.78, 5000.0, 2.78
2011-06-03, 2.8, 2.81, 2.8, 2.8, 3400.0, 2.8
2011-06-06, 2.85, 2.86, 2.85, 2.86, 3000.0, 2.86
2011-06-07, 2.78, 2.78, 2.76, 2.76, 8900.0, 2.76
2011-06-08, 2.57, 2.57, 2.53, 2.53, 1000.0, 2.53
2011-06-09, 2.69, 2.69, 2.65, 2.66, 8500.0, 2.66
2011-06-10, 2.7, 2.74, 2.6, 2.7, 10500.0, 2.7
2011-06-13, 2.77, 2.82, 2.71, 2.75, 61500.0, 2.75
2011-06-14, 2.89, 2.9, 2.82, 2.87, 46700.0, 2.87
2011-06-15, 2.97, 2.97, 2.92, 2.94, 3800.0, 2.94
2011-06-16, 2.95, 3.02, 2.93, 3.0, 12600.0, 3.0
2011-06-17, 2.84, 2.88, 2.8, 2.88, 17000.0, 2.88
2011-06-20, 2.87, 2.88, 2.8, 2.8, 9700.0, 2.8
2011-06-21, 2.98, 2.99, 2.98, 2.99, 3400.0, 2.99
2011-06-22, 3.0, 3.0, 2.96, 2.97, 3700.0, 2.97
2011-06-23, 2.92, 2.93, 2.83, 2.84, 7200.0, 2.84
2011-06-24, 2.85, 2.85, 2.8, 2.8, 5000.0, 2.8
2011-06-27, 2.87, 2.87, 2.77, 2.77, 10500.0, 2.77
2011-06-28, 2.84, 2.89, 2.83, 2.85, 76900.0, 2.85
2011-06-29, 2.93, 2.93, 2.89, 2.89, 11000.0, 2.89
2011-06-30, 2.93, 3.18, 2.93, 3.18, 7100.0, 3.18
2011-07-01, 3.2, 3.2, 3.2, 3.2, 4000.0, 3.2
2011-07-05, 3.41, 3.47, 3.39, 3.4, 8700.0, 3.4
2011-07-06, 3.33, 3.33, 3.28, 3.3, 15000.0, 3.3
2011-07-07, 3.46, 3.48, 3.46, 3.48, 1200.0, 3.48
2011-07-08, 3.36, 3.44, 3.32, 3.42, 5100.0, 3.42
2011-07-11, 3.25, 3.31, 3.22, 3.26, 9700.0, 3.26
2011-07-12, 3.27, 3.27, 3.12, 3.16, 4400.0, 3.16
2011-07-13, 3.16, 3.35, 3.16, 3.35, 3900.0, 3.35
2011-07-14, 3.39, 3.39, 3.39, 3.39, 200.0, 3.39
2011-07-15, 3.4, 3.46, 3.4, 3.46, 3500.0, 3.46
2011-07-18, 3.52, 3.65, 3.52, 3.65, 5000.0, 3.65
2011-07-19, 3.76, 3.94, 3.76, 3.93, 16500.0, 3.93
2011-07-20, 3.91, 4.03, 3.9, 4.03, 6300.0, 4.03
2011-07-21, 4.0, 4.0, 3.85, 3.85, 19900.0, 3.85
2011-07-22, 3.96, 4.01, 3.96, 3.99, 1900.0, 3.99
2011-07-25, 3.95, 3.95, 3.95, 3.95, 1300.0, 3.95
2011-07-26, 3.97, 3.97, 3.97, 3.97, 600.0, 3.97
2011-07-27, 3.85, 3.85, 3.85, 3.85, 300.0, 3.85
2011-07-28, 3.85, 3.85, 3.85, 3.85, 0.0, 3.85
2011-07-29, 3.86, 3.86, 3.57, 3.67, 9600.0, 3.67
2011-08-01, 3.7, 3.7, 3.7, 3.7, 400.0, 3.7
2011-08-02, 3.77, 3.77, 3.77, 3.77, 500.0, 3.77
2011-08-03, 3.6, 3.6, 3.4, 3.4, 8900.0, 3.4
2011-08-04, 3.4, 3.4, 3.01, 3.06, 11300.0, 3.06
2011-08-05, 3.17, 3.2, 3.0, 3.2, 22400.0, 3.2
2011-08-08, 2.98, 2.98, 2.7, 2.74, 29200.0, 2.74
2011-08-09, 2.68, 2.91, 2.66, 2.74, 6900.0, 2.74
2011-08-10, 2.8, 2.89, 2.74, 2.89, 8100.0, 2.89
2011-08-11, 2.99, 2.99, 2.99, 2.99, 9000.0, 2.99
2011-08-12, 2.99, 2.99, 2.99, 2.99, 0.0, 2.99
2011-08-15, 2.99, 2.99, 2.99, 2.99, 0.0, 2.99
2011-08-16, 2.99, 2.99, 2.99, 2.99, 0.0, 2.99
2011-08-17, 3.13, 3.13, 3.13, 3.13, 600.0, 3.13
2011-08-18, 2.98, 3.0, 2.98, 2.98, 3000.0, 2.98
2011-08-19, 2.99, 3.08, 2.95, 3.02, 14400.0, 3.02
2011-08-22, 3.13, 3.16, 3.04, 3.04, 4400.0, 3.04
2011-08-23, 3.03, 3.03, 2.92, 2.93, 1800.0, 2.93
2011-08-24, 2.86, 2.87, 2.79, 2.79, 6400.0, 2.79
2011-08-25, 2.79, 2.79, 2.79, 2.79, 0.0, 2.79
2011-08-26, 2.94, 2.94, 2.93, 2.93, 1400.0, 2.93
2011-08-29, 3.1, 3.1, 3.07, 3.07, 15500.0, 3.07
2011-08-30, 3.13, 3.18, 3.13, 3.18, 2400.0, 3.18
2011-08-31, 3.33, 3.34, 3.33, 3.34, 3500.0, 3.34
2011-09-01, 3.51, 3.51, 3.51, 3.51, 1500.0, 3.51
2011-09-02, 3.46, 3.46, 3.43, 3.44, 12100.0, 3.44
2011-09-06, 3.38, 3.52, 3.36, 3.52, 22400.0, 3.52
2011-09-07, 3.58, 3.65, 3.58, 3.64, 1700.0, 3.64
2011-09-08, 3.65, 3.67, 3.49, 3.49, 600.0, 3.49
2011-09-09, 3.52, 3.52, 3.5, 3.51, 178100.0, 3.51
2011-09-12, 3.5, 3.5, 3.46, 3.46, 1500.0, 3.46
2011-09-13, 3.5, 3.5, 3.45, 3.45, 3000.0, 3.45
2011-09-14, 3.44, 3.44, 3.44, 3.44, 2000.0, 3.44
2011-09-15, 3.47, 3.47, 3.4, 3.42, 11600.0, 3.42
2011-09-16, 3.5, 3.62, 3.5, 3.6, 7300.0, 3.6
2011-09-19, 3.6, 3.6, 3.42, 3.43, 37000.0, 3.43
2011-09-20, 3.48, 3.56, 3.48, 3.54, 19500.0, 3.54
2011-09-21, 3.3, 3.3, 3.18, 3.18, 15400.0, 3.18
2011-09-22, 2.77, 2.77, 2.42, 2.54, 24500.0, 2.54
2011-09-23, 2.55, 2.59, 2.48, 2.59, 6500.0, 2.59
2011-09-26, 2.59, 2.59, 2.41, 2.54, 61000.0, 2.54
2011-09-27, 2.66, 2.66, 2.61, 2.61, 7700.0, 2.61
2011-09-28, 2.52, 2.52, 2.46, 2.46, 600.0, 2.46
2011-09-29, 2.39, 2.51, 2.36, 2.42, 15000.0, 2.42
2011-09-30, 2.38, 2.49, 2.37, 2.48, 2700.0, 2.48
2011-10-03, 2.39, 2.39, 2.19, 2.19, 14000.0, 2.19
2011-10-04, 2.3, 2.3, 1.69, 2.14, 34100.0, 2.14
2011-10-05, 2.16, 2.43, 2.16, 2.43, 2600.0, 2.43
2011-10-06, 2.71, 2.71, 2.62, 2.62, 2500.0, 2.62
2011-10-07, 2.77, 2.77, 2.75, 2.75, 1700.0, 2.75
2011-10-10, 2.74, 2.8, 2.74, 2.8, 600.0, 2.8
2011-10-11, 2.75, 2.91, 2.75, 2.91, 21600.0, 2.91
2011-10-12, 3.01, 3.01, 2.93, 2.93, 8200.0, 2.93
2011-10-13, 2.79, 2.79, 2.66, 2.66, 200.0, 2.66
2011-10-14, 2.7, 2.71, 2.67, 2.7, 26000.0, 2.7
2011-10-17, 2.74, 2.74, 2.74, 2.74, 300.0, 2.74
2011-10-18, 2.75, 2.78, 2.75, 2.78, 2400.0, 2.78
2011-10-19, 2.79, 2.84, 2.77, 2.77, 17200.0, 2.77
2011-10-20, 2.66, 2.8, 2.58, 2.75, 49100.0, 2.75
2011-10-21, 2.71, 2.71, 2.64, 2.67, 15500.0, 2.67
2011-10-24, 2.71, 2.71, 2.59, 2.68, 16800.0, 2.68
2011-10-25, 2.63, 2.68, 2.62, 2.67, 15100.0, 2.67
2011-10-26, 2.7, 2.7, 2.65, 2.68, 2400.0, 2.68
2011-10-27, 2.8, 2.92, 2.8, 2.92, 8600.0, 2.92
2011-10-28, 2.83, 2.83, 2.79, 2.79, 7300.0, 2.79
2011-10-31, 2.79, 2.79, 2.79, 2.79, 0.0, 2.79
2011-11-01, 2.79, 2.79, 2.79, 2.79, 0.0, 2.79
2011-11-02, 2.78, 2.8, 2.77, 2.78, 8900.0, 2.78
2011-11-03, 2.78, 2.78, 2.78, 2.78, 0.0, 2.78
2011-11-04, 2.73, 2.74, 2.73, 2.73, 10000.0, 2.73
2011-11-07, 2.69, 2.72, 2.66, 2.72, 5600.0, 2.72
2011-11-08, 2.71, 2.77, 2.69, 2.69, 2700.0, 2.69
2011-11-09, 2.53, 2.61, 2.37, 2.61, 6000.0, 2.61
2011-11-10, 2.54, 2.54, 2.54, 2.54, 400.0, 2.54
2011-11-11, 2.58, 2.58, 2.58, 2.58, 400.0, 2.58
2011-11-14, 2.62, 2.62, 2.47, 2.47, 19600.0, 2.47
2011-11-15, 2.48, 2.48, 2.45, 2.45, 4400.0, 2.45
2011-11-16, 2.43, 2.43, 2.39, 2.39, 3300.0, 2.39
2011-11-17, 2.35, 2.38, 2.35, 2.38, 3900.0, 2.38
2011-11-18, 2.36, 2.36, 2.35, 2.36, 6900.0, 2.36
2011-11-21, 2.32, 2.32, 2.28, 2.28, 3600.0, 2.28
2011-11-22, 2.32, 2.32, 2.32, 2.32, 600.0, 2.32
2011-11-23, 2.29, 2.29, 2.13, 2.2, 9300.0, 2.2
2011-11-25, 2.12, 2.12, 2.12, 2.12, 900.0, 2.12
2011-11-28, 2.2, 2.28, 2.2, 2.21, 41700.0, 2.21
2011-11-29, 2.11, 2.11, 2.11, 2.11, 600.0, 2.11
2011-11-30, 2.24, 2.29, 2.23, 2.29, 8600.0, 2.29
2011-12-01, 2.28, 2.29, 2.23, 2.26, 30300.0, 2.26
2011-12-02, 2.25, 2.25, 2.24, 2.24, 900.0, 2.24
2011-12-05, 2.21, 2.23, 2.21, 2.23, 4300.0, 2.23
2011-12-06, 2.2, 2.2, 2.05, 2.09, 20100.0, 2.09
2011-12-07, 2.07, 2.09, 2.04, 2.04, 24100.0, 2.04
2011-12-08, 2.05, 2.07, 2.05, 2.07, 3000.0, 2.07
2011-12-09, 2.09, 2.31, 2.09, 2.31, 62200.0, 2.31
2011-12-12, 2.25, 2.26, 2.2, 2.23, 23800.0, 2.23
2011-12-13, 2.27, 2.32, 2.27, 2.32, 42000.0, 2.32
2011-12-14, 2.22, 2.22, 2.22, 2.22, 19800.0, 2.22
2011-12-15, 2.21, 2.21, 2.21, 2.21, 1900.0, 2.21
2011-12-16, 2.22, 2.22, 2.22, 2.22, 8200.0, 2.22
2011-12-19, 2.08, 2.17, 2.08, 2.12, 37100.0, 2.12
2011-12-20, 2.18, 2.2, 2.18, 2.2, 8500.0, 2.2
2011-12-21, 2.27, 2.32, 2.26, 2.32, 16500.0, 2.32
2011-12-22, 2.35, 2.38, 2.35, 2.38, 27500.0, 2.38
2011-12-23, 2.39, 2.45, 2.37, 2.37, 14800.0, 2.37
2011-12-27, 2.25, 2.25, 2.25, 2.25, 10500.0, 2.25
2011-12-28, 2.3, 2.3, 2.3, 2.3, 24200.0, 2.3
2011-12-29, 2.31, 2.6, 2.31, 2.59, 38800.0, 2.59
2011-12-30, 2.55, 2.64, 2.52, 2.64, 40000.0, 2.64
2012-01-03, 2.83, 2.84, 2.83, 2.83, 2500.0, 2.83
2012-01-04, 2.87, 3.01, 2.87, 2.89, 10300.0, 2.89
2012-01-05, 2.97, 2.97, 2.97, 2.97, 3900.0, 2.97
2012-01-06, 2.97, 2.97, 2.97, 2.97, 0.0, 2.97
2012-01-09, 2.98, 3.0, 2.95, 2.95, 23100.0, 2.95
2012-01-10, 3.08, 3.15, 3.08, 3.15, 4300.0, 3.15
2012-01-11, 3.19, 3.19, 3.19, 3.19, 1000.0, 3.19
2012-01-12, 3.17, 3.17, 3.01, 3.04, 11700.0, 3.04
2012-01-13, 3.04, 3.04, 2.94, 2.95, 6000.0, 2.95
2012-01-17, 3.07, 3.09, 3.02, 3.03, 15500.0, 3.03
2012-01-18, 3.03, 3.03, 3.03, 3.03, 0.0, 3.03
2012-01-19, 3.1, 3.1, 3.06, 3.06, 9500.0, 3.06
2012-01-20, 3.07, 3.07, 3.07, 3.07, 3900.0, 3.07
2012-01-23, 3.14, 3.19, 3.14, 3.19, 13000.0, 3.19
2012-01-24, 3.12, 3.12, 3.09, 3.09, 1300.0, 3.09
2012-01-25, 3.14, 3.21, 3.14, 3.21, 2500.0, 3.21
2012-01-26, 3.2, 3.21, 3.16, 3.16, 4500.0, 3.16
2012-01-27, 3.21, 3.21, 3.17, 3.19, 3000.0, 3.19
2012-01-30, 3.09, 3.1, 3.09, 3.1, 800.0, 3.1
2012-01-31, 3.1, 3.1, 3.1, 3.1, 0.0, 3.1
2012-02-01, 3.25, 3.26, 3.25, 3.26, 7000.0, 3.26
2012-02-02, 3.23, 3.24, 3.2, 3.23, 8500.0, 3.23
2012-02-03, 3.3, 3.31, 3.3, 3.31, 3400.0, 3.31
2012-02-06, 3.31, 3.31, 3.31, 3.31, 0.0, 3.31
2012-02-07, 3.21, 3.24, 3.18, 3.18, 4600.0, 3.18
2012-02-08, 3.2, 3.2, 3.2, 3.2, 1000.0, 3.2
2012-02-09, 3.2, 3.22, 3.2, 3.22, 1000.0, 3.22
2012-02-10, 3.22, 3.22, 3.22, 3.22, 0.0, 3.22
2012-02-13, 3.23, 3.25, 3.23, 3.24, 6400.0, 3.24
2012-02-14, 3.32, 3.32, 3.27, 3.27, 2800.0, 3.27
2012-02-15, 3.44, 3.47, 3.4, 3.47, 7800.0, 3.47
2012-02-16, 3.48, 3.48, 3.47, 3.48, 2100.0, 3.48
2012-02-17, 3.51, 3.54, 3.51, 3.54, 7500.0, 3.54
2012-02-21, 3.54, 3.54, 3.54, 3.54, 0.0, 3.54
2012-02-22, 3.59, 3.59, 3.54, 3.56, 8400.0, 3.56
2012-02-23, 3.55, 3.55, 3.46, 3.46, 4800.0, 3.46
2012-02-24, 3.51, 3.51, 3.51, 3.51, 1000.0, 3.51
2012-02-27, 3.42, 3.42, 3.42, 3.42, 2200.0, 3.42
2012-02-28, 3.32, 3.32, 3.3, 3.3, 6500.0, 3.3
2012-02-29, 3.3, 3.3, 3.3, 3.3, 0.0, 3.3
2012-03-01, 3.3, 3.3, 3.3, 3.3, 0.0, 3.3
2012-03-02, 3.35, 3.35, 3.35, 3.35, 500.0, 3.35
2012-03-05, 3.28, 3.29, 3.28, 3.29, 3700.0, 3.29
2012-03-06, 3.2, 3.2, 2.97, 2.98, 4000.0, 2.98
2012-03-07, 3.03, 3.06, 3.03, 3.06, 2400.0, 3.06
2012-03-08, 3.06, 3.06, 3.06, 3.06, 0.0, 3.06
2012-03-09, 3.07, 3.24, 3.07, 3.21, 28100.0, 3.21
2012-03-12, 3.2, 3.23, 3.19, 3.23, 22300.0, 3.23
2012-03-13, 3.22, 3.22, 3.19, 3.19, 4400.0, 3.19
2012-03-14, 3.2, 3.2, 3.12, 3.12, 6400.0, 3.12
2012-03-15, 3.11, 3.21, 3.04, 3.12, 20100.0, 3.12
2012-03-16, 3.11, 3.12, 3.1, 3.12, 1700.0, 3.12
2012-03-19, 3.14, 3.25, 3.13, 3.13, 10000.0, 3.13
2012-03-20, 3.11, 3.11, 2.8, 2.97, 19200.0, 2.97
2012-03-21, 2.97, 3.04, 2.97, 3.03, 1700.0, 3.03
2012-03-22, 2.98, 2.98, 2.75, 2.95, 8200.0, 2.95
2012-03-23, 2.94, 2.94, 2.91, 2.91, 3100.0, 2.91
2012-03-26, 3.0, 3.07, 3.0, 3.07, 5600.0, 3.07
2012-03-27, 3.1, 3.11, 3.1, 3.11, 8500.0, 3.11
2012-03-28, 3.07, 3.07, 3.04, 3.04, 1300.0, 3.04
2012-03-29, 3.03, 3.05, 2.97, 2.98, 2900.0, 2.98
2012-03-30, 3.02, 3.06, 3.02, 3.02, 400.0, 3.02
2012-04-02, 3.09, 3.09, 3.06, 3.06, 1700.0, 3.06
2012-04-03, 3.03, 3.07, 3.02, 3.07, 2600.0, 3.07
2012-04-04, 3.03, 3.07, 2.92, 3.07, 14400.0, 3.07
2012-04-05, 3.1, 3.21, 3.08, 3.1, 35600.0, 3.1
2012-04-09, 3.14, 3.31, 3.11, 3.28, 20900.0, 3.28
2012-04-10, 3.3, 3.34, 3.12, 3.24, 16800.0, 3.24
2012-04-11, 3.25, 3.59, 3.25, 3.53, 13300.0, 3.53
2012-04-12, 3.5, 3.54, 3.47, 3.48, 18700.0, 3.48
2012-04-13, 3.74, 3.83, 3.47, 3.47, 84700.0, 3.47
2012-04-16, 3.5, 3.62, 3.3, 3.43, 48100.0, 3.43
2012-04-17, 3.48, 3.51, 3.31, 3.4, 14400.0, 3.4
2012-04-18, 3.49, 3.49, 3.19, 3.25, 12000.0, 3.25
2012-04-19, 3.22, 3.22, 3.05, 3.08, 11900.0, 3.08
2012-04-20, 3.1, 3.2, 2.99, 3.15, 26200.0, 3.15
2012-04-23, 3.16, 3.16, 3.0, 3.02, 5700.0, 3.02
2012-04-24, 3.05, 3.13, 3.03, 3.07, 4900.0, 3.07
2012-04-25, 3.1, 3.19, 3.1, 3.19, 6800.0, 3.19
2012-04-26, 3.1, 3.15, 3.05, 3.05, 9600.0, 3.05
2012-04-27, 3.05, 3.07, 3.05, 3.07, 700.0, 3.07
2012-04-30, 3.0, 3.0, 2.76, 2.9, 37100.0, 2.9
2012-05-01, 2.91, 3.0, 2.91, 2.94, 13000.0, 2.94
2012-05-02, 2.95, 3.01, 2.93, 2.99, 13700.0, 2.99
2012-05-03, 3.02, 3.02, 2.93, 2.93, 7100.0, 2.93
2012-05-04, 2.96, 2.96, 2.86, 2.87, 42300.0, 2.87
2012-05-07, 2.87, 2.87, 2.7, 2.85, 7300.0, 2.85
2012-05-08, 2.8, 2.85, 2.7, 2.81, 16400.0, 2.81
2012-05-09, 2.75, 2.8, 2.69, 2.75, 3800.0, 2.75
2012-05-10, 2.75, 2.8, 2.75, 2.8, 27100.0, 2.8
2012-05-11, 2.8, 2.81, 2.75, 2.75, 16000.0, 2.75
2012-05-14, 2.75, 2.75, 2.6, 2.65, 14200.0, 2.65
2012-05-15, 2.65, 2.65, 2.45, 2.46, 22400.0, 2.46
2012-05-16, 2.49, 2.51, 2.44, 2.46, 21300.0, 2.46
2012-05-17, 2.48, 2.48, 2.43, 2.43, 3100.0, 2.43
2012-05-18, 2.48, 2.53, 2.34, 2.37, 17000.0, 2.37
2012-05-21, 2.42, 2.52, 2.42, 2.5, 19100.0, 2.5
2012-05-22, 2.45, 2.45, 2.22, 2.22, 17500.0, 2.22
2012-05-23, 2.2, 2.3, 2.1, 2.25, 20200.0, 2.25
2012-05-24, 2.24, 2.33, 2.21, 2.27, 6800.0, 2.27
2012-05-25, 2.29, 2.29, 2.22, 2.22, 1900.0, 2.22
2012-05-29, 2.29, 2.29, 2.05, 2.12, 8500.0, 2.12
2012-05-30, 2.14, 2.18, 2.11, 2.13, 15800.0, 2.13
2012-05-31, 2.13, 2.14, 2.07, 2.07, 18200.0, 2.07
2012-06-01, 2.05, 2.11, 2.04, 2.11, 9000.0, 2.11
2012-06-04, 2.15, 2.15, 2.03, 2.03, 10100.0, 2.03
2012-06-05, 2.11, 2.17, 2.08, 2.13, 10800.0, 2.13
2012-06-06, 2.15, 2.15, 2.12, 2.12, 1400.0, 2.12
2012-06-07, 2.2, 2.35, 2.16, 2.21, 4800.0, 2.21
2012-06-08, 2.16, 2.16, 2.15, 2.16, 2700.0, 2.16
2012-06-11, 2.12, 2.24, 2.12, 2.13, 5700.0, 2.13
2012-06-12, 2.12, 2.2, 2.12, 2.19, 2500.0, 2.19
2012-06-13, 2.17, 2.18, 2.14, 2.15, 11200.0, 2.15
2012-06-14, 2.31, 3.05, 2.22, 2.24, 18200.0, 2.24
2012-06-15, 2.22, 2.23, 2.19, 2.2, 11100.0, 2.2
2012-06-18, 2.2, 2.22, 2.19, 2.22, 7000.0, 2.22
2012-06-19, 2.25, 2.37, 2.25, 2.35, 9900.0, 2.35
2012-06-20, 2.0, 2.32, 2.0, 2.32, 25300.0, 2.32
2012-06-21, 2.32, 2.32, 2.2, 2.21, 8000.0, 2.21
2012-06-22, 2.3, 2.3, 2.18, 2.18, 1300.0, 2.18
2012-06-25, 2.2, 2.2, 2.12, 2.12, 6300.0, 2.12
2012-06-26, 2.15, 2.15, 2.09, 2.09, 1000.0, 2.09
2012-06-27, 2.15, 2.18, 2.12, 2.18, 3000.0, 2.18
2012-06-28, 2.15, 2.15, 2.12, 2.12, 3300.0, 2.12
2012-06-29, 2.16, 2.28, 2.15, 2.22, 2300.0, 2.22
2012-07-02, 2.19, 2.19, 2.01, 2.14, 6700.0, 2.14
2012-07-03, 2.18, 2.25, 2.18, 2.24, 1200.0, 2.24
2012-07-05, 2.26, 2.31, 2.2, 2.3, 10700.0, 2.3
2012-07-06, 2.28, 2.28, 2.21, 2.22, 3300.0, 2.22
2012-07-09, 2.25, 2.32, 2.25, 2.3, 24500.0, 2.3
2012-07-10, 2.4, 2.4, 2.2, 2.24, 5600.0, 2.24
2012-07-11, 2.24, 2.24, 2.15, 2.21, 6100.0, 2.21
2012-07-12, 2.2, 2.22, 2.13, 2.2, 8900.0, 2.2
2012-07-13, 2.21, 2.21, 2.21, 2.21, 1500.0, 2.21
2012-07-16, 2.3, 2.3, 2.25, 2.3, 6400.0, 2.3
2012-07-17, 2.33, 2.36, 2.31, 2.36, 8200.0, 2.36
2012-07-18, 2.4, 2.5, 2.4, 2.45, 11100.0, 2.45
2012-07-19, 2.47, 2.64, 2.47, 2.61, 9300.0, 2.61
2012-07-20, 2.56, 2.56, 2.48, 2.48, 2100.0, 2.48
2012-07-23, 2.45, 2.45, 2.35, 2.35, 1600.0, 2.35
2012-07-24, 2.32, 2.32, 2.2, 2.22, 5900.0, 2.22
2012-07-25, 2.28, 2.35, 2.28, 2.35, 4600.0, 2.35
2012-07-26, 2.31, 2.31, 2.25, 2.25, 7000.0, 2.25
2012-07-27, 2.29, 2.35, 2.29, 2.35, 2900.0, 2.35
2012-07-30, 2.35, 2.35, 2.27, 2.3, 6600.0, 2.3
2012-07-31, 2.27, 2.29, 2.25, 2.29, 3400.0, 2.29
2012-08-01, 2.25, 2.3, 2.25, 2.25, 19300.0, 2.25
2012-08-02, 2.23, 2.35, 2.23, 2.3, 5100.0, 2.3
2012-08-03, 2.3, 2.3, 2.3, 2.3, 0.0, 2.3
2012-08-06, 2.31, 2.34, 2.31, 2.34, 2200.0, 2.34
2012-08-07, 2.34, 2.45, 2.3, 2.45, 2200.0, 2.45
2012-08-08, 2.42, 2.45, 2.42, 2.45, 200.0, 2.45
2012-08-09, 2.5, 2.5, 2.44, 2.44, 4700.0, 2.44
2012-08-10, 2.45, 2.64, 2.44, 2.64, 3900.0, 2.64
2012-08-13, 2.64, 2.64, 2.49, 2.5, 2100.0, 2.5
2012-08-14, 2.51, 2.51, 2.4, 2.4, 1300.0, 2.4
2012-08-15, 2.3, 2.38, 2.3, 2.35, 4700.0, 2.35
2012-08-16, 2.47, 2.54, 2.47, 2.47, 20600.0, 2.47
2012-08-17, 2.49, 2.57, 2.49, 2.49, 4200.0, 2.49
2012-08-20, 2.53, 2.55, 2.45, 2.5, 4400.0, 2.5
2012-08-21, 2.5, 2.6, 2.44, 2.44, 9800.0, 2.44
2012-08-22, 2.48, 2.55, 2.48, 2.51, 8500.0, 2.51
2012-08-23, 2.5, 2.55, 2.42, 2.45, 2900.0, 2.45
2012-08-24, 2.47, 2.5, 2.45, 2.45, 8600.0, 2.45
2012-08-27, 2.4, 2.45, 2.4, 2.45, 3500.0, 2.45
2012-08-28, 2.4, 2.4, 2.3, 2.33, 7700.0, 2.33
2012-08-29, 2.3, 2.3, 2.19, 2.22, 6200.0, 2.22
2012-08-30, 2.18, 2.18, 2.0, 2.1, 24800.0, 2.1
2012-08-31, 2.15, 2.19, 2.15, 2.16, 4400.0, 2.16
2012-09-04, 2.32, 2.32, 2.0, 2.08, 19600.0, 2.08
2012-09-05, 2.03, 2.03, 1.89, 1.95, 84500.0, 1.95
2012-09-06, 1.9, 1.94, 1.82, 1.93, 35400.0, 1.93
2012-09-07, 1.93, 1.93, 1.84, 1.9, 31700.0, 1.9
2012-09-10, 1.9, 1.95, 1.8, 1.84, 30600.0, 1.84
2012-09-11, 1.89, 2.02, 1.85, 2.01, 19200.0, 2.01
2012-09-12, 2.04, 2.17, 2.04, 2.07, 29400.0, 2.07
2012-09-13, 2.16, 2.16, 2.0, 2.09, 6500.0, 2.09
2012-09-14, 2.11, 2.24, 2.11, 2.17, 14600.0, 2.17
2012-09-17, 2.14, 2.15, 2.03, 2.03, 2500.0, 2.03
2012-09-18, 2.03, 2.08, 2.03, 2.08, 2700.0, 2.08
2012-09-19, 2.07, 2.21, 2.07, 2.21, 11300.0, 2.21
2012-09-20, 2.18, 2.18, 2.09, 2.14, 2900.0, 2.14
2012-09-21, 2.19, 2.19, 2.03, 2.03, 37600.0, 2.03
2012-09-24, 2.04, 2.05, 2.04, 2.05, 3800.0, 2.05
2012-09-25, 2.06, 2.06, 1.92, 1.96, 54000.0, 1.96
2012-09-26, 1.97, 1.97, 1.77, 1.9, 34700.0, 1.9
2012-09-27, 1.93, 2.03, 1.9, 2.02, 11500.0, 2.02
2012-09-28, 2.0, 2.0, 1.99, 1.99, 1400.0, 1.99
2012-10-01, 1.96, 1.98, 1.87, 1.87, 14000.0, 1.87
2012-10-02, 1.88, 1.96, 1.88, 1.92, 23700.0, 1.92
2012-10-03, 1.9, 1.9, 1.83, 1.86, 6100.0, 1.86
2012-10-04, 1.88, 1.9, 1.83, 1.83, 4600.0, 1.83
2012-10-05, 1.83, 1.84, 1.81, 1.82, 2900.0, 1.82
2012-10-08, 1.84, 1.88, 1.84, 1.88, 600.0, 1.88
2012-10-09, 1.84, 1.84, 1.75, 1.81, 21800.0, 1.81
2012-10-10, 1.77, 1.8, 1.75, 1.8, 5400.0, 1.8
2012-10-11, 1.78, 1.82, 1.78, 1.79, 2400.0, 1.79
2012-10-12, 1.83, 1.83, 1.75, 1.76, 20400.0, 1.76
2012-10-15, 1.8, 1.83, 1.76, 1.76, 3100.0, 1.76
2012-10-16, 1.77, 1.79, 1.77, 1.78, 1700.0, 1.78
2012-10-17, 1.8, 1.84, 1.8, 1.81, 5000.0, 1.81
2012-10-18, 1.82, 1.85, 1.82, 1.85, 9200.0, 1.85
2012-10-19, 1.82, 1.83, 1.79, 1.79, 1900.0, 1.79
2012-10-22, 1.79, 1.83, 1.78, 1.79, 18200.0, 1.79
2012-10-23, 1.78, 1.78, 1.71, 1.75, 24500.0, 1.75
2012-10-24, 1.75, 1.76, 1.72, 1.76, 5900.0, 1.76
2012-10-25, 1.75, 1.75, 1.72, 1.75, 1900.0, 1.75
2012-10-26, 1.75, 1.75, 1.72, 1.72, 4700.0, 1.72
2012-10-31, 1.7, 1.7, 1.64, 1.69, 21400.0, 1.69
2012-11-01, 1.66, 1.66, 1.62, 1.66, 8100.0, 1.66
2012-11-02, 1.63, 1.63, 1.49, 1.51, 20100.0, 1.51
2012-11-05, 1.58, 1.58, 1.44, 1.48, 41800.0, 1.48
2012-11-06, 1.56, 1.68, 1.55, 1.62, 27600.0, 1.62
2012-11-07, 1.64, 1.64, 1.53, 1.62, 18100.0, 1.62
2012-11-08, 1.6, 1.62, 1.58, 1.58, 7300.0, 1.58
2012-11-09, 1.58, 1.59, 1.58, 1.59, 1600.0, 1.59
2012-11-12, 1.57, 1.57, 1.57, 1.57, 100.0, 1.57
2012-11-13, 1.56, 1.61, 1.55, 1.59, 10800.0, 1.59
2012-11-14, 1.63, 1.63, 1.44, 1.44, 79000.0, 1.44
2012-11-15, 1.49, 1.49, 1.35, 1.38, 21100.0, 1.38
2012-11-16, 1.41, 1.43, 1.39, 1.42, 12400.0, 1.42
2012-11-19, 1.45, 1.46, 1.43, 1.43, 2000.0, 1.43
2012-11-20, 1.41, 1.41, 1.37, 1.39, 18200.0, 1.39
2012-11-21, 1.37, 1.37, 1.27, 1.3, 74500.0, 1.3
2012-11-23, 1.25, 1.27, 1.23, 1.23, 23400.0, 1.23
2012-11-26, 1.23, 1.24, 1.12, 1.24, 30600.0, 1.24
2012-11-27, 1.29, 1.4, 1.29, 1.33, 15800.0, 1.33
2012-11-28, 1.3, 1.35, 1.24, 1.35, 16100.0, 1.35
2012-11-29, 1.37, 1.46, 1.37, 1.43, 3100.0, 1.43
2012-11-30, 1.47, 1.47, 1.35, 1.39, 41900.0, 1.39
2012-12-03, 1.48, 1.5, 1.45, 1.45, 7500.0, 1.45
2012-12-04, 1.42, 1.52, 1.38, 1.38, 12000.0, 1.38
2012-12-05, 1.4, 1.41, 1.37, 1.41, 5300.0, 1.41
2012-12-06, 1.42, 1.43, 1.38, 1.42, 17400.0, 1.42
2012-12-07, 1.39, 1.43, 1.37, 1.37, 4500.0, 1.37
2012-12-10, 1.4, 1.48, 1.38, 1.4, 29100.0, 1.4
2012-12-11, 1.41, 1.53, 1.4, 1.47, 43700.0, 1.47
2012-12-12, 1.51, 1.6, 1.51, 1.6, 18000.0, 1.6
2012-12-13, 1.63, 1.63, 1.54, 1.56, 22000.0, 1.56
2012-12-14, 1.6, 1.7, 1.6, 1.67, 50900.0, 1.67
2012-12-17, 1.75, 1.9, 1.75, 1.82, 33700.0, 1.82
2012-12-18, 1.9, 1.9, 1.72, 1.76, 79300.0, 1.76
2012-12-19, 1.72, 1.72, 1.56, 1.58, 27800.0, 1.58
2012-12-20, 1.62, 1.78, 1.62, 1.78, 27900.0, 1.78
2012-12-21, 1.71, 1.71, 1.62, 1.66, 30500.0, 1.66
2012-12-24, 1.68, 1.72, 1.68, 1.72, 3100.0, 1.72
2012-12-26, 1.77, 1.86, 1.77, 1.86, 4000.0, 1.86
2012-12-27, 1.79, 1.79, 1.75, 1.75, 20100.0, 1.75
2012-12-28, 1.77, 1.78, 1.71, 1.71, 35400.0, 1.71
2012-12-31, 1.75, 1.84, 1.75, 1.8, 19000.0, 1.8
2013-01-02, 1.85, 1.94, 1.85, 1.93, 43600.0, 1.93
2013-01-03, 1.93, 1.98, 1.81, 1.83, 47200.0, 1.83
2013-01-04, 1.88, 1.98, 1.88, 1.97, 50900.0, 1.97
2013-01-07, 2.14, 2.24, 2.09, 2.11, 197500.0, 2.11
2013-01-08, 2.19, 2.26, 2.1, 2.17, 164700.0, 2.17
2013-01-09, 2.12, 2.19, 1.98, 2.13, 166200.0, 2.13
2013-01-10, 2.14, 2.2, 2.13, 2.14, 56700.0, 2.14
2013-01-11, 2.13, 2.14, 2.1, 2.1, 13300.0, 2.1
2013-01-14, 2.14, 2.14, 2.07, 2.14, 12900.0, 2.14
2013-01-15, 2.07, 2.17, 2.07, 2.11, 12000.0, 2.11
2013-01-16, 2.09, 2.09, 1.89, 1.9, 80200.0, 1.9
2013-01-17, 1.95, 1.95, 1.82, 1.83, 55900.0, 1.83
2013-01-18, 1.82, 1.89, 1.82, 1.85, 58000.0, 1.85
2013-01-22, 1.9, 1.93, 1.9, 1.91, 21800.0, 1.91
2013-01-23, 1.9, 1.91, 1.87, 1.9, 15200.0, 1.9
2013-01-24, 1.91, 1.91, 1.81, 1.82, 45600.0, 1.82
2013-01-25, 1.81, 1.81, 1.75, 1.76, 27000.0, 1.76
2013-01-28, 1.75, 1.76, 1.62, 1.64, 34800.0, 1.64
2013-01-29, 1.67, 1.71, 1.67, 1.71, 21100.0, 1.71
2013-01-30, 1.74, 1.8, 1.73, 1.74, 21300.0, 1.74
2013-01-31, 1.81, 1.81, 1.72, 1.74, 29700.0, 1.74
2013-02-01, 1.75, 1.8, 1.74, 1.74, 10400.0, 1.74
2013-02-04, 1.77, 1.8, 1.7, 1.76, 45200.0, 1.76
2013-02-05, 1.78, 1.78, 1.71, 1.74, 29700.0, 1.74
2013-02-06, 1.71, 1.71, 1.62, 1.66, 43700.0, 1.66
2013-02-07, 1.65, 1.65, 1.52, 1.55, 57800.0, 1.55
2013-02-08, 1.5, 1.55, 1.46, 1.47, 80800.0, 1.47
2013-02-11, 1.42, 1.43, 1.35, 1.4, 263700.0, 1.4
2013-02-12, 1.42, 1.66, 1.4, 1.66, 20500.0, 1.66
2013-02-13, 1.68, 1.68, 1.5, 1.51, 43800.0, 1.51
2013-02-14, 1.54, 1.57, 1.54, 1.56, 30100.0, 1.56
2013-02-15, 1.54, 1.55, 1.52, 1.53, 24100.0, 1.53
2013-02-19, 1.48, 1.5, 1.45, 1.46, 20100.0, 1.46
2013-02-20, 1.48, 1.48, 1.36, 1.37, 42100.0, 1.37
2013-02-21, 1.4, 1.45, 1.35, 1.45, 40200.0, 1.45
2013-02-22, 1.42, 1.42, 1.36, 1.4, 10500.0, 1.4
2013-02-25, 1.4, 1.4, 1.35, 1.37, 15900.0, 1.37
2013-02-26, 1.35, 1.35, 1.31, 1.33, 24700.0, 1.33
2013-02-27, 1.35, 1.35, 1.3, 1.33, 19700.0, 1.33
2013-02-28, 1.27, 1.27, 1.23, 1.26, 25000.0, 1.26
2013-03-01, 1.26, 1.26, 1.23, 1.24, 61100.0, 1.24
2013-03-04, 1.3, 1.31, 1.26, 1.31, 8400.0, 1.31
2013-03-05, 1.26, 1.28, 1.22, 1.22, 9600.0, 1.22
2013-03-06, 1.28, 1.3, 1.21, 1.23, 23200.0, 1.23
2013-03-07, 1.25, 1.26, 1.25, 1.25, 5300.0, 1.25
2013-03-08, 1.21, 1.23, 1.21, 1.23, 18900.0, 1.23
2013-03-11, 1.23, 1.26, 1.22, 1.26, 54200.0, 1.26
2013-03-12, 1.29, 1.33, 1.27, 1.32, 43300.0, 1.32
2013-03-13, 1.4, 1.4, 1.3, 1.32, 37600.0, 1.32
2013-03-14, 1.31, 1.4, 1.3, 1.39, 29100.0, 1.39
2013-03-15, 1.35, 1.67, 1.35, 1.65, 78800.0, 1.65
2013-03-18, 1.8, 1.8, 1.51, 1.52, 125100.0, 1.52
2013-03-19, 1.52, 1.55, 1.43, 1.52, 54700.0, 1.52
2013-03-20, 1.5, 1.5, 1.4, 1.4, 55500.0, 1.4
2013-03-21, 1.44, 1.44, 1.31, 1.36, 71100.0, 1.36
2013-03-22, 1.34, 1.38, 1.28, 1.3, 45400.0, 1.3
2013-03-25, 1.34, 1.34, 1.25, 1.27, 35800.0, 1.27
2013-03-26, 1.29, 1.35, 1.29, 1.33, 3900.0, 1.33
2013-03-27, 1.33, 1.35, 1.32, 1.33, 1800.0, 1.33
2013-03-28, 1.35, 1.37, 1.32, 1.32, 40200.0, 1.32
2013-04-01, 1.38, 1.38, 1.31, 1.32, 6600.0, 1.32
2013-04-02, 1.3, 1.3, 1.27, 1.28, 6500.0, 1.28
2013-04-03, 1.3, 1.3, 1.19, 1.2, 17600.0, 1.2
2013-04-04, 1.21, 1.21, 1.15, 1.18, 26300.0, 1.18
2013-04-05, 1.17, 1.18, 1.1, 1.16, 9000.0, 1.16
2013-04-08, 1.2, 1.24, 1.12, 1.22, 50300.0, 1.22
2013-04-09, 1.22, 1.25, 1.2, 1.25, 8200.0, 1.25
2013-04-10, 1.25, 1.25, 1.22, 1.23, 18700.0, 1.23
2013-04-11, 1.2, 1.21, 1.16, 1.16, 4200.0, 1.16
2013-04-12, 1.17, 1.2, 1.14, 1.14, 12800.0, 1.14
2013-04-15, 1.14, 1.14, 1.04, 1.08, 46100.0, 1.08
2013-04-16, 1.05, 1.09, 1.0, 1.05, 19400.0, 1.05
2013-04-17, 1.06, 1.08, 1.02, 1.07, 31500.0, 1.07
2013-04-18, 1.09, 1.17, 1.05, 1.14, 16400.0, 1.14
2013-04-19, 1.19, 1.26, 1.19, 1.2, 25400.0, 1.2
2013-04-22, 1.2, 1.2, 1.05, 1.11, 81200.0, 1.11
2013-04-23, 1.06, 1.09, 1.06, 1.07, 7600.0, 1.07
2013-04-24, 1.07, 1.14, 1.06, 1.07, 27800.0, 1.07
2013-04-25, 1.1, 1.16, 1.09, 1.13, 9700.0, 1.13
2013-04-26, 1.08, 1.08, 1.05, 1.05, 4000.0, 1.05
2013-04-29, 0.96, 1.07, 0.95, 1.07, 32800.0, 1.07
2013-04-30, 1.05, 1.07, 1.0, 1.04, 62400.0, 1.04
2013-05-01, 1.05, 1.05, 1.05, 1.05, 200.0, 1.05
2013-05-02, 1.09, 1.11, 1.08, 1.1, 6500.0, 1.1
2013-05-03, 1.14, 1.22, 1.09, 1.1, 38200.0, 1.1
2013-05-06, 1.11, 1.12, 1.08, 1.12, 7200.0, 1.12
2013-05-07, 1.12, 1.12, 1.08, 1.11, 8100.0, 1.11
2013-05-08, 1.11, 1.11, 1.09, 1.09, 1300.0, 1.09
2013-05-09, 1.09, 1.1, 1.05, 1.05, 9000.0, 1.05
2013-05-10, 1.08, 1.08, 1.04, 1.05, 6700.0, 1.05
2013-05-13, 1.05, 1.06, 1.03, 1.03, 4100.0, 1.03
2013-05-14, 1.05, 1.05, 1.04, 1.04, 4600.0, 1.04
2013-05-15, 1.05, 1.08, 1.04, 1.08, 32600.0, 1.08
2013-05-16, 1.08, 1.11, 1.08, 1.11, 5200.0, 1.11
2013-05-17, 1.1, 1.11, 1.06, 1.09, 5500.0, 1.09
2013-05-20, 1.11, 1.11, 1.09, 1.11, 9000.0, 1.11
2013-05-21, 1.08, 1.18, 1.07, 1.09, 43700.0, 1.09
2013-05-22, 1.09, 1.09, 1.0, 1.01, 31700.0, 1.01
2013-05-23, 1.02, 1.04, 1.02, 1.04, 5400.0, 1.04
2013-05-24, 1.02, 1.07, 1.02, 1.05, 15200.0, 1.05
2013-05-28, 1.07, 1.12, 1.07, 1.09, 13400.0, 1.09
2013-05-29, 1.13, 1.13, 1.09, 1.09, 7500.0, 1.09
2013-05-30, 1.09, 1.09, 1.09, 1.09, 6600.0, 1.09
2013-05-31, 1.07, 1.07, 1.06, 1.07, 4900.0, 1.07
2013-06-03, 1.06, 1.11, 1.06, 1.11, 5400.0, 1.11
2013-06-04, 1.11, 1.11, 1.09, 1.09, 3800.0, 1.09
2013-06-05, 1.09, 1.11, 1.08, 1.09, 6500.0, 1.09
2013-06-06, 1.14, 1.14, 1.12, 1.13, 24300.0, 1.13
2013-06-07, 1.12, 1.13, 1.12, 1.13, 1100.0, 1.13
2013-06-10, 1.13, 1.14, 0.99, 1.02, 64300.0, 1.02
2013-06-11, 1.02, 1.05, 1.0, 1.0, 19900.0, 1.0
2013-06-12, 1.01, 1.02, 1.0, 1.0, 7600.0, 1.0
2013-06-13, 1.03, 1.03, 0.99, 0.99, 14100.0, 0.99
2013-06-14, 1.0, 1.02, 0.99, 0.99, 5600.0, 0.99
2013-06-17, 1.01, 1.01, 0.91, 0.95, 40100.0, 0.95
2013-06-18, 0.93, 0.98, 0.93, 0.98, 2000.0, 0.98
2013-06-19, 0.99, 0.99, 0.94, 0.96, 13600.0, 0.96
2013-06-20, 0.96, 0.96, 0.9, 0.91, 31700.0, 0.91
2013-06-21, 0.93, 0.96, 0.93, 0.94, 4100.0, 0.94
2013-06-24, 0.95, 0.98, 0.95, 0.95, 3900.0, 0.95
2013-06-25, 0.96, 0.96, 0.9, 0.9, 4600.0, 0.9
2013-06-26, 0.9, 0.9, 0.89, 0.9, 16000.0, 0.9
2013-06-27, 0.91, 0.91, 0.91, 0.91, 4500.0, 0.91
2013-06-28, 0.92, 0.92, 0.91, 0.92, 4000.0, 0.92
2013-07-01, 0.96, 1.12, 0.91, 0.95, 10900.0, 0.95
2013-07-02, 0.95, 0.95, 0.91, 0.95, 12900.0, 0.95
2013-07-03, 0.96, 1.0, 0.96, 0.98, 5500.0, 0.98
2013-07-05, 0.99, 0.99, 0.94, 0.96, 13600.0, 0.96
2013-07-08, 0.96, 0.96, 0.85, 0.85, 37500.0, 0.85
2013-07-09, 0.88, 0.92, 0.85, 0.9, 11600.0, 0.9
2013-07-10, 0.94, 0.94, 0.83, 0.94, 12000.0, 0.94
2013-07-11, 0.96, 0.96, 0.85, 0.91, 11700.0, 0.91
2013-07-12, 0.92, 0.96, 0.88, 0.88, 20200.0, 0.88
2013-07-15, 0.93, 0.93, 0.87, 0.88, 12900.0, 0.88
2013-07-16, 0.9, 0.91, 0.87, 0.88, 7500.0, 0.88
2013-07-17, 0.89, 0.89, 0.87, 0.87, 18400.0, 0.87
2013-07-18, 0.88, 0.89, 0.87, 0.89, 20000.0, 0.89
2013-07-19, 0.89, 0.92, 0.89, 0.92, 70900.0, 0.92
2013-07-22, 0.93, 0.94, 0.91, 0.93, 27700.0, 0.93
2013-07-23, 0.94, 0.96, 0.93, 0.94, 73200.0, 0.94
2013-07-24, 0.98, 0.99, 0.95, 0.95, 37000.0, 0.95
2013-07-25, 0.98, 1.22, 0.97, 1.06, 116200.0, 1.06
2013-07-26, 1.11, 1.12, 1.05, 1.09, 82500.0, 1.09
2013-07-29, 1.08, 1.16, 1.04, 1.11, 45300.0, 1.11
2013-07-30, 1.11, 1.15, 1.1, 1.1, 81000.0, 1.1
2013-07-31, 1.1, 1.13, 1.09, 1.12, 47000.0, 1.12
2013-08-01, 1.1, 1.1, 1.08, 1.08, 1400.0, 1.08
2013-08-02, 1.07, 1.08, 1.04, 1.08, 4600.0, 1.08
2013-08-05, 1.05, 1.05, 1.0, 1.05, 3100.0, 1.05
2013-08-06, 1.02, 1.02, 1.02, 1.02, 100.0, 1.02
2013-08-07, 1.02, 1.02, 0.98, 0.98, 2200.0, 0.98
2013-08-08, 0.98, 0.98, 0.95, 0.97, 2100.0, 0.97
2013-08-09, 1.0, 1.03, 1.0, 1.03, 6200.0, 1.03
2013-08-12, 1.03, 1.09, 1.03, 1.09, 1000.0, 1.09
2013-08-13, 1.11, 1.12, 1.03, 1.04, 7000.0, 1.04
2013-08-14, 1.07, 1.11, 1.06, 1.11, 10900.0, 1.11
2013-08-15, 1.14, 1.33, 1.14, 1.29, 3600.0, 1.29
2013-08-16, 1.32, 1.36, 1.25, 1.36, 10800.0, 1.36
2013-08-19, 1.35, 1.51, 1.32, 1.32, 5600.0, 1.32
2013-08-20, 1.38, 1.4, 1.35, 1.4, 8600.0, 1.4
2013-08-21, 1.45, 1.47, 1.45, 1.45, 3300.0, 1.45
2013-08-22, 1.4, 1.4, 1.37, 1.39, 9100.0, 1.39
2013-08-23, 1.39, 1.41, 1.37, 1.41, 7700.0, 1.41
2013-08-26, 1.37, 1.4, 1.37, 1.4, 16200.0, 1.4
2013-08-27, 1.41, 1.41, 1.25, 1.25, 6400.0, 1.25
2013-08-28, 1.13, 1.3, 1.13, 1.3, 43700.0, 1.3
2013-08-29, 1.29, 1.29, 1.21, 1.29, 1700.0, 1.29
2013-08-30, 1.26, 1.26, 1.24, 1.24, 1100.0, 1.24
2013-09-03, 1.2, 1.28, 1.2, 1.23, 3200.0, 1.23
2013-09-04, 1.22, 1.29, 1.22, 1.29, 1400.0, 1.29
2013-09-05, 1.3, 1.32, 1.28, 1.28, 900.0, 1.28
2013-09-06, 1.28, 1.33, 1.28, 1.31, 1700.0, 1.31
2013-09-09, 1.31, 1.33, 1.3, 1.31, 1300.0, 1.31
2013-09-10, 1.31, 1.32, 1.31, 1.32, 3600.0, 1.32
2013-09-11, 1.37, 1.37, 1.34, 1.34, 2600.0, 1.34
2013-09-12, 1.39, 1.41, 1.39, 1.41, 1100.0, 1.41
2013-09-13, 1.44, 1.49, 1.44, 1.44, 800.0, 1.44
2013-09-16, 1.48, 1.54, 1.48, 1.53, 12100.0, 1.53
2013-09-17, 1.53, 1.61, 1.53, 1.58, 7700.0, 1.58
2013-09-18, 1.58, 1.62, 1.45, 1.6, 10900.0, 1.6
2013-09-19, 1.55, 1.55, 1.45, 1.49, 2400.0, 1.49
2013-09-20, 1.53, 1.58, 1.43, 1.45, 1900.0, 1.45
2013-09-23, 1.4, 1.5, 1.4, 1.48, 6500.0, 1.48
2013-09-24, 1.45, 1.49, 1.45, 1.48, 6300.0, 1.48
2013-09-25, 1.46, 1.47, 1.46, 1.47, 1100.0, 1.47
2013-09-26, 1.46, 1.5, 1.46, 1.47, 600.0, 1.47
2013-09-27, 1.49, 1.49, 1.47, 1.48, 300.0, 1.48
2013-09-30, 1.45, 1.48, 1.43, 1.48, 600.0, 1.48
2013-10-01, 1.43, 1.43, 1.43, 1.43, 200.0, 1.43
2013-10-02, 1.47, 1.5, 1.47, 1.48, 1500.0, 1.48
2013-10-03, 1.47, 1.49, 1.47, 1.49, 2200.0, 1.49
2013-10-04, 1.46, 1.48, 1.46, 1.48, 300.0, 1.48
2013-10-07, 1.45, 1.45, 1.45, 1.45, 500.0, 1.45
2013-10-08, 1.45, 1.45, 1.45, 1.45, 100.0, 1.45
2013-10-09, 1.4, 1.48, 1.4, 1.47, 3200.0, 1.47
2013-10-10, 1.48, 1.6, 1.45, 1.45, 3300.0, 1.45
2013-10-11, 1.47, 1.47, 1.47, 1.47, 200.0, 1.47
2013-10-14, 1.46, 1.46, 1.46, 1.46, 500.0, 1.46
2013-10-15, 1.46, 1.46, 1.46, 1.46, 100.0, 1.46
2013-10-16, 1.43, 1.45, 1.43, 1.45, 7800.0, 1.45
2013-10-17, 1.44, 1.45, 1.44, 1.45, 800.0, 1.45
2013-10-18, 1.46, 1.46, 1.45, 1.45, 1600.0, 1.45
2013-10-21, 1.43, 1.45, 1.43, 1.45, 13900.0, 1.45
2013-10-22, 1.47, 1.48, 1.45, 1.48, 2400.0, 1.48
2013-10-23, 1.48, 1.51, 1.46, 1.49, 8500.0, 1.49
2013-10-24, 1.5, 1.5, 1.44, 1.48, 21900.0, 1.48
2013-10-25, 1.5, 1.51, 1.5, 1.51, 1000.0, 1.51
2013-10-28, 1.53, 1.61, 1.53, 1.6, 2800.0, 1.6
2013-10-29, 1.64, 1.75, 1.58, 1.75, 4400.0, 1.75
2013-10-30, 1.8, 1.85, 1.7, 1.75, 4600.0, 1.75
2013-10-31, 1.8, 1.85, 1.71, 1.72, 8800.0, 1.72
2013-11-01, 1.72, 1.75, 1.7, 1.73, 1100.0, 1.73
2013-11-04, 1.75, 1.83, 1.75, 1.83, 1400.0, 1.83
2013-11-05, 1.82, 1.82, 1.82, 1.82, 200.0, 1.82
2013-11-06, 1.85, 1.85, 1.75, 1.75, 3200.0, 1.75
2013-11-07, 1.7, 1.75, 1.69, 1.69, 6900.0, 1.69
2013-11-08, 1.66, 1.71, 1.66, 1.71, 500.0, 1.71
2013-11-11, 1.73, 1.73, 1.7, 1.7, 400.0, 1.7
2013-11-12, 1.69, 1.69, 1.65, 1.66, 1400.0, 1.66
2013-11-13, 1.67, 1.73, 1.67, 1.69, 1000.0, 1.69
2013-11-14, 1.67, 1.74, 1.67, 1.74, 600.0, 1.74
2013-11-15, 1.75, 1.75, 1.7, 1.71, 900.0, 1.71
2013-11-18, 1.7, 1.78, 1.7, 1.78, 5900.0, 1.78
2013-11-19, 1.73, 1.73, 1.7, 1.7, 700.0, 1.7
2013-11-20, 1.7, 1.7, 1.68, 1.68, 900.0, 1.68
2013-11-21, 1.67, 1.67, 1.65, 1.65, 500.0, 1.65
2013-11-22, 1.68, 1.68, 1.68, 1.68, 4900.0, 1.68
2013-11-25, 1.65, 1.65, 1.44, 1.55, 3900.0, 1.55
2013-11-26, 1.43, 1.48, 1.43, 1.47, 9000.0, 1.47
2013-11-27, 1.43, 1.55, 1.41, 1.53, 3000.0, 1.53
2013-11-29, 1.5, 1.5, 1.43, 1.45, 7200.0, 1.45
2013-12-02, 1.41, 1.46, 1.41, 1.46, 2400.0, 1.46
2013-12-03, 1.48, 1.48, 1.48, 1.48, 600.0, 1.48
2013-12-04, 1.56, 1.56, 1.45, 1.45, 1500.0, 1.45
2013-12-05, 1.44, 1.44, 1.44, 1.44, 500.0, 1.44
2013-12-06, 1.46, 1.46, 1.45, 1.45, 700.0, 1.45
2013-12-09, 1.46, 1.46, 1.45, 1.45, 1100.0, 1.45
2013-12-10, 1.5, 1.5, 1.47, 1.47, 200.0, 1.47
2013-12-11, 1.45, 1.47, 1.45, 1.47, 400.0, 1.47
2013-12-12, 1.5, 1.55, 1.5, 1.55, 700.0, 1.55
2013-12-13, 1.58, 1.6, 1.51, 1.6, 2200.0, 1.6
2013-12-16, 1.65, 1.79, 1.65, 1.79, 3100.0, 1.79
2013-12-17, 1.79, 1.8, 1.65, 1.65, 3300.0, 1.65
2013-12-18, 1.65, 1.7, 1.65, 1.68, 1200.0, 1.68
2013-12-19, 1.63, 1.63, 1.39, 1.57, 15600.0, 1.57
2013-12-20, 1.59, 1.59, 1.48, 1.48, 7800.0, 1.48
2013-12-23, 1.43, 1.48, 1.38, 1.44, 3500.0, 1.44
2013-12-24, 1.45, 1.47, 1.45, 1.47, 2600.0, 1.47
2013-12-26, 1.5, 1.55, 1.45, 1.54, 3100.0, 1.54
2013-12-27, 1.49, 1.52, 1.48, 1.52, 700.0, 1.52
2013-12-30, 1.53, 1.63, 1.53, 1.57, 16100.0, 1.57
2013-12-31, 1.6, 1.6, 1.55, 1.57, 4900.0, 1.57
2014-01-02, 1.57, 1.6, 1.56, 1.56, 1900.0, 1.56
2014-01-03, 1.56, 1.56, 1.56, 1.56, 0.0, 1.56
2014-01-06, 1.6, 1.6, 1.6, 1.6, 500.0, 1.6
2014-01-07, 1.55, 1.58, 1.55, 1.58, 500.0, 1.58
2014-01-08, 1.55, 1.55, 1.55, 1.55, 500.0, 1.55
2014-01-09, 1.58, 1.7, 1.58, 1.65, 22000.0, 1.65
2014-01-10, 1.7, 1.75, 1.7, 1.7, 900.0, 1.7
2014-01-13, 1.72, 1.75, 1.7, 1.7, 6400.0, 1.7
2014-01-14, 1.74, 1.74, 1.65, 1.66, 3500.0, 1.66
2014-01-15, 1.65, 1.67, 1.63, 1.67, 1400.0, 1.67
2014-01-16, 1.65, 1.66, 1.64, 1.66, 700.0, 1.66
2014-01-17, 1.69, 1.72, 1.69, 1.72, 300.0, 1.72
2014-01-21, 1.72, 1.77, 1.72, 1.73, 10000.0, 1.73
2014-01-22, 1.77, 1.77, 1.68, 1.68, 2900.0, 1.68
2014-01-23, 1.72, 1.72, 1.67, 1.67, 7100.0, 1.67
2014-01-24, 1.64, 1.69, 1.6, 1.6, 4600.0, 1.6
2014-01-27, 1.61, 1.61, 1.61, 1.61, 2700.0, 1.61
2014-01-28, 1.53, 1.68, 1.53, 1.68, 600.0, 1.68
2014-01-29, 1.65, 1.65, 1.64, 1.64, 400.0, 1.64
2014-01-30, 1.6, 1.65, 1.6, 1.6, 2100.0, 1.6
2014-01-31, 1.58, 1.58, 1.58, 1.58, 800.0, 1.58
2014-02-03, 1.58, 1.58, 1.58, 1.58, 0.0, 1.58
2014-02-04, 1.6, 1.6, 1.59, 1.59, 700.0, 1.59
2014-02-05, 1.64, 1.64, 1.59, 1.59, 500.0, 1.59
2014-02-06, 1.59, 1.59, 1.59, 1.59, 0.0, 1.59
2014-02-07, 1.64, 1.65, 1.64, 1.64, 1000.0, 1.64
2014-02-10, 1.65, 1.65, 1.64, 1.64, 900.0, 1.64
2014-02-11, 1.69, 1.78, 1.69, 1.76, 2700.0, 1.76
2014-02-12, 1.74, 1.76, 1.73, 1.74, 7700.0, 1.74
2014-02-13, 1.84, 1.95, 1.8, 1.85, 39900.0, 1.85
2014-02-14, 1.87, 1.92, 1.85, 1.85, 2800.0, 1.85
2014-02-18, 1.8, 1.84, 1.73, 1.75, 4700.0, 1.75
2014-02-19, 1.8, 1.81, 1.73, 1.75, 6200.0, 1.75
2014-02-20, 1.73, 1.76, 1.72, 1.72, 2200.0, 1.72
2014-02-21, 1.72, 1.74, 1.72, 1.74, 300.0, 1.74
2014-02-24, 1.73, 1.75, 1.65, 1.71, 2500.0, 1.71
2014-02-25, 1.75, 1.75, 1.67, 1.67, 1000.0, 1.67
2014-02-26, 1.7, 1.72, 1.65, 1.66, 8600.0, 1.66
2014-02-27, 1.7, 1.7, 1.65, 1.65, 700.0, 1.65
2014-02-28, 1.63, 1.66, 1.62, 1.66, 1000.0, 1.66
2014-03-03, 1.64, 1.67, 1.58, 1.67, 5500.0, 1.67
2014-03-04, 1.69, 1.71, 1.68, 1.69, 5900.0, 1.69
2014-03-05, 1.7, 1.72, 1.68, 1.7, 2700.0, 1.7
2014-03-06, 1.72, 1.74, 1.7, 1.7, 6400.0, 1.7
2014-03-07, 1.66, 1.71, 1.66, 1.71, 1000.0, 1.71
2014-03-10, 1.7, 1.7, 1.62, 1.62, 10900.0, 1.62
2014-03-11, 1.61, 1.61, 1.49, 1.5, 7000.0, 1.5
2014-03-12, 1.43, 1.52, 1.43, 1.47, 4800.0, 1.47
2014-03-13, 1.47, 1.49, 1.45, 1.45, 3300.0, 1.45
2014-03-14, 1.48, 1.48, 1.44, 1.47, 500.0, 1.47
2014-03-17, 1.42, 1.44, 1.39, 1.41, 9600.0, 1.41
2014-03-18, 1.4, 1.47, 1.39, 1.39, 1000.0, 1.39
2014-03-19, 1.4, 1.4, 1.4, 1.4, 300.0, 1.4
2014-03-20, 1.4, 1.42, 1.4, 1.42, 700.0, 1.42
2014-03-21, 1.45, 1.47, 1.44, 1.44, 1000.0, 1.44
2014-03-24, 1.49, 1.49, 1.4, 1.42, 2900.0, 1.42
2014-03-25, 1.44, 1.47, 1.44, 1.47, 1000.0, 1.47
2014-03-26, 1.48, 1.48, 1.44, 1.44, 500.0, 1.44
2014-03-27, 1.43, 1.5, 1.43, 1.5, 2600.0, 1.5
2014-03-28, 1.49, 1.49, 1.45, 1.47, 1200.0, 1.47
2014-03-31, 1.45, 1.47, 1.45, 1.47, 1100.0, 1.47
2014-04-01, 1.45, 1.47, 1.43, 1.45, 4100.0, 1.45
2014-04-02, 1.46, 1.48, 1.46, 1.47, 600.0, 1.47
2014-04-03, 1.49, 1.51, 1.48, 1.48, 300.0, 1.48
2014-04-04, 1.48, 1.48, 1.47, 1.47, 2000.0, 1.47
2014-04-07, 1.48, 1.5, 1.48, 1.5, 900.0, 1.5
2014-04-08, 1.5, 1.5, 1.5, 1.5, 2000.0, 1.5
2014-04-09, 1.49, 1.5, 1.49, 1.5, 400.0, 1.5
2014-04-10, 1.5, 1.5, 1.48, 1.48, 500.0, 1.48
2014-04-11, 1.47, 1.48, 1.47, 1.48, 1100.0, 1.48
2014-04-14, 1.45, 1.47, 1.44, 1.45, 4000.0, 1.45
2014-04-15, 1.43, 1.48, 1.43, 1.48, 1000.0, 1.48
2014-04-16, 1.47, 1.47, 1.47, 1.47, 200.0, 1.47
2014-04-17, 1.48, 1.48, 1.48, 1.48, 100.0, 1.48
2014-04-21, 1.48, 1.48, 1.48, 1.48, 200.0, 1.48
2014-04-22, 1.48, 1.48, 1.48, 1.48, 2500.0, 1.48
2014-04-23, 1.48, 1.48, 1.48, 1.48, 1000.0, 1.48
2014-04-24, 1.55, 1.59, 1.55, 1.55, 1200.0, 1.55
2014-04-25, 1.62, 1.62, 1.59, 1.59, 1900.0, 1.59
2014-04-28, 1.61, 1.61, 1.55, 1.55, 2800.0, 1.55
2014-04-29, 1.56, 1.56, 1.43, 1.45, 2600.0, 1.45
2014-04-30, 1.44, 1.44, 1.44, 1.44, 600.0, 1.44
2014-05-01, 1.47, 1.47, 1.43, 1.44, 2200.0, 1.44
2014-05-02, 1.44, 1.48, 1.44, 1.47, 1200.0, 1.47
2014-05-05, 1.5, 1.5, 1.5, 1.5, 700.0, 1.5
2014-05-06, 1.49, 1.5, 1.49, 1.5, 1100.0, 1.5
2014-05-07, 1.47, 1.47, 1.47, 1.47, 500.0, 1.47
2014-05-08, 1.45, 1.45, 1.44, 1.44, 700.0, 1.44
2014-05-09, 1.44, 1.44, 1.4, 1.42, 3000.0, 1.42
2014-05-12, 1.47, 1.47, 1.43, 1.43, 1400.0, 1.43
2014-05-13, 1.42, 1.42, 1.25, 1.28, 3800.0, 1.28
2014-05-14, 1.33, 1.33, 1.28, 1.29, 1300.0, 1.29
2014-05-15, 1.28, 1.29, 1.27, 1.29, 3200.0, 1.29
2014-05-16, 1.27, 1.3, 1.27, 1.3, 3700.0, 1.3
2014-05-19, 1.3, 1.3, 1.3, 1.3, 0.0, 1.3
2014-05-20, 1.3, 1.3, 1.17, 1.2, 1800.0, 1.2
2014-05-21, 1.23, 1.23, 1.16, 1.18, 1600.0, 1.18
2014-05-22, 1.22, 1.22, 1.19, 1.19, 500.0, 1.19
2014-05-23, 1.19, 1.19, 1.19, 1.19, 0.0, 1.19
2014-05-27, 1.35, 1.35, 1.23, 1.25, 4300.0, 1.25
2014-05-28, 1.31, 1.4, 1.31, 1.35, 4000.0, 1.35
2014-05-29, 1.43, 1.45, 1.4, 1.42, 6900.0, 1.42
2014-05-30, 1.43, 1.43, 1.34, 1.35, 1200.0, 1.35
2014-06-02, 1.35, 1.35, 1.35, 1.35, 400.0, 1.35
2014-06-03, 1.37, 1.37, 1.25, 1.25, 2200.0, 1.25
2014-06-04, 1.25, 1.32, 1.25, 1.32, 1400.0, 1.32
2014-06-05, 1.3, 1.35, 1.3, 1.33, 1700.0, 1.33
2014-06-06, 1.3, 1.3, 1.3, 1.3, 200.0, 1.3
2014-06-09, 1.32, 1.36, 1.32, 1.36, 600.0, 1.36
2014-06-10, 1.32, 1.32, 1.32, 1.32, 300.0, 1.32
2014-06-11, 1.33, 1.33, 1.33, 1.33, 300.0, 1.33
2014-06-12, 1.32, 1.39, 1.32, 1.33, 1700.0, 1.33
2014-06-13, 1.37, 1.37, 1.29, 1.29, 5300.0, 1.29
2014-06-16, 1.33, 1.33, 1.3, 1.3, 800.0, 1.3
2014-06-17, 1.28, 1.32, 1.28, 1.32, 3600.0, 1.32
2014-06-18, 1.31, 1.32, 1.31, 1.32, 900.0, 1.32
2014-06-19, 1.3, 1.3, 1.3, 1.3, 200.0, 1.3
2014-06-20, 1.32, 1.32, 1.28, 1.31, 27700.0, 1.31
2014-06-23, 1.31, 1.31, 1.31, 1.31, 3100.0, 1.31
2014-06-24, 1.3, 1.3, 1.27, 1.3, 5300.0, 1.3
2014-06-25, 1.3, 1.3, 1.3, 1.3, 0.0, 1.3
2014-06-26, 1.26, 1.26, 1.21, 1.22, 8600.0, 1.22
2014-06-27, 1.2, 1.2, 1.1, 1.15, 13300.0, 1.15
2014-06-30, 1.17, 1.46, 1.16, 1.2, 31900.0, 1.2
2014-07-01, 1.2, 1.3, 1.2, 1.27, 13600.0, 1.27
2014-07-02, 1.6, 1.6, 1.18, 1.18, 37400.0, 1.18
2014-07-03, 1.18, 1.18, 1.18, 1.18, 900.0, 1.18
2014-07-07, 1.19, 1.2, 1.16, 1.16, 5200.0, 1.16
2014-07-08, 1.16, 1.16, 1.16, 1.16, 0.0, 1.16
2014-07-09, 1.14, 1.14, 1.13, 1.14, 1000.0, 1.14
2014-07-10, 1.15, 1.16, 1.1, 1.1, 900.0, 1.1
2014-07-11, 1.1, 1.13, 1.08, 1.13, 1400.0, 1.13
2014-07-14, 1.16, 1.16, 1.13, 1.13, 2800.0, 1.13
2014-07-15, 1.13, 1.13, 1.12, 1.12, 5000.0, 1.12
2014-07-16, 1.11, 1.15, 1.1, 1.1, 1800.0, 1.1
2014-07-17, 1.09, 1.11, 1.09, 1.09, 500.0, 1.09
2014-07-18, 1.13, 1.17, 1.12, 1.17, 4100.0, 1.17
2014-07-21, 1.17, 1.17, 1.17, 1.17, 0.0, 1.17
2014-07-22, 1.18, 1.2, 1.15, 1.15, 3100.0, 1.15
2014-07-23, 1.2, 1.2, 1.13, 1.13, 5900.0, 1.13
2014-07-24, 1.19, 1.19, 1.14, 1.17, 4100.0, 1.17
2014-07-25, 1.19, 1.21, 1.17, 1.19, 25300.0, 1.19
2014-07-28, 1.29, 1.29, 1.19, 1.2, 10600.0, 1.2
2014-07-29, 1.22, 1.3, 1.22, 1.3, 76900.0, 1.3
2014-07-30, 1.35, 1.47, 1.34, 1.39, 6000.0, 1.39
2014-07-31, 1.4, 1.41, 1.3, 1.31, 39800.0, 1.31
2014-08-01, 1.31, 1.31, 1.31, 1.31, 0.0, 1.31
2014-08-04, 1.24, 1.25, 1.24, 1.25, 400.0, 1.25
2014-08-05, 1.21, 1.25, 1.2, 1.25, 20300.0, 1.25
2014-08-06, 1.25, 1.28, 1.24, 1.24, 2700.0, 1.24
2014-08-07, 1.25, 1.25, 1.25, 1.25, 100.0, 1.25
2014-08-08, 1.23, 1.23, 1.2, 1.22, 300.0, 1.22
2014-08-11, 1.23, 1.26, 1.23, 1.25, 1300.0, 1.25
2014-08-12, 1.26, 1.26, 1.23, 1.23, 1600.0, 1.23
2014-08-13, 1.22, 1.24, 1.22, 1.24, 1000.0, 1.24
2014-08-14, 1.24, 1.24, 1.24, 1.24, 4800.0, 1.24
2014-08-15, 1.24, 1.24, 1.23, 1.23, 200.0, 1.23
2014-08-18, 1.23, 1.24, 1.23, 1.24, 3700.0, 1.24
2014-08-19, 1.23, 1.23, 1.23, 1.23, 100.0, 1.23
2014-08-20, 1.23, 1.23, 1.23, 1.23, 400.0, 1.23
2014-08-21, 1.12, 1.18, 1.12, 1.14, 61300.0, 1.14
2014-08-22, 1.14, 1.14, 1.1, 1.11, 6700.0, 1.11
2014-08-25, 1.14, 1.14, 1.07, 1.07, 4600.0, 1.07
2014-08-26, 1.1, 1.12, 1.1, 1.12, 1800.0, 1.12
2014-08-27, 1.12, 1.12, 1.12, 1.12, 500.0, 1.12
2014-08-28, 1.11, 1.11, 1.11, 1.11, 3000.0, 1.11
2014-08-29, 1.11, 1.12, 1.11, 1.12, 800.0, 1.12
2014-09-02, 1.09, 1.09, 1.08, 1.08, 600.0, 1.08
2014-09-03, 1.08, 1.08, 1.05, 1.05, 900.0, 1.05
2014-09-04, 1.03, 1.08, 1.03, 1.08, 5100.0, 1.08
2014-09-05, 1.07, 1.07, 1.05, 1.05, 8700.0, 1.05
2014-09-08, 1.06, 1.06, 1.04, 1.04, 2600.0, 1.04
2014-09-09, 1.04, 1.04, 0.94, 0.94, 10700.0, 0.94
2014-09-10, 0.94, 0.94, 0.94, 0.94, 2000.0, 0.94
2014-09-11, 0.94, 0.94, 0.89, 0.9, 5100.0, 0.9
2014-09-12, 0.88, 0.88, 0.87, 0.87, 1100.0, 0.87
2014-09-15, 0.87, 0.9, 0.87, 0.9, 1500.0, 0.9
2014-09-16, 0.92, 0.92, 0.9, 0.92, 1300.0, 0.92
2014-09-17, 0.93, 0.93, 0.9, 0.9, 3600.0, 0.9
2014-09-18, 0.9, 0.93, 0.9, 0.93, 7100.0, 0.93
2014-09-19, 0.88, 0.88, 0.88, 0.88, 100.0, 0.88
2014-09-22, 0.82, 0.85, 0.76, 0.76, 8900.0, 0.76
2014-09-23, 0.71, 0.75, 0.71, 0.75, 2700.0, 0.75
2014-09-24, 0.76, 0.81, 0.75, 0.81, 2300.0, 0.81
2014-09-25, 0.85, 0.85, 0.81, 0.81, 1300.0, 0.81
2014-09-26, 0.81, 0.81, 0.81, 0.81, 0.0, 0.81
2014-09-29, 0.76, 0.76, 0.73, 0.73, 200.0, 0.73
2014-09-30, 0.72, 0.75, 0.72, 0.75, 8000.0, 0.75
2014-10-01, 0.75, 0.75, 0.75, 0.75, 0.0, 0.75
2014-10-02, 0.71, 0.71, 0.61, 0.61, 18000.0, 0.61
2014-10-03, 0.63, 0.65, 0.59, 0.59, 1700.0, 0.59
2014-10-06, 0.59, 0.6, 0.59, 0.6, 5000.0, 0.6
2014-10-07, 0.57, 0.61, 0.57, 0.58, 5500.0, 0.58
2014-10-08, 0.56, 0.58, 0.56, 0.58, 6700.0, 0.58
2014-10-09, 0.55, 0.55, 0.55, 0.55, 1200.0, 0.55
2014-10-10, 0.54, 0.54, 0.5, 0.5, 5300.0, 0.5
2014-10-13, 0.5, 0.5, 0.5, 0.5, 0.0, 0.5
2014-10-14, 0.5, 0.5, 0.42, 0.45, 6500.0, 0.45
2014-10-15, 0.46, 0.46, 0.46, 0.46, 4800.0, 0.46
2014-10-16, 0.44, 0.47, 0.44, 0.45, 6600.0, 0.45
2014-10-17, 0.49, 0.55, 0.46, 0.52, 2800.0, 0.52
2014-10-20, 0.54, 0.59, 0.54, 0.58, 10900.0, 0.58
2014-10-21, 0.6, 0.61, 0.56, 0.59, 7400.0, 0.59
2014-10-22, 0.59, 0.59, 0.55, 0.55, 2500.0, 0.55
2014-10-23, 0.54, 0.55, 0.54, 0.54, 4100.0, 0.54
2014-10-24, 0.52, 0.52, 0.46, 0.47, 1000.0, 0.47
2014-10-27, 0.47, 0.47, 0.47, 0.47, 0.0, 0.47
2014-10-28, 0.49, 0.49, 0.47, 0.47, 300.0, 0.47
2014-10-29, 0.49, 0.49, 0.47, 0.49, 2100.0, 0.49
2014-10-30, 0.48, 0.48, 0.46, 0.47, 1200.0, 0.47
2014-10-31, 0.48, 0.48, 0.45, 0.45, 20700.0, 0.45
2014-11-03, 0.45, 0.47, 0.43, 0.46, 4500.0, 0.46
2014-11-04, 0.45, 0.45, 0.43, 0.43, 1600.0, 0.43
2014-11-05, 0.44, 0.44, 0.44, 0.44, 16900.0, 0.44
2014-11-06, 0.44, 0.48, 0.44, 0.47, 8200.0, 0.47
2014-11-07, 0.45, 0.45, 0.45, 0.45, 1500.0, 0.45
2014-11-10, 0.44, 0.44, 0.44, 0.44, 12700.0, 0.44
2014-11-11, 0.42, 0.42, 0.42, 0.42, 100.0, 0.42
2014-11-12, 0.4, 0.4, 0.38, 0.39, 6400.0, 0.39
2014-11-13, 0.38, 0.4, 0.34, 0.35, 15400.0, 0.35
2014-11-14, 0.37, 0.37, 0.34, 0.34, 12100.0, 0.34
2014-11-17, 0.32, 0.34, 0.32, 0.32, 7200.0, 0.32
2014-11-18, 0.34, 0.37, 0.34, 0.35, 2800.0, 0.35
2014-11-19, 0.35, 0.37, 0.35, 0.35, 2500.0, 0.35
2014-11-20, 0.35, 0.37, 0.34, 0.36, 15300.0, 0.36
2014-11-21, 0.37, 0.37, 0.35, 0.35, 14500.0, 0.35
2014-11-24, 0.35, 0.36, 0.33, 0.35, 5000.0, 0.35
2014-11-25, 0.35, 0.35, 0.33, 0.33, 2100.0, 0.33
2014-11-26, 0.34, 0.34, 0.33, 0.33, 4100.0, 0.33
2014-11-28, 0.36, 0.36, 0.34, 0.34, 6100.0, 0.34
2014-12-01, 0.32, 0.32, 0.27, 0.27, 56900.0, 0.27
2014-12-02, 0.28, 0.28, 0.22, 0.23, 65100.0, 0.23
2014-12-03, 0.23, 0.24, 0.22, 0.23, 34200.0, 0.23
2014-12-04, 0.24, 0.27, 0.23, 0.25, 141700.0, 0.25
2014-12-05, 0.24, 0.25, 0.24, 0.25, 128100.0, 0.25
2014-12-08, 0.25, 0.25, 0.23, 0.23, 94000.0, 0.23
2014-12-09, 0.23, 0.24, 0.23, 0.23, 97700.0, 0.23
2014-12-10, 0.23, 0.23, 0.22, 0.23, 83500.0, 0.23
2014-12-11, 0.23, 0.25, 0.22, 0.23, 91800.0, 0.23
2014-12-12, 0.24, 0.25, 0.24, 0.25, 77700.0, 0.25
2014-12-15, 0.23, 0.25, 0.22, 0.23, 48000.0, 0.23
2014-12-16, 0.23, 0.29, 0.23, 0.27, 113400.0, 0.27
2014-12-17, 0.23, 0.32, 0.23, 0.32, 33400.0, 0.32
2014-12-18, 0.32, 0.43, 0.32, 0.41, 154400.0, 0.41
2014-12-19, 0.42, 0.49, 0.42, 0.44, 52900.0, 0.44
2014-12-22, 0.43, 0.43, 0.34, 0.37, 68300.0, 0.37
2014-12-23, 0.36, 0.36, 0.31, 0.34, 77400.0, 0.34
2014-12-24, 0.32, 0.35, 0.3, 0.35, 44100.0, 0.35
2014-12-26, 0.34, 0.36, 0.27, 0.3, 54400.0, 0.3
2014-12-29, 0.31, 0.33, 0.31, 0.33, 29500.0, 0.33
2014-12-30, 0.33, 0.37, 0.31, 0.34, 18800.0, 0.34
2014-12-31, 0.35, 0.35, 0.34, 0.34, 7700.0, 0.34
2015-01-02, 0.35, 0.36, 0.34, 0.36, 12400.0, 0.36
2015-01-05, 0.36, 0.36, 0.34, 0.35, 11600.0, 0.35
2015-01-06, 0.34, 0.34, 0.32, 0.33, 3600.0, 0.33
2015-01-07, 0.33, 0.37, 0.32, 0.37, 70600.0, 0.37
2015-01-08, 0.37, 0.41, 0.37, 0.39, 12900.0, 0.39
2015-01-09, 0.4, 0.4, 0.37, 0.37, 10700.0, 0.37
2015-01-12, 0.38, 0.38, 0.35, 0.36, 44900.0, 0.36
2015-01-13, 0.35, 0.35, 0.31, 0.31, 60900.0, 0.31
2015-01-14, 0.31, 0.32, 0.29, 0.3, 79700.0, 0.3
2015-01-15, 0.29, 0.31, 0.27, 0.29, 38800.0, 0.29
2015-01-16, 0.28, 0.31, 0.28, 0.31, 10500.0, 0.31
2015-01-20, 0.3, 0.33, 0.29, 0.31, 20900.0, 0.31
2015-01-21, 0.3, 0.3, 0.3, 0.3, 800.0, 0.3
2015-01-22, 0.3, 0.3, 0.3, 0.3, 1400.0, 0.3
2015-01-23, 0.29, 0.29, 0.29, 0.29, 300.0, 0.29
2015-01-26, 0.3, 0.3, 0.29, 0.3, 8200.0, 0.3
2015-01-27, 0.29, 0.3, 0.29, 0.29, 19000.0, 0.29
2015-01-28, 0.29, 0.3, 0.28, 0.29, 10900.0, 0.29
2015-01-29, 0.28, 0.28, 0.26, 0.28, 31100.0, 0.28
2015-01-30, 0.27, 0.28, 0.25, 0.28, 57500.0, 0.28
2015-02-02, 0.26, 0.28, 0.25, 0.28, 31300.0, 0.28
2015-02-03, 0.28, 0.28, 0.27, 0.27, 11000.0, 0.27
2015-02-04, 0.28, 0.28, 0.28, 0.28, 10800.0, 0.28
2015-02-05, 0.28, 0.28, 0.26, 0.28, 21800.0, 0.28
2015-02-06, 0.27, 0.27, 0.25, 0.27, 57000.0, 0.27
2015-02-09, 0.27, 0.27, 0.25, 0.26, 37200.0, 0.26
2015-02-10, 0.26, 0.27, 0.26, 0.27, 4000.0, 0.27
2015-02-11, 0.26, 0.26, 0.25, 0.25, 15500.0, 0.25
2015-02-12, 0.27, 0.27, 0.25, 0.27, 14500.0, 0.27
2015-02-13, 0.25, 0.26, 0.25, 0.26, 4400.0, 0.26
2015-02-17, 0.27, 0.27, 0.25, 0.25, 7000.0, 0.25
2015-02-18, 0.26, 0.27, 0.25, 0.26, 13600.0, 0.26
2015-02-19, 0.26, 0.26, 0.24, 0.24, 45600.0, 0.24
2015-02-20, 0.25, 0.25, 0.23, 0.24, 14500.0, 0.24
2015-02-23, 0.24, 0.24, 0.24, 0.24, 6200.0, 0.24
2015-02-24, 0.23, 0.24, 0.23, 0.24, 26600.0, 0.24
2015-02-25, 0.24, 0.26, 0.24, 0.24, 44900.0, 0.24
2015-02-26, 0.24, 0.25, 0.23, 0.23, 10800.0, 0.23
2015-02-27, 0.25, 0.25, 0.24, 0.24, 17500.0, 0.24
2015-03-02, 0.24, 0.24, 0.24, 0.24, 10500.0, 0.24
2015-03-03, 0.25, 0.25, 0.23, 0.25, 9800.0, 0.25
2015-03-04, 0.24, 0.25, 0.23, 0.23, 27300.0, 0.23
2015-03-05, 0.24, 0.25, 0.23, 0.23, 33700.0, 0.23
2015-03-06, 0.23, 0.23, 0.23, 0.23, 14500.0, 0.23
2015-03-09, 0.23, 0.23, 0.22, 0.23, 17700.0, 0.23
2015-03-10, 0.22, 0.22, 0.21, 0.21, 5600.0, 0.21
2015-03-11, 0.2, 0.21, 0.2, 0.21, 9400.0, 0.21
2015-03-12, 0.21, 0.21, 0.21, 0.21, 300.0, 0.21
2015-03-13, 0.21, 0.22, 0.21, 0.21, 12500.0, 0.21
2015-03-16, 0.21, 0.21, 0.21, 0.21, 0.0, 0.21
2015-03-17, 0.21, 0.22, 0.21, 0.21, 9400.0, 0.21
2015-03-18, 0.22, 0.23, 0.21, 0.23, 4100.0, 0.23
2015-03-19, 0.21, 0.23, 0.21, 0.22, 23900.0, 0.22
2015-03-20, 0.23, 0.24, 0.23, 0.23, 22600.0, 0.23
2015-03-23, 0.23, 0.27, 0.23, 0.25, 30100.0, 0.25
2015-03-24, 0.27, 0.27, 0.26, 0.27, 12300.0, 0.27
2015-03-25, 0.26, 0.27, 0.25, 0.26, 18000.0, 0.26
2015-03-26, 0.28, 0.28, 0.26, 0.26, 11000.0, 0.26
2015-03-27, 0.27, 0.27, 0.25, 0.25, 15300.0, 0.25
2015-03-30, 0.26, 0.27, 0.25, 0.27, 7300.0, 0.27
2015-03-31, 0.26, 0.26, 0.244, 0.244, 11000.0, 0.244
2015-04-01, 0.26, 0.26, 0.26, 0.26, 900.0, 0.26
2015-04-02, 0.267, 0.275, 0.265, 0.27, 35600.0, 0.27
2015-04-06, 0.275, 0.277, 0.245, 0.25, 8300.0, 0.25
2015-04-07, 0.252, 0.27, 0.246, 0.251, 168100.0, 0.251
2015-04-08, 0.252, 0.252, 0.236, 0.242, 37400.0, 0.242
2015-04-09, 0.24, 0.24, 0.232, 0.24, 11700.0, 0.24
2015-04-10, 0.23, 0.243, 0.23, 0.243, 6300.0, 0.243
2015-04-13, 0.244, 0.253, 0.243, 0.243, 1900.0, 0.243
2015-04-14, 0.234, 0.244, 0.23, 0.23, 2600.0, 0.23
2015-04-15, 0.243, 0.253, 0.23, 0.244, 23000.0, 0.244
2015-04-16, 0.258, 0.258, 0.25, 0.25, 10600.0, 0.25
2015-04-17, 0.25, 0.25, 0.243, 0.243, 23000.0, 0.243
2015-04-20, 0.249, 0.26, 0.247, 0.247, 2600.0, 0.247
2015-04-21, 0.239, 0.239, 0.239, 0.239, 300.0, 0.239
2015-04-22, 0.238, 0.238, 0.237, 0.237, 1500.0, 0.237
2015-04-23, 0.24, 0.25, 0.237, 0.237, 1700.0, 0.237
2015-04-24, 0.237, 0.237, 0.237, 0.237, 2100.0, 0.237
2015-04-27, 0.236, 0.246, 0.233, 0.246, 6800.0, 0.246
2015-04-28, 0.23, 0.25, 0.23, 0.25, 8700.0, 0.25
2015-04-29, 0.25, 0.25, 0.243, 0.246, 28400.0, 0.246
2015-04-30, 0.24, 0.24, 0.24, 0.24, 1200.0, 0.24
2015-05-01, 0.234, 0.234, 0.23, 0.234, 5600.0, 0.234
2015-05-04, 0.234, 0.234, 0.234, 0.234, 0.0, 0.234
2015-05-05, 0.23, 0.235, 0.221, 0.229, 31500.0, 0.229
2015-05-06, 0.235, 0.24, 0.23, 0.23, 30100.0, 0.23
2015-05-07, 0.235, 0.235, 0.234, 0.234, 1100.0, 0.234
2015-05-08, 0.244, 0.247, 0.244, 0.245, 2000.0, 0.245
2015-05-11, 0.245, 0.245, 0.245, 0.245, 0.0, 0.245
2015-05-12, 0.245, 0.245, 0.245, 0.245, 0.0, 0.245
2015-05-13, 0.24, 0.24, 0.24, 0.24, 7200.0, 0.24
2015-05-14, 0.24, 0.24, 0.24, 0.24, 4000.0, 0.24
2015-05-15, 0.23, 0.24, 0.23, 0.24, 6600.0, 0.24
2015-05-18, 0.27, 0.27, 0.263, 0.263, 500.0, 0.263
2015-05-19, 0.24, 0.263, 0.23, 0.241, 27100.0, 0.241
2015-05-20, 0.24, 0.24, 0.231, 0.231, 500.0, 0.231
2015-05-21, 0.237, 0.237, 0.236, 0.236, 1400.0, 0.236
2015-05-22, 0.236, 0.236, 0.225, 0.236, 40600.0, 0.236
2015-05-26, 0.228, 0.234, 0.227, 0.234, 5300.0, 0.234
2015-05-27, 0.23, 0.24, 0.223, 0.24, 14000.0, 0.24
2015-05-28, 0.24, 0.24, 0.24, 0.24, 0.0, 0.24
2015-05-29, 0.23, 0.236, 0.221, 0.236, 3600.0, 0.236
2015-06-01, 0.222, 0.222, 0.222, 0.222, 500.0, 0.222
2015-06-02, 0.233, 0.235, 0.233, 0.235, 3000.0, 0.235
2015-06-03, 0.23, 0.23, 0.22, 0.223, 18100.0, 0.223
2015-06-04, 0.218, 0.236, 0.218, 0.225, 18200.0, 0.225
2015-06-05, 0.22, 0.224, 0.22, 0.223, 11300.0, 0.223
2015-06-08, 0.22, 0.22, 0.22, 0.22, 800.0, 0.22
2015-06-09, 0.214, 0.229, 0.214, 0.229, 2500.0, 0.229
2015-06-10, 0.226, 0.226, 0.226, 0.226, 200.0, 0.226
2015-06-11, 0.219, 0.22, 0.219, 0.22, 200.0, 0.22
2015-06-12, 0.226, 0.226, 0.226, 0.226, 1000.0, 0.226
2015-06-15, 0.22, 0.225, 0.218, 0.224, 13900.0, 0.224
2015-06-16, 0.219, 0.224, 0.219, 0.223, 5100.0, 0.223
2015-06-17, 0.21, 0.221, 0.208, 0.215, 34300.0, 0.215
2015-06-18, 0.21, 0.223, 0.21, 0.215, 4000.0, 0.215
2015-06-19, 0.22, 0.22, 0.22, 0.22, 5900.0, 0.22
2015-06-22, 0.22, 0.22, 0.214, 0.214, 6600.0, 0.214
2015-06-23, 0.22, 0.223, 0.215, 0.215, 1300.0, 0.215
2015-06-24, 0.21, 0.211, 0.21, 0.211, 3400.0, 0.211
2015-06-25, 0.21, 0.21, 0.204, 0.21, 4400.0, 0.21
2015-06-26, 0.21, 0.21, 0.204, 0.21, 600.0, 0.21
2015-06-29, 0.198, 0.2, 0.198, 0.2, 1200.0, 0.2
2015-06-30, 0.2, 0.21, 0.2, 0.2, 4500.0, 0.2
2015-07-01, 0.193, 0.193, 0.181, 0.19, 19100.0, 0.19
2015-07-02, 0.2, 0.2, 0.19, 0.19, 3000.0, 0.19
2015-07-06, 0.195, 0.2, 0.185, 0.2, 1900.0, 0.2
2015-07-07, 0.19, 0.19, 0.174, 0.19, 4900.0, 0.19
2015-07-08, 0.19, 0.19, 0.19, 0.19, 0.0, 0.19
2015-07-09, 0.19, 0.19, 0.19, 0.19, 0.0, 0.19
2015-07-10, 0.18, 0.18, 0.169, 0.169, 12200.0, 0.169
2015-07-13, 0.17, 0.18, 0.17, 0.18, 2200.0, 0.18
2015-07-14, 0.176, 0.19, 0.176, 0.182, 10200.0, 0.182
2015-07-15, 0.18, 0.18, 0.172, 0.172, 5900.0, 0.172
2015-07-16, 0.172, 0.172, 0.172, 0.172, 0.0, 0.172
2015-07-17, 0.179, 0.179, 0.179, 0.179, 300.0, 0.179
2015-07-20, 0.18, 0.18, 0.159, 0.18, 4400.0, 0.18
2015-07-21, 0.18, 0.18, 0.169, 0.17, 3600.0, 0.17
2015-07-22, 0.176, 0.176, 0.17, 0.17, 10200.0, 0.17
2015-07-23, 0.18, 0.18, 0.17, 0.179, 5400.0, 0.179
2015-07-24, 0.16, 0.16, 0.15, 0.153, 46000.0, 0.153
2015-07-27, 0.15, 0.154, 0.14, 0.14, 13600.0, 0.14
2015-07-28, 0.13, 0.149, 0.13, 0.145, 11000.0, 0.145
2015-07-29, 0.145, 0.15, 0.145, 0.15, 4200.0, 0.15
2015-07-30, 0.14, 0.14, 0.14, 0.14, 9200.0, 0.14
2015-07-31, 0.13, 0.145, 0.13, 0.144, 12100.0, 0.144
2015-08-03, 0.154, 0.164, 0.154, 0.154, 1000.0, 0.154
2015-08-04, 0.15, 0.164, 0.14, 0.164, 4300.0, 0.164
2015-08-05, 0.165, 0.174, 0.159, 0.167, 3400.0, 0.167
2015-08-06, 0.164, 0.182, 0.153, 0.182, 33500.0, 0.182
2015-08-07, 0.18, 0.18, 0.15, 0.173, 25600.0, 0.173
2015-08-10, 0.163, 0.163, 0.153, 0.155, 9800.0, 0.155
2015-08-11, 0.16, 0.164, 0.16, 0.16, 20000.0, 0.16
2015-08-12, 0.16, 0.161, 0.16, 0.16, 11600.0, 0.16
2015-08-13, 0.16, 0.16, 0.16, 0.16, 9900.0, 0.16
2015-08-14, 0.16, 0.16, 0.15, 0.15, 2200.0, 0.15
2015-08-17, 0.159, 0.159, 0.14, 0.152, 7800.0, 0.152
2015-08-18, 0.15, 0.152, 0.148, 0.15, 5800.0, 0.15
2015-08-19, 0.15, 0.15, 0.15, 0.15, 0.0, 0.15
2015-08-20, 0.148, 0.149, 0.148, 0.149, 300.0, 0.149
2015-08-21, 0.14, 0.144, 0.133, 0.144, 10600.0, 0.144
2015-08-24, 0.14, 0.144, 0.13, 0.144, 42400.0, 0.144
2015-08-25, 0.138, 0.144, 0.134, 0.134, 13400.0, 0.134
2015-08-26, 0.133, 0.135, 0.133, 0.135, 5100.0, 0.135
2015-08-27, 0.135, 0.135, 0.135, 0.135, 0.0, 0.135
2015-08-28, 0.135, 0.135, 0.135, 0.135, 0.0, 0.135
2015-08-31, 0.136, 0.138, 0.136, 0.138, 11700.0, 0.138
2015-09-01, 0.14, 0.15, 0.14, 0.15, 26800.0, 0.15
2015-09-02, 0.15, 0.15, 0.15, 0.15, 0.0, 0.15
2015-09-03, 0.15, 0.158, 0.15, 0.15, 22700.0, 0.15
2015-09-04, 0.14, 0.14, 0.132, 0.132, 11700.0, 0.132
2015-09-08, 0.139, 0.139, 0.129, 0.135, 23700.0, 0.135
2015-09-09, 0.135, 0.135, 0.135, 0.135, 0.0, 0.135
2015-09-10, 0.14, 0.166, 0.131, 0.166, 126500.0, 0.166
2015-09-11, 0.17, 0.17, 0.14, 0.157, 23000.0, 0.157
2015-09-14, 0.16, 0.163, 0.16, 0.16, 13500.0, 0.16
2015-09-15, 0.169, 0.169, 0.149, 0.149, 900.0, 0.149
2015-09-16, 0.149, 0.149, 0.137, 0.137, 8200.0, 0.137
2015-09-17, 0.147, 0.16, 0.147, 0.16, 30900.0, 0.16
2015-09-18, 0.16, 0.16, 0.15, 0.16, 12300.0, 0.16
2015-09-21, 0.151, 0.155, 0.148, 0.148, 66900.0, 0.148
2015-09-22, 0.151, 0.16, 0.151, 0.16, 22400.0, 0.16
2015-09-23, 0.156, 0.156, 0.155, 0.155, 1600.0, 0.155
2015-09-24, 0.147, 0.155, 0.147, 0.147, 41600.0, 0.147
2015-09-25, 0.147, 0.15, 0.145, 0.145, 11100.0, 0.145
2015-09-28, 0.147, 0.15, 0.145, 0.145, 9100.0, 0.145
2015-09-29, 0.146, 0.152, 0.14, 0.14, 5200.0, 0.14
2015-09-30, 0.15, 0.15, 0.14, 0.14, 15700.0, 0.14
2015-10-01, 0.14, 0.14, 0.13, 0.14, 4000.0, 0.14
2015-10-02, 0.133, 0.14, 0.133, 0.14, 1200.0, 0.14
2015-10-05, 0.133, 0.142, 0.127, 0.127, 9800.0, 0.127
2015-10-06, 0.133, 0.141, 0.124, 0.141, 33000.0, 0.141
2015-10-07, 0.135, 0.145, 0.135, 0.14, 3300.0, 0.14
2015-10-08, 0.14, 0.14, 0.14, 0.14, 2100.0, 0.14
2015-10-09, 0.14, 0.14, 0.14, 0.14, 6300.0, 0.14
2015-10-12, 0.14, 0.14, 0.14, 0.14, 400.0, 0.14
2015-10-13, 0.146, 0.146, 0.146, 0.146, 2000.0, 0.146
2015-10-14, 0.138, 0.138, 0.138, 0.138, 3000.0, 0.138
2015-10-15, 0.14, 0.148, 0.14, 0.143, 8700.0, 0.143
2015-10-16, 0.141, 0.141, 0.139, 0.139, 4600.0, 0.139
2015-10-19, 0.14, 0.14, 0.14, 0.14, 500.0, 0.14
2015-10-20, 0.141, 0.141, 0.14, 0.14, 600.0, 0.14
2015-10-21, 0.134, 0.134, 0.134, 0.134, 100.0, 0.134
2015-10-22, 0.135, 0.144, 0.133, 0.144, 2900.0, 0.144
2015-10-23, 0.14, 0.14, 0.14, 0.14, 2500.0, 0.14
2015-10-26, 0.14, 0.14, 0.14, 0.14, 0.0, 0.14
2015-10-27, 0.14, 0.14, 0.14, 0.14, 0.0, 0.14
2015-10-28, 0.14, 0.14, 0.14, 0.14, 0.0, 0.14
2015-10-29, 0.14, 0.14, 0.14, 0.14, 0.0, 0.14
2015-10-30, 0.14, 0.14, 0.14, 0.14, 0.0, 0.14
2015-11-02, 0.14, 0.14, 0.14, 0.14, 0.0, 0.14
2015-11-03, 0.14, 0.14, 0.14, 0.14, 0.0, 0.14
2015-11-04, 0.14, 0.14, 0.14, 0.14, 0.0, 0.14
2015-11-05, 0.14, 0.14, 0.14, 0.14, 0.0, 0.14
2015-11-06, 0.14, 0.14, 0.14, 0.14, 0.0, 0.14
2015-11-09, 0.14, 0.14, 0.14, 0.14, 0.0, 0.14
2015-11-10, 0.14, 0.14, 0.14, 0.14, 0.0, 0.14
2015-11-11, 0.14, 0.14, 0.14, 0.14, 0.0, 0.14
2015-11-12, 0.14, 0.14, 0.14, 0.14, 0.0, 0.14
2015-11-13, 0.14, 0.14, 0.14, 0.14, 0.0, 0.14
2015-11-16, 0.14, 0.14, 0.14, 0.14, 0.0, 0.14
2015-11-17, 0.14, 0.14, 0.14, 0.14, 0.0, 0.14
2015-11-18, 0.14, 0.14, 0.14, 0.14, 0.0, 0.14
2015-11-19, 0.14, 0.14, 0.14, 0.14, 0.0, 0.14
2015-11-20, 0.14, 0.14, 0.14, 0.14, 0.0, 0.14
2015-11-23, 0.14, 0.14, 0.14, 0.14, 0.0, 0.14
2015-11-24, 0.14, 0.14, 0.14, 0.14, 0.0, 0.14
2015-11-25, 0.14, 0.14, 0.14, 0.14, 0.0, 0.14
2015-11-27, 0.14, 0.14, 0.14, 0.14, 0.0, 0.14
2015-11-30, 0.14, 0.14, 0.14, 0.14, 0.0, 0.14
2015-12-01, 0.14, 0.14, 0.14, 0.14, 0.0, 0.14
2015-12-02, 0.14, 0.14, 0.14, 0.14, 0.0, 0.14
2015-12-03, 0.14, 0.14, 0.14, 0.14, 0.0, 0.14
2015-12-04, 0.14, 0.14, 0.14, 0.14, 0.0, 0.14
2015-12-07, 0.14, 0.14, 0.14, 0.14, 0.0, 0.14
2015-12-08, 0.14, 0.14, 0.14, 0.14, 0.0, 0.14
2015-12-09, 0.14, 0.14, 0.14, 0.14, 0.0, 0.14
2015-12-10, 0.14, 0.14, 0.14, 0.14, 0.0, 0.14
2015-12-11, 0.14, 0.14, 0.14, 0.14, 0.0, 0.14
2015-12-14, 0.14, 0.14, 0.14, 0.14, 0.0, 0.14
2015-12-15, 0.14, 0.14, 0.14, 0.14, 0.0, 0.14
