2012-08-28, 1.18, 1.18, 1.18, 1.18, 2000.0, 1.18
2012-08-29, 1.18, 1.18, 1.18, 1.18, 0.0, 1.18
2012-08-30, 1.19, 1.19, 1.19, 1.19, 2000.0, 1.19
2012-08-31, 1.19, 1.22, 1.19, 1.2, 19600.0, 1.2
2012-09-04, 1.2, 1.23, 1.2, 1.23, 25000.0, 1.23
2012-09-05, 1.23, 1.26, 1.23, 1.26, 35300.0, 1.26
2012-09-06, 1.26, 1.28, 1.26, 1.28, 15500.0, 1.28
2012-09-07, 1.28, 1.29, 1.28, 1.28, 11400.0, 1.28
2012-09-10, 1.28, 1.29, 1.28, 1.28, 6000.0, 1.28
2012-09-11, 1.27, 1.28, 1.27, 1.28, 6300.0, 1.28
2012-09-12, 1.28, 1.29, 1.27, 1.29, 11300.0, 1.29
2012-09-13, 1.29, 1.3, 1.29, 1.3, 6400.0, 1.3
2012-09-14, 1.3, 1.3, 1.3, 1.3, 5400.0, 1.3
2012-09-17, 1.3, 1.3, 1.3, 1.3, 2500.0, 1.3
2012-09-18, 1.3, 1.31, 1.3, 1.31, 12400.0, 1.31
2012-09-19, 1.31, 1.32, 1.31, 1.32, 11200.0, 1.32
2012-09-20, 1.32, 1.32, 1.32, 1.32, 4400.0, 1.32
2012-09-21, 1.32, 1.32, 1.32, 1.32, 1000.0, 1.32
2012-09-24, 1.27, 1.31, 1.2, 1.26, 8400.0, 1.26
2012-09-25, 1.3, 1.31, 1.29, 1.29, 13500.0, 1.29
2012-09-26, 1.3, 1.31, 1.27, 1.27, 4500.0, 1.27
2012-09-27, 1.3, 1.3, 1.3, 1.3, 3900.0, 1.3
2012-09-28, 1.3, 1.3, 1.22, 1.22, 11100.0, 1.22
2012-10-01, 1.22, 1.22, 1.22, 1.22, 0.0, 1.22
2012-10-02, 1.22, 1.22, 1.2, 1.2, 3300.0, 1.2
2012-10-03, 1.22, 1.22, 1.22, 1.22, 100.0, 1.22
2012-10-04, 1.19, 1.19, 1.19, 1.19, 2500.0, 1.19
2012-10-05, 1.19, 1.19, 1.19, 1.19, 1000.0, 1.19
2012-10-08, 1.16, 1.16, 1.15, 1.15, 2000.0, 1.15
2012-10-09, 1.17, 1.17, 1.15, 1.15, 8200.0, 1.15
2012-10-10, 1.13, 1.19, 1.13, 1.16, 5800.0, 1.16
2012-10-11, 1.16, 1.16, 1.16, 1.16, 2000.0, 1.16
2012-10-12, 1.2, 1.2, 1.2, 1.2, 2300.0, 1.2
2012-10-15, 1.1, 1.1, 1.1, 1.1, 1000.0, 1.1
2012-10-16, 1.16, 1.16, 1.16, 1.16, 1200.0, 1.16
2012-10-17, 1.16, 1.16, 1.16, 1.16, 0.0, 1.16
2012-10-18, 1.16, 1.16, 1.16, 1.16, 0.0, 1.16
2012-10-19, 1.14, 1.2, 1.11, 1.2, 800.0, 1.2
2012-10-22, 1.2, 1.2, 1.2, 1.2, 1100.0, 1.2
2012-10-23, 1.2, 1.2, 1.2, 1.2, 0.0, 1.2
2012-10-24, 1.2, 1.2, 1.2, 1.2, 0.0, 1.2
2012-10-25, 1.16, 1.2, 1.16, 1.2, 8800.0, 1.2
2012-10-26, 1.2, 1.2, 1.2, 1.2, 0.0, 1.2
2012-10-31, 1.18, 1.18, 1.14, 1.14, 1300.0, 1.14
2012-11-01, 1.15, 1.15, 1.11, 1.11, 1500.0, 1.11
2012-11-02, 1.11, 1.11, 1.11, 1.11, 1000.0, 1.11
2012-11-05, 1.13, 1.14, 1.11, 1.14, 19200.0, 1.14
2012-11-06, 1.14, 1.2, 1.08, 1.15, 47600.0, 1.15
2012-11-07, 1.15, 1.17, 1.12, 1.15, 8300.0, 1.15
2012-11-08, 1.17, 1.17, 1.12, 1.12, 6100.0, 1.12
2012-11-09, 1.12, 1.25, 1.08, 1.15, 21100.0, 1.15
2012-11-12, 1.12, 1.12, 1.08, 1.09, 9100.0, 1.09
2012-11-13, 1.08, 1.15, 1.08, 1.09, 9800.0, 1.09
2012-11-14, 1.08, 1.16, 1.02, 1.06, 11100.0, 1.06
2012-11-15, 1.16, 1.75, 1.12, 1.24, 1010800.0, 1.24
2012-11-16, 1.22, 1.22, 0.51, 0.77, 236100.0, 0.77
2012-11-19, 0.78, 0.8, 0.75, 0.8, 73000.0, 0.8
2012-11-20, 0.8, 0.8, 0.54, 0.56, 51100.0, 0.56
2012-11-21, 0.6, 0.61, 0.58, 0.61, 24800.0, 0.61
2012-11-23, 0.61, 0.61, 0.59, 0.59, 10100.0, 0.59
2012-11-26, 0.56, 0.65, 0.53, 0.63, 26000.0, 0.63
2012-11-27, 0.63, 0.81, 0.58, 0.81, 34600.0, 0.81
2012-11-28, 0.74, 0.75, 0.67, 0.74, 20300.0, 0.74
2012-11-29, 0.71, 0.81, 0.71, 0.81, 30900.0, 0.81
2012-11-30, 0.8, 0.83, 0.55, 0.8, 54000.0, 0.8
2012-12-03, 0.78, 0.78, 0.69, 0.73, 30400.0, 0.73
2012-12-04, 0.7, 0.78, 0.7, 0.77, 14300.0, 0.77
2012-12-05, 0.76, 0.85, 0.76, 0.84, 17100.0, 0.84
2012-12-06, 0.84, 0.95, 0.83, 0.94, 14300.0, 0.94
2012-12-07, 0.94, 0.94, 0.94, 0.94, 0.0, 0.94
2012-12-10, 0.95, 0.95, 0.82, 0.88, 10300.0, 0.88
2012-12-11, 0.85, 0.9, 0.85, 0.9, 13300.0, 0.9
2012-12-12, 0.85, 0.92, 0.85, 0.9, 9000.0, 0.9
2012-12-13, 0.94, 0.94, 0.65, 0.85, 10500.0, 0.85
2012-12-14, 0.69, 0.85, 0.69, 0.85, 5700.0, 0.85
2012-12-17, 0.83, 0.85, 0.76, 0.85, 8300.0, 0.85
2012-12-18, 0.83, 0.84, 0.76, 0.84, 8000.0, 0.84
2012-12-19, 0.67, 0.75, 0.67, 0.75, 1600.0, 0.75
2012-12-20, 0.75, 0.75, 0.7, 0.75, 6100.0, 0.75
2012-12-21, 0.57, 0.75, 0.57, 0.72, 7500.0, 0.72
2012-12-24, 0.59, 0.74, 0.59, 0.74, 500.0, 0.74
2012-12-26, 0.7, 0.7, 0.7, 0.7, 4400.0, 0.7
2012-12-27, 0.7, 0.7, 0.63, 0.63, 2000.0, 0.63
2012-12-28, 0.63, 0.72, 0.63, 0.7, 15500.0, 0.7
2012-12-31, 0.63, 0.7, 0.63, 0.7, 5800.0, 0.7
2013-01-02, 0.63, 0.68, 0.57, 0.68, 10300.0, 0.68
2013-01-03, 0.68, 0.68, 0.68, 0.68, 2000.0, 0.68
2013-01-04, 0.67, 0.67, 0.67, 0.67, 4200.0, 0.67
2013-01-07, 0.55, 0.55, 0.55, 0.55, 1100.0, 0.55
2013-01-08, 0.55, 0.55, 0.55, 0.55, 200.0, 0.55
2013-01-09, 0.55, 0.55, 0.55, 0.55, 1400.0, 0.55
2013-01-10, 0.55, 0.55, 0.55, 0.55, 0.0, 0.55
2013-01-11, 0.55, 0.55, 0.55, 0.55, 200.0, 0.55
2013-01-14, 0.55, 0.55, 0.5, 0.5, 5700.0, 0.5
2013-01-15, 0.5, 0.51, 0.5, 0.51, 9000.0, 0.51
2013-01-16, 0.51, 0.55, 0.51, 0.53, 4000.0, 0.53
2013-01-17, 0.53, 0.53, 0.53, 0.53, 0.0, 0.53
2013-01-18, 0.51, 0.51, 0.5, 0.5, 10700.0, 0.5
2013-01-22, 0.42, 0.42, 0.42, 0.42, 2100.0, 0.42
2013-01-23, 0.55, 0.55, 0.43, 0.43, 300.0, 0.43
2013-01-24, 0.43, 0.43, 0.43, 0.43, 0.0, 0.43
2013-01-25, 0.44, 0.55, 0.4, 0.4, 1300.0, 0.4
2013-01-28, 0.4, 0.4, 0.4, 0.4, 0.0, 0.4
2013-01-29, 0.4, 0.4, 0.4, 0.4, 0.0, 0.4
2013-01-30, 0.43, 0.51, 0.43, 0.51, 9400.0, 0.51
2013-01-31, 0.54, 0.54, 0.54, 0.54, 100.0, 0.54
2013-02-01, 0.52, 0.54, 0.52, 0.54, 2100.0, 0.54
2013-02-04, 0.4, 0.52, 0.4, 0.51, 9400.0, 0.51
2013-02-05, 0.51, 0.51, 0.49, 0.49, 7500.0, 0.49
2013-02-06, 0.43, 0.51, 0.43, 0.51, 500.0, 0.51
2013-02-07, 0.49, 0.49, 0.48, 0.48, 8600.0, 0.48
2013-02-08, 0.48, 0.48, 0.48, 0.48, 0.0, 0.48
2013-02-11, 0.45, 0.48, 0.44, 0.46, 6800.0, 0.46
2013-02-12, 0.41, 0.49, 0.41, 0.45, 400.0, 0.45
2013-02-13, 0.46, 0.49, 0.46, 0.47, 8300.0, 0.47
2013-02-14, 0.41, 0.51, 0.41, 0.51, 900.0, 0.51
2013-02-15, 0.51, 0.51, 0.48, 0.51, 6900.0, 0.51
2013-02-19, 0.51, 0.52, 0.51, 0.52, 13800.0, 0.52
2013-02-20, 0.52, 0.52, 0.51, 0.51, 7700.0, 0.51
2013-02-21, 0.51, 0.55, 0.43, 0.52, 10700.0, 0.52
2013-02-22, 0.43, 0.55, 0.43, 0.55, 21700.0, 0.55
2013-02-25, 0.54, 0.55, 0.45, 0.55, 16400.0, 0.55
2013-02-26, 0.55, 0.59, 0.55, 0.59, 4900.0, 0.59
2013-02-27, 0.58, 0.58, 0.45, 0.55, 30400.0, 0.55
2013-02-28, 0.47, 0.49, 0.45, 0.45, 22500.0, 0.45
2013-03-01, 0.5, 0.59, 0.4, 0.59, 38800.0, 0.59
2013-03-04, 0.49, 0.5, 0.48, 0.49, 45500.0, 0.49
2013-03-05, 0.48, 0.53, 0.48, 0.53, 57000.0, 0.53
2013-03-06, 0.53, 0.53, 0.53, 0.53, 0.0, 0.53
2013-03-07, 0.55, 0.6, 0.55, 0.6, 17400.0, 0.6
2013-03-08, 0.6, 0.6, 0.49, 0.49, 10800.0, 0.49
2013-03-11, 0.54, 0.56, 0.54, 0.56, 700.0, 0.56
2013-03-12, 0.6, 0.6, 0.49, 0.49, 20900.0, 0.49
2013-03-13, 0.52, 0.55, 0.52, 0.55, 8400.0, 0.55
2013-03-14, 0.46, 0.5, 0.42, 0.49, 42700.0, 0.49
2013-03-15, 0.49, 0.55, 0.49, 0.55, 66600.0, 0.55
2013-03-18, 0.55, 0.57, 0.5, 0.57, 15400.0, 0.57
2013-03-19, 0.57, 0.62, 0.57, 0.62, 14600.0, 0.62
2013-03-20, 0.6, 0.63, 0.57, 0.63, 16700.0, 0.63
2013-03-21, 0.63, 0.65, 0.63, 0.65, 11900.0, 0.65
2013-03-22, 0.68, 0.69, 0.67, 0.69, 29000.0, 0.69
2013-03-25, 0.69, 0.69, 0.61, 0.69, 16700.0, 0.69
2013-03-26, 0.69, 0.7, 0.64, 0.69, 6900.0, 0.69
2013-03-27, 0.62, 0.66, 0.62, 0.66, 4200.0, 0.66
2013-03-28, 0.66, 0.66, 0.66, 0.66, 300.0, 0.66
2013-04-01, 0.6, 0.6, 0.6, 0.6, 3600.0, 0.6
2013-04-02, 0.65, 0.65, 0.64, 0.64, 9500.0, 0.64
2013-04-03, 0.64, 0.64, 0.6, 0.64, 6600.0, 0.64
2013-04-04, 0.65, 0.65, 0.6, 0.6, 28800.0, 0.6
2013-04-05, 0.64, 0.64, 0.56, 0.6, 15200.0, 0.6
2013-04-08, 0.67, 0.69, 0.6, 0.69, 96600.0, 0.69
2013-04-09, 0.7, 0.71, 0.5, 0.52, 142900.0, 0.52
2013-04-10, 0.55, 0.6, 0.52, 0.54, 14400.0, 0.54
2013-04-11, 0.64, 0.67, 0.4, 0.44, 283000.0, 0.44
2013-04-12, 0.44, 0.47, 0.44, 0.44, 12800.0, 0.44
2013-04-15, 0.44, 0.44, 0.41, 0.41, 29800.0, 0.41
2013-04-16, 0.41, 0.42, 0.31, 0.32, 103800.0, 0.32
2013-04-17, 0.32, 0.37, 0.32, 0.37, 50000.0, 0.37
2013-04-18, 0.33, 0.37, 0.33, 0.36, 14700.0, 0.36
2013-04-19, 0.37, 0.38, 0.37, 0.38, 12700.0, 0.38
2013-04-22, 0.37, 0.37, 0.36, 0.36, 4700.0, 0.36
2013-04-23, 0.38, 0.38, 0.37, 0.37, 6700.0, 0.37
2013-04-24, 0.36, 0.4, 0.36, 0.4, 51500.0, 0.4
2013-04-25, 0.4, 0.4, 0.34, 0.37, 3700.0, 0.37
2013-04-26, 0.37, 0.38, 0.34, 0.38, 16500.0, 0.38
2013-04-29, 0.34, 0.38, 0.34, 0.38, 1200.0, 0.38
2013-04-30, 0.34, 0.37, 0.33, 0.34, 27100.0, 0.34
2013-05-01, 0.34, 0.4, 0.34, 0.4, 3800.0, 0.4
2013-05-02, 0.4, 0.4, 0.38, 0.38, 6600.0, 0.38
2013-05-03, 0.38, 0.39, 0.35, 0.39, 22700.0, 0.39
2013-05-06, 0.4, 0.4, 0.37, 0.38, 55700.0, 0.38
2013-05-07, 0.38, 0.4, 0.34, 0.38, 14300.0, 0.38
2013-05-08, 0.37, 0.38, 0.34, 0.35, 19800.0, 0.35
2013-05-09, 0.34, 0.35, 0.34, 0.35, 31100.0, 0.35
2013-05-10, 0.34, 0.36, 0.34, 0.36, 16300.0, 0.36
2013-05-13, 0.34, 0.35, 0.34, 0.34, 13200.0, 0.34
2013-05-14, 0.34, 0.34, 0.34, 0.34, 4100.0, 0.34
2013-05-15, 0.34, 0.37, 0.34, 0.37, 5200.0, 0.37
2013-05-16, 0.34, 0.34, 0.34, 0.34, 100.0, 0.34
2013-05-17, 0.4, 0.4, 0.34, 0.38, 4600.0, 0.38
2013-05-20, 0.37, 0.37, 0.33, 0.35, 59300.0, 0.35
2013-05-21, 0.35, 0.36, 0.33, 0.33, 22500.0, 0.33
2013-05-22, 0.37, 0.39, 0.31, 0.31, 7400.0, 0.31
2013-05-23, 0.36, 0.36, 0.36, 0.36, 100.0, 0.36
2013-05-24, 0.31, 0.36, 0.31, 0.36, 21100.0, 0.36
2013-05-28, 0.35, 0.35, 0.35, 0.35, 3000.0, 0.35
2013-05-29, 0.35, 0.35, 0.33, 0.33, 20000.0, 0.33
2013-05-30, 0.33, 0.34, 0.33, 0.34, 5500.0, 0.34
2013-05-31, 0.34, 0.34, 0.34, 0.34, 0.0, 0.34
2013-06-03, 0.31, 0.31, 0.26, 0.26, 13100.0, 0.26
2013-06-04, 0.23, 0.26, 0.23, 0.26, 1200.0, 0.26
2013-06-05, 0.26, 0.26, 0.26, 0.26, 0.0, 0.26
2013-06-06, 0.26, 0.26, 0.26, 0.26, 0.0, 0.26
2013-06-07, 0.23, 0.27, 0.23, 0.27, 15000.0, 0.27
2013-06-10, 0.27, 0.27, 0.27, 0.27, 0.0, 0.27
2013-06-11, 0.27, 0.29, 0.27, 0.27, 40000.0, 0.27
2013-06-12, 0.27, 0.27, 0.27, 0.27, 0.0, 0.27
2013-06-13, 0.27, 0.27, 0.27, 0.27, 0.0, 0.27
2013-06-14, 0.27, 0.27, 0.27, 0.27, 0.0, 0.27
2013-06-17, 0.27, 0.27, 0.27, 0.27, 0.0, 0.27
2013-06-18, 0.3, 0.32, 0.3, 0.32, 3200.0, 0.32
2013-06-19, 0.26, 0.36, 0.26, 0.35, 72800.0, 0.35
2013-06-20, 0.35, 0.36, 0.29, 0.3, 381700.0, 0.3
2013-06-21, 0.31, 0.31, 0.24, 0.29, 166900.0, 0.29
2013-06-24, 0.3, 0.3, 0.25, 0.29, 22500.0, 0.29
2013-06-25, 0.29, 0.29, 0.26, 0.27, 14200.0, 0.27
2013-06-26, 0.27, 0.27, 0.21, 0.21, 22200.0, 0.21
2013-06-27, 0.25, 0.28, 0.23, 0.23, 18600.0, 0.23
2013-06-28, 0.23, 0.23, 0.15, 0.16, 65900.0, 0.16
2013-07-01, 0.17, 0.29, 0.17, 0.22, 42800.0, 0.22
2013-07-02, 0.29, 0.29, 0.19, 0.28, 28400.0, 0.28
2013-07-03, 0.2, 0.28, 0.19, 0.27, 20900.0, 0.27
2013-07-05, 0.25, 0.25, 0.25, 0.25, 400.0, 0.25
2013-07-08, 0.25, 0.25, 0.19, 0.25, 9200.0, 0.25
2013-07-09, 0.25, 0.25, 0.25, 0.25, 0.0, 0.25
2013-07-10, 0.25, 0.25, 0.23, 0.25, 6200.0, 0.25
2013-07-11, 0.24, 0.25, 0.23, 0.24, 69700.0, 0.24
2013-07-12, 0.23, 0.23, 0.21, 0.23, 22400.0, 0.23
2013-07-15, 0.24, 0.24, 0.24, 0.24, 2500.0, 0.24
2013-07-16, 0.22, 0.22, 0.22, 0.22, 10900.0, 0.22
2013-07-17, 0.24, 0.25, 0.23, 0.25, 17300.0, 0.25
2013-07-18, 0.24, 0.24, 0.23, 0.23, 6500.0, 0.23
2013-07-19, 0.23, 0.25, 0.23, 0.23, 1300.0, 0.23
2013-07-22, 0.23, 0.24, 0.23, 0.24, 29500.0, 0.24
2013-07-23, 0.24, 0.24, 0.24, 0.24, 0.0, 0.24
2013-07-24, 0.25, 0.25, 0.24, 0.24, 5000.0, 0.24
2013-07-25, 0.25, 0.25, 0.24, 0.24, 5200.0, 0.24
2013-07-26, 0.24, 0.24, 0.24, 0.24, 0.0, 0.24
2013-07-29, 0.24, 0.24, 0.24, 0.24, 0.0, 0.24
2013-07-30, 0.22, 0.23, 0.19, 0.23, 54300.0, 0.23
2013-07-31, 0.19, 0.23, 0.19, 0.23, 5000.0, 0.23
2013-08-01, 0.23, 0.23, 0.23, 0.23, 0.0, 0.23
2013-08-02, 0.25, 0.25, 0.25, 0.25, 5000.0, 0.25
2013-08-05, 0.2, 0.23, 0.2, 0.23, 600.0, 0.23
2013-08-06, 0.23, 0.23, 0.23, 0.23, 0.0, 0.23
2013-08-07, 0.23, 0.24, 0.23, 0.24, 10200.0, 0.24
2013-08-08, 0.17, 0.24, 0.17, 0.21, 6600.0, 0.21
2013-08-09, 0.21, 0.21, 0.21, 0.21, 0.0, 0.21
2013-08-12, 0.21, 0.21, 0.21, 0.21, 4100.0, 0.21
2013-08-13, 0.21, 0.21, 0.21, 0.21, 2700.0, 0.21
2013-08-14, 0.21, 0.21, 0.21, 0.21, 4500.0, 0.21
2013-08-15, 0.21, 0.21, 0.21, 0.21, 0.0, 0.21
2013-08-16, 0.21, 0.21, 0.21, 0.21, 0.0, 0.21
2013-08-19, 0.21, 0.21, 0.21, 0.21, 0.0, 0.21
2013-08-20, 0.24, 0.24, 0.24, 0.24, 3800.0, 0.24
2013-08-21, 0.24, 0.24, 0.24, 0.24, 0.0, 0.24
2013-08-22, 0.2, 0.2, 0.2, 0.2, 4100.0, 0.2
2013-08-23, 0.2, 0.2, 0.2, 0.2, 0.0, 0.2
2013-08-26, 0.2, 0.2, 0.2, 0.2, 4000.0, 0.2
2013-08-27, 0.18, 0.18, 0.18, 0.18, 500.0, 0.18
2013-08-28, 0.19, 0.23, 0.19, 0.23, 3900.0, 0.23
2013-08-29, 0.23, 0.24, 0.18, 0.24, 14400.0, 0.24
2013-08-30, 0.24, 0.25, 0.22, 0.25, 31800.0, 0.25
2013-09-03, 0.24, 0.24, 0.17, 0.24, 7300.0, 0.24
2013-09-04, 0.23, 0.23, 0.21, 0.23, 11900.0, 0.23
2013-09-05, 0.24, 0.24, 0.18, 0.24, 2400.0, 0.24
2013-09-06, 0.24, 0.24, 0.23, 0.24, 12100.0, 0.24
2013-09-09, 0.23, 0.23, 0.22, 0.23, 29500.0, 0.23
2013-09-10, 0.18, 0.25, 0.18, 0.25, 7900.0, 0.25
2013-09-11, 0.25, 0.25, 0.25, 0.25, 700.0, 0.25
2013-09-12, 0.25, 0.25, 0.25, 0.25, 200.0, 0.25
2013-09-13, 0.25, 0.25, 0.24, 0.24, 13300.0, 0.24
2013-09-16, 0.25, 0.25, 0.25, 0.25, 6500.0, 0.25
2013-09-17, 0.24, 0.35, 0.24, 0.35, 27200.0, 0.35
2013-09-18, 0.18, 0.35, 0.18, 0.35, 500.0, 0.35
2013-09-19, 0.29, 0.35, 0.29, 0.35, 3200.0, 0.35
2013-09-20, 0.34, 0.34, 0.3, 0.34, 28500.0, 0.34
2013-09-23, 0.33, 0.33, 0.33, 0.33, 200.0, 0.33
2013-09-24, 0.33, 0.33, 0.28, 0.33, 3700.0, 0.33
2013-09-25, 0.27, 0.3, 0.26, 0.3, 11000.0, 0.3
2013-09-26, 0.3, 0.3, 0.3, 0.3, 2500.0, 0.3
2013-09-27, 0.26, 0.26, 0.2, 0.25, 20900.0, 0.25
2013-09-30, 0.2, 0.24, 0.2, 0.24, 21000.0, 0.24
2013-10-01, 0.24, 0.24, 0.23, 0.23, 30900.0, 0.23
2013-10-02, 0.23, 0.23, 0.23, 0.23, 0.0, 0.23
2013-10-03, 0.21, 0.3, 0.21, 0.27, 12700.0, 0.27
2013-10-04, 0.3, 0.3, 0.23, 0.3, 6500.0, 0.3
2013-10-07, 0.3, 0.3, 0.26, 0.3, 6500.0, 0.3
2013-10-08, 0.3, 0.3, 0.3, 0.3, 0.0, 0.3
2013-10-09, 0.21, 0.32, 0.21, 0.32, 600.0, 0.32
2013-10-10, 0.27, 0.27, 0.21, 0.27, 10700.0, 0.27
2013-10-11, 0.27, 0.27, 0.27, 0.27, 0.0, 0.27
2013-10-14, 0.27, 0.27, 0.27, 0.27, 0.0, 0.27
2013-10-15, 0.21, 0.27, 0.21, 0.27, 1200.0, 0.27
2013-10-16, 0.21, 0.22, 0.21, 0.21, 5000.0, 0.21
2013-10-17, 0.27, 0.27, 0.27, 0.27, 300.0, 0.27
2013-10-18, 0.21, 0.27, 0.21, 0.27, 700.0, 0.27
2013-10-21, 0.27, 0.27, 0.27, 0.27, 0.0, 0.27
2013-10-22, 0.27, 0.27, 0.27, 0.27, 0.0, 0.27
2013-10-23, 0.21, 0.21, 0.21, 0.21, 500.0, 0.21
2013-10-24, 0.23, 0.23, 0.22, 0.22, 3900.0, 0.22
2013-10-25, 0.26, 0.26, 0.26, 0.26, 300.0, 0.26
2013-10-28, 0.21, 0.26, 0.21, 0.26, 8500.0, 0.26
2013-10-29, 0.21, 0.26, 0.21, 0.21, 3500.0, 0.21
2013-10-30, 0.21, 0.25, 0.21, 0.21, 4600.0, 0.21
2013-10-31, 0.25, 0.25, 0.25, 0.25, 300.0, 0.25
2013-11-01, 0.2, 0.25, 0.2, 0.25, 3500.0, 0.25
2013-11-04, 0.25, 0.25, 0.25, 0.25, 0.0, 0.25
2013-11-05, 0.25, 0.25, 0.25, 0.25, 0.0, 0.25
2013-11-06, 0.23, 0.23, 0.23, 0.23, 700.0, 0.23
2013-11-07, 0.23, 0.23, 0.23, 0.23, 0.0, 0.23
2013-11-08, 0.19, 0.23, 0.19, 0.23, 1300.0, 0.23
2013-11-11, 0.19, 0.23, 0.19, 0.22, 5700.0, 0.22
2013-11-12, 0.23, 0.23, 0.23, 0.23, 3000.0, 0.23
2013-11-13, 0.21, 0.22, 0.21, 0.22, 16000.0, 0.22
2013-11-14, 0.22, 0.22, 0.22, 0.22, 0.0, 0.22
2013-11-15, 0.22, 0.22, 0.22, 0.22, 0.0, 0.22
2013-11-18, 0.23, 0.23, 0.2, 0.23, 13900.0, 0.23
2013-11-19, 0.23, 0.23, 0.23, 0.23, 0.0, 0.23
2013-11-20, 0.23, 0.23, 0.23, 0.23, 500.0, 0.23
2013-11-21, 0.23, 0.23, 0.23, 0.23, 0.0, 0.23
2013-11-22, 0.2, 0.23, 0.2, 0.23, 7800.0, 0.23
2013-11-25, 0.2, 0.23, 0.2, 0.23, 3400.0, 0.23
2013-11-26, 0.2, 0.23, 0.2, 0.23, 2300.0, 0.23
2013-11-27, 0.23, 0.23, 0.23, 0.23, 1000.0, 0.23
2013-11-29, 0.23, 0.23, 0.23, 0.23, 0.0, 0.23
2013-12-02, 0.2, 0.23, 0.2, 0.23, 5300.0, 0.23
2013-12-03, 0.2, 0.23, 0.2, 0.23, 11700.0, 0.23
2013-12-04, 0.2, 0.23, 0.2, 0.23, 300.0, 0.23
2013-12-05, 0.2, 0.23, 0.2, 0.23, 1600.0, 0.23
2013-12-06, 0.2, 0.25, 0.2, 0.25, 28300.0, 0.25
2013-12-09, 0.25, 0.25, 0.25, 0.25, 0.0, 0.25
2013-12-10, 0.25, 0.25, 0.25, 0.25, 0.0, 0.25
2013-12-11, 0.25, 0.25, 0.25, 0.25, 0.0, 0.25
2013-12-12, 0.25, 0.25, 0.2, 0.23, 60500.0, 0.23
2013-12-13, 0.25, 0.25, 0.25, 0.25, 100.0, 0.25
2013-12-16, 0.25, 0.25, 0.25, 0.25, 300.0, 0.25
2013-12-17, 0.2, 0.25, 0.2, 0.25, 7600.0, 0.25
2013-12-18, 0.2, 0.24, 0.2, 0.24, 2900.0, 0.24
2013-12-19, 0.24, 0.24, 0.23, 0.23, 2300.0, 0.23
2013-12-20, 0.23, 0.23, 0.23, 0.23, 1500.0, 0.23
2013-12-23, 0.24, 0.24, 0.2, 0.23, 3800.0, 0.23
2013-12-24, 0.23, 0.23, 0.23, 0.23, 0.0, 0.23
2013-12-26, 0.22, 0.24, 0.22, 0.24, 5000.0, 0.24
2013-12-27, 0.2, 0.24, 0.2, 0.24, 11100.0, 0.24
2013-12-30, 0.24, 0.24, 0.24, 0.24, 0.0, 0.24
2013-12-31, 0.16, 0.24, 0.16, 0.24, 1900.0, 0.24
2014-01-02, 0.24, 0.24, 0.24, 0.24, 0.0, 0.24
2014-01-03, 0.24, 0.24, 0.24, 0.24, 0.0, 0.24
2014-01-06, 0.24, 0.24, 0.24, 0.24, 0.0, 0.24
2014-01-07, 0.22, 0.22, 0.22, 0.22, 500.0, 0.22
2014-01-08, 0.21, 0.22, 0.21, 0.21, 4100.0, 0.21
2014-01-09, 0.22, 0.22, 0.22, 0.22, 2500.0, 0.22
2014-01-10, 0.21, 0.22, 0.21, 0.22, 9500.0, 0.22
2014-01-13, 0.2, 0.22, 0.2, 0.2, 36700.0, 0.2
2014-01-14, 0.2, 0.22, 0.2, 0.22, 17100.0, 0.22
2014-01-15, 0.22, 0.22, 0.22, 0.22, 12500.0, 0.22
2014-01-16, 0.23, 0.25, 0.17, 0.2, 121400.0, 0.2
2014-01-17, 0.2, 0.23, 0.19, 0.2, 46000.0, 0.2
2014-01-21, 0.21, 0.22, 0.18, 0.22, 73200.0, 0.22
2014-01-22, 0.2, 0.2, 0.2, 0.2, 10000.0, 0.2
2014-01-23, 0.22, 0.22, 0.19, 0.19, 14100.0, 0.19
2014-01-24, 0.21, 0.21, 0.2, 0.21, 22600.0, 0.21
2014-01-27, 0.21, 0.21, 0.19, 0.19, 21000.0, 0.19
2014-01-28, 0.19, 0.2, 0.15, 0.2, 55600.0, 0.2
2014-01-29, 0.2, 0.22, 0.2, 0.22, 9900.0, 0.22
2014-01-30, 0.22, 0.22, 0.22, 0.22, 2900.0, 0.22
2014-01-31, 0.22, 0.22, 0.16, 0.21, 7400.0, 0.21
2014-02-03, 0.16, 0.21, 0.16, 0.21, 12900.0, 0.21
2014-02-04, 0.2, 0.45, 0.16, 0.29, 813700.0, 0.29
2014-02-05, 0.3, 0.3, 0.21, 0.27, 109900.0, 0.27
2014-02-06, 0.27, 0.41, 0.25, 0.38, 223900.0, 0.38
2014-02-07, 0.38, 0.5, 0.34, 0.5, 324800.0, 0.5
2014-02-10, 0.5, 0.5, 0.4, 0.4, 87100.0, 0.4
2014-02-11, 0.4, 0.41, 0.33, 0.38, 25200.0, 0.38
2014-02-12, 0.38, 0.38, 0.28, 0.34, 68400.0, 0.34
2014-02-13, 0.28, 0.34, 0.28, 0.33, 100300.0, 0.33
2014-02-14, 0.33, 0.34, 0.28, 0.32, 60300.0, 0.32
2014-02-18, 0.33, 0.34, 0.29, 0.34, 91200.0, 0.34
2014-02-19, 0.36, 0.37, 0.3, 0.35, 22200.0, 0.35
2014-02-20, 0.33, 0.35, 0.29, 0.34, 20500.0, 0.34
2014-02-21, 0.29, 0.37, 0.29, 0.34, 79600.0, 0.34
2014-02-24, 0.34, 0.34, 0.31, 0.34, 39200.0, 0.34
2014-02-25, 0.32, 0.32, 0.29, 0.31, 38600.0, 0.31
2014-02-26, 0.31, 0.35, 0.29, 0.34, 34200.0, 0.34
2014-02-27, 0.33, 0.37, 0.3, 0.37, 23700.0, 0.37
2014-02-28, 0.36, 0.36, 0.33, 0.35, 42500.0, 0.35
2014-03-03, 0.34, 0.38, 0.33, 0.36, 44300.0, 0.36
2014-03-04, 0.36, 0.37, 0.36, 0.37, 26700.0, 0.37
2014-03-05, 0.4, 0.47, 0.38, 0.45, 221000.0, 0.45
2014-03-06, 0.43, 0.43, 0.38, 0.41, 38200.0, 0.41
2014-03-07, 0.34, 0.41, 0.34, 0.41, 3000.0, 0.41
2014-03-10, 0.41, 0.5, 0.38, 0.49, 238300.0, 0.49
2014-03-11, 0.49, 0.49, 0.39, 0.48, 29600.0, 0.48
2014-03-12, 0.49, 0.5, 0.47, 0.5, 69300.0, 0.5
2014-03-13, 0.5, 0.56, 0.47, 0.56, 175600.0, 0.56
2014-03-14, 0.57, 0.58, 0.47, 0.55, 248100.0, 0.55
2014-03-17, 0.55, 0.55, 0.39, 0.44, 207900.0, 0.44
2014-03-18, 0.44, 0.55, 0.39, 0.48, 152800.0, 0.48
2014-03-19, 0.45, 0.6, 0.45, 0.55, 166900.0, 0.55
2014-03-20, 0.56, 0.59, 0.5, 0.57, 97400.0, 0.57
2014-03-21, 0.55, 0.58, 0.45, 0.53, 91300.0, 0.53
2014-03-24, 0.53, 0.53, 0.4, 0.5, 118600.0, 0.5
2014-03-25, 0.42, 0.51, 0.41, 0.45, 62000.0, 0.45
2014-03-26, 0.45, 0.5, 0.38, 0.46, 52600.0, 0.46
2014-03-27, 0.4, 0.42, 0.35, 0.38, 96500.0, 0.38
2014-03-28, 0.38, 0.38, 0.28, 0.32, 155300.0, 0.32
2014-03-31, 0.35, 0.4, 0.33, 0.36, 63900.0, 0.36
2014-04-01, 0.37, 0.4, 0.34, 0.34, 28800.0, 0.34
2014-04-02, 0.38, 0.38, 0.34, 0.37, 19500.0, 0.37
2014-04-03, 0.37, 0.37, 0.28, 0.34, 110400.0, 0.34
2014-04-04, 0.31, 0.31, 0.28, 0.31, 33200.0, 0.31
2014-04-07, 0.28, 0.3, 0.25, 0.3, 40600.0, 0.3
2014-04-08, 0.29, 0.29, 0.23, 0.25, 78200.0, 0.25
2014-04-09, 0.25, 0.25, 0.23, 0.25, 4300.0, 0.25
2014-04-10, 0.25, 0.25, 0.23, 0.24, 46900.0, 0.24
2014-04-11, 0.22, 0.35, 0.22, 0.23, 30900.0, 0.23
2014-04-14, 0.29, 0.29, 0.23, 0.24, 30900.0, 0.24
2014-04-15, 0.28, 0.32, 0.22, 0.24, 84600.0, 0.24
2014-04-16, 0.24, 0.24, 0.18, 0.24, 11300.0, 0.24
2014-04-17, 0.17, 0.24, 0.17, 0.23, 4800.0, 0.23
2014-04-21, 0.17, 0.23, 0.17, 0.21, 1700.0, 0.21
2014-04-22, 0.21, 0.26, 0.19, 0.26, 55000.0, 0.26
2014-04-23, 0.25, 0.26, 0.25, 0.26, 10400.0, 0.26
2014-04-24, 0.26, 0.26, 0.22, 0.25, 14000.0, 0.25
2014-04-25, 0.24, 0.25, 0.24, 0.25, 2400.0, 0.25
2014-04-28, 0.22, 0.23, 0.21, 0.23, 18300.0, 0.23
2014-04-29, 0.23, 0.24, 0.23, 0.24, 8700.0, 0.24
2014-04-30, 0.21, 0.24, 0.21, 0.24, 19400.0, 0.24
2014-05-01, 0.22, 0.24, 0.17, 0.24, 14700.0, 0.24
2014-05-02, 0.18, 0.23, 0.18, 0.23, 900.0, 0.23
2014-05-05, 0.19, 0.23, 0.19, 0.23, 18000.0, 0.23
2014-05-06, 0.18, 0.23, 0.17, 0.23, 5100.0, 0.23
2014-05-07, 0.22, 0.22, 0.19, 0.21, 6400.0, 0.21
2014-05-08, 0.19, 0.2, 0.17, 0.18, 43200.0, 0.18
2014-05-09, 0.18, 0.18, 0.18, 0.18, 0.0, 0.18
2014-05-12, 0.18, 0.2, 0.18, 0.2, 5500.0, 0.2
2014-05-13, 0.2, 0.2, 0.2, 0.2, 0.0, 0.2
2014-05-14, 0.16, 0.2, 0.16, 0.2, 1800.0, 0.2
2014-05-15, 0.19, 0.21, 0.19, 0.21, 70000.0, 0.21
2014-05-16, 0.21, 0.24, 0.18, 0.24, 148900.0, 0.24
2014-05-19, 0.23, 0.24, 0.21, 0.24, 25100.0, 0.24
2014-05-20, 0.16, 0.24, 0.16, 0.23, 67800.0, 0.23
2014-05-21, 0.23, 0.23, 0.2, 0.23, 28400.0, 0.23
2014-05-22, 0.22, 0.25, 0.22, 0.25, 180600.0, 0.25
2014-05-23, 0.23, 0.23, 0.2, 0.23, 66900.0, 0.23
2014-05-27, 0.2, 0.23, 0.2, 0.21, 40000.0, 0.21
2014-05-28, 0.22, 0.22, 0.18, 0.18, 131300.0, 0.18
2014-05-29, 0.17, 0.2, 0.15, 0.2, 72700.0, 0.2
2014-05-30, 0.18, 0.2, 0.18, 0.19, 62700.0, 0.19
2014-06-02, 0.19, 0.19, 0.19, 0.19, 0.0, 0.19
2014-06-03, 0.16, 0.18, 0.15, 0.18, 175000.0, 0.18
2014-06-04, 0.18, 0.18, 0.18, 0.18, 0.0, 0.18
2014-06-05, 0.15, 0.16, 0.14, 0.16, 24200.0, 0.16
2014-06-06, 0.14, 0.17, 0.14, 0.14, 46800.0, 0.14
2014-06-09, 0.14, 0.17, 0.14, 0.17, 3700.0, 0.17
2014-06-10, 0.15, 0.15, 0.14, 0.15, 16300.0, 0.15
2014-06-11, 0.14, 0.15, 0.1, 0.15, 39800.0, 0.15
2014-06-12, 0.15, 0.15, 0.15, 0.15, 0.0, 0.15
2014-06-13, 0.15, 0.15, 0.15, 0.15, 500.0, 0.15
2014-06-16, 0.15, 0.15, 0.08, 0.15, 14200.0, 0.15
2014-06-17, 0.15, 0.15, 0.15, 0.15, 0.0, 0.15
2014-06-18, 0.15, 0.15, 0.15, 0.15, 0.0, 0.15
2014-06-19, 0.15, 0.15, 0.08, 0.12, 16600.0, 0.12
2014-06-20, 0.12, 0.12, 0.12, 0.12, 0.0, 0.12
2014-06-23, 0.12, 0.12, 0.12, 0.12, 0.0, 0.12
2014-06-24, 0.13, 0.13, 0.13, 0.13, 1300.0, 0.13
2014-06-25, 0.09, 0.12, 0.09, 0.09, 40200.0, 0.09
2014-06-26, 0.14, 0.14, 0.09, 0.09, 8200.0, 0.09
2014-06-27, 0.09, 0.14, 0.05, 0.14, 53600.0, 0.14
2014-06-30, 0.14, 0.14, 0.11, 0.11, 5100.0, 0.11
2014-07-01, 0.14, 0.14, 0.11, 0.11, 9600.0, 0.11
2014-07-02, 0.14, 0.14, 0.14, 0.14, 2000.0, 0.14
2014-07-03, 0.14, 0.14, 0.14, 0.14, 0.0, 0.14
2014-07-07, 0.11, 0.13, 0.08, 0.13, 33800.0, 0.13
2014-07-08, 0.08, 0.13, 0.08, 0.13, 1100.0, 0.13
2014-07-09, 0.1, 0.13, 0.1, 0.12, 23600.0, 0.12
2014-07-10, 0.09, 0.12, 0.08, 0.09, 44800.0, 0.09
2014-07-11, 0.1, 0.12, 0.1, 0.12, 149500.0, 0.12
2014-07-14, 0.12, 0.12, 0.12, 0.12, 2000.0, 0.12
2014-07-15, 0.09, 0.12, 0.09, 0.1, 5600.0, 0.1
2014-07-16, 0.12, 0.13, 0.1, 0.13, 33300.0, 0.13
2014-07-17, 0.1, 0.13, 0.1, 0.13, 8000.0, 0.13
2014-07-18, 0.12, 0.12, 0.1, 0.1, 12200.0, 0.1
2014-07-21, 0.12, 0.12, 0.12, 0.12, 2100.0, 0.12
2014-07-22, 0.12, 0.12, 0.12, 0.12, 500.0, 0.12
2014-07-23, 0.12, 0.12, 0.12, 0.12, 1000.0, 0.12
2014-07-24, 0.08, 0.11, 0.08, 0.1, 3700.0, 0.1
2014-07-25, 0.09, 0.12, 0.09, 0.12, 10500.0, 0.12
2014-07-28, 0.12, 0.12, 0.12, 0.12, 0.0, 0.12
2014-07-29, 0.12, 0.12, 0.1, 0.1, 3200.0, 0.1
2014-07-30, 0.1, 0.1, 0.1, 0.1, 0.0, 0.1
2014-07-31, 0.06, 0.1, 0.05, 0.1, 10100.0, 0.1
2014-08-01, 0.1, 0.1, 0.06, 0.1, 1800.0, 0.1
2014-08-04, 0.08, 0.08, 0.08, 0.08, 2100.0, 0.08
2014-08-05, 0.08, 0.1, 0.06, 0.1, 16000.0, 0.1
2014-08-06, 0.08, 0.08, 0.08, 0.08, 1200.0, 0.08
2014-08-07, 0.08, 0.08, 0.08, 0.08, 300.0, 0.08
2014-08-08, 0.08, 0.1, 0.08, 0.1, 1600.0, 0.1
2014-08-11, 0.1, 0.1, 0.1, 0.1, 0.0, 0.1
2014-08-12, 0.08, 0.1, 0.08, 0.1, 16000.0, 0.1
2014-08-13, 0.1, 0.18, 0.1, 0.14, 224600.0, 0.14
2014-08-14, 0.14, 0.2, 0.14, 0.18, 56600.0, 0.18
2014-08-15, 0.15, 0.19, 0.15, 0.19, 22300.0, 0.19
2014-08-18, 0.19, 0.19, 0.19, 0.19, 2100.0, 0.19
2014-08-19, 0.19, 0.19, 0.19, 0.19, 2800.0, 0.19
2014-08-20, 0.19, 0.19, 0.19, 0.19, 0.0, 0.19
2014-08-21, 0.19, 0.19, 0.15, 0.19, 3800.0, 0.19
2014-08-22, 0.19, 0.19, 0.19, 0.19, 21000.0, 0.19
2014-08-25, 0.16, 0.19, 0.16, 0.19, 21900.0, 0.19
2014-08-26, 0.19, 0.21, 0.19, 0.21, 54500.0, 0.21
2014-08-27, 0.19, 0.21, 0.19, 0.21, 25000.0, 0.21
2014-08-28, 0.19, 0.21, 0.19, 0.21, 10200.0, 0.21
2014-08-29, 0.21, 0.24, 0.2, 0.24, 44700.0, 0.24
2014-09-02, 0.24, 0.24, 0.24, 0.24, 0.0, 0.24
2014-09-03, 0.2, 0.24, 0.2, 0.23, 8500.0, 0.23
2014-09-04, 0.23, 0.23, 0.23, 0.23, 1000.0, 0.23
2014-09-05, 0.08, 0.22, 0.08, 0.22, 18500.0, 0.22
2014-09-08, 0.22, 0.22, 0.22, 0.22, 400.0, 0.22
2014-09-09, 0.16, 0.22, 0.12, 0.22, 49500.0, 0.22
2014-09-10, 0.22, 0.22, 0.22, 0.22, 0.0, 0.22
2014-09-11, 0.19, 0.19, 0.19, 0.19, 500.0, 0.19
2014-09-12, 0.21, 0.21, 0.17, 0.2, 5500.0, 0.2
2014-09-15, 0.15, 0.2, 0.13, 0.19, 38700.0, 0.19
2014-09-16, 0.13, 0.19, 0.13, 0.19, 5400.0, 0.19
2014-09-17, 0.19, 0.19, 0.19, 0.19, 42800.0, 0.19
2014-09-18, 0.17, 0.23, 0.17, 0.23, 69000.0, 0.23
2014-09-19, 0.22, 0.22, 0.15, 0.21, 66100.0, 0.21
2014-09-22, 0.21, 0.21, 0.21, 0.21, 0.0, 0.21
2014-09-23, 0.21, 0.21, 0.21, 0.21, 0.0, 0.21
2014-09-24, 0.19, 0.22, 0.19, 0.22, 40700.0, 0.22
2014-09-25, 0.2, 0.22, 0.16, 0.22, 32400.0, 0.22
2014-09-26, 0.19, 0.19, 0.15, 0.15, 27700.0, 0.15
2014-09-29, 0.15, 0.19, 0.15, 0.19, 7900.0, 0.19
2014-09-30, 0.19, 0.19, 0.19, 0.19, 0.0, 0.19
2014-10-01, 0.2, 0.2, 0.2, 0.2, 100.0, 0.2
2014-10-02, 0.2, 0.2, 0.2, 0.2, 0.0, 0.2
2014-10-03, 0.15, 0.19, 0.15, 0.17, 17800.0, 0.17
2014-10-06, 0.15, 0.17, 0.15, 0.17, 6000.0, 0.17
2014-10-07, 0.17, 0.17, 0.17, 0.17, 0.0, 0.17
2014-10-08, 0.17, 0.17, 0.17, 0.17, 0.0, 0.17
2014-10-09, 0.17, 0.17, 0.17, 0.17, 0.0, 0.17
2014-10-10, 0.15, 0.19, 0.13, 0.19, 29500.0, 0.19
2014-10-13, 0.13, 0.19, 0.11, 0.17, 50300.0, 0.17
2014-10-14, 0.12, 0.17, 0.12, 0.17, 5900.0, 0.17
2014-10-15, 0.12, 0.15, 0.08, 0.15, 75700.0, 0.15
2014-10-16, 0.15, 0.15, 0.05, 0.15, 12400.0, 0.15
2014-10-17, 0.14, 0.14, 0.14, 0.14, 5600.0, 0.14
2014-10-20, 0.14, 0.15, 0.14, 0.15, 12800.0, 0.15
2014-10-21, 0.13, 0.15, 0.11, 0.15, 61500.0, 0.15
2014-10-22, 0.17, 0.19, 0.14, 0.18, 104900.0, 0.18
2014-10-23, 0.2, 0.2, 0.14, 0.19, 18300.0, 0.19
2014-10-24, 0.13, 0.25, 0.13, 0.25, 89900.0, 0.25
2014-10-27, 0.17, 0.25, 0.17, 0.25, 18000.0, 0.25
2014-10-28, 0.25, 0.25, 0.25, 0.25, 0.0, 0.25
2014-10-29, 0.17, 0.21, 0.14, 0.21, 16300.0, 0.21
2014-10-30, 0.21, 0.21, 0.21, 0.21, 0.0, 0.21
2014-10-31, 0.16, 0.23, 0.16, 0.22, 16200.0, 0.22
2014-11-03, 0.2, 0.22, 0.15, 0.21, 20900.0, 0.21
2014-11-04, 0.2, 0.2, 0.15, 0.2, 37700.0, 0.2
2014-11-05, 0.15, 0.2, 0.15, 0.2, 15500.0, 0.2
2014-11-06, 0.2, 0.2, 0.15, 0.19, 13700.0, 0.19
2014-11-07, 0.15, 0.19, 0.15, 0.19, 19300.0, 0.19
2014-11-10, 0.25, 0.25, 0.14, 0.19, 15200.0, 0.19
2014-11-11, 0.19, 0.19, 0.1, 0.19, 32100.0, 0.19
2014-11-12, 0.18, 0.19, 0.18, 0.19, 6200.0, 0.19
2014-11-13, 0.19, 0.19, 0.19, 0.19, 0.0, 0.19
2014-11-14, 0.11, 0.19, 0.11, 0.19, 4700.0, 0.19
2014-11-17, 0.11, 0.11, 0.11, 0.11, 0.0, 0.11
2014-11-18, 0.11, 0.19, 0.11, 0.19, 8100.0, 0.19
2014-11-19, 0.16, 0.19, 0.16, 0.19, 15600.0, 0.19
2014-11-20, 0.12, 0.18, 0.11, 0.18, 6500.0, 0.18
2014-11-21, 0.18, 0.18, 0.18, 0.18, 0.0, 0.18
2014-11-24, 0.15, 0.15, 0.11, 0.15, 6700.0, 0.15
2014-11-25, 0.13, 0.18, 0.11, 0.18, 23500.0, 0.18
2014-11-26, 0.18, 0.18, 0.14, 0.18, 3000.0, 0.18
2014-11-28, 0.18, 0.18, 0.18, 0.18, 100.0, 0.18
2014-12-01, 0.18, 0.18, 0.18, 0.18, 0.0, 0.18
2014-12-02, 0.18, 0.18, 0.18, 0.18, 0.0, 0.18
2014-12-03, 0.18, 0.18, 0.12, 0.18, 17100.0, 0.18
2014-12-04, 0.18, 0.18, 0.18, 0.18, 10500.0, 0.18
2014-12-05, 0.13, 0.18, 0.13, 0.18, 4500.0, 0.18
2014-12-08, 0.18, 0.18, 0.18, 0.18, 0.0, 0.18
2014-12-09, 0.17, 0.18, 0.13, 0.18, 5900.0, 0.18
2014-12-10, 0.14, 0.14, 0.14, 0.14, 3400.0, 0.14
2014-12-11, 0.18, 0.18, 0.11, 0.18, 1900.0, 0.18
2014-12-12, 0.18, 0.18, 0.11, 0.18, 10800.0, 0.18
2014-12-15, 0.18, 0.18, 0.18, 0.18, 1000.0, 0.18
2014-12-16, 0.12, 0.18, 0.12, 0.18, 10200.0, 0.18
2014-12-17, 0.12, 0.15, 0.12, 0.15, 9500.0, 0.15
2014-12-18, 0.15, 0.15, 0.15, 0.15, 10000.0, 0.15
2014-12-19, 0.18, 0.18, 0.13, 0.17, 5700.0, 0.17
2014-12-22, 0.12, 0.12, 0.12, 0.12, 3000.0, 0.12
2014-12-23, 0.12, 0.17, 0.12, 0.17, 1500.0, 0.17
2014-12-24, 0.12, 0.18, 0.12, 0.18, 5100.0, 0.18
2014-12-26, 0.18, 0.18, 0.18, 0.18, 0.0, 0.18
2014-12-29, 0.18, 0.18, 0.18, 0.18, 0.0, 0.18
2014-12-30, 0.18, 0.18, 0.18, 0.18, 0.0, 0.18
2014-12-31, 0.1, 0.14, 0.1, 0.11, 8800.0, 0.11
2015-01-02, 0.16, 0.16, 0.16, 0.16, 300.0, 0.16
2015-01-05, 0.16, 0.16, 0.16, 0.16, 200.0, 0.16
2015-01-06, 0.16, 0.16, 0.16, 0.16, 0.0, 0.16
2015-01-07, 0.16, 0.16, 0.16, 0.16, 0.0, 0.16
2015-01-08, 0.16, 0.16, 0.16, 0.16, 0.0, 0.16
2015-01-09, 0.15, 0.15, 0.1, 0.15, 18800.0, 0.15
2015-01-12, 0.13, 0.13, 0.13, 0.13, 500.0, 0.13
2015-01-13, 0.13, 0.13, 0.13, 0.13, 0.0, 0.13
2015-01-14, 0.13, 0.13, 0.13, 0.13, 500.0, 0.13
2015-01-15, 0.13, 0.13, 0.13, 0.13, 0.0, 0.13
2015-01-16, 0.13, 0.13, 0.13, 0.13, 4000.0, 0.13
2015-01-20, 0.13, 0.13, 0.1, 0.13, 14400.0, 0.13
2015-01-21, 0.1, 0.14, 0.1, 0.14, 30900.0, 0.14
2015-01-22, 0.14, 0.14, 0.14, 0.14, 1100.0, 0.14
2015-01-23, 0.11, 0.14, 0.11, 0.14, 400.0, 0.14
2015-01-26, 0.14, 0.14, 0.1, 0.14, 32000.0, 0.14
2015-01-27, 0.1, 0.13, 0.1, 0.13, 39800.0, 0.13
2015-01-28, 0.07, 0.13, 0.07, 0.13, 500.0, 0.13
2015-01-29, 0.13, 0.13, 0.13, 0.13, 0.0, 0.13
2015-01-30, 0.13, 0.13, 0.13, 0.13, 1600.0, 0.13
2015-02-02, 0.13, 0.13, 0.13, 0.13, 6000.0, 0.13
2015-02-03, 0.13, 0.13, 0.13, 0.13, 0.0, 0.13
2015-02-04, 0.13, 0.13, 0.13, 0.13, 0.0, 0.13
2015-02-05, 0.12, 0.12, 0.12, 0.12, 49600.0, 0.12
2015-02-06, 0.15, 0.15, 0.15, 0.15, 100.0, 0.15
2015-02-09, 0.14, 0.14, 0.1, 0.14, 28400.0, 0.14
2015-02-10, 0.14, 0.14, 0.14, 0.14, 0.0, 0.14
2015-02-11, 0.13, 0.2, 0.13, 0.2, 143600.0, 0.2
2015-02-12, 0.2, 0.2, 0.15, 0.19, 60600.0, 0.19
2015-02-13, 0.19, 0.19, 0.14, 0.18, 22300.0, 0.18
2015-02-17, 0.18, 0.18, 0.16, 0.18, 8800.0, 0.18
2015-02-18, 0.16, 0.18, 0.16, 0.18, 5900.0, 0.18
2015-02-19, 0.18, 0.18, 0.18, 0.18, 500.0, 0.18
2015-02-20, 0.18, 0.18, 0.18, 0.18, 0.0, 0.18
2015-02-23, 0.18, 0.18, 0.18, 0.18, 8500.0, 0.18
2015-02-24, 0.18, 0.18, 0.18, 0.18, 6500.0, 0.18
2015-02-25, 0.18, 0.22, 0.17, 0.19, 124400.0, 0.19
2015-02-26, 0.22, 0.22, 0.17, 0.21, 65400.0, 0.21
2015-02-27, 0.2, 0.2, 0.16, 0.19, 163300.0, 0.19
2015-03-02, 0.17, 0.22, 0.17, 0.2, 15900.0, 0.2
2015-03-03, 0.2, 0.2, 0.16, 0.2, 8600.0, 0.2
2015-03-04, 0.17, 0.2, 0.17, 0.2, 31700.0, 0.2
2015-03-05, 0.17, 0.17, 0.15, 0.15, 40600.0, 0.15
2015-03-06, 0.16, 0.16, 0.16, 0.16, 1000.0, 0.16
2015-03-09, 0.15, 0.16, 0.15, 0.16, 15100.0, 0.16
2015-03-10, 0.12, 0.14, 0.12, 0.13, 29700.0, 0.13
2015-03-11, 0.13, 0.19, 0.13, 0.19, 5500.0, 0.19
2015-03-12, 0.15, 0.18, 0.12, 0.18, 52000.0, 0.18
2015-03-13, 0.12, 0.16, 0.12, 0.16, 25200.0, 0.16
2015-03-16, 0.12, 0.12, 0.12, 0.12, 30000.0, 0.12
2015-03-17, 0.12, 0.12, 0.12, 0.12, 6700.0, 0.12
2015-03-18, 0.18, 0.18, 0.18, 0.18, 1500.0, 0.18
2015-03-19, 0.18, 0.18, 0.18, 0.18, 500.0, 0.18
2015-03-20, 0.18, 0.18, 0.18, 0.18, 0.0, 0.18
2015-03-23, 0.18, 0.18, 0.11, 0.14, 122600.0, 0.14
2015-03-24, 0.11, 0.14, 0.11, 0.11, 66100.0, 0.11
2015-03-25, 0.1, 0.16, 0.1, 0.12, 49600.0, 0.12
2015-03-26, 0.1, 0.14, 0.1, 0.14, 8900.0, 0.14
2015-03-27, 0.14, 0.14, 0.14, 0.14, 0.0, 0.14
2015-03-30, 0.1, 0.14, 0.1, 0.14, 3500.0, 0.14
2015-03-31, 0.105, 0.139, 0.105, 0.134, 9000.0, 0.134
2015-04-01, 0.155, 0.155, 0.106, 0.106, 20900.0, 0.106
2015-04-02, 0.113, 0.167, 0.105, 0.146, 5900.0, 0.146
2015-04-06, 0.14, 0.14, 0.14, 0.14, 200.0, 0.14
2015-04-07, 0.14, 0.14, 0.14, 0.14, 1700.0, 0.14
2015-04-08, 0.14, 0.14, 0.14, 0.14, 200.0, 0.14
2015-04-09, 0.115, 0.134, 0.106, 0.134, 15500.0, 0.134
2015-04-10, 0.11, 0.12, 0.106, 0.11, 31000.0, 0.11
2015-04-13, 0.125, 0.125, 0.11, 0.11, 11300.0, 0.11
2015-04-14, 0.11, 0.11, 0.11, 0.11, 2500.0, 0.11
2015-04-15, 0.125, 0.125, 0.115, 0.115, 50600.0, 0.115
2015-04-16, 0.115, 0.115, 0.115, 0.115, 0.0, 0.115
2015-04-17, 0.1, 0.125, 0.0861, 0.0861, 49900.0, 0.0861
2015-04-20, 0.125, 0.14, 0.086, 0.086, 5400.0, 0.086
2015-04-21, 0.09, 0.1, 0.0801, 0.1, 75300.0, 0.1
2015-04-22, 0.107, 0.114, 0.1, 0.1, 6900.0, 0.1
2015-04-23, 0.114, 0.114, 0.114, 0.114, 9000.0, 0.114
2015-04-24, 0.09, 0.113, 0.09, 0.113, 26100.0, 0.113
2015-04-27, 0.09, 0.09, 0.09, 0.09, 2000.0, 0.09
2015-04-28, 0.09, 0.113, 0.081, 0.0868, 192900.0, 0.0868
2015-04-29, 0.0801, 0.0868, 0.08, 0.0849, 55800.0, 0.0849
2015-04-30, 0.0651, 0.0899, 0.0551, 0.056, 220600.0, 0.056
2015-05-01, 0.0561, 0.0699, 0.055, 0.0679, 150000.0, 0.0679
2015-05-04, 0.0624, 0.0624, 0.0624, 0.0624, 100.0, 0.0624
2015-05-05, 0.055, 0.0609, 0.055, 0.0599, 76700.0, 0.0599
2015-05-06, 0.055, 0.0649, 0.055, 0.055, 57100.0, 0.055
2015-05-07, 0.0574, 0.068, 0.0403, 0.068, 136400.0, 0.068
2015-05-08, 0.068, 0.069, 0.04, 0.045, 143100.0, 0.045
2015-05-11, 0.035, 0.047, 0.035, 0.0392, 41400.0, 0.0392
2015-05-12, 0.0399, 0.0609, 0.0393, 0.044, 83400.0, 0.044
2015-05-13, 0.051, 0.051, 0.051, 0.051, 800.0, 0.051
2015-05-14, 0.059, 0.0889, 0.059, 0.059, 160000.0, 0.059
2015-05-15, 0.0799, 0.08, 0.0601, 0.08, 73900.0, 0.08
2015-05-18, 0.0799, 0.0799, 0.0799, 0.0799, 7300.0, 0.0799
2015-05-19, 0.06, 0.078, 0.06, 0.078, 22500.0, 0.078
2015-05-20, 0.078, 0.078, 0.078, 0.078, 300.0, 0.078
2015-05-21, 0.077, 0.077, 0.055, 0.055, 128000.0, 0.055
2015-05-22, 0.06, 0.065, 0.05, 0.05, 104700.0, 0.05
2015-05-26, 0.0461, 0.0461, 0.04, 0.04, 157800.0, 0.04
2015-05-27, 0.0424, 0.0424, 0.0424, 0.0424, 5000.0, 0.0424
2015-05-28, 0.0468, 0.0764, 0.0468, 0.055, 130100.0, 0.055
2015-05-29, 0.0636, 0.08, 0.058, 0.08, 231400.0, 0.08
2015-06-01, 0.08, 0.08, 0.0676, 0.08, 21800.0, 0.08
2015-06-02, 0.08, 0.08, 0.08, 0.08, 1000.0, 0.08
2015-06-03, 0.065, 0.08, 0.065, 0.08, 7000.0, 0.08
2015-06-04, 0.1, 0.1, 0.071, 0.071, 22600.0, 0.071
2015-06-05, 0.1, 0.1, 0.0997, 0.0997, 2300.0, 0.0997
2015-06-08, 0.0997, 0.0997, 0.084, 0.085, 9100.0, 0.085
2015-06-09, 0.0947, 0.095, 0.0751, 0.0949, 42100.0, 0.0949
2015-06-10, 0.0711, 0.0899, 0.062, 0.0899, 49400.0, 0.0899
2015-06-11, 0.0605, 0.0799, 0.0505, 0.07, 67200.0, 0.07
2015-06-12, 0.0799, 0.0799, 0.06, 0.06, 28500.0, 0.06
2015-06-15, 0.0515, 0.0799, 0.0515, 0.0799, 6900.0, 0.0799
2015-06-16, 0.0797, 0.0797, 0.04, 0.06, 103600.0, 0.06
2015-06-17, 0.0371, 0.0564, 0.0371, 0.0564, 5900.0, 0.0564
2015-06-18, 0.071, 0.071, 0.041, 0.0549, 5200.0, 0.0549
2015-06-19, 0.0549, 0.055, 0.0549, 0.055, 35000.0, 0.055
