2008-06-24, 0.45, 0.46, 0.45, 0.45, 11000.0, 0.45
2008-06-25, 0.46, 0.47, 0.46, 0.46, 37000.0, 0.46
2008-06-26, 0.46, 0.46, 0.45, 0.46, 54800.0, 0.46
2008-06-27, 0.45, 0.45, 0.44, 0.45, 323300.0, 0.45
2008-06-30, 0.46, 0.46, 0.44, 0.46, 735900.0, 0.46
2008-07-01, 0.46, 0.46, 0.45, 0.46, 251800.0, 0.46
2008-07-02, 0.44, 0.44, 0.43, 0.44, 527000.0, 0.44
2008-07-03, 0.44, 0.44, 0.42, 0.44, 18000.0, 0.44
2008-07-07, 0.42, 0.45, 0.42, 0.42, 168900.0, 0.42
2008-07-08, 0.45, 0.45, 0.41, 0.45, 161500.0, 0.45
2008-07-09, 0.44, 0.46, 0.44, 0.44, 288300.0, 0.44
2008-07-10, 0.45, 0.46, 0.44, 0.45, 85000.0, 0.45
2008-07-11, 0.47, 0.47, 0.44, 0.47, 62500.0, 0.47
2008-07-14, 0.44, 0.46, 0.44, 0.44, 38000.0, 0.44
2008-07-15, 0.44, 0.44, 0.42, 0.44, 89800.0, 0.44
2008-07-16, 0.45, 0.45, 0.42, 0.45, 478700.0, 0.45
2008-07-17, 0.43, 0.44, 0.43, 0.43, 549500.0, 0.43
2008-07-18, 0.43, 0.44, 0.43, 0.43, 112100.0, 0.43
2008-07-21, 0.44, 0.44, 0.44, 0.44, 57300.0, 0.44
2008-07-22, 0.46, 0.46, 0.46, 0.46, 60000.0, 0.46
2008-07-23, 0.47, 0.47, 0.45, 0.47, 25300.0, 0.47
2008-07-24, 0.47, 0.47, 0.47, 0.47, 21000.0, 0.47
2008-07-25, 0.46, 0.46, 0.44, 0.46, 30100.0, 0.46
2008-07-28, 0.45, 0.46, 0.45, 0.45, 77700.0, 0.45
2008-07-29, 0.46, 0.46, 0.46, 0.46, 5000.0, 0.46
2008-07-30, 0.47, 0.47, 0.45, 0.47, 145200.0, 0.47
2008-07-31, 0.45, 0.45, 0.44, 0.45, 583200.0, 0.45
2008-08-01, 0.45, 0.45, 0.45, 0.45, 11500.0, 0.45
2008-08-04, 0.44, 0.44, 0.44, 0.44, 300.0, 0.44
2008-08-05, 0.46, 0.46, 0.44, 0.46, 16900.0, 0.46
2008-08-06, 0.46, 0.46, 0.46, 0.46, 24800.0, 0.46
2008-08-07, 0.44, 0.44, 0.44, 0.44, 5400.0, 0.44
2008-08-08, 0.44, 0.46, 0.44, 0.44, 66100.0, 0.44
2008-08-11, 0.45, 0.46, 0.44, 0.45, 53900.0, 0.45
2008-08-12, 0.45, 0.45, 0.45, 0.45, 7400.0, 0.45
2008-08-13, 0.44, 0.44, 0.42, 0.44, 5600.0, 0.44
2008-08-14, 0.42, 0.44, 0.42, 0.42, 33200.0, 0.42
2008-08-15, 0.44, 0.44, 0.42, 0.44, 27500.0, 0.44
2008-08-18, 0.42, 0.43, 0.4, 0.42, 7500.0, 0.42
2008-08-19, 0.43, 0.43, 0.4, 0.43, 23900.0, 0.43
2008-08-20, 0.41, 0.44, 0.41, 0.41, 32000.0, 0.41
2008-08-21, 0.4, 0.43, 0.4, 0.4, 34000.0, 0.4
2008-08-22, 0.42, 0.42, 0.42, 0.42, 22000.0, 0.42
2008-08-25, 0.41, 0.44, 0.41, 0.41, 20700.0, 0.41
2008-08-26, 0.41, 0.44, 0.41, 0.41, 18500.0, 0.41
2008-08-27, 0.44, 0.44, 0.42, 0.44, 62300.0, 0.44
2008-08-28, 0.44, 0.44, 0.41, 0.44, 50500.0, 0.44
2008-08-29, 0.42, 0.44, 0.42, 0.42, 421300.0, 0.42
2008-09-02, 0.42, 0.42, 0.42, 0.42, 0.0, 0.42
2008-09-03, 0.43, 0.43, 0.41, 0.43, 900.0, 0.43
2008-09-04, 0.42, 0.42, 0.41, 0.42, 42000.0, 0.42
2008-09-05, 0.42, 0.42, 0.41, 0.42, 72000.0, 0.42
2008-09-08, 0.42, 0.42, 0.42, 0.42, 0.0, 0.42
2008-09-09, 0.44, 0.46, 0.44, 0.44, 33300.0, 0.44
2008-09-10, 0.43, 0.43, 0.43, 0.43, 15100.0, 0.43
2008-09-11, 0.43, 0.43, 0.42, 0.43, 53000.0, 0.43
2008-09-12, 0.44, 0.44, 0.41, 0.44, 60100.0, 0.44
2008-09-15, 0.41, 0.41, 0.4, 0.41, 73800.0, 0.41
2008-09-16, 0.4, 0.41, 0.38, 0.4, 91200.0, 0.4
2008-09-17, 0.36, 0.38, 0.35, 0.36, 97300.0, 0.36
2008-09-18, 0.36, 0.37, 0.35, 0.36, 262700.0, 0.36
2008-09-19, 0.44, 0.44, 0.42, 0.44, 178000.0, 0.44
2008-09-22, 0.43, 0.44, 0.42, 0.43, 63200.0, 0.43
2008-09-23, 0.43, 0.43, 0.41, 0.43, 19000.0, 0.43
2008-09-24, 0.39, 0.41, 0.39, 0.39, 174400.0, 0.39
2008-09-25, 0.4, 0.4, 0.39, 0.4, 16500.0, 0.4
2008-09-26, 0.39, 0.4, 0.39, 0.39, 129300.0, 0.39
2008-09-29, 0.35, 0.39, 0.34, 0.35, 107600.0, 0.35
2008-09-30, 0.39, 0.4, 0.38, 0.39, 678200.0, 0.39
2008-10-01, 0.38, 0.39, 0.38, 0.38, 44800.0, 0.38
2008-10-02, 0.38, 0.38, 0.38, 0.38, 70000.0, 0.38
2008-10-03, 0.39, 0.39, 0.38, 0.39, 320500.0, 0.39
2008-10-06, 0.32, 0.37, 0.32, 0.32, 288000.0, 0.32
2008-10-07, 0.32, 0.35, 0.32, 0.32, 90900.0, 0.32
2008-10-08, 0.32, 0.35, 0.31, 0.32, 124300.0, 0.32
2008-10-09, 0.31, 0.37, 0.31, 0.31, 287100.0, 0.31
2008-10-10, 0.3, 0.31, 0.27, 0.3, 343300.0, 0.3
2008-10-13, 0.36, 0.36, 0.35, 0.36, 91300.0, 0.36
2008-10-14, 0.36, 0.39, 0.36, 0.36, 86000.0, 0.36
2008-10-15, 0.34, 0.34, 0.34, 0.34, 30800.0, 0.34
2008-10-16, 0.33, 0.35, 0.31, 0.33, 56600.0, 0.33
2008-10-17, 0.33, 0.33, 0.29, 0.33, 985300.0, 0.33
2008-10-20, 0.31, 0.35, 0.31, 0.31, 26500.0, 0.31
2008-10-21, 0.33, 0.33, 0.29, 0.33, 21200.0, 0.33
2008-10-22, 0.27, 0.31, 0.27, 0.27, 13000.0, 0.27
2008-10-23, 0.27, 0.3, 0.27, 0.27, 36100.0, 0.27
2008-10-24, 0.22, 0.25, 0.2, 0.22, 219600.0, 0.22
2008-10-27, 0.23, 0.23, 0.2, 0.22, 125600.0, 0.22
2008-10-28, 0.26, 0.31, 0.26, 0.28, 103200.0, 0.28
2008-10-29, 0.28, 0.28, 0.25, 0.25, 40300.0, 0.25
2008-10-30, 0.32, 0.32, 0.28, 0.3, 25400.0, 0.3
2008-10-31, 0.3, 0.3, 0.26, 0.29, 1593400.0, 0.29
2008-11-03, 0.3, 0.3, 0.3, 0.3, 7000.0, 0.3
2008-11-04, 0.31, 0.31, 0.28, 0.28, 38000.0, 0.28
2008-11-05, 0.28, 0.28, 0.28, 0.28, 42000.0, 0.28
2008-11-06, 0.25, 0.28, 0.25, 0.28, 35900.0, 0.28
2008-11-07, 0.25, 0.26, 0.25, 0.26, 50000.0, 0.26
2008-11-10, 0.31, 0.31, 0.28, 0.28, 66200.0, 0.28
2008-11-11, 0.27, 0.27, 0.27, 0.27, 46800.0, 0.27
2008-11-12, 0.26, 0.26, 0.26, 0.26, 89000.0, 0.26
2008-11-13, 0.28, 0.28, 0.26, 0.26, 22200.0, 0.26
2008-11-14, 0.26, 0.26, 0.26, 0.26, 32700.0, 0.26
2008-11-17, 0.27, 0.3, 0.27, 0.3, 48200.0, 0.3
2008-11-18, 0.29, 0.29, 0.29, 0.29, 1000.0, 0.29
2008-11-19, 0.25, 0.26, 0.25, 0.25, 50000.0, 0.25
2008-11-20, 0.24, 0.25, 0.23, 0.23, 56000.0, 0.23
2008-11-21, 0.26, 0.28, 0.26, 0.27, 240900.0, 0.27
2008-11-24, 0.3, 0.3, 0.27, 0.27, 85900.0, 0.27
2008-11-25, 0.31, 0.31, 0.27, 0.28, 73100.0, 0.28
2008-11-26, 0.28, 0.3, 0.28, 0.3, 5300.0, 0.3
2008-11-28, 0.29, 0.33, 0.29, 0.3, 20700.0, 0.3
2008-12-01, 0.31, 0.34, 0.31, 0.31, 154500.0, 0.31
2008-12-02, 0.32, 0.32, 0.31, 0.31, 36000.0, 0.31
2008-12-03, 0.31, 0.32, 0.3, 0.32, 88200.0, 0.32
2008-12-04, 0.31, 0.31, 0.29, 0.29, 195000.0, 0.29
2008-12-05, 0.28, 0.32, 0.28, 0.32, 12500.0, 0.32
2008-12-08, 0.32, 0.33, 0.32, 0.33, 86400.0, 0.33
2008-12-09, 0.31, 0.33, 0.31, 0.31, 82400.0, 0.31
2008-12-10, 0.32, 0.34, 0.32, 0.34, 13400.0, 0.34
2008-12-11, 0.34, 0.34, 0.31, 0.31, 37100.0, 0.31
2008-12-12, 0.3, 0.31, 0.3, 0.31, 36100.0, 0.31
2008-12-15, 0.32, 0.32, 0.3, 0.3, 263700.0, 0.3
2008-12-16, 0.29, 0.32, 0.29, 0.32, 50200.0, 0.32
2008-12-17, 0.3, 0.32, 0.3, 0.32, 22600.0, 0.32
2008-12-18, 0.32, 0.32, 0.3, 0.3, 96300.0, 0.3
2008-12-19, 0.29, 0.29, 0.29, 0.29, 1166200.0, 0.29
2008-12-22, 0.28, 0.3, 0.28, 0.3, 66200.0, 0.3
2008-12-23, 0.29, 0.29, 0.28, 0.28, 38900.0, 0.28
2008-12-24, 0.27, 0.27, 0.27, 0.27, 17000.0, 0.27
2008-12-26, 0.28, 0.28, 0.28, 0.28, 82300.0, 0.28
2008-12-29, 0.28, 0.29, 0.28, 0.28, 175000.0, 0.28
2008-12-30, 0.28, 0.29, 0.28, 0.28, 18800.0, 0.28
2008-12-31, 0.28, 0.29, 0.27, 0.28, 1200100.0, 0.28
2009-01-02, 0.29, 0.3, 0.27, 0.3, 138600.0, 0.3
2009-01-05, 0.3, 0.3, 0.3, 0.3, 119000.0, 0.3
2009-01-06, 0.3, 0.3, 0.28, 0.28, 16400.0, 0.28
2009-01-07, 0.28, 0.28, 0.26, 0.27, 303400.0, 0.27
2009-01-08, 0.26, 0.27, 0.25, 0.25, 121000.0, 0.25
2009-01-09, 0.26, 0.26, 0.26, 0.26, 15000.0, 0.26
2009-01-12, 0.25, 0.25, 0.24, 0.25, 48000.0, 0.25
2009-01-13, 0.25, 0.25, 0.25, 0.25, 0.0, 0.25
2009-01-14, 0.24, 0.25, 0.24, 0.25, 27000.0, 0.25
2009-01-15, 0.26, 0.26, 0.22, 0.25, 2312300.0, 0.25
2009-01-16, 0.25, 0.27, 0.25, 0.25, 42700.0, 0.25
2009-01-20, 0.25, 0.25, 0.24, 0.25, 95800.0, 0.25
2009-01-21, 0.26, 0.26, 0.26, 0.26, 1000.0, 0.26
2009-01-22, 0.24, 0.24, 0.24, 0.24, 81300.0, 0.24
2009-01-23, 0.25, 0.26, 0.24, 0.26, 46500.0, 0.26
2009-01-26, 0.24, 0.27, 0.24, 0.27, 7500.0, 0.27
2009-01-27, 0.24, 0.24, 0.24, 0.24, 5000.0, 0.24
2009-01-28, 0.27, 0.28, 0.27, 0.28, 53200.0, 0.28
2009-01-29, 0.24, 0.26, 0.24, 0.26, 50000.0, 0.26
2009-01-30, 0.28, 0.28, 0.26, 0.27, 3.35985E7, 0.27
2009-02-02, 0.27, 0.27, 0.25, 0.27, 261800.0, 0.27
2009-02-03, 0.25, 0.27, 0.25, 0.25, 134100.0, 0.25
2009-02-04, 0.27, 0.27, 0.27, 0.27, 27000.0, 0.27
2009-02-05, 0.27, 0.29, 0.27, 0.29, 17600.0, 0.29
2009-02-06, 0.29, 0.29, 0.29, 0.29, 14500.0, 0.29
2009-02-09, 0.29, 0.29, 0.29, 0.29, 5900.0, 0.29
2009-02-10, 0.27, 0.28, 0.27, 0.27, 105000.0, 0.27
2009-02-11, 0.26, 0.27, 0.26, 0.27, 10200.0, 0.27
2009-02-12, 0.26, 0.26, 0.26, 0.26, 5000.0, 0.26
2009-02-13, 0.27, 0.29, 0.27, 0.29, 10000.0, 0.29
2009-02-17, 0.26, 0.28, 0.26, 0.28, 57100.0, 0.28
2009-02-18, 0.27, 0.27, 0.27, 0.27, 140700.0, 0.27
2009-02-19, 0.27, 0.27, 0.26, 0.26, 67000.0, 0.26
2009-02-20, 0.26, 0.27, 0.25, 0.27, 264200.0, 0.27
2009-02-23, 0.26, 0.27, 0.26, 0.26, 19000.0, 0.26
2009-02-24, 0.26, 0.28, 0.26, 0.26, 36700.0, 0.26
2009-02-25, 0.26, 0.28, 0.26, 0.26, 76000.0, 0.26
2009-02-26, 0.26, 0.26, 0.26, 0.26, 0.0, 0.26
2009-02-27, 0.28, 0.28, 0.26, 0.26, 334500.0, 0.26
2009-03-02, 0.25, 0.25, 0.25, 0.25, 38100.0, 0.25
2009-03-03, 0.26, 0.26, 0.26, 0.26, 21000.0, 0.26
2009-03-04, 0.27, 0.29, 0.27, 0.27, 67100.0, 0.27
2009-03-05, 0.28, 0.29, 0.28, 0.29, 41300.0, 0.29
2009-03-06, 0.27, 0.27, 0.26, 0.26, 51300.0, 0.26
2009-03-09, 0.27, 0.29, 0.27, 0.29, 30000.0, 0.29
2009-03-10, 0.27, 0.28, 0.27, 0.28, 22200.0, 0.28
2009-03-11, 0.29, 0.29, 0.27, 0.29, 6200.0, 0.29
2009-03-12, 0.3, 0.3, 0.3, 0.3, 121500.0, 0.3
2009-03-13, 0.3, 0.3, 0.28, 0.28, 12500.0, 0.28
2009-03-16, 0.3, 0.31, 0.3, 0.3, 2732500.0, 0.3
2009-03-17, 0.29, 0.31, 0.29, 0.3, 95900.0, 0.3
2009-03-18, 0.3, 0.32, 0.3, 0.31, 30400.0, 0.31
2009-03-19, 0.32, 0.32, 0.3, 0.32, 41400.0, 0.32
2009-03-20, 0.3, 0.3, 0.28, 0.28, 79500.0, 0.28
2009-03-23, 0.29, 0.31, 0.29, 0.3, 68100.0, 0.3
2009-03-24, 0.3, 0.31, 0.3, 0.31, 87800.0, 0.31
2009-03-25, 0.31, 0.31, 0.3, 0.31, 107000.0, 0.31
2009-03-26, 0.33, 0.34, 0.33, 0.33, 822800.0, 0.33
2009-03-27, 0.35, 0.35, 0.33, 0.33, 36000.0, 0.33
2009-03-30, 0.33, 0.33, 0.31, 0.31, 61400.0, 0.31
2009-03-31, 0.34, 0.34, 0.32, 0.32, 233300.0, 0.32
2009-04-01, 0.34, 0.34, 0.33, 0.33, 65200.0, 0.33
2009-04-02, 0.33, 0.34, 0.33, 0.34, 57000.0, 0.34
2009-04-03, 0.33, 0.34, 0.33, 0.33, 96900.0, 0.33
2009-04-06, 0.35, 0.35, 0.33, 0.33, 5800.0, 0.33
2009-04-07, 0.35, 0.35, 0.34, 0.34, 133000.0, 0.34
2009-04-08, 0.35, 0.35, 0.34, 0.35, 121900.0, 0.35
2009-04-09, 0.35, 0.37, 0.35, 0.37, 18700.0, 0.37
2009-04-13, 0.37, 0.37, 0.35, 0.37, 31400.0, 0.37
2009-04-14, 0.37, 0.37, 0.36, 0.36, 98800.0, 0.36
2009-04-15, 0.37, 0.39, 0.37, 0.37, 65300.0, 0.37
2009-04-16, 0.38, 0.38, 0.36, 0.38, 66300.0, 0.38
2009-04-17, 0.38, 0.38, 0.38, 0.38, 5000.0, 0.38
2009-04-20, 0.39, 0.39, 0.37, 0.39, 9400.0, 0.39
2009-04-21, 0.37, 0.39, 0.37, 0.38, 47500.0, 0.38
2009-04-22, 0.37, 0.37, 0.36, 0.36, 19000.0, 0.36
2009-04-23, 0.36, 0.38, 0.36, 0.38, 268000.0, 0.38
2009-04-24, 0.38, 0.38, 0.36, 0.37, 4465800.0, 0.37
2009-04-27, 0.35, 0.36, 0.35, 0.35, 21800.0, 0.35
2009-04-28, 0.34, 0.34, 0.34, 0.34, 40800.0, 0.34
2009-04-29, 0.36, 0.37, 0.36, 0.37, 98600.0, 0.37
2009-04-30, 0.37, 0.38, 0.37, 0.38, 23900.0, 0.38
2009-05-01, 0.38, 0.38, 0.37, 0.37, 18700.0, 0.37
2009-05-04, 0.38, 0.4, 0.38, 0.38, 61100.0, 0.38
2009-05-05, 0.39, 0.39, 0.38, 0.39, 26700.0, 0.39
2009-05-06, 0.4, 0.4, 0.37, 0.4, 114400.0, 0.4
2009-05-07, 0.4, 0.4, 0.38, 0.39, 31400.0, 0.39
2009-05-08, 0.39, 0.4, 0.38, 0.4, 160100.0, 0.4
2009-05-11, 0.38, 0.38, 0.36, 0.37, 108400.0, 0.37
2009-05-12, 0.39, 0.39, 0.39, 0.39, 16500.0, 0.39
2009-05-13, 0.39, 0.39, 0.39, 0.39, 70500.0, 0.39
2009-05-14, 0.36, 0.38, 0.36, 0.38, 15700.0, 0.38
2009-05-15, 0.38, 0.38, 0.38, 0.38, 1000.0, 0.38
2009-05-18, 0.39, 0.39, 0.37, 0.39, 71700.0, 0.39
2009-05-19, 0.39, 0.39, 0.37, 0.39, 52900.0, 0.39
2009-05-20, 0.39, 0.39, 0.38, 0.39, 21100.0, 0.39
2009-05-21, 0.39, 0.39, 0.39, 0.39, 66000.0, 0.39
2009-05-22, 0.39, 0.39, 0.36, 0.37, 45400.0, 0.37
2009-05-26, 0.39, 0.39, 0.39, 0.39, 14500.0, 0.39
2009-05-27, 0.42, 0.42, 0.4, 0.42, 33000.0, 0.42
2009-05-28, 0.43, 0.43, 0.41, 0.41, 60000.0, 0.41
2009-05-29, 0.44, 0.46, 0.44, 0.45, 1098600.0, 0.45
2009-06-01, 0.46, 0.46, 0.46, 0.46, 113000.0, 0.46
2009-06-02, 0.45, 0.45, 0.43, 0.43, 36900.0, 0.43
2009-06-03, 0.44, 0.46, 0.44, 0.46, 103700.0, 0.46
2009-06-04, 0.46, 0.46, 0.44, 0.45, 34800.0, 0.45
2009-06-05, 0.46, 0.46, 0.45, 0.45, 15600.0, 0.45
2009-06-08, 0.46, 0.46, 0.44, 0.46, 39700.0, 0.46
2009-06-09, 0.46, 0.46, 0.44, 0.46, 306000.0, 0.46
2009-06-10, 0.5, 0.5, 0.48, 0.49, 103100.0, 0.49
2009-06-11, 0.5, 0.5, 0.48, 0.49, 105700.0, 0.49
2009-06-12, 0.5, 0.5, 0.48, 0.49, 124200.0, 0.49
2009-06-15, 0.49, 0.49, 0.47, 0.47, 27400.0, 0.47
2009-06-16, 0.47, 0.49, 0.47, 0.49, 32700.0, 0.49
2009-06-17, 0.5, 0.5, 0.47, 0.47, 13100.0, 0.47
2009-06-18, 0.47, 0.47, 0.44, 0.47, 54500.0, 0.47
2009-06-19, 0.45, 0.47, 0.44, 0.46, 78600.0, 0.46
2009-06-22, 0.45, 0.47, 0.45, 0.47, 25600.0, 0.47
2009-06-23, 0.44, 0.46, 0.44, 0.44, 22800.0, 0.44
2009-06-24, 0.46, 0.46, 0.46, 0.46, 10500.0, 0.46
2009-06-25, 0.45, 0.46, 0.45, 0.46, 25800.0, 0.46
2009-06-26, 0.46, 0.46, 0.46, 0.46, 20700.0, 0.46
2009-06-29, 0.46, 0.47, 0.46, 0.47, 29000.0, 0.47
2009-06-30, 0.47, 0.47, 0.47, 0.47, 0.0, 0.47
2009-07-01, 0.49, 0.49, 0.46, 0.48, 24600.0, 0.48
2009-07-02, 0.49, 0.49, 0.47, 0.49, 26400.0, 0.49
2009-07-06, 0.48, 0.48, 0.48, 0.48, 12500.0, 0.48
2009-07-07, 0.48, 0.48, 0.48, 0.48, 0.0, 0.48
2009-07-08, 0.47, 0.47, 0.45, 0.45, 20800.0, 0.45
2009-07-09, 0.45, 0.47, 0.45, 0.46, 162200.0, 0.46
2009-07-10, 0.45, 0.45, 0.45, 0.45, 16900.0, 0.45
2009-07-13, 0.46, 0.46, 0.46, 0.46, 7000.0, 0.46
2009-07-14, 0.45, 0.47, 0.45, 0.46, 370800.0, 0.46
2009-07-15, 0.45, 0.47, 0.45, 0.47, 9500.0, 0.47
2009-07-16, 0.47, 0.47, 0.45, 0.47, 110300.0, 0.47
2009-07-17, 0.48, 0.48, 0.46, 0.46, 3000.0, 0.46
2009-07-20, 0.47, 0.47, 0.47, 0.47, 16000.0, 0.47
2009-07-21, 0.49, 0.49, 0.47, 0.49, 222000.0, 0.49
2009-07-22, 0.49, 0.49, 0.47, 0.47, 62200.0, 0.47
2009-07-23, 0.48, 0.5, 0.48, 0.48, 172400.0, 0.48
2009-07-24, 0.49, 0.51, 0.49, 0.49, 215900.0, 0.49
2009-07-27, 0.52, 0.52, 0.49, 0.49, 45000.0, 0.49
2009-07-28, 0.5, 0.52, 0.5, 0.51, 335900.0, 0.51
2009-07-29, 0.51, 0.51, 0.5, 0.51, 58400.0, 0.51
2009-07-30, 0.5, 0.51, 0.5, 0.51, 10400.0, 0.51
2009-07-31, 0.51, 0.51, 0.51, 0.51, 0.0, 0.51
2009-08-03, 0.49, 0.51, 0.49, 0.49, 1024800.0, 0.49
2009-08-04, 0.49, 0.5, 0.48, 0.49, 662700.0, 0.49
2009-08-05, 0.49, 0.49, 0.47, 0.47, 245900.0, 0.47
2009-08-06, 0.47, 0.49, 0.47, 0.48, 226400.0, 0.48
2009-08-07, 0.47, 0.49, 0.47, 0.47, 144200.0, 0.47
2009-08-10, 0.47, 0.49, 0.47, 0.49, 33500.0, 0.49
2009-08-11, 0.5, 0.5, 0.49, 0.49, 48100.0, 0.49
2009-08-12, 0.47, 0.48, 0.47, 0.48, 36500.0, 0.48
2009-08-13, 0.48, 0.5, 0.48, 0.48, 3900.0, 0.48
2009-08-14, 0.49, 0.5, 0.49, 0.49, 240800.0, 0.49
2009-08-17, 0.48, 0.48, 0.47, 0.48, 77800.0, 0.48
2009-08-18, 0.47, 0.48, 0.47, 0.48, 113000.0, 0.48
2009-08-19, 0.47, 0.47, 0.47, 0.47, 16000.0, 0.47
2009-08-20, 0.48, 0.49, 0.48, 0.48, 32100.0, 0.48
2009-08-21, 0.48, 0.49, 0.47, 0.49, 32000.0, 0.49
2009-08-24, 0.49, 0.49, 0.49, 0.49, 26400.0, 0.49
2009-08-25, 0.49, 0.5, 0.47, 0.49, 40600.0, 0.49
2009-08-26, 0.49, 0.49, 0.48, 0.49, 59100.0, 0.49
2009-08-27, 0.48, 0.49, 0.48, 0.49, 119700.0, 0.49
2009-08-28, 0.48, 0.48, 0.48, 0.48, 29000.0, 0.48
2009-08-31, 0.48, 0.49, 0.48, 0.48, 57000.0, 0.48
2009-09-01, 0.5, 0.5, 0.48, 0.48, 60500.0, 0.48
2009-09-02, 0.47, 0.49, 0.47, 0.47, 414300.0, 0.47
2009-09-03, 0.48, 0.49, 0.48, 0.49, 219400.0, 0.49
2009-09-04, 0.5, 0.51, 0.5, 0.51, 77200.0, 0.51
2009-09-08, 0.53, 0.55, 0.53, 0.55, 87300.0, 0.55
2009-09-09, 0.55, 0.55, 0.52, 0.52, 8100.0, 0.52
2009-09-10, 0.55, 0.56, 0.55, 0.55, 233200.0, 0.55
2009-09-11, 0.55, 0.55, 0.55, 0.55, 2000.0, 0.55
2009-09-14, 0.55, 0.55, 0.53, 0.55, 13200.0, 0.55
2009-09-15, 0.54, 0.55, 0.54, 0.55, 22000.0, 0.55
2009-09-16, 0.56, 0.56, 0.56, 0.56, 22700.0, 0.56
2009-09-17, 0.56, 0.56, 0.55, 0.55, 13100.0, 0.55
2009-09-18, 0.56, 0.56, 0.56, 0.56, 39000.0, 0.56
2009-09-21, 0.56, 0.56, 0.55, 0.55, 133900.0, 0.55
2009-09-22, 0.55, 0.57, 0.55, 0.57, 120600.0, 0.57
2009-09-23, 0.56, 0.56, 0.55, 0.55, 37000.0, 0.55
2009-09-24, 0.54, 0.54, 0.53, 0.54, 47400.0, 0.54
2009-09-25, 0.52, 0.54, 0.52, 0.54, 13000.0, 0.54
2009-09-28, 0.53, 0.53, 0.51, 0.53, 67000.0, 0.53
2009-09-29, 0.52, 0.54, 0.52, 0.54, 18400.0, 0.54
2009-09-30, 0.54, 0.54, 0.53, 0.53, 102400.0, 0.53
2009-10-01, 0.54, 0.54, 0.53, 0.53, 123500.0, 0.53
2009-10-02, 0.52, 0.52, 0.51, 0.51, 16000.0, 0.51
2009-10-05, 0.52, 0.53, 0.51, 0.53, 73300.0, 0.53
2009-10-06, 0.54, 0.54, 0.53, 0.54, 15600.0, 0.54
2009-10-07, 0.54, 0.54, 0.54, 0.54, 0.0, 0.54
2009-10-08, 0.58, 0.58, 0.55, 0.57, 33600.0, 0.57
2009-10-09, 0.56, 0.56, 0.55, 0.55, 16700.0, 0.55
2009-10-12, 0.54, 0.55, 0.54, 0.55, 23200.0, 0.55
2009-10-13, 0.55, 0.55, 0.55, 0.55, 24700.0, 0.55
2009-10-14, 0.56, 0.58, 0.56, 0.57, 58100.0, 0.57
2009-10-15, 0.59, 0.59, 0.58, 0.59, 326400.0, 0.59
2009-10-16, 0.58, 0.58, 0.57, 0.58, 37500.0, 0.58
2009-10-19, 0.58, 0.58, 0.57, 0.58, 32600.0, 0.58
2009-10-20, 0.59, 0.59, 0.57, 0.59, 47400.0, 0.59
2009-10-21, 0.6, 0.6, 0.6, 0.6, 20400.0, 0.6
2009-10-22, 0.6, 0.6, 0.59, 0.59, 78100.0, 0.59
2009-10-23, 0.61, 0.61, 0.59, 0.59, 67500.0, 0.59
2009-10-26, 0.6, 0.61, 0.6, 0.6, 35800.0, 0.6
2009-10-27, 0.58, 0.6, 0.58, 0.59, 28600.0, 0.59
2009-10-28, 0.59, 0.59, 0.58, 0.58, 13500.0, 0.58
2009-10-29, 0.57, 0.57, 0.56, 0.57, 63000.0, 0.57
2009-10-30, 0.6, 0.6, 0.58, 0.6, 21700.0, 0.6
2009-11-02, 0.6, 0.6, 0.57, 0.58, 35700.0, 0.58
2009-11-03, 0.58, 0.58, 0.57, 0.57, 8000.0, 0.57
2009-11-04, 0.6, 0.6, 0.57, 0.6, 33500.0, 0.6
2009-11-05, 0.58, 0.6, 0.58, 0.6, 49900.0, 0.6
2009-11-06, 0.6, 0.6, 0.58, 0.58, 2400.0, 0.58
2009-11-09, 0.6, 0.62, 0.6, 0.62, 22100.0, 0.62
2009-11-10, 0.63, 0.63, 0.61, 0.61, 21200.0, 0.61
2009-11-11, 0.63, 0.63, 0.61, 0.61, 201700.0, 0.61
2009-11-12, 0.61, 0.61, 0.6, 0.61, 23100.0, 0.61
2009-11-13, 0.63, 0.63, 0.62, 0.63, 26000.0, 0.63
2009-11-16, 0.64, 0.64, 0.63, 0.63, 32400.0, 0.63
2009-11-17, 0.65, 0.65, 0.63, 0.64, 34000.0, 0.64
2009-11-18, 0.63, 0.63, 0.62, 0.62, 88900.0, 0.62
2009-11-19, 0.61, 0.62, 0.61, 0.62, 44400.0, 0.62
2009-11-20, 0.62, 0.62, 0.6, 0.6, 2000.0, 0.6
2009-11-23, 0.62, 0.63, 0.62, 0.63, 36100.0, 0.63
2009-11-24, 0.6, 0.6, 0.6, 0.6, 10500.0, 0.6
2009-11-25, 0.59, 0.59, 0.58, 0.59, 51700.0, 0.59
2009-11-27, 0.55, 0.55, 0.54, 0.54, 114400.0, 0.54
2009-11-30, 0.57, 0.57, 0.55, 0.56, 260900.0, 0.56
2009-12-01, 0.59, 0.59, 0.57, 0.58, 49100.0, 0.58
2009-12-02, 0.58, 0.58, 0.57, 0.58, 37800.0, 0.58
2009-12-03, 0.58, 0.58, 0.57, 0.58, 118900.0, 0.58
2009-12-04, 0.59, 0.59, 0.58, 0.58, 126200.0, 0.58
2009-12-07, 0.58, 0.58, 0.58, 0.58, 12200.0, 0.58
2009-12-08, 0.57, 0.57, 0.56, 0.56, 36300.0, 0.56
2009-12-09, 0.54, 0.56, 0.54, 0.55, 483900.0, 0.55
2009-12-10, 0.56, 0.56, 0.54, 0.54, 7000.0, 0.54
2009-12-11, 0.56, 0.56, 0.55, 0.55, 20200.0, 0.55
2009-12-14, 0.54, 0.56, 0.54, 0.56, 99200.0, 0.56
2009-12-15, 0.55, 0.55, 0.54, 0.54, 3100.0, 0.54
2009-12-16, 0.52, 0.55, 0.52, 0.52, 32600.0, 0.52
2009-12-17, 0.52, 0.53, 0.51, 0.51, 58300.0, 0.51
2009-12-18, 0.53, 0.53, 0.51, 0.53, 12500.0, 0.53
2009-12-21, 0.51, 0.52, 0.51, 0.52, 45300.0, 0.52
2009-12-22, 0.52, 0.52, 0.52, 0.52, 38200.0, 0.52
2009-12-23, 0.53, 0.54, 0.53, 0.53, 27500.0, 0.53
2009-12-24, 0.53, 0.54, 0.53, 0.53, 49300.0, 0.53
2009-12-28, 0.53, 0.54, 0.53, 0.54, 33900.0, 0.54
2009-12-29, 0.52, 0.52, 0.52, 0.52, 47200.0, 0.52
2009-12-30, 0.51, 0.51, 0.51, 0.51, 6400.0, 0.51
2009-12-31, 0.53, 0.54, 0.53, 0.53, 22500.0, 0.53
2010-01-04, 0.54, 0.54, 0.53, 0.53, 14900.0, 0.53
2010-01-05, 0.55, 0.57, 0.55, 0.56, 116400.0, 0.56
2010-01-06, 0.55, 0.56, 0.55, 0.56, 26800.0, 0.56
2010-01-07, 0.56, 0.56, 0.54, 0.54, 14500.0, 0.54
2010-01-08, 0.54, 0.56, 0.54, 0.54, 5300.0, 0.54
2010-01-11, 0.54, 0.56, 0.54, 0.56, 2600.0, 0.56
2010-01-12, 0.55, 0.55, 0.53, 0.53, 78100.0, 0.53
2010-01-13, 0.53, 0.53, 0.51, 0.51, 13700.0, 0.51
2010-01-14, 0.5, 0.52, 0.5, 0.51, 2303000.0, 0.51
2010-01-15, 0.51, 0.52, 0.51, 0.51, 1367100.0, 0.51
2010-01-19, 0.52, 0.54, 0.52, 0.53, 176400.0, 0.53
2010-01-20, 0.5, 0.51, 0.5, 0.5, 172900.0, 0.5
2010-01-21, 0.5, 0.5, 0.49, 0.5, 142300.0, 0.5
2010-01-22, 0.49, 0.49, 0.49, 0.49, 466100.0, 0.49
2010-01-25, 0.5, 0.5, 0.49, 0.49, 273700.0, 0.49
2010-01-26, 0.48, 0.48, 0.47, 0.48, 44500.0, 0.48
2010-01-27, 0.48, 0.48, 0.48, 0.48, 1000.0, 0.48
2010-01-28, 0.48, 0.49, 0.48, 0.48, 517000.0, 0.48
2010-01-29, 0.48, 0.48, 0.48, 0.48, 3400.0, 0.48
2010-02-01, 0.48, 0.48, 0.48, 0.48, 194600.0, 0.48
2010-02-02, 0.49, 0.49, 0.48, 0.48, 11500.0, 0.48
2010-02-03, 0.49, 0.49, 0.49, 0.49, 48000.0, 0.49
2010-02-04, 0.5, 0.5, 0.48, 0.48, 155300.0, 0.48
2010-02-05, 0.46, 0.46, 0.45, 0.45, 116900.0, 0.45
2010-02-08, 0.45, 0.45, 0.45, 0.45, 9300.0, 0.45
2010-02-09, 0.48, 0.48, 0.46, 0.47, 13700.0, 0.47
2010-02-10, 0.47, 0.47, 0.47, 0.47, 74700.0, 0.47
2010-02-11, 0.5, 0.5, 0.5, 0.5, 1000.0, 0.5
2010-02-12, 0.51, 0.51, 0.47, 0.5, 21300.0, 0.5
2010-02-16, 0.5, 0.5, 0.48, 0.48, 39700.0, 0.48
2010-02-17, 0.49, 0.49, 0.49, 0.49, 3500.0, 0.49
2010-02-18, 0.49, 0.5, 0.49, 0.5, 31000.0, 0.5
2010-02-19, 0.5, 0.5, 0.5, 0.5, 0.0, 0.5
2010-02-22, 0.5, 0.5, 0.5, 0.5, 0.0, 0.5
2010-02-23, 0.49, 0.49, 0.49, 0.49, 21700.0, 0.49
2010-02-24, 0.48, 0.48, 0.48, 0.48, 8100.0, 0.48
2010-02-25, 0.48, 0.48, 0.47, 0.47, 15000.0, 0.47
2010-02-26, 0.48, 0.49, 0.48, 0.49, 40500.0, 0.49
2010-03-01, 0.5, 0.5, 0.5, 0.5, 7000.0, 0.5
2010-03-02, 0.51, 0.52, 0.51, 0.52, 9400.0, 0.52
2010-03-03, 0.52, 0.52, 0.51, 0.51, 11000.0, 0.51
2010-03-04, 0.49, 0.49, 0.49, 0.49, 75200.0, 0.49
2010-03-05, 0.5, 0.52, 0.5, 0.51, 287600.0, 0.51
2010-03-08, 0.52, 0.52, 0.52, 0.52, 1200.0, 0.52
2010-03-09, 0.53, 0.53, 0.51, 0.53, 115800.0, 0.53
2010-03-10, 0.53, 0.53, 0.51, 0.51, 7700.0, 0.51
2010-03-11, 0.51, 0.51, 0.51, 0.51, 10500.0, 0.51
2010-03-12, 0.51, 0.51, 0.51, 0.51, 38900.0, 0.51
2010-03-15, 0.5, 0.5, 0.5, 0.5, 4100.0, 0.5
2010-03-16, 0.52, 0.52, 0.49, 0.52, 112400.0, 0.52
2010-03-17, 0.5, 0.5, 0.5, 0.5, 19000.0, 0.5
2010-03-18, 0.5, 0.5, 0.5, 0.5, 2800.0, 0.5
2010-03-19, 0.51, 0.53, 0.51, 0.53, 13500.0, 0.53
2010-03-22, 0.5, 0.5, 0.5, 0.5, 22400.0, 0.5
2010-03-23, 0.53, 0.53, 0.53, 0.53, 46200.0, 0.53
2010-03-24, 0.51, 0.53, 0.51, 0.52, 65000.0, 0.52
2010-03-25, 0.52, 0.52, 0.51, 0.51, 6000.0, 0.51
2010-03-26, 0.47, 0.5, 0.47, 0.5, 21800.0, 0.5
2010-03-29, 0.53, 0.53, 0.51, 0.51, 4800.0, 0.51
2010-03-30, 0.54, 0.54, 0.53, 0.53, 187000.0, 0.53
2010-03-31, 0.53, 0.54, 0.53, 0.53, 157000.0, 0.53
2010-04-01, 0.54, 0.55, 0.54, 0.54, 350200.0, 0.54
2010-04-05, 0.55, 0.56, 0.55, 0.55, 45500.0, 0.55
2010-04-06, 0.55, 0.55, 0.55, 0.55, 0.0, 0.55
2010-04-07, 0.55, 0.57, 0.55, 0.57, 292200.0, 0.57
2010-04-08, 0.55, 0.57, 0.55, 0.57, 107000.0, 0.57
2010-04-09, 0.57, 0.57, 0.57, 0.57, 1000.0, 0.57
2010-04-12, 0.57, 0.57, 0.56, 0.56, 84500.0, 0.56
2010-04-13, 0.57, 0.57, 0.56, 0.56, 22900.0, 0.56
2010-04-14, 0.56, 0.56, 0.54, 0.55, 28000.0, 0.55
2010-04-15, 0.55, 0.55, 0.55, 0.55, 83500.0, 0.55
2010-04-16, 0.52, 0.52, 0.51, 0.51, 26000.0, 0.51
2010-04-19, 0.51, 0.51, 0.51, 0.51, 107000.0, 0.51
2010-04-20, 0.52, 0.53, 0.52, 0.52, 30600.0, 0.52
2010-04-21, 0.52, 0.52, 0.52, 0.52, 5000.0, 0.52
2010-04-22, 0.52, 0.52, 0.51, 0.51, 7000.0, 0.51
2010-04-23, 0.51, 0.51, 0.51, 0.51, 77400.0, 0.51
2010-04-26, 0.51, 0.51, 0.51, 0.51, 5000.0, 0.51
2010-04-27, 0.52, 0.53, 0.52, 0.53, 13800.0, 0.53
2010-04-28, 0.52, 0.52, 0.51, 0.51, 48000.0, 0.51
2010-04-29, 0.51, 0.51, 0.51, 0.51, 0.0, 0.51
2010-04-30, 0.52, 0.52, 0.52, 0.52, 8000.0, 0.52
2010-05-03, 0.53, 0.53, 0.52, 0.52, 10800.0, 0.52
2010-05-04, 0.51, 0.52, 0.51, 0.52, 1200.0, 0.52
2010-05-05, 0.51, 0.51, 0.51, 0.51, 10000.0, 0.51
2010-05-06, 0.51, 0.51, 0.48, 0.49, 66400.0, 0.49
2010-05-07, 0.51, 0.51, 0.49, 0.49, 54500.0, 0.49
2010-05-10, 0.51, 0.52, 0.51, 0.51, 28500.0, 0.51
2010-05-11, 0.52, 0.52, 0.51, 0.51, 8500.0, 0.51
2010-05-12, 0.5, 0.52, 0.5, 0.51, 130100.0, 0.51
2010-05-13, 0.52, 0.52, 0.5, 0.5, 12700.0, 0.5
2010-05-14, 0.5, 0.52, 0.5, 0.52, 28400.0, 0.52
2010-05-17, 0.51, 0.51, 0.5, 0.5, 158000.0, 0.5
2010-05-18, 0.5, 0.5, 0.5, 0.5, 0.0, 0.5
2010-05-19, 0.52, 0.52, 0.51, 0.51, 29500.0, 0.51
2010-05-20, 0.5, 0.5, 0.49, 0.49, 27800.0, 0.49
2010-05-21, 0.48, 0.51, 0.48, 0.5, 3300.0, 0.5
2010-05-24, 0.5, 0.5, 0.5, 0.5, 1600.0, 0.5
2010-05-25, 0.5, 0.5, 0.48, 0.5, 184300.0, 0.5
2010-05-26, 0.5, 0.51, 0.5, 0.51, 49000.0, 0.51
2010-05-27, 0.51, 0.51, 0.51, 0.51, 0.0, 0.51
2010-05-28, 0.51, 0.51, 0.5, 0.5, 137700.0, 0.5
2010-06-01, 0.48, 0.48, 0.48, 0.48, 1000.0, 0.48
2010-06-02, 0.48, 0.51, 0.48, 0.48, 7800.0, 0.48
2010-06-03, 0.49, 0.51, 0.49, 0.49, 13600.0, 0.49
2010-06-04, 0.49, 0.49, 0.49, 0.49, 15000.0, 0.49
2010-06-07, 0.49, 0.49, 0.48, 0.48, 168500.0, 0.48
2010-06-08, 0.49, 0.49, 0.49, 0.49, 5000.0, 0.49
2010-06-09, 0.49, 0.49, 0.49, 0.49, 37000.0, 0.49
2010-06-10, 0.49, 0.49, 0.49, 0.49, 28200.0, 0.49
2010-06-11, 0.49, 0.49, 0.49, 0.49, 15600.0, 0.49
2010-06-14, 0.49, 0.5, 0.49, 0.5, 32000.0, 0.5
2010-06-15, 0.5, 0.5, 0.5, 0.5, 0.0, 0.5
2010-06-16, 0.5, 0.5, 0.5, 0.5, 10000.0, 0.5
2010-06-17, 0.5, 0.5, 0.5, 0.5, 0.0, 0.5
2010-06-18, 0.49, 0.49, 0.49, 0.49, 14500.0, 0.49
2010-06-21, 0.53, 0.53, 0.51, 0.51, 218000.0, 0.51
2010-06-22, 0.53, 0.53, 0.53, 0.53, 50000.0, 0.53
2010-06-23, 0.52, 0.52, 0.52, 0.52, 5100.0, 0.52
2010-06-24, 0.52, 0.52, 0.52, 0.52, 0.0, 0.52
2010-06-25, 0.52, 0.52, 0.52, 0.52, 0.0, 0.52
2010-06-28, 0.52, 0.52, 0.52, 0.52, 0.0, 0.52
2010-06-29, 0.52, 0.52, 0.52, 0.52, 400.0, 0.52
2010-06-30, 0.5, 0.52, 0.5, 0.52, 24000.0, 0.52
2010-07-01, 0.49, 0.5, 0.49, 0.5, 102400.0, 0.5
2010-07-02, 0.5, 0.5, 0.47, 0.47, 14800.0, 0.47
2010-07-06, 0.51, 0.52, 0.51, 0.51, 51300.0, 0.51
2010-07-07, 0.52, 0.52, 0.5, 0.52, 106500.0, 0.52
2010-07-08, 0.52, 0.52, 0.5, 0.5, 32600.0, 0.5
2010-07-09, 0.5, 0.5, 0.5, 0.5, 0.0, 0.5
2010-07-12, 0.54, 0.54, 0.53, 0.54, 55000.0, 0.54
2010-07-13, 0.52, 0.52, 0.52, 0.52, 1200.0, 0.52
2010-07-14, 0.52, 0.52, 0.52, 0.52, 37000.0, 0.52
2010-07-15, 0.51, 0.53, 0.51, 0.51, 24700.0, 0.51
2010-07-16, 0.52, 0.52, 0.52, 0.52, 5000.0, 0.52
2010-07-19, 0.51, 0.51, 0.51, 0.51, 17600.0, 0.51
2010-07-20, 0.53, 0.53, 0.53, 0.53, 200.0, 0.53
2010-07-21, 0.52, 0.52, 0.52, 0.52, 54700.0, 0.52
2010-07-22, 0.53, 0.53, 0.53, 0.53, 16300.0, 0.53
2010-07-23, 0.54, 0.54, 0.54, 0.54, 9000.0, 0.54
2010-07-26, 0.52, 0.52, 0.52, 0.52, 6000.0, 0.52
2010-07-27, 0.53, 0.53, 0.53, 0.53, 300.0, 0.53
2010-07-28, 0.52, 0.54, 0.52, 0.52, 26000.0, 0.52
2010-07-29, 0.54, 0.54, 0.52, 0.54, 15300.0, 0.54
2010-07-30, 0.52, 0.52, 0.52, 0.52, 7500.0, 0.52
2010-08-02, 0.54, 0.54, 0.53, 0.53, 47000.0, 0.53
2010-08-03, 0.53, 0.53, 0.53, 0.53, 0.0, 0.53
2010-08-04, 0.54, 0.54, 0.53, 0.53, 32700.0, 0.53
2010-08-05, 0.53, 0.54, 0.53, 0.54, 32000.0, 0.54
2010-08-06, 0.53, 0.53, 0.53, 0.53, 5000.0, 0.53
2010-08-09, 0.53, 0.54, 0.53, 0.54, 78000.0, 0.54
2010-08-10, 0.53, 0.53, 0.53, 0.53, 7000.0, 0.53
2010-08-11, 0.52, 0.52, 0.52, 0.52, 12000.0, 0.52
2010-08-12, 0.52, 0.52, 0.52, 0.52, 4100.0, 0.52
2010-08-13, 0.52, 0.52, 0.52, 0.52, 20000.0, 0.52
2010-08-16, 0.52, 0.52, 0.52, 0.52, 0.0, 0.52
2010-08-17, 0.51, 0.51, 0.51, 0.51, 4000.0, 0.51
2010-08-18, 0.51, 0.53, 0.51, 0.51, 62200.0, 0.51
2010-08-19, 0.51, 0.51, 0.51, 0.51, 1900.0, 0.51
2010-08-20, 0.53, 0.53, 0.52, 0.52, 36800.0, 0.52
2010-08-23, 0.53, 0.53, 0.53, 0.53, 7100.0, 0.53
2010-08-24, 0.5, 0.5, 0.5, 0.5, 50000.0, 0.5
2010-08-25, 0.5, 0.5, 0.5, 0.5, 2000.0, 0.5
2010-08-26, 0.51, 0.51, 0.51, 0.51, 51500.0, 0.51
2010-08-27, 0.52, 0.52, 0.52, 0.52, 10000.0, 0.52
2010-08-30, 0.5, 0.5, 0.5, 0.5, 20000.0, 0.5
2010-08-31, 0.5, 0.5, 0.5, 0.5, 400.0, 0.5
2010-09-01, 0.5, 0.5, 0.5, 0.5, 22000.0, 0.5
2010-09-02, 0.5, 0.5, 0.5, 0.5, 16000.0, 0.5
2010-09-03, 0.51, 0.51, 0.51, 0.51, 42800.0, 0.51
2010-09-07, 0.51, 0.51, 0.51, 0.51, 11800.0, 0.51
2010-09-08, 0.51, 0.51, 0.51, 0.51, 3700.0, 0.51
2010-09-09, 0.51, 0.51, 0.51, 0.51, 300.0, 0.51
2010-09-10, 0.52, 0.52, 0.52, 0.52, 29600.0, 0.52
2010-09-13, 0.52, 0.52, 0.52, 0.52, 4000.0, 0.52
2010-09-14, 0.53, 0.54, 0.53, 0.54, 34200.0, 0.54
2010-09-15, 0.53, 0.53, 0.53, 0.53, 26300.0, 0.53
2010-09-16, 0.51, 0.51, 0.51, 0.51, 9200.0, 0.51
2010-09-17, 0.52, 0.52, 0.52, 0.52, 65000.0, 0.52
2010-09-20, 0.52, 0.54, 0.52, 0.54, 49900.0, 0.54
2010-09-21, 0.53, 0.54, 0.53, 0.53, 142500.0, 0.53
2010-09-22, 0.53, 0.53, 0.52, 0.52, 55200.0, 0.52
2010-09-23, 0.53, 0.53, 0.53, 0.53, 1000.0, 0.53
2010-09-24, 0.54, 0.54, 0.53, 0.53, 14600.0, 0.53
2010-09-27, 0.52, 0.53, 0.52, 0.52, 142400.0, 0.52
2010-09-28, 0.52, 0.52, 0.52, 0.52, 20000.0, 0.52
2010-09-29, 0.52, 0.53, 0.52, 0.52, 23100.0, 0.52
2010-09-30, 0.53, 0.53, 0.52, 0.52, 19100.0, 0.52
2010-10-01, 0.52, 0.53, 0.52, 0.53, 51800.0, 0.53
2010-10-04, 0.52, 0.52, 0.52, 0.52, 1000.0, 0.52
2010-10-05, 0.53, 0.53, 0.53, 0.53, 25000.0, 0.53
2010-10-06, 0.54, 0.55, 0.54, 0.55, 64800.0, 0.55
2010-10-07, 0.55, 0.55, 0.55, 0.55, 80400.0, 0.55
2010-10-08, 0.55, 0.56, 0.54, 0.54, 18000.0, 0.54
2010-10-11, 0.56, 0.56, 0.55, 0.55, 207000.0, 0.55
2010-10-12, 0.55, 0.56, 0.55, 0.56, 8900.0, 0.56
2010-10-13, 0.55, 0.57, 0.55, 0.55, 56800.0, 0.55
2010-10-14, 0.58, 0.58, 0.57, 0.57, 12700.0, 0.57
2010-10-15, 0.58, 0.59, 0.58, 0.59, 57800.0, 0.59
2010-10-18, 0.59, 0.59, 0.59, 0.59, 2400.0, 0.59
2010-10-19, 0.59, 0.59, 0.58, 0.59, 45500.0, 0.59
2010-10-20, 0.58, 0.59, 0.57, 0.57, 19500.0, 0.57
2010-10-21, 0.59, 0.6, 0.59, 0.59, 49000.0, 0.59
2010-10-22, 0.59, 0.59, 0.58, 0.58, 2100.0, 0.58
2010-10-25, 0.58, 0.58, 0.58, 0.58, 0.0, 0.58
2010-10-26, 0.59, 0.59, 0.59, 0.59, 25000.0, 0.59
2010-10-27, 0.6, 0.6, 0.59, 0.59, 44300.0, 0.59
2010-10-28, 0.6, 0.6, 0.59, 0.59, 43000.0, 0.59
2010-10-29, 0.59, 0.59, 0.59, 0.59, 0.0, 0.59
2010-11-01, 0.61, 0.62, 0.61, 0.62, 99000.0, 0.62
2010-11-02, 0.62, 0.63, 0.62, 0.62, 73100.0, 0.62
2010-11-03, 0.65, 0.65, 0.64, 0.64, 31600.0, 0.64
2010-11-04, 0.64, 0.66, 0.64, 0.65, 76200.0, 0.65
2010-11-05, 0.63, 0.63, 0.62, 0.63, 107900.0, 0.63
2010-11-08, 0.64, 0.64, 0.63, 0.63, 8000.0, 0.63
2010-11-09, 0.62, 0.63, 0.62, 0.62, 114600.0, 0.62
2010-11-10, 0.61, 0.61, 0.61, 0.61, 7000.0, 0.61
2010-11-11, 0.6, 0.6, 0.6, 0.6, 1500.0, 0.6
2010-11-12, 0.6, 0.6, 0.59, 0.6, 41200.0, 0.6
2010-11-15, 0.58, 0.58, 0.58, 0.58, 24900.0, 0.58
2010-11-16, 0.58, 0.58, 0.57, 0.57, 39700.0, 0.57
2010-11-17, 0.55, 0.56, 0.55, 0.56, 46600.0, 0.56
2010-11-18, 0.57, 0.58, 0.57, 0.58, 133000.0, 0.58
2010-11-19, 0.57, 0.57, 0.57, 0.57, 25300.0, 0.57
2010-11-22, 0.56, 0.56, 0.55, 0.55, 10900.0, 0.55
2010-11-23, 0.54, 0.54, 0.52, 0.52, 33400.0, 0.52
2010-11-24, 0.53, 0.53, 0.53, 0.53, 3600.0, 0.53
2010-11-26, 0.53, 0.54, 0.53, 0.54, 3500.0, 0.54
2010-11-29, 0.54, 0.54, 0.54, 0.54, 0.0, 0.54
2010-11-30, 0.55, 0.55, 0.53, 0.53, 29500.0, 0.53
2010-12-01, 0.54, 0.55, 0.54, 0.55, 218500.0, 0.55
2010-12-02, 0.56, 0.56, 0.56, 0.56, 4000.0, 0.56
2010-12-03, 0.55, 0.57, 0.53, 0.54, 1233300.0, 0.54
2010-12-06, 0.54, 0.54, 0.54, 0.54, 0.0, 0.54
2010-12-07, 0.54, 0.54, 0.54, 0.54, 1000.0, 0.54
2010-12-08, 0.54, 0.54, 0.53, 0.53, 7800.0, 0.53
2010-12-09, 0.53, 0.54, 0.52, 0.52, 183300.0, 0.52
2010-12-10, 0.53, 0.53, 0.53, 0.53, 100.0, 0.53
2010-12-13, 0.53, 0.55, 0.53, 0.55, 75300.0, 0.55
2010-12-14, 0.55, 0.55, 0.54, 0.54, 2700.0, 0.54
2010-12-15, 0.53, 0.53, 0.53, 0.53, 2600.0, 0.53
2010-12-16, 0.52, 0.52, 0.52, 0.52, 14900.0, 0.52
2010-12-17, 0.52, 0.52, 0.52, 0.52, 31100.0, 0.52
2010-12-20, 0.52, 0.53, 0.52, 0.53, 5400.0, 0.53
2010-12-21, 0.54, 0.54, 0.52, 0.52, 14900.0, 0.52
2010-12-22, 0.52, 0.52, 0.52, 0.52, 15000.0, 0.52
2010-12-23, 0.52, 0.52, 0.52, 0.52, 56500.0, 0.52
2010-12-27, 0.51, 0.53, 0.51, 0.53, 1500.0, 0.53
2010-12-28, 0.52, 0.52, 0.51, 0.51, 23000.0, 0.51
2010-12-29, 0.52, 0.53, 0.52, 0.53, 1068900.0, 0.53
2010-12-30, 0.52, 0.52, 0.52, 0.52, 4700.0, 0.52
2010-12-31, 0.52, 0.54, 0.52, 0.54, 53100.0, 0.54
2011-01-03, 0.54, 0.54, 0.54, 0.54, 2400.0, 0.54
2011-01-04, 0.54, 0.54, 0.54, 0.54, 0.0, 0.54
2011-01-05, 0.54, 0.54, 0.53, 0.53, 1200.0, 0.53
2011-01-06, 0.53, 0.53, 0.53, 0.53, 14000.0, 0.53
2011-01-07, 0.53, 0.54, 0.53, 0.54, 21600.0, 0.54
2011-01-10, 0.54, 0.54, 0.54, 0.54, 20000.0, 0.54
2011-01-11, 0.53, 0.54, 0.53, 0.54, 48000.0, 0.54
2011-01-12, 0.55, 0.56, 0.55, 0.56, 182100.0, 0.56
2011-01-13, 0.56, 0.56, 0.54, 0.55, 112300.0, 0.55
2011-01-14, 0.56, 0.56, 0.54, 0.54, 15500.0, 0.54
2011-01-18, 0.56, 0.56, 0.54, 0.55, 76400.0, 0.55
2011-01-19, 0.55, 0.55, 0.55, 0.55, 10000.0, 0.55
2011-01-20, 0.55, 0.55, 0.55, 0.55, 0.0, 0.55
2011-01-21, 0.55, 0.55, 0.54, 0.55, 36500.0, 0.55
2011-01-24, 0.53, 0.54, 0.53, 0.53, 24600.0, 0.53
2011-01-25, 0.52, 0.54, 0.52, 0.54, 36000.0, 0.54
2011-01-26, 0.54, 0.54, 0.54, 0.54, 26800.0, 0.54
2011-01-27, 0.52, 0.53, 0.52, 0.52, 156800.0, 0.52
2011-01-28, 0.52, 0.52, 0.51, 0.51, 21700.0, 0.51
2011-01-31, 0.53, 0.53, 0.53, 0.53, 41000.0, 0.53
2011-02-01, 0.52, 0.52, 0.52, 0.52, 27000.0, 0.52
2011-02-02, 0.54, 0.54, 0.54, 0.54, 19000.0, 0.54
2011-02-03, 0.52, 0.52, 0.52, 0.52, 22200.0, 0.52
2011-02-04, 0.52, 0.52, 0.52, 0.52, 15000.0, 0.52
2011-02-07, 0.52, 0.52, 0.52, 0.52, 2000.0, 0.52
2011-02-08, 0.52, 0.52, 0.52, 0.52, 205000.0, 0.52
2011-02-09, 0.52, 0.52, 0.51, 0.51, 78300.0, 0.51
2011-02-10, 0.51, 0.51, 0.5, 0.5, 58600.0, 0.5
2011-02-11, 0.51, 0.51, 0.5, 0.5, 10700.0, 0.5
2011-02-14, 0.51, 0.51, 0.51, 0.51, 99000.0, 0.51
2011-02-15, 0.51, 0.51, 0.51, 0.51, 2700.0, 0.51
2011-02-16, 0.52, 0.52, 0.51, 0.52, 65900.0, 0.52
2011-02-17, 0.53, 0.53, 0.51, 0.51, 20800.0, 0.51
2011-02-18, 0.53, 0.53, 0.53, 0.53, 81400.0, 0.53
2011-02-22, 0.53, 0.53, 0.53, 0.53, 19500.0, 0.53
2011-02-23, 0.52, 0.52, 0.52, 0.52, 123000.0, 0.52
2011-02-24, 0.52, 0.52, 0.52, 0.52, 0.0, 0.52
2011-02-25, 0.51, 0.51, 0.51, 0.51, 26000.0, 0.51
2011-02-28, 0.52, 0.53, 0.52, 0.53, 3000.0, 0.53
2011-03-01, 0.52, 0.52, 0.52, 0.52, 4000.0, 0.52
2011-03-02, 0.52, 0.52, 0.52, 0.52, 0.0, 0.52
2011-03-03, 0.54, 0.54, 0.53, 0.53, 35100.0, 0.53
2011-03-04, 0.53, 0.53, 0.53, 0.53, 0.0, 0.53
2011-03-07, 0.53, 0.53, 0.52, 0.52, 48500.0, 0.52
2011-03-08, 0.53, 0.54, 0.53, 0.54, 28400.0, 0.54
2011-03-09, 0.54, 0.54, 0.54, 0.54, 97000.0, 0.54
2011-03-10, 0.56, 0.56, 0.56, 0.56, 1000.0, 0.56
2011-03-11, 0.56, 0.56, 0.56, 0.56, 0.0, 0.56
2011-03-14, 0.56, 0.56, 0.56, 0.56, 0.0, 0.56
2011-03-15, 0.5, 0.54, 0.5, 0.52, 76000.0, 0.52
2011-03-16, 0.52, 0.53, 0.52, 0.53, 30500.0, 0.53
2011-03-17, 0.53, 0.53, 0.52, 0.52, 12500.0, 0.52
2011-03-18, 0.52, 0.52, 0.52, 0.52, 28100.0, 0.52
2011-03-21, 0.52, 0.54, 0.52, 0.54, 13800.0, 0.54
2011-03-22, 0.53, 0.53, 0.53, 0.53, 100.0, 0.53
2011-03-23, 0.53, 0.53, 0.53, 0.53, 32000.0, 0.53
2011-03-24, 0.53, 0.53, 0.53, 0.53, 35000.0, 0.53
2011-03-25, 0.54, 0.56, 0.54, 0.54, 23500.0, 0.54
2011-03-28, 0.56, 0.56, 0.54, 0.54, 41000.0, 0.54
2011-03-29, 0.56, 0.56, 0.56, 0.56, 200.0, 0.56
2011-03-30, 0.56, 0.56, 0.56, 0.56, 900.0, 0.56
2011-03-31, 0.56, 0.56, 0.55, 0.55, 12900.0, 0.55
2011-04-01, 0.57, 0.57, 0.57, 0.57, 20000.0, 0.57
2011-04-04, 0.57, 0.57, 0.57, 0.57, 56900.0, 0.57
2011-04-05, 0.57, 0.57, 0.57, 0.57, 331200.0, 0.57
2011-04-06, 0.57, 0.59, 0.57, 0.59, 72500.0, 0.59
2011-04-07, 0.57, 0.57, 0.57, 0.57, 32800.0, 0.57
2011-04-08, 0.57, 0.58, 0.57, 0.58, 36100.0, 0.58
2011-04-11, 0.58, 0.58, 0.57, 0.57, 20000.0, 0.57
2011-04-12, 0.57, 0.57, 0.57, 0.57, 21000.0, 0.57
2011-04-13, 0.57, 0.58, 0.56, 0.58, 861400.0, 0.58
2011-04-14, 0.58, 0.58, 0.58, 0.58, 0.0, 0.58
2011-04-15, 0.58, 0.58, 0.58, 0.58, 0.0, 0.58
2011-04-18, 0.55, 0.55, 0.55, 0.55, 18100.0, 0.55
2011-04-19, 0.55, 0.55, 0.55, 0.55, 0.0, 0.55
2011-04-20, 0.55, 0.55, 0.55, 0.55, 1000.0, 0.55
2011-04-21, 0.55, 0.55, 0.55, 0.55, 0.0, 0.55
2011-04-25, 0.56, 0.56, 0.56, 0.56, 9000.0, 0.56
2011-04-26, 0.55, 0.55, 0.55, 0.55, 2400.0, 0.55
2011-04-27, 0.55, 0.55, 0.55, 0.55, 0.0, 0.55
2011-04-28, 0.55, 0.55, 0.55, 0.55, 0.0, 0.55
2011-04-29, 0.57, 0.57, 0.55, 0.55, 123200.0, 0.55
2011-05-02, 0.55, 0.55, 0.55, 0.55, 10100.0, 0.55
2011-05-03, 0.56, 0.56, 0.56, 0.56, 84200.0, 0.56
2011-05-04, 0.54, 0.54, 0.54, 0.54, 4300.0, 0.54
2011-05-05, 0.53, 0.53, 0.53, 0.53, 500.0, 0.53
2011-05-06, 0.53, 0.53, 0.53, 0.53, 0.0, 0.53
2011-05-09, 0.54, 0.54, 0.54, 0.54, 13800.0, 0.54
2011-05-10, 0.54, 0.54, 0.54, 0.54, 0.0, 0.54
2011-05-11, 0.55, 0.55, 0.54, 0.54, 30000.0, 0.54
2011-05-12, 0.54, 0.54, 0.54, 0.54, 0.0, 0.54
2011-05-13, 0.53, 0.55, 0.53, 0.55, 40600.0, 0.55
2011-05-16, 0.56, 0.56, 0.56, 0.56, 1000.0, 0.56
2011-05-17, 0.56, 0.56, 0.56, 0.56, 0.0, 0.56
2011-05-18, 0.53, 0.53, 0.53, 0.53, 55200.0, 0.53
2011-05-19, 0.53, 0.53, 0.53, 0.53, 0.0, 0.53
2011-05-20, 0.54, 0.54, 0.54, 0.54, 1100.0, 0.54
2011-05-23, 0.52, 0.52, 0.52, 0.52, 25000.0, 0.52
2011-05-24, 0.52, 0.52, 0.52, 0.52, 0.0, 0.52
2011-05-25, 0.53, 0.53, 0.53, 0.53, 1000.0, 0.53
2011-05-26, 0.54, 0.54, 0.53, 0.53, 1200.0, 0.53
2011-05-27, 0.54, 0.54, 0.54, 0.54, 1100.0, 0.54
2011-05-31, 0.54, 0.55, 0.54, 0.55, 3000.0, 0.55
2011-06-01, 0.56, 0.56, 0.54, 0.54, 10600.0, 0.54
2011-06-02, 0.54, 0.54, 0.54, 0.54, 0.0, 0.54
2011-06-03, 0.53, 0.53, 0.52, 0.52, 21700.0, 0.52
2011-06-06, 0.53, 0.53, 0.53, 0.53, 2000.0, 0.53
2011-06-07, 0.51, 0.52, 0.51, 0.51, 205100.0, 0.51
2011-06-08, 0.51, 0.51, 0.51, 0.51, 0.0, 0.51
2011-06-09, 0.51, 0.51, 0.51, 0.51, 25000.0, 0.51
2011-06-10, 0.5, 0.51, 0.5, 0.51, 50100.0, 0.51
2011-06-13, 0.5, 0.5, 0.5, 0.5, 3500.0, 0.5
2011-06-14, 0.5, 0.5, 0.5, 0.5, 0.0, 0.5
2011-06-15, 0.51, 0.51, 0.49, 0.49, 110100.0, 0.49
2011-06-16, 0.48, 0.48, 0.48, 0.48, 34900.0, 0.48
2011-06-17, 0.48, 0.48, 0.48, 0.48, 111000.0, 0.48
2011-06-20, 0.48, 0.5, 0.48, 0.5, 18400.0, 0.5
2011-06-21, 0.5, 0.5, 0.49, 0.49, 12100.0, 0.49
2011-06-22, 0.48, 0.48, 0.48, 0.48, 500.0, 0.48
2011-06-23, 0.48, 0.48, 0.48, 0.48, 0.0, 0.48
2011-06-24, 0.48, 0.48, 0.48, 0.48, 0.0, 0.48
2011-06-27, 0.48, 0.5, 0.48, 0.5, 3000.0, 0.5
2011-06-28, 0.49, 0.49, 0.49, 0.49, 91200.0, 0.49
2011-06-29, 0.48, 0.48, 0.48, 0.48, 23000.0, 0.48
2011-06-30, 0.48, 0.48, 0.48, 0.48, 22300.0, 0.48
2011-07-01, 0.5, 0.5, 0.5, 0.5, 2000.0, 0.5
2011-07-05, 0.48, 0.48, 0.47, 0.48, 200000.0, 0.48
2011-07-06, 0.48, 0.48, 0.47, 0.48, 1152200.0, 0.48
2011-07-07, 0.47, 0.49, 0.47, 0.49, 772000.0, 0.49
2011-07-08, 0.49, 0.49, 0.48, 0.48, 560000.0, 0.48
2011-07-11, 0.46, 0.46, 0.46, 0.46, 959000.0, 0.46
2011-07-12, 0.45, 0.47, 0.45, 0.46, 54500.0, 0.46
2011-07-13, 0.45, 0.46, 0.45, 0.46, 107500.0, 0.46
2011-07-14, 0.45, 0.46, 0.45, 0.45, 33700.0, 0.45
2011-07-15, 0.47, 0.47, 0.46, 0.46, 6100.0, 0.46
2011-07-18, 0.47, 0.47, 0.45, 0.45, 10400.0, 0.45
2011-07-19, 0.46, 0.46, 0.46, 0.46, 41100.0, 0.46
2011-07-20, 0.45, 0.46, 0.45, 0.46, 107000.0, 0.46
2011-07-21, 0.46, 0.46, 0.46, 0.46, 0.0, 0.46
2011-07-22, 0.45, 0.45, 0.45, 0.45, 27100.0, 0.45
2011-07-25, 0.45, 0.47, 0.44, 0.47, 5200.0, 0.47
2011-07-26, 0.46, 0.46, 0.46, 0.46, 1000.0, 0.46
2011-07-27, 0.46, 0.46, 0.46, 0.46, 3000.0, 0.46
2011-07-28, 0.45, 0.45, 0.45, 0.45, 11800.0, 0.45
2011-07-29, 0.45, 0.45, 0.45, 0.45, 0.0, 0.45
2011-08-01, 0.46, 0.47, 0.46, 0.47, 140600.0, 0.47
2011-08-02, 0.45, 0.45, 0.45, 0.45, 4500.0, 0.45
2011-08-03, 0.45, 0.45, 0.45, 0.45, 27000.0, 0.45
2011-08-04, 0.43, 0.44, 0.42, 0.44, 44400.0, 0.44
2011-08-05, 0.44, 0.44, 0.44, 0.44, 17900.0, 0.44
2011-08-08, 0.43, 0.43, 0.39, 0.39, 46900.0, 0.39
2011-08-09, 0.38, 0.4, 0.38, 0.39, 1135400.0, 0.39
2011-08-10, 0.4, 0.4, 0.38, 0.38, 70100.0, 0.38
2011-08-11, 0.38, 0.38, 0.38, 0.38, 10000.0, 0.38
2011-08-12, 0.4, 0.4, 0.4, 0.4, 2000.0, 0.4
2011-08-15, 0.41, 0.41, 0.41, 0.41, 5000.0, 0.41
2011-08-16, 0.41, 0.41, 0.41, 0.41, 100.0, 0.41
2011-08-17, 0.41, 0.41, 0.41, 0.41, 0.0, 0.41
2011-08-18, 0.39, 0.39, 0.39, 0.39, 32000.0, 0.39
2011-08-19, 0.39, 0.39, 0.39, 0.39, 0.0, 0.39
2011-08-22, 0.39, 0.4, 0.39, 0.4, 978500.0, 0.4
2011-08-23, 0.39, 0.4, 0.39, 0.4, 8000.0, 0.4
2011-08-24, 0.4, 0.4, 0.4, 0.4, 0.0, 0.4
2011-08-25, 0.39, 0.39, 0.39, 0.39, 20000.0, 0.39
2011-08-26, 0.4, 0.4, 0.38, 0.38, 16900.0, 0.38
2011-08-29, 0.39, 0.4, 0.39, 0.4, 28600.0, 0.4
2011-08-30, 0.42, 0.42, 0.42, 0.42, 15000.0, 0.42
2011-08-31, 0.41, 0.41, 0.41, 0.41, 10000.0, 0.41
2011-09-01, 0.41, 0.41, 0.41, 0.41, 15000.0, 0.41
2011-09-02, 0.41, 0.41, 0.4, 0.4, 1800.0, 0.4
2011-09-06, 0.38, 0.38, 0.38, 0.38, 1000.0, 0.38
2011-09-07, 0.39, 0.39, 0.39, 0.39, 5000.0, 0.39
2011-09-08, 0.39, 0.39, 0.39, 0.39, 0.0, 0.39
2011-09-09, 0.37, 0.38, 0.37, 0.38, 16500.0, 0.38
2011-09-12, 0.38, 0.38, 0.38, 0.38, 10000.0, 0.38
2011-09-13, 0.37, 0.37, 0.37, 0.37, 10000.0, 0.37
2011-09-14, 0.39, 0.39, 0.39, 0.39, 1000.0, 0.39
2011-09-15, 0.37, 0.37, 0.37, 0.37, 1100.0, 0.37
2011-09-16, 0.37, 0.37, 0.37, 0.37, 18000.0, 0.37
2011-09-19, 0.37, 0.37, 0.37, 0.37, 38000.0, 0.37
2011-09-20, 0.38, 0.38, 0.37, 0.37, 33500.0, 0.37
2011-09-21, 0.35, 0.37, 0.35, 0.35, 134200.0, 0.35
2011-09-22, 0.35, 0.35, 0.33, 0.33, 19100.0, 0.33
2011-09-23, 0.33, 0.34, 0.33, 0.33, 22500.0, 0.33
2011-09-26, 0.33, 0.33, 0.32, 0.32, 17300.0, 0.32
2011-09-27, 0.33, 0.33, 0.33, 0.33, 8800.0, 0.33
2011-09-28, 0.32, 0.32, 0.32, 0.32, 10000.0, 0.32
2011-09-29, 0.32, 0.32, 0.32, 0.32, 185000.0, 0.32
2011-09-30, 0.32, 0.33, 0.32, 0.33, 6000.0, 0.33
2011-10-03, 0.31, 0.31, 0.29, 0.29, 56500.0, 0.29
2011-10-04, 0.29, 0.29, 0.28, 0.29, 74600.0, 0.29
2011-10-05, 0.29, 0.3, 0.29, 0.3, 42200.0, 0.3
2011-10-06, 0.31, 0.31, 0.31, 0.31, 361200.0, 0.31
2011-10-07, 0.31, 0.31, 0.31, 0.31, 69700.0, 0.31
2011-10-10, 0.31, 0.33, 0.31, 0.33, 42600.0, 0.33
2011-10-11, 0.36, 0.36, 0.34, 0.35, 26300.0, 0.35
2011-10-12, 0.34, 0.35, 0.34, 0.35, 81000.0, 0.35
2011-10-13, 0.35, 0.35, 0.35, 0.35, 50000.0, 0.35
2011-10-14, 0.36, 0.36, 0.35, 0.35, 29000.0, 0.35
2011-10-17, 0.34, 0.36, 0.34, 0.35, 18000.0, 0.35
2011-10-18, 0.33, 0.33, 0.33, 0.33, 200.0, 0.33
2011-10-19, 0.33, 0.33, 0.33, 0.33, 0.0, 0.33
2011-10-20, 0.33, 0.33, 0.33, 0.33, 0.0, 0.33
2011-10-21, 0.35, 0.35, 0.34, 0.34, 40000.0, 0.34
2011-10-24, 0.36, 0.37, 0.36, 0.36, 15200.0, 0.36
2011-10-25, 0.36, 0.36, 0.36, 0.36, 0.0, 0.36
2011-10-26, 0.36, 0.36, 0.36, 0.36, 0.0, 0.36
2011-10-27, 0.38, 0.38, 0.38, 0.38, 39300.0, 0.38
2011-10-28, 0.38, 0.38, 0.38, 0.38, 0.0, 0.38
2011-10-31, 0.38, 0.38, 0.38, 0.38, 0.0, 0.38
2011-11-01, 0.36, 0.36, 0.36, 0.36, 7000.0, 0.36
2011-11-02, 0.37, 0.37, 0.37, 0.37, 1000.0, 0.37
2011-11-03, 0.37, 0.37, 0.37, 0.37, 5600.0, 0.37
2011-11-04, 0.35, 0.35, 0.35, 0.35, 37000.0, 0.35
2011-11-07, 0.34, 0.34, 0.34, 0.34, 82700.0, 0.34
2011-11-08, 0.34, 0.34, 0.34, 0.34, 0.0, 0.34
2011-11-09, 0.34, 0.34, 0.34, 0.34, 0.0, 0.34
2011-11-10, 0.34, 0.34, 0.34, 0.34, 0.0, 0.34
2011-11-11, 0.34, 0.34, 0.34, 0.34, 2500.0, 0.34
2011-11-14, 0.34, 0.34, 0.34, 0.34, 3500.0, 0.34
2011-11-15, 0.34, 0.34, 0.34, 0.34, 0.0, 0.34
2011-11-16, 0.35, 0.35, 0.35, 0.35, 3600.0, 0.35
2011-11-17, 0.35, 0.35, 0.33, 0.33, 58800.0, 0.33
2011-11-18, 0.34, 0.34, 0.34, 0.34, 23000.0, 0.34
2011-11-21, 0.33, 0.33, 0.33, 0.33, 2300.0, 0.33
2011-11-22, 0.33, 0.33, 0.3, 0.3, 26500.0, 0.3
2011-11-23, 0.29, 0.29, 0.29, 0.29, 14000.0, 0.29
2011-11-25, 0.29, 0.29, 0.29, 0.29, 0.0, 0.29
2011-11-28, 0.33, 0.33, 0.33, 0.33, 10000.0, 0.33
2011-11-29, 0.33, 0.33, 0.33, 0.33, 2000.0, 0.33
2011-11-30, 0.33, 0.34, 0.32, 0.34, 26100.0, 0.34
2011-12-01, 0.33, 0.34, 0.33, 0.33, 3144200.0, 0.33
2011-12-02, 0.35, 0.36, 0.35, 0.36, 3100.0, 0.36
2011-12-05, 0.35, 0.35, 0.35, 0.35, 39800.0, 0.35
2011-12-06, 0.37, 0.37, 0.34, 0.34, 36500.0, 0.34
2011-12-07, 0.38, 0.38, 0.38, 0.38, 18000.0, 0.38
2011-12-08, 0.36, 0.36, 0.36, 0.36, 5000.0, 0.36
2011-12-09, 0.35, 0.35, 0.35, 0.35, 4000.0, 0.35
2011-12-12, 0.35, 0.35, 0.35, 0.35, 0.0, 0.35
2011-12-13, 0.35, 0.35, 0.35, 0.35, 4300.0, 0.35
2011-12-14, 0.35, 0.37, 0.35, 0.37, 40200.0, 0.37
2011-12-15, 0.37, 0.37, 0.37, 0.37, 0.0, 0.37
2011-12-16, 0.37, 0.37, 0.37, 0.37, 0.0, 0.37
2011-12-19, 0.36, 0.36, 0.36, 0.36, 1000.0, 0.36
2011-12-20, 0.36, 0.36, 0.36, 0.36, 12000.0, 0.36
2011-12-21, 0.36, 0.36, 0.36, 0.36, 10200.0, 0.36
2011-12-22, 0.37, 0.37, 0.37, 0.37, 43300.0, 0.37
2011-12-23, 0.37, 0.37, 0.37, 0.37, 1000.0, 0.37
2011-12-27, 0.36, 0.39, 0.36, 0.39, 949400.0, 0.39
2011-12-28, 0.37, 0.37, 0.37, 0.37, 11000.0, 0.37
2011-12-29, 0.36, 0.36, 0.36, 0.36, 1000.0, 0.36
2011-12-30, 0.36, 0.38, 0.36, 0.36, 7500.0, 0.36
2012-01-03, 0.37, 0.37, 0.37, 0.37, 8000.0, 0.37
2012-01-04, 0.37, 0.37, 0.37, 0.37, 0.0, 0.37
2012-01-05, 0.37, 0.37, 0.37, 0.37, 0.0, 0.37
2012-01-06, 0.37, 0.37, 0.37, 0.37, 0.0, 0.37
2012-01-09, 0.37, 0.37, 0.37, 0.37, 5200.0, 0.37
2012-01-10, 0.39, 0.39, 0.39, 0.39, 25400.0, 0.39
2012-01-11, 0.38, 0.38, 0.38, 0.38, 800.0, 0.38
2012-01-12, 0.4, 0.4, 0.4, 0.4, 17000.0, 0.4
2012-01-13, 0.4, 0.42, 0.4, 0.42, 42500.0, 0.42
2012-01-17, 0.41, 0.43, 0.41, 0.43, 51500.0, 0.43
2012-01-18, 0.41, 0.43, 0.41, 0.43, 7400.0, 0.43
2012-01-19, 0.42, 0.42, 0.42, 0.42, 20300.0, 0.42
2012-01-20, 0.42, 0.42, 0.41, 0.41, 36100.0, 0.41
2012-01-23, 0.41, 0.41, 0.41, 0.41, 0.0, 0.41
2012-01-24, 0.41, 0.41, 0.41, 0.41, 3100.0, 0.41
2012-01-25, 0.42, 0.43, 0.42, 0.43, 11000.0, 0.43
2012-01-26, 0.43, 0.45, 0.43, 0.43, 92100.0, 0.43
2012-01-27, 0.44, 0.44, 0.43, 0.43, 45200.0, 0.43
2012-01-30, 0.43, 0.43, 0.42, 0.42, 25000.0, 0.42
2012-01-31, 0.44, 0.44, 0.44, 0.44, 17900.0, 0.44
2012-02-01, 0.42, 0.42, 0.42, 0.42, 3000.0, 0.42
2012-02-02, 0.43, 0.44, 0.43, 0.43, 11100.0, 0.43
2012-02-03, 0.43, 0.43, 0.43, 0.43, 0.0, 0.43
2012-02-06, 0.43, 0.43, 0.43, 0.43, 13100.0, 0.43
2012-02-07, 0.43, 0.43, 0.43, 0.43, 22300.0, 0.43
2012-02-08, 0.44, 0.44, 0.44, 0.44, 23000.0, 0.44
2012-02-09, 0.44, 0.44, 0.43, 0.43, 53000.0, 0.43
2012-02-10, 0.43, 0.43, 0.43, 0.43, 93800.0, 0.43
2012-02-13, 0.42, 0.42, 0.42, 0.42, 30900.0, 0.42
2012-02-14, 0.42, 0.42, 0.42, 0.42, 8600.0, 0.42
2012-02-15, 0.42, 0.42, 0.42, 0.42, 0.0, 0.42
2012-02-16, 0.42, 0.42, 0.42, 0.42, 0.0, 0.42
2012-02-17, 0.43, 0.43, 0.43, 0.43, 79200.0, 0.43
2012-02-21, 0.43, 0.43, 0.43, 0.43, 67200.0, 0.43
2012-02-22, 0.44, 0.44, 0.44, 0.44, 1000.0, 0.44
2012-02-23, 0.44, 0.44, 0.44, 0.44, 0.0, 0.44
2012-02-24, 0.43, 0.43, 0.43, 0.43, 20000.0, 0.43
2012-02-27, 0.43, 0.43, 0.43, 0.43, 0.0, 0.43
2012-02-28, 0.44, 0.44, 0.44, 0.44, 75500.0, 0.44
2012-02-29, 0.44, 0.44, 0.44, 0.44, 0.0, 0.44
2012-03-01, 0.43, 0.43, 0.43, 0.43, 21200.0, 0.43
2012-03-02, 0.44, 0.44, 0.44, 0.44, 1000.0, 0.44
2012-03-05, 0.44, 0.44, 0.44, 0.44, 10000.0, 0.44
2012-03-06, 0.4, 0.43, 0.4, 0.43, 20000.0, 0.43
2012-03-07, 0.43, 0.43, 0.43, 0.43, 0.0, 0.43
2012-03-08, 0.43, 0.43, 0.43, 0.43, 62600.0, 0.43
2012-03-09, 0.43, 0.43, 0.42, 0.42, 15500.0, 0.42
2012-03-12, 0.42, 0.42, 0.42, 0.42, 0.0, 0.42
2012-03-13, 0.42, 0.43, 0.42, 0.42, 60000.0, 0.42
2012-03-14, 0.42, 0.42, 0.42, 0.42, 32000.0, 0.42
2012-03-15, 0.42, 0.42, 0.42, 0.42, 16200.0, 0.42
2012-03-16, 0.42, 0.42, 0.42, 0.42, 18000.0, 0.42
2012-03-19, 0.42, 0.42, 0.42, 0.42, 0.0, 0.42
2012-03-20, 0.41, 0.42, 0.41, 0.42, 7000.0, 0.42
2012-03-21, 0.42, 0.42, 0.42, 0.42, 0.0, 0.42
2012-03-22, 0.4, 0.4, 0.4, 0.4, 8000.0, 0.4
2012-03-23, 0.4, 0.4, 0.4, 0.4, 0.0, 0.4
2012-03-26, 0.4, 0.41, 0.4, 0.41, 38700.0, 0.41
2012-03-27, 0.42, 0.42, 0.4, 0.4, 18800.0, 0.4
2012-03-28, 0.4, 0.4, 0.4, 0.4, 0.0, 0.4
2012-03-29, 0.4, 0.4, 0.4, 0.4, 0.0, 0.4
2012-03-30, 0.39, 0.39, 0.39, 0.39, 16000.0, 0.39
2012-04-02, 0.39, 0.39, 0.39, 0.39, 19000.0, 0.39
2012-04-03, 0.42, 0.43, 0.42, 0.42, 54900.0, 0.42
2012-04-04, 0.4, 0.4, 0.4, 0.4, 2000.0, 0.4
2012-04-05, 0.39, 0.39, 0.39, 0.39, 18000.0, 0.39
2012-04-09, 0.39, 0.41, 0.39, 0.4, 235600.0, 0.4
2012-04-10, 0.39, 0.39, 0.39, 0.39, 1634000.0, 0.39
2012-04-11, 0.41, 0.41, 0.41, 0.41, 8500.0, 0.41
2012-04-12, 0.4, 0.42, 0.4, 0.41, 31200.0, 0.41
2012-04-13, 0.41, 0.43, 0.41, 0.43, 48000.0, 0.43
2012-04-16, 0.43, 0.43, 0.43, 0.43, 2300.0, 0.43
2012-04-17, 0.41, 0.41, 0.41, 0.41, 3000.0, 0.41
2012-04-18, 0.41, 0.41, 0.41, 0.41, 8000.0, 0.41
2012-04-19, 0.43, 0.43, 0.43, 0.43, 17100.0, 0.43
2012-04-20, 0.41, 0.42, 0.41, 0.42, 62200.0, 0.42
2012-04-23, 0.42, 0.42, 0.42, 0.42, 0.0, 0.42
2012-04-24, 0.42, 0.42, 0.42, 0.42, 0.0, 0.42
2012-04-25, 0.42, 0.42, 0.42, 0.42, 14700.0, 0.42
2012-04-26, 0.43, 0.43, 0.41, 0.41, 9300.0, 0.41
2012-04-27, 0.4, 0.42, 0.4, 0.42, 50000.0, 0.42
2012-04-30, 0.41, 0.43, 0.41, 0.43, 36200.0, 0.43
2012-05-01, 0.41, 0.41, 0.41, 0.41, 10000.0, 0.41
2012-05-02, 0.41, 0.41, 0.41, 0.41, 259500.0, 0.41
2012-05-03, 0.4, 0.4, 0.4, 0.4, 62000.0, 0.4
2012-05-04, 0.39, 0.39, 0.39, 0.39, 700.0, 0.39
2012-05-07, 0.39, 0.39, 0.39, 0.39, 0.0, 0.39
2012-05-08, 0.41, 0.41, 0.41, 0.41, 40600.0, 0.41
2012-05-09, 0.41, 0.41, 0.41, 0.41, 0.0, 0.41
2012-05-10, 0.4, 0.4, 0.39, 0.4, 13200.0, 0.4
2012-05-11, 0.4, 0.4, 0.39, 0.39, 26500.0, 0.39
2012-05-14, 0.39, 0.39, 0.38, 0.38, 32600.0, 0.38
2012-05-15, 0.37, 0.37, 0.37, 0.37, 500.0, 0.37
2012-05-16, 0.36, 0.39, 0.36, 0.39, 13600.0, 0.39
2012-05-17, 0.38, 0.38, 0.38, 0.38, 36100.0, 0.38
2012-05-18, 0.38, 0.38, 0.38, 0.38, 100.0, 0.38
2012-05-21, 0.37, 0.37, 0.37, 0.37, 27000.0, 0.37
2012-05-22, 0.37, 0.38, 0.37, 0.37, 166000.0, 0.37
2012-05-23, 0.37, 0.37, 0.36, 0.37, 179100.0, 0.37
2012-05-24, 0.36, 0.36, 0.36, 0.36, 100.0, 0.36
2012-05-25, 0.36, 0.36, 0.36, 0.36, 13100.0, 0.36
2012-05-29, 0.37, 0.39, 0.37, 0.39, 51000.0, 0.39
2012-05-30, 0.39, 0.39, 0.39, 0.39, 0.0, 0.39
2012-05-31, 0.39, 0.39, 0.39, 0.39, 180500.0, 0.39
2012-06-01, 0.37, 0.37, 0.37, 0.37, 13000.0, 0.37
2012-06-04, 0.37, 0.37, 0.36, 0.36, 584900.0, 0.36
2012-06-05, 0.37, 0.38, 0.37, 0.38, 858000.0, 0.38
2012-06-06, 0.37, 0.37, 0.36, 0.36, 10500.0, 0.36
2012-06-07, 0.36, 0.36, 0.36, 0.36, 11000.0, 0.36
2012-06-08, 0.34, 0.34, 0.34, 0.34, 24000.0, 0.34
2012-06-11, 0.35, 0.38, 0.35, 0.35, 51400.0, 0.35
2012-06-12, 0.35, 0.38, 0.35, 0.37, 57800.0, 0.37
2012-06-13, 0.35, 0.35, 0.35, 0.35, 500.0, 0.35
2012-06-14, 0.35, 0.35, 0.35, 0.35, 0.0, 0.35
2012-06-15, 0.39, 0.39, 0.37, 0.37, 30400.0, 0.37
2012-06-18, 0.36, 0.36, 0.36, 0.36, 1000.0, 0.36
2012-06-19, 0.37, 0.37, 0.37, 0.37, 39500.0, 0.37
2012-06-20, 0.37, 0.37, 0.37, 0.37, 0.0, 0.37
2012-06-21, 0.37, 0.37, 0.37, 0.37, 189600.0, 0.37
2012-06-22, 0.36, 0.36, 0.36, 0.36, 566700.0, 0.36
2012-06-25, 0.36, 0.36, 0.36, 0.36, 0.0, 0.36
2012-06-26, 0.36, 0.36, 0.36, 0.36, 10100.0, 0.36
2012-06-27, 0.36, 0.36, 0.36, 0.36, 27000.0, 0.36
2012-06-28, 0.36, 0.38, 0.36, 0.38, 4300.0, 0.38
2012-06-29, 0.38, 0.38, 0.38, 0.38, 0.0, 0.38
2012-07-02, 0.38, 0.38, 0.38, 0.38, 0.0, 0.38
2012-07-03, 0.37, 0.37, 0.37, 0.37, 18000.0, 0.37
2012-07-05, 0.37, 0.37, 0.37, 0.37, 0.0, 0.37
2012-07-06, 0.37, 0.37, 0.37, 0.37, 0.0, 0.37
2012-07-09, 0.37, 0.37, 0.37, 0.37, 0.0, 0.37
2012-07-10, 0.36, 0.36, 0.36, 0.36, 600.0, 0.36
2012-07-11, 0.36, 0.36, 0.36, 0.36, 21000.0, 0.36
2012-07-12, 0.36, 0.36, 0.36, 0.36, 21000.0, 0.36
2012-07-13, 0.36, 0.36, 0.35, 0.35, 900.0, 0.35
2012-07-16, 0.35, 0.35, 0.35, 0.35, 0.0, 0.35
2012-07-17, 0.35, 0.35, 0.35, 0.35, 0.0, 0.35
2012-07-18, 0.35, 0.35, 0.35, 0.35, 0.0, 0.35
2012-07-19, 0.35, 0.35, 0.35, 0.35, 0.0, 0.35
2012-07-20, 0.38, 0.38, 0.36, 0.36, 25000.0, 0.36
2012-07-23, 0.36, 0.36, 0.36, 0.36, 0.0, 0.36
2012-07-24, 0.37, 0.37, 0.37, 0.37, 1000.0, 0.37
2012-07-25, 0.36, 0.38, 0.36, 0.38, 28500.0, 0.38
2012-07-26, 0.38, 0.38, 0.38, 0.38, 4700.0, 0.38
2012-07-27, 0.39, 0.39, 0.39, 0.39, 31000.0, 0.39
2012-07-30, 0.39, 0.39, 0.39, 0.39, 0.0, 0.39
2012-07-31, 0.38, 0.38, 0.38, 0.38, 1500.0, 0.38
2012-08-01, 0.4, 0.4, 0.38, 0.39, 10100.0, 0.39
2012-08-02, 0.38, 0.38, 0.38, 0.38, 10000.0, 0.38
2012-08-03, 0.38, 0.38, 0.38, 0.38, 0.0, 0.38
2012-08-06, 0.38, 0.38, 0.38, 0.38, 13300.0, 0.38
2012-08-07, 0.38, 0.38, 0.38, 0.38, 0.0, 0.38
2012-08-08, 0.37, 0.37, 0.37, 0.37, 5000.0, 0.37
2012-08-09, 0.38, 0.38, 0.38, 0.38, 20000.0, 0.38
2012-08-10, 0.38, 0.38, 0.38, 0.38, 0.0, 0.38
2012-08-13, 0.37, 0.37, 0.37, 0.37, 1100.0, 0.37
2012-08-14, 0.39, 0.4, 0.39, 0.39, 28700.0, 0.39
2012-08-15, 0.39, 0.39, 0.39, 0.39, 0.0, 0.39
2012-08-16, 0.39, 0.39, 0.39, 0.39, 0.0, 0.39
2012-08-17, 0.38, 0.38, 0.38, 0.38, 60600.0, 0.38
2012-08-20, 0.38, 0.38, 0.38, 0.38, 11500.0, 0.38
2012-08-21, 0.39, 0.39, 0.39, 0.39, 20300.0, 0.39
2012-08-22, 0.38, 0.39, 0.38, 0.39, 34500.0, 0.39
2012-08-23, 0.38, 0.38, 0.38, 0.38, 7500.0, 0.38
2012-08-24, 0.38, 0.38, 0.38, 0.38, 94000.0, 0.38
2012-08-27, 0.38, 0.38, 0.38, 0.38, 0.0, 0.38
2012-08-28, 0.38, 0.38, 0.38, 0.38, 2000.0, 0.38
2012-08-29, 0.37, 0.37, 0.37, 0.37, 500.0, 0.37
2012-08-30, 0.35, 0.35, 0.35, 0.35, 900.0, 0.35
2012-08-31, 0.35, 0.35, 0.35, 0.35, 0.0, 0.35
2012-09-04, 0.35, 0.35, 0.35, 0.35, 500.0, 0.35
2012-09-05, 0.35, 0.37, 0.35, 0.37, 21000.0, 0.37
2012-09-06, 0.36, 0.36, 0.36, 0.36, 150000.0, 0.36
2012-09-07, 0.39, 0.39, 0.36, 0.37, 16300.0, 0.37
2012-09-10, 0.36, 0.36, 0.36, 0.36, 200.0, 0.36
2012-09-11, 0.37, 0.37, 0.37, 0.37, 32000.0, 0.37
2012-09-12, 0.37, 0.37, 0.37, 0.37, 0.0, 0.37
2012-09-13, 0.36, 0.37, 0.36, 0.37, 50800.0, 0.37
2012-09-14, 0.39, 0.39, 0.38, 0.38, 9500.0, 0.38
2012-09-17, 0.38, 0.38, 0.37, 0.37, 30100.0, 0.37
2012-09-18, 0.39, 0.39, 0.39, 0.39, 1700.0, 0.39
2012-09-19, 0.39, 0.39, 0.39, 0.39, 0.0, 0.39
2012-09-20, 0.38, 0.38, 0.38, 0.38, 13500.0, 0.38
2012-09-21, 0.38, 0.38, 0.37, 0.37, 29600.0, 0.37
2012-09-24, 0.39, 0.39, 0.37, 0.37, 13300.0, 0.37
2012-09-25, 0.39, 0.39, 0.39, 0.39, 2400.0, 0.39
2012-09-26, 0.38, 0.39, 0.38, 0.39, 15000.0, 0.39
2012-09-27, 0.39, 0.39, 0.38, 0.38, 60000.0, 0.38
2012-09-28, 0.37, 0.37, 0.37, 0.37, 3500.0, 0.37
2012-10-01, 0.38, 0.4, 0.37, 0.37, 25500.0, 0.37
2012-10-02, 0.4, 0.4, 0.4, 0.4, 2000.0, 0.4
2012-10-03, 0.4, 0.4, 0.4, 0.4, 0.0, 0.4
2012-10-04, 0.4, 0.4, 0.4, 0.4, 0.0, 0.4
2012-10-05, 0.4, 0.4, 0.4, 0.4, 0.0, 0.4
2012-10-08, 0.4, 0.4, 0.4, 0.4, 0.0, 0.4
2012-10-09, 0.4, 0.4, 0.4, 0.4, 0.0, 0.4
2012-10-10, 0.39, 0.39, 0.39, 0.39, 1600.0, 0.39
2012-10-11, 0.4, 0.41, 0.4, 0.41, 27400.0, 0.41
2012-10-12, 0.4, 0.41, 0.4, 0.41, 43800.0, 0.41
2012-10-15, 0.41, 0.41, 0.41, 0.41, 31000.0, 0.41
2012-10-16, 0.39, 0.41, 0.39, 0.41, 2100.0, 0.41
2012-10-17, 0.41, 0.41, 0.41, 0.41, 0.0, 0.41
2012-10-18, 0.39, 0.39, 0.39, 0.39, 2000.0, 0.39
2012-10-19, 0.39, 0.4, 0.39, 0.4, 45400.0, 0.4
2012-10-22, 0.39, 0.41, 0.39, 0.4, 65000.0, 0.4
2012-10-23, 0.39, 0.39, 0.39, 0.39, 26000.0, 0.39
2012-10-24, 0.42, 0.42, 0.39, 0.39, 5200.0, 0.39
2012-10-25, 0.4, 0.4, 0.4, 0.4, 5600.0, 0.4
2012-10-26, 0.4, 0.42, 0.4, 0.42, 5900.0, 0.42
2012-10-31, 0.42, 0.43, 0.41, 0.41, 47100.0, 0.41
2012-11-01, 0.4, 0.4, 0.4, 0.4, 95300.0, 0.4
2012-11-02, 0.41, 0.41, 0.41, 0.41, 1000.0, 0.41
2012-11-05, 0.41, 0.41, 0.41, 0.41, 0.0, 0.41
2012-11-06, 0.41, 0.41, 0.41, 0.41, 28000.0, 0.41
2012-11-07, 0.41, 0.41, 0.41, 0.41, 0.0, 0.41
2012-11-08, 0.41, 0.41, 0.41, 0.41, 0.0, 0.41
2012-11-09, 0.4, 0.4, 0.4, 0.4, 50000.0, 0.4
2012-11-12, 0.41, 0.42, 0.4, 0.4, 75100.0, 0.4
2012-11-13, 0.39, 0.39, 0.39, 0.39, 400.0, 0.39
2012-11-14, 0.42, 0.42, 0.42, 0.42, 100.0, 0.42
2012-11-15, 0.39, 0.39, 0.39, 0.39, 14600.0, 0.39
2012-11-16, 0.4, 0.4, 0.4, 0.4, 100.0, 0.4
2012-11-19, 0.4, 0.42, 0.4, 0.42, 17800.0, 0.42
2012-11-20, 0.42, 0.42, 0.4, 0.4, 15900.0, 0.4
2012-11-21, 0.4, 0.4, 0.4, 0.4, 3300.0, 0.4
2012-11-23, 0.42, 0.42, 0.41, 0.42, 10900.0, 0.42
2012-11-26, 0.42, 0.42, 0.42, 0.42, 0.0, 0.42
2012-11-27, 0.42, 0.42, 0.42, 0.42, 0.0, 0.42
2012-11-28, 0.42, 0.42, 0.4, 0.4, 16700.0, 0.4
2012-11-29, 0.4, 0.4, 0.4, 0.4, 0.0, 0.4
2012-11-30, 0.42, 0.42, 0.41, 0.41, 32300.0, 0.41
2012-12-03, 0.41, 0.41, 0.41, 0.41, 0.0, 0.41
2012-12-04, 0.41, 0.41, 0.41, 0.41, 0.0, 0.41
2012-12-05, 0.41, 0.41, 0.41, 0.41, 0.0, 0.41
2012-12-06, 0.41, 0.41, 0.41, 0.41, 0.0, 0.41
2012-12-07, 0.42, 0.44, 0.42, 0.44, 37900.0, 0.44
2012-12-10, 0.44, 0.44, 0.44, 0.44, 0.0, 0.44
2012-12-11, 0.45, 0.45, 0.42, 0.42, 17900.0, 0.42
2012-12-12, 0.43, 0.45, 0.43, 0.45, 108100.0, 0.45
2012-12-13, 0.46, 0.46, 0.45, 0.45, 6800.0, 0.45
2012-12-14, 0.45, 0.46, 0.43, 0.46, 49500.0, 0.46
2012-12-17, 0.46, 0.46, 0.46, 0.46, 100.0, 0.46
2012-12-18, 0.47, 0.47, 0.44, 0.44, 35700.0, 0.44
2012-12-19, 0.46, 0.46, 0.46, 0.46, 16800.0, 0.46
2012-12-20, 0.46, 0.46, 0.46, 0.46, 0.0, 0.46
2012-12-21, 0.45, 0.46, 0.45, 0.45, 34200.0, 0.45
2012-12-24, 0.46, 0.46, 0.44, 0.44, 2400.0, 0.44
2012-12-26, 0.45, 0.45, 0.45, 0.45, 60300.0, 0.45
2012-12-27, 0.45, 0.45, 0.45, 0.45, 0.0, 0.45
2012-12-28, 0.43, 0.46, 0.43, 0.46, 27800.0, 0.46
2012-12-31, 0.44, 0.45, 0.44, 0.45, 71100.0, 0.45
2013-01-02, 0.48, 0.48, 0.47, 0.47, 12900.0, 0.47
2013-01-03, 0.48, 0.48, 0.48, 0.48, 700.0, 0.48
2013-01-04, 0.48, 0.48, 0.46, 0.48, 42000.0, 0.48
2013-01-07, 0.47, 0.48, 0.47, 0.48, 9300.0, 0.48
2013-01-08, 0.47, 0.47, 0.47, 0.47, 11800.0, 0.47
2013-01-09, 0.47, 0.48, 0.47, 0.47, 52500.0, 0.47
2013-01-10, 0.48, 0.48, 0.48, 0.48, 1700.0, 0.48
2013-01-11, 0.48, 0.48, 0.46, 0.46, 5000.0, 0.46
2013-01-14, 0.47, 0.47, 0.47, 0.47, 200.0, 0.47
2013-01-15, 0.48, 0.48, 0.47, 0.47, 31200.0, 0.47
2013-01-16, 0.49, 0.49, 0.48, 0.48, 44200.0, 0.48
2013-01-17, 0.46, 0.49, 0.46, 0.49, 32000.0, 0.49
2013-01-18, 0.5, 0.5, 0.5, 0.5, 29200.0, 0.5
2013-01-22, 0.5, 0.5, 0.5, 0.5, 0.0, 0.5
2013-01-23, 0.48, 0.48, 0.48, 0.48, 6900.0, 0.48
2013-01-24, 0.5, 0.5, 0.5, 0.5, 12500.0, 0.5
2013-01-25, 0.47, 0.49, 0.47, 0.49, 115900.0, 0.49
2013-01-28, 0.5, 0.5, 0.5, 0.5, 30000.0, 0.5
2013-01-29, 0.5, 0.5, 0.5, 0.5, 34200.0, 0.5
2013-01-30, 0.5, 0.5, 0.5, 0.5, 48800.0, 0.5
2013-01-31, 0.48, 0.5, 0.48, 0.5, 35200.0, 0.5
2013-02-01, 0.5, 0.5, 0.5, 0.5, 20000.0, 0.5
2013-02-04, 0.51, 0.52, 0.51, 0.52, 77900.0, 0.52
2013-02-05, 0.5, 0.5, 0.48, 0.48, 15700.0, 0.48
2013-02-06, 0.5, 0.5, 0.49, 0.5, 40000.0, 0.5
2013-02-07, 0.5, 0.5, 0.5, 0.5, 0.0, 0.5
2013-02-08, 0.49, 0.5, 0.49, 0.49, 110200.0, 0.49
2013-02-11, 0.5, 0.5, 0.49, 0.49, 37400.0, 0.49
2013-02-12, 0.5, 0.5, 0.5, 0.5, 14600.0, 0.5
2013-02-13, 0.5, 0.5, 0.49, 0.49, 45400.0, 0.49
2013-02-14, 0.49, 0.49, 0.49, 0.49, 0.0, 0.49
2013-02-15, 0.51, 0.51, 0.5, 0.5, 12100.0, 0.5
2013-02-19, 0.49, 0.49, 0.48, 0.48, 12400.0, 0.48
2013-02-20, 0.51, 0.51, 0.5, 0.5, 3600.0, 0.5
2013-02-21, 0.47, 0.47, 0.47, 0.47, 6200.0, 0.47
2013-02-22, 0.48, 0.48, 0.48, 0.48, 33600.0, 0.48
2013-02-25, 0.46, 0.48, 0.46, 0.48, 12000.0, 0.48
2013-02-26, 0.48, 0.48, 0.47, 0.48, 26500.0, 0.48
2013-02-27, 0.46, 0.47, 0.45, 0.45, 361000.0, 0.45
2013-02-28, 0.49, 0.49, 0.49, 0.49, 42900.0, 0.49
2013-03-01, 0.47, 0.47, 0.46, 0.46, 60400.0, 0.46
2013-03-04, 0.45, 0.47, 0.45, 0.47, 18500.0, 0.47
2013-03-05, 0.47, 0.47, 0.45, 0.45, 59300.0, 0.45
2013-03-06, 0.46, 0.48, 0.46, 0.48, 37500.0, 0.48
2013-03-07, 0.48, 0.48, 0.46, 0.46, 96700.0, 0.46
2013-03-08, 0.49, 0.49, 0.48, 0.49, 44500.0, 0.49
2013-03-11, 0.49, 0.49, 0.48, 0.49, 232200.0, 0.49
2013-03-12, 0.49, 0.49, 0.48, 0.48, 121200.0, 0.48
2013-03-13, 0.47, 0.47, 0.47, 0.47, 12000.0, 0.47
2013-03-14, 0.48, 0.48, 0.48, 0.48, 99100.0, 0.48
2013-03-15, 0.45, 0.47, 0.45, 0.46, 68300.0, 0.46
2013-03-18, 0.46, 0.46, 0.46, 0.46, 32600.0, 0.46
2013-03-19, 0.46, 0.46, 0.44, 0.44, 43100.0, 0.44
2013-03-20, 0.45, 0.47, 0.45, 0.47, 23600.0, 0.47
2013-03-21, 0.45, 0.46, 0.45, 0.46, 312300.0, 0.46
2013-03-22, 0.45, 0.46, 0.45, 0.45, 28600.0, 0.45
2013-03-25, 0.47, 0.47, 0.47, 0.47, 29400.0, 0.47
2013-03-26, 0.47, 0.47, 0.47, 0.47, 33000.0, 0.47
2013-03-27, 0.46, 0.48, 0.46, 0.48, 34000.0, 0.48
2013-03-28, 0.46, 0.48, 0.45, 0.45, 8500.0, 0.45
2013-04-01, 0.46, 0.48, 0.45, 0.47, 102500.0, 0.47
2013-04-02, 0.45, 0.48, 0.45, 0.48, 38300.0, 0.48
2013-04-03, 0.45, 0.45, 0.45, 0.45, 1600.0, 0.45
2013-04-04, 0.45, 0.47, 0.45, 0.47, 202000.0, 0.47
2013-04-05, 0.46, 0.46, 0.46, 0.46, 56800.0, 0.46
2013-04-08, 0.45, 0.46, 0.45, 0.46, 114500.0, 0.46
2013-04-09, 0.45, 0.45, 0.45, 0.45, 12900.0, 0.45
2013-04-10, 0.47, 0.47, 0.47, 0.47, 16300.0, 0.47
2013-04-11, 0.45, 0.47, 0.45, 0.46, 23700.0, 0.46
2013-04-12, 0.47, 0.47, 0.47, 0.47, 181800.0, 0.47
2013-04-15, 0.46, 0.46, 0.46, 0.46, 13300.0, 0.46
2013-04-16, 0.46, 0.46, 0.45, 0.45, 22200.0, 0.45
2013-04-17, 0.46, 0.46, 0.46, 0.46, 71700.0, 0.46
2013-04-18, 0.46, 0.46, 0.45, 0.45, 152600.0, 0.45
2013-04-19, 0.45, 0.45, 0.45, 0.45, 25600.0, 0.45
2013-04-22, 0.47, 0.47, 0.45, 0.47, 13000.0, 0.47
2013-04-23, 0.47, 0.47, 0.47, 0.47, 0.0, 0.47
2013-04-24, 0.46, 0.46, 0.45, 0.45, 33000.0, 0.45
2013-04-25, 0.47, 0.47, 0.47, 0.47, 161300.0, 0.47
2013-04-26, 0.48, 0.48, 0.48, 0.48, 11500.0, 0.48
2013-04-29, 0.45, 0.48, 0.45, 0.48, 29200.0, 0.48
2013-04-30, 0.48, 0.48, 0.47, 0.47, 32000.0, 0.47
2013-05-01, 0.48, 0.48, 0.47, 0.48, 15000.0, 0.48
2013-05-02, 0.47, 0.48, 0.47, 0.48, 109300.0, 0.48
2013-05-03, 0.48, 0.48, 0.48, 0.48, 73400.0, 0.48
2013-05-06, 0.49, 0.49, 0.47, 0.47, 34100.0, 0.47
2013-05-07, 0.5, 0.5, 0.47, 0.5, 39400.0, 0.5
2013-05-08, 0.47, 0.49, 0.47, 0.49, 38100.0, 0.49
2013-05-09, 0.5, 0.5, 0.49, 0.5, 13000.0, 0.5
2013-05-10, 0.5, 0.5, 0.5, 0.5, 43000.0, 0.5
2013-05-13, 0.5, 0.5, 0.49, 0.49, 204500.0, 0.49
2013-05-14, 0.49, 0.49, 0.47, 0.49, 332000.0, 0.49
2013-05-15, 0.48, 0.5, 0.47, 0.5, 9700.0, 0.5
2013-05-16, 0.47, 0.47, 0.47, 0.47, 25000.0, 0.47
2013-05-17, 0.5, 0.5, 0.49, 0.5, 54300.0, 0.5
2013-05-20, 0.48, 0.48, 0.48, 0.48, 8700.0, 0.48
2013-05-21, 0.5, 0.5, 0.5, 0.5, 1100.0, 0.5
2013-05-22, 0.5, 0.5, 0.5, 0.5, 0.0, 0.5
2013-05-23, 0.49, 0.49, 0.46, 0.46, 42600.0, 0.46
2013-05-24, 0.46, 0.49, 0.46, 0.49, 21200.0, 0.49
2013-05-28, 0.49, 0.5, 0.49, 0.5, 12400.0, 0.5
2013-05-29, 0.49, 0.49, 0.49, 0.49, 26100.0, 0.49
2013-05-30, 0.48, 0.49, 0.48, 0.49, 36000.0, 0.49
2013-05-31, 0.49, 0.49, 0.46, 0.49, 42200.0, 0.49
2013-06-03, 0.48, 0.49, 0.48, 0.49, 11900.0, 0.49
2013-06-04, 0.46, 0.49, 0.46, 0.49, 67600.0, 0.49
2013-06-05, 0.47, 0.48, 0.47, 0.48, 9100.0, 0.48
2013-06-06, 0.48, 0.48, 0.48, 0.48, 120200.0, 0.48
2013-06-07, 0.45, 0.46, 0.45, 0.45, 599400.0, 0.45
2013-06-10, 0.45, 0.45, 0.45, 0.45, 26500.0, 0.45
2013-06-11, 0.42, 0.42, 0.42, 0.42, 700.0, 0.42
2013-06-12, 0.43, 0.43, 0.42, 0.42, 55600.0, 0.42
2013-06-13, 0.42, 0.42, 0.4, 0.4, 10200.0, 0.4
2013-06-14, 0.43, 0.43, 0.43, 0.43, 12600.0, 0.43
2013-06-17, 0.43, 0.43, 0.43, 0.43, 27900.0, 0.43
2013-06-18, 0.41, 0.43, 0.41, 0.43, 16200.0, 0.43
2013-06-19, 0.4, 0.42, 0.4, 0.42, 199000.0, 0.42
2013-06-20, 0.4, 0.4, 0.37, 0.39, 190600.0, 0.39
2013-06-21, 0.4, 0.4, 0.4, 0.4, 3800.0, 0.4
2013-06-24, 0.4, 0.4, 0.38, 0.39, 203100.0, 0.39
2013-06-25, 0.4, 0.41, 0.4, 0.41, 64700.0, 0.41
2013-06-26, 0.42, 0.42, 0.42, 0.42, 10700.0, 0.42
2013-06-27, 0.4, 0.42, 0.4, 0.42, 138900.0, 0.42
2013-06-28, 0.4, 0.4, 0.4, 0.4, 254500.0, 0.4
2013-07-01, 0.42, 0.42, 0.42, 0.42, 14000.0, 0.42
2013-07-02, 0.42, 0.42, 0.4, 0.42, 50000.0, 0.42
2013-07-03, 0.41, 0.41, 0.41, 0.41, 53600.0, 0.41
2013-07-05, 0.42, 0.42, 0.42, 0.42, 53500.0, 0.42
2013-07-08, 0.41, 0.41, 0.41, 0.41, 12000.0, 0.41
2013-07-09, 0.38, 0.41, 0.38, 0.41, 167100.0, 0.41
2013-07-10, 0.42, 0.42, 0.42, 0.42, 15500.0, 0.42
2013-07-11, 0.43, 0.43, 0.43, 0.43, 2100.0, 0.43
2013-07-12, 0.42, 0.42, 0.42, 0.42, 82700.0, 0.42
2013-07-15, 0.43, 0.43, 0.4, 0.42, 66300.0, 0.42
2013-07-16, 0.41, 0.42, 0.41, 0.42, 23800.0, 0.42
2013-07-17, 0.42, 0.42, 0.4, 0.42, 53600.0, 0.42
2013-07-18, 0.43, 0.43, 0.41, 0.41, 12600.0, 0.41
2013-07-19, 0.39, 0.4, 0.39, 0.39, 6000.0, 0.39
2013-07-22, 0.39, 0.39, 0.39, 0.39, 0.0, 0.39
2013-07-23, 0.41, 0.41, 0.41, 0.41, 8900.0, 0.41
2013-07-24, 0.41, 0.41, 0.41, 0.41, 1000.0, 0.41
2013-07-25, 0.42, 0.43, 0.42, 0.43, 1300.0, 0.43
2013-07-26, 0.43, 0.43, 0.42, 0.42, 93900.0, 0.42
2013-07-29, 0.41, 0.42, 0.41, 0.42, 34600.0, 0.42
2013-07-30, 0.42, 0.42, 0.41, 0.41, 19600.0, 0.41
2013-07-31, 0.43, 0.43, 0.41, 0.41, 72500.0, 0.41
2013-08-01, 0.42, 0.42, 0.42, 0.42, 11600.0, 0.42
2013-08-02, 0.42, 0.42, 0.42, 0.42, 29800.0, 0.42
2013-08-05, 0.42, 0.42, 0.42, 0.42, 13800.0, 0.42
2013-08-06, 0.42, 0.42, 0.42, 0.42, 64700.0, 0.42
2013-08-07, 0.42, 0.42, 0.42, 0.42, 0.0, 0.42
2013-08-08, 0.42, 0.42, 0.41, 0.42, 14900.0, 0.42
2013-08-09, 0.4, 0.42, 0.4, 0.41, 44000.0, 0.41
2013-08-12, 0.41, 0.42, 0.41, 0.41, 805100.0, 0.41
2013-08-13, 0.41, 0.44, 0.41, 0.44, 101400.0, 0.44
2013-08-14, 0.41, 0.43, 0.41, 0.43, 55000.0, 0.43
2013-08-15, 0.45, 0.45, 0.41, 0.43, 254100.0, 0.43
2013-08-16, 0.45, 0.45, 0.45, 0.45, 86600.0, 0.45
2013-08-19, 0.44, 0.45, 0.42, 0.45, 36700.0, 0.45
2013-08-20, 0.41, 0.44, 0.41, 0.43, 35700.0, 0.43
2013-08-21, 0.43, 0.43, 0.43, 0.43, 17400.0, 0.43
2013-08-22, 0.45, 0.45, 0.45, 0.45, 7800.0, 0.45
2013-08-23, 0.44, 0.44, 0.42, 0.44, 26100.0, 0.44
2013-08-26, 0.45, 0.45, 0.45, 0.45, 32600.0, 0.45
2013-08-27, 0.44, 0.44, 0.44, 0.44, 5400.0, 0.44
2013-08-28, 0.42, 0.43, 0.42, 0.43, 24600.0, 0.43
2013-08-29, 0.43, 0.43, 0.43, 0.43, 14400.0, 0.43
2013-08-30, 0.43, 0.43, 0.43, 0.43, 6700.0, 0.43
2013-09-03, 0.45, 0.45, 0.45, 0.45, 2300.0, 0.45
2013-09-04, 0.45, 0.46, 0.45, 0.46, 138900.0, 0.46
2013-09-05, 0.43, 0.46, 0.43, 0.46, 1300.0, 0.46
2013-09-06, 0.44, 0.44, 0.44, 0.44, 10000.0, 0.44
2013-09-09, 0.46, 0.46, 0.45, 0.46, 26600.0, 0.46
2013-09-10, 0.46, 0.47, 0.46, 0.47, 107100.0, 0.47
2013-09-11, 0.47, 0.47, 0.44, 0.47, 167200.0, 0.47
2013-09-12, 0.47, 0.47, 0.47, 0.47, 15900.0, 0.47
2013-09-13, 0.44, 0.47, 0.44, 0.46, 23700.0, 0.46
2013-09-16, 0.46, 0.47, 0.46, 0.47, 14500.0, 0.47
2013-09-17, 0.45, 0.45, 0.45, 0.45, 17900.0, 0.45
2013-09-18, 0.47, 0.47, 0.46, 0.46, 18700.0, 0.46
2013-09-19, 0.47, 0.47, 0.46, 0.46, 28400.0, 0.46
2013-09-20, 0.46, 0.46, 0.46, 0.46, 4000.0, 0.46
2013-09-23, 0.46, 0.47, 0.46, 0.47, 40600.0, 0.47
2013-09-24, 0.45, 0.47, 0.45, 0.46, 10500.0, 0.46
2013-09-25, 0.46, 0.48, 0.46, 0.46, 101800.0, 0.46
2013-09-26, 0.46, 0.47, 0.46, 0.46, 48000.0, 0.46
2013-09-27, 0.45, 0.47, 0.45, 0.47, 37400.0, 0.47
2013-09-30, 0.46, 0.46, 0.46, 0.46, 14200.0, 0.46
2013-10-01, 0.46, 0.47, 0.46, 0.47, 7600.0, 0.47
2013-10-02, 0.47, 0.47, 0.47, 0.47, 11100.0, 0.47
2013-10-03, 0.47, 0.47, 0.45, 0.45, 10500.0, 0.45
2013-10-04, 0.48, 0.48, 0.46, 0.46, 38300.0, 0.46
2013-10-07, 0.47, 0.47, 0.47, 0.47, 12100.0, 0.47
2013-10-08, 0.47, 0.47, 0.45, 0.45, 59100.0, 0.45
2013-10-09, 0.48, 0.48, 0.46, 0.47, 106400.0, 0.47
2013-10-10, 0.47, 0.47, 0.47, 0.47, 13900.0, 0.47
2013-10-11, 0.47, 0.47, 0.47, 0.47, 0.0, 0.47
2013-10-14, 0.47, 0.47, 0.47, 0.47, 0.0, 0.47
2013-10-15, 0.46, 0.47, 0.46, 0.47, 115500.0, 0.47
2013-10-16, 0.48, 0.48, 0.48, 0.48, 1000.0, 0.48
2013-10-17, 0.48, 0.48, 0.46, 0.46, 255200.0, 0.46
2013-10-18, 0.47, 0.48, 0.46, 0.48, 29200.0, 0.48
2013-10-21, 0.48, 0.48, 0.46, 0.48, 103400.0, 0.48
2013-10-22, 0.48, 0.48, 0.47, 0.48, 34200.0, 0.48
2013-10-23, 0.47, 0.47, 0.46, 0.47, 27000.0, 0.47
2013-10-24, 0.46, 0.46, 0.46, 0.46, 76000.0, 0.46
2013-10-25, 0.46, 0.46, 0.44, 0.46, 102900.0, 0.46
2013-10-28, 0.46, 0.46, 0.46, 0.46, 31700.0, 0.46
2013-10-29, 0.45, 0.47, 0.45, 0.47, 52500.0, 0.47
2013-10-30, 0.48, 0.48, 0.47, 0.48, 2493300.0, 0.48
2013-10-31, 0.47, 0.48, 0.47, 0.48, 126300.0, 0.48
2013-11-01, 0.48, 0.48, 0.48, 0.48, 5500.0, 0.48
2013-11-04, 0.46, 0.48, 0.46, 0.48, 30900.0, 0.48
2013-11-05, 0.48, 0.48, 0.48, 0.48, 7200.0, 0.48
2013-11-06, 0.48, 0.48, 0.48, 0.48, 17700.0, 0.48
2013-11-07, 0.48, 0.48, 0.48, 0.48, 19300.0, 0.48
2013-11-08, 0.47, 0.47, 0.47, 0.47, 13400.0, 0.47
2013-11-11, 0.48, 0.48, 0.48, 0.48, 14500.0, 0.48
2013-11-12, 0.48, 0.48, 0.48, 0.48, 200.0, 0.48
2013-11-13, 0.46, 0.46, 0.44, 0.46, 43700.0, 0.46
2013-11-14, 0.46, 0.46, 0.45, 0.45, 7100.0, 0.45
2013-11-15, 0.45, 0.48, 0.45, 0.48, 8600.0, 0.48
2013-11-18, 0.48, 0.49, 0.48, 0.48, 14400.0, 0.48
2013-11-19, 0.49, 0.49, 0.48, 0.48, 19500.0, 0.48
2013-11-20, 0.48, 0.48, 0.48, 0.48, 5800.0, 0.48
2013-11-21, 0.47, 0.48, 0.47, 0.48, 14000.0, 0.48
2013-11-22, 0.48, 0.49, 0.47, 0.49, 42600.0, 0.49
2013-11-25, 0.49, 0.49, 0.49, 0.49, 20700.0, 0.49
2013-11-26, 0.49, 0.49, 0.47, 0.47, 57400.0, 0.47
2013-11-27, 0.49, 0.49, 0.49, 0.49, 12600.0, 0.49
2013-11-29, 0.48, 0.5, 0.47, 0.5, 9900.0, 0.5
2013-12-02, 0.47, 0.47, 0.47, 0.47, 2000.0, 0.47
2013-12-03, 0.47, 0.5, 0.47, 0.47, 48500.0, 0.47
2013-12-04, 0.49, 0.49, 0.47, 0.47, 29800.0, 0.47
2013-12-05, 0.49, 0.49, 0.46, 0.46, 33200.0, 0.46
2013-12-06, 0.5, 0.5, 0.48, 0.5, 28000.0, 0.5
2013-12-09, 0.49, 0.49, 0.47, 0.49, 51300.0, 0.49
2013-12-10, 0.49, 0.5, 0.47, 0.5, 8100.0, 0.5
2013-12-11, 0.48, 0.48, 0.48, 0.48, 2700.0, 0.48
2013-12-12, 0.45, 0.48, 0.45, 0.48, 73600.0, 0.48
2013-12-13, 0.48, 0.48, 0.46, 0.48, 18100.0, 0.48
2013-12-16, 0.48, 0.48, 0.48, 0.48, 19300.0, 0.48
2013-12-17, 0.48, 0.48, 0.45, 0.48, 624700.0, 0.48
2013-12-18, 0.48, 0.48, 0.45, 0.45, 5200.0, 0.45
2013-12-19, 0.44, 0.47, 0.44, 0.45, 18700.0, 0.45
2013-12-20, 0.47, 0.47, 0.46, 0.46, 30000.0, 0.46
2013-12-23, 0.47, 0.47, 0.46, 0.46, 29400.0, 0.46
2013-12-24, 0.45, 0.47, 0.45, 0.47, 29200.0, 0.47
2013-12-26, 0.47, 0.47, 0.45, 0.45, 31500.0, 0.45
2013-12-27, 0.45, 0.47, 0.45, 0.47, 55700.0, 0.47
2013-12-30, 0.47, 0.47, 0.45, 0.45, 42700.0, 0.45
2013-12-31, 0.45, 0.47, 0.45, 0.45, 21800.0, 0.45
2014-01-02, 0.47, 0.47, 0.45, 0.46, 14100.0, 0.46
2014-01-03, 0.46, 0.46, 0.45, 0.46, 37400.0, 0.46
2014-01-06, 0.46, 0.46, 0.45, 0.45, 64600.0, 0.45
2014-01-07, 0.44, 0.45, 0.43, 0.43, 12300.0, 0.43
2014-01-08, 0.45, 0.45, 0.45, 0.45, 9400.0, 0.45
2014-01-09, 0.46, 0.46, 0.45, 0.45, 31900.0, 0.45
2014-01-10, 0.45, 0.45, 0.44, 0.44, 179100.0, 0.44
2014-01-13, 0.45, 0.45, 0.43, 0.44, 1223300.0, 0.44
2014-01-14, 0.46, 0.46, 0.44, 0.44, 162300.0, 0.44
2014-01-15, 0.43, 0.46, 0.43, 0.46, 21100.0, 0.46
2014-01-16, 0.45, 0.46, 0.45, 0.46, 11100.0, 0.46
2014-01-17, 0.45, 0.45, 0.43, 0.45, 9500.0, 0.45
2014-01-21, 0.46, 0.46, 0.44, 0.44, 30900.0, 0.44
2014-01-22, 0.46, 0.46, 0.45, 0.45, 19600.0, 0.45
2014-01-23, 0.44, 0.45, 0.43, 0.43, 91300.0, 0.43
2014-01-24, 0.44, 0.44, 0.42, 0.42, 23000.0, 0.42
2014-01-27, 0.41, 0.42, 0.41, 0.42, 43100.0, 0.42
2014-01-28, 0.41, 0.41, 0.41, 0.41, 33200.0, 0.41
2014-01-29, 0.41, 0.44, 0.41, 0.44, 41100.0, 0.44
2014-01-30, 0.41, 0.41, 0.41, 0.41, 15800.0, 0.41
2014-01-31, 0.41, 0.41, 0.41, 0.41, 1800.0, 0.41
2014-02-03, 0.44, 0.44, 0.44, 0.44, 2500.0, 0.44
2014-02-04, 0.41, 0.41, 0.41, 0.41, 25800.0, 0.41
2014-02-05, 0.41, 0.41, 0.41, 0.41, 0.0, 0.41
2014-02-06, 0.41, 0.41, 0.41, 0.41, 0.0, 0.41
2014-02-07, 0.41, 0.41, 0.41, 0.41, 23900.0, 0.41
2014-02-10, 0.41, 0.41, 0.4, 0.41, 27700.0, 0.41
2014-02-11, 0.42, 0.43, 0.42, 0.43, 14000.0, 0.43
2014-02-12, 0.43, 0.43, 0.42, 0.42, 7000.0, 0.42
2014-02-13, 0.41, 0.41, 0.41, 0.41, 10100.0, 0.41
2014-02-14, 0.43, 0.43, 0.43, 0.43, 3500.0, 0.43
2014-02-18, 0.42, 0.42, 0.42, 0.42, 25300.0, 0.42
2014-02-19, 0.43, 0.43, 0.42, 0.43, 17400.0, 0.43
2014-02-20, 0.42, 0.42, 0.42, 0.42, 12800.0, 0.42
2014-02-21, 0.43, 0.43, 0.42, 0.42, 168300.0, 0.42
2014-02-24, 0.42, 0.42, 0.42, 0.42, 2000.0, 0.42
2014-02-25, 0.41, 0.42, 0.41, 0.42, 8000.0, 0.42
2014-02-26, 0.42, 0.42, 0.42, 0.42, 0.0, 0.42
2014-02-27, 0.42, 0.42, 0.42, 0.42, 5100.0, 0.42
2014-02-28, 0.41, 0.41, 0.41, 0.41, 27700.0, 0.41
2014-03-03, 0.41, 0.42, 0.41, 0.42, 7200.0, 0.42
2014-03-04, 0.43, 0.43, 0.43, 0.43, 12800.0, 0.43
2014-03-05, 0.42, 0.42, 0.42, 0.42, 5100.0, 0.42
2014-03-06, 0.41, 0.42, 0.4, 0.4, 18200.0, 0.4
2014-03-07, 0.41, 0.43, 0.41, 0.41, 78000.0, 0.41
2014-03-10, 0.42, 0.42, 0.41, 0.41, 16800.0, 0.41
2014-03-11, 0.41, 0.41, 0.41, 0.41, 22500.0, 0.41
2014-03-12, 0.41, 0.42, 0.4, 0.4, 41500.0, 0.4
2014-03-13, 0.41, 0.42, 0.39, 0.41, 36100.0, 0.41
2014-03-14, 0.42, 0.42, 0.42, 0.42, 9200.0, 0.42
2014-03-17, 0.42, 0.42, 0.41, 0.41, 21600.0, 0.41
2014-03-18, 0.4, 0.42, 0.4, 0.42, 53400.0, 0.42
2014-03-19, 0.4, 0.4, 0.4, 0.4, 5000.0, 0.4
2014-03-20, 0.39, 0.41, 0.39, 0.39, 32700.0, 0.39
2014-03-21, 0.4, 0.41, 0.39, 0.41, 5500.0, 0.41
2014-03-24, 0.42, 0.43, 0.4, 0.43, 120900.0, 0.43
2014-03-25, 0.4, 0.43, 0.4, 0.43, 1500.0, 0.43
2014-03-26, 0.42, 0.43, 0.42, 0.43, 25900.0, 0.43
2014-03-27, 0.44, 0.44, 0.42, 0.44, 15300.0, 0.44
2014-03-28, 0.44, 0.44, 0.44, 0.44, 161700.0, 0.44
2014-03-31, 0.45, 0.46, 0.45, 0.46, 74200.0, 0.46
2014-04-01, 0.46, 0.46, 0.44, 0.45, 18200.0, 0.45
2014-04-02, 0.45, 0.45, 0.45, 0.45, 5800.0, 0.45
2014-04-03, 0.45, 0.45, 0.45, 0.45, 12000.0, 0.45
2014-04-04, 0.45, 0.45, 0.45, 0.45, 12600.0, 0.45
2014-04-07, 0.45, 0.45, 0.45, 0.45, 4000.0, 0.45
2014-04-08, 0.46, 0.46, 0.44, 0.44, 27300.0, 0.44
2014-04-09, 0.46, 0.46, 0.46, 0.46, 8100.0, 0.46
2014-04-10, 0.46, 0.46, 0.46, 0.46, 11500.0, 0.46
2014-04-11, 0.46, 0.46, 0.46, 0.46, 0.0, 0.46
2014-04-14, 0.45, 0.46, 0.45, 0.45, 28000.0, 0.45
2014-04-15, 0.43, 0.43, 0.43, 0.43, 2700.0, 0.43
2014-04-16, 0.43, 0.46, 0.43, 0.43, 17200.0, 0.43
2014-04-17, 0.44, 0.46, 0.43, 0.43, 82900.0, 0.43
2014-04-21, 0.43, 0.46, 0.43, 0.45, 10400.0, 0.45
2014-04-22, 0.46, 0.46, 0.46, 0.46, 6000.0, 0.46
2014-04-23, 0.43, 0.45, 0.43, 0.45, 8100.0, 0.45
2014-04-24, 0.43, 0.46, 0.43, 0.46, 2700.0, 0.46
2014-04-25, 0.45, 0.45, 0.45, 0.45, 500.0, 0.45
2014-04-28, 0.44, 0.44, 0.42, 0.42, 4300.0, 0.42
2014-04-29, 0.45, 0.45, 0.45, 0.45, 13600.0, 0.45
2014-04-30, 0.46, 0.46, 0.46, 0.46, 1200.0, 0.46
2014-05-01, 0.46, 0.46, 0.46, 0.46, 15000.0, 0.46
2014-05-02, 0.45, 0.45, 0.43, 0.43, 2000.0, 0.43
2014-05-05, 0.43, 0.45, 0.43, 0.45, 8200.0, 0.45
2014-05-06, 0.45, 0.45, 0.45, 0.45, 1400.0, 0.45
2014-05-07, 0.43, 0.45, 0.43, 0.45, 23900.0, 0.45
2014-05-08, 0.45, 0.45, 0.45, 0.45, 0.0, 0.45
2014-05-09, 0.43, 0.45, 0.43, 0.44, 18100.0, 0.44
2014-05-12, 0.43, 0.43, 0.43, 0.43, 400.0, 0.43
2014-05-13, 0.43, 0.45, 0.43, 0.45, 15500.0, 0.45
2014-05-14, 0.45, 0.45, 0.45, 0.45, 38400.0, 0.45
2014-05-15, 0.46, 0.46, 0.44, 0.44, 17500.0, 0.44
2014-05-16, 0.44, 0.46, 0.44, 0.46, 15100.0, 0.46
2014-05-19, 0.44, 0.44, 0.44, 0.44, 500.0, 0.44
2014-05-20, 0.44, 0.44, 0.44, 0.44, 107300.0, 0.44
2014-05-21, 0.45, 0.47, 0.45, 0.46, 22900.0, 0.46
2014-05-22, 0.46, 0.46, 0.46, 0.46, 0.0, 0.46
2014-05-23, 0.46, 0.47, 0.46, 0.47, 19000.0, 0.47
2014-05-27, 0.47, 0.47, 0.46, 0.47, 74000.0, 0.47
2014-05-28, 0.47, 0.47, 0.46, 0.47, 61100.0, 0.47
2014-05-29, 0.47, 0.47, 0.46, 0.46, 23200.0, 0.46
2014-05-30, 0.47, 0.48, 0.46, 0.48, 82300.0, 0.48
2014-06-02, 0.49, 0.49, 0.48, 0.48, 13300.0, 0.48
2014-06-03, 0.48, 0.48, 0.48, 0.48, 35900.0, 0.28
2014-06-04, 0.48, 0.48, 0.47, 0.47, 9200.0, 0.28
2014-06-05, 0.48, 0.48, 0.48, 0.48, 54400.0, 0.29
2014-06-06, 0.47, 0.48, 0.46, 0.48, 122400.0, 0.28
2014-06-09, 0.47, 0.48, 0.47, 0.48, 28500.0, 0.28
2014-06-10, 0.48, 0.48, 0.48, 0.48, 45600.0, 0.29
2014-06-11, 0.49, 0.49, 0.47, 0.49, 565200.0, 0.29
2014-06-12, 0.47, 0.49, 0.47, 0.49, 37300.0, 0.29
2014-06-13, 0.49, 0.49, 0.47, 0.47, 18500.0, 0.28
2014-06-16, 0.47, 0.47, 0.47, 0.47, 0.0, 0.28
2014-06-17, 0.47, 0.48, 0.47, 0.47, 103400.0, 0.28
2014-06-18, 0.47, 0.48, 0.47, 0.48, 149000.0, 0.28
2014-06-19, 0.47, 0.47, 0.46, 0.46, 30900.0, 0.46
2014-06-20, 0.45, 0.45, 0.44, 0.45, 17200.0, 0.45
2014-06-23, 0.44, 0.45, 0.44, 0.45, 12500.0, 0.45
2014-06-24, 0.43, 0.45, 0.43, 0.44, 87600.0, 0.44
2014-06-25, 0.45, 0.45, 0.42, 0.42, 25200.0, 0.42
2014-06-26, 0.44, 0.45, 0.44, 0.44, 313900.0, 0.44
2014-06-27, 0.45, 0.46, 0.45, 0.46, 57300.0, 0.46
2014-06-30, 0.44, 0.46, 0.44, 0.44, 80200.0, 0.44
2014-07-01, 0.44, 0.46, 0.44, 0.45, 17900.0, 0.45
2014-07-02, 0.45, 0.45, 0.45, 0.45, 1000.0, 0.45
2014-07-03, 0.47, 0.47, 0.45, 0.47, 54900.0, 0.47
2014-07-04, 0.47, 0.47, 0.47, 0.47, 0.0, 0.47
2014-07-07, 0.45, 0.47, 0.45, 0.47, 23200.0, 0.47
2014-07-08, 0.46, 0.46, 0.46, 0.46, 60700.0, 0.46
2014-07-09, 0.46, 0.46, 0.46, 0.46, 24300.0, 0.46
2014-07-10, 0.45, 0.45, 0.45, 0.45, 574500.0, 0.45
2014-07-11, 0.46, 0.46, 0.46, 0.46, 3200.0, 0.46
2014-07-14, 0.47, 0.47, 0.47, 0.47, 38200.0, 0.47
2014-07-15, 0.47, 0.47, 0.44, 0.46, 33600.0, 0.46
2014-07-16, 0.46, 0.46, 0.46, 0.46, 12300.0, 0.46
2014-07-17, 0.44, 0.46, 0.44, 0.46, 51800.0, 0.46
2014-07-18, 0.46, 0.47, 0.44, 0.47, 24500.0, 0.47
2014-07-21, 0.46, 0.46, 0.44, 0.44, 44400.0, 0.44
2014-07-22, 0.45, 0.45, 0.45, 0.45, 1000.0, 0.45
2014-07-23, 0.46, 0.46, 0.45, 0.46, 31200.0, 0.46
2014-07-24, 0.46, 0.47, 0.46, 0.46, 51500.0, 0.46
2014-07-25, 0.46, 0.46, 0.46, 0.46, 8300.0, 0.46
2014-07-28, 0.47, 0.48, 0.47, 0.47, 45500.0, 0.47
2014-07-29, 0.48, 0.49, 0.48, 0.49, 104900.0, 0.49
2014-07-30, 0.47, 0.49, 0.47, 0.49, 67900.0, 0.49
2014-07-31, 0.49, 0.49, 0.49, 0.49, 0.0, 0.49
2014-08-01, 0.46, 0.49, 0.46, 0.48, 48900.0, 0.48
2014-08-04, 0.46, 0.49, 0.46, 0.46, 45800.0, 0.46
2014-08-05, 0.47, 0.49, 0.47, 0.47, 29700.0, 0.47
2014-08-06, 0.46, 0.46, 0.46, 0.46, 8500.0, 0.46
2014-08-07, 0.49, 0.49, 0.47, 0.47, 16500.0, 0.47
2014-08-08, 0.48, 0.48, 0.46, 0.46, 4700.0, 0.46
2014-08-11, 0.47, 0.47, 0.47, 0.47, 300.0, 0.47
2014-08-12, 0.49, 0.49, 0.48, 0.48, 22900.0, 0.48
2014-08-13, 0.47, 0.49, 0.47, 0.48, 12700.0, 0.48
2014-08-14, 0.47, 0.47, 0.47, 0.47, 23300.0, 0.47
2014-08-15, 0.47, 0.48, 0.47, 0.48, 22100.0, 0.48
2014-08-18, 0.48, 0.48, 0.48, 0.48, 16700.0, 0.48
2014-08-19, 0.47, 0.48, 0.47, 0.48, 11200.0, 0.48
2014-08-20, 0.46, 0.48, 0.46, 0.48, 16600.0, 0.48
2014-08-21, 0.47, 0.48, 0.47, 0.48, 29100.0, 0.48
2014-08-22, 0.46, 0.48, 0.46, 0.47, 62200.0, 0.47
2014-08-25, 0.47, 0.47, 0.47, 0.47, 10000.0, 0.47
2014-08-26, 0.47, 0.47, 0.47, 0.47, 100000.0, 0.47
2014-08-27, 0.46, 0.48, 0.46, 0.48, 6200.0, 0.48
2014-08-28, 0.46, 0.48, 0.46, 0.48, 47400.0, 0.48
2014-08-29, 0.47, 0.48, 0.47, 0.48, 17400.0, 0.48
2014-09-02, 0.45, 0.48, 0.45, 0.48, 39000.0, 0.48
2014-09-03, 0.49, 0.49, 0.49, 0.49, 16300.0, 0.49
2014-09-04, 0.49, 0.49, 0.48, 0.48, 33500.0, 0.48
2014-09-05, 0.48, 0.49, 0.48, 0.48, 58400.0, 0.48
2014-09-08, 0.48, 0.49, 0.48, 0.49, 50200.0, 0.49
2014-09-09, 0.48, 0.48, 0.48, 0.48, 48900.0, 0.48
2014-09-10, 0.47, 0.47, 0.47, 0.47, 5400.0, 0.47
2014-09-11, 0.47, 0.47, 0.47, 0.47, 29900.0, 0.47
2014-09-12, 0.47, 0.47, 0.47, 0.47, 6200.0, 0.47
2014-09-15, 0.47, 0.48, 0.46, 0.47, 12100.0, 0.47
2014-09-16, 0.47, 0.47, 0.46, 0.46, 142600.0, 0.46
2014-09-17, 0.47, 0.48, 0.47, 0.48, 42400.0, 0.48
2014-09-18, 0.47, 0.47, 0.47, 0.47, 17600.0, 0.47
2014-09-19, 0.47, 0.47, 0.46, 0.47, 6700.0, 0.47
2014-09-22, 0.46, 0.46, 0.46, 0.46, 56200.0, 0.46
2014-09-23, 0.45, 0.45, 0.45, 0.45, 20800.0, 0.45
2014-09-24, 0.47, 0.47, 0.47, 0.47, 172900.0, 0.47
2014-09-25, 0.46, 0.46, 0.46, 0.46, 22400.0, 0.46
2014-09-26, 0.46, 0.47, 0.46, 0.47, 25200.0, 0.47
2014-09-29, 0.46, 0.46, 0.46, 0.46, 1008000.0, 0.46
2014-09-30, 0.45, 0.45, 0.45, 0.45, 193200.0, 0.45
2014-10-01, 0.45, 0.45, 0.44, 0.44, 60000.0, 0.44
2014-10-02, 0.44, 0.44, 0.44, 0.44, 7300.0, 0.44
2014-10-03, 0.45, 0.45, 0.45, 0.45, 20800.0, 0.45
2014-10-06, 0.45, 0.46, 0.45, 0.46, 12500.0, 0.46
2014-10-07, 0.46, 0.46, 0.46, 0.46, 0.0, 0.46
2014-10-08, 0.45, 0.45, 0.45, 0.45, 304700.0, 0.45
2014-10-09, 0.45, 0.45, 0.45, 0.45, 8800.0, 0.45
2014-10-10, 0.46, 0.46, 0.45, 0.45, 9100.0, 0.45
2014-10-13, 0.45, 0.46, 0.45, 0.46, 9500.0, 0.46
2014-10-14, 0.46, 0.46, 0.45, 0.45, 11200.0, 0.45
2014-10-15, 0.45, 0.46, 0.44, 0.45, 165500.0, 0.45
2014-10-16, 0.45, 0.46, 0.44, 0.46, 37800.0, 0.46
2014-10-17, 0.46, 0.46, 0.46, 0.46, 41000.0, 0.46
2014-10-20, 0.44, 0.46, 0.44, 0.45, 41500.0, 0.45
2014-10-21, 0.45, 0.46, 0.45, 0.45, 31100.0, 0.45
2014-10-22, 0.46, 0.46, 0.46, 0.46, 49100.0, 0.46
2014-10-23, 0.46, 0.47, 0.46, 0.46, 679900.0, 0.46
2014-10-24, 0.46, 0.46, 0.46, 0.46, 0.0, 0.46
2014-10-27, 0.46, 0.46, 0.46, 0.46, 17700.0, 0.46
2014-10-28, 0.47, 0.48, 0.47, 0.48, 13000.0, 0.48
2014-10-29, 0.47, 0.48, 0.47, 0.47, 26100.0, 0.47
2014-10-30, 0.48, 0.48, 0.47, 0.47, 120200.0, 0.47
2014-10-31, 0.47, 0.48, 0.47, 0.48, 7100.0, 0.48
2014-11-03, 0.47, 0.48, 0.47, 0.48, 38400.0, 0.48
2014-11-04, 0.48, 0.48, 0.48, 0.48, 19600.0, 0.48
2014-11-05, 0.48, 0.48, 0.47, 0.47, 60800.0, 0.47
2014-11-06, 0.48, 0.48, 0.47, 0.47, 11500.0, 0.47
2014-11-07, 0.47, 0.47, 0.47, 0.47, 48600.0, 0.47
2014-11-10, 0.48, 0.48, 0.47, 0.48, 39600.0, 0.48
2014-11-11, 0.49, 0.5, 0.49, 0.49, 294000.0, 0.49
2014-11-12, 0.5, 0.5, 0.5, 0.5, 5100.0, 0.5
2014-11-13, 0.49, 0.49, 0.49, 0.49, 24800.0, 0.49
2014-11-14, 0.5, 0.51, 0.5, 0.5, 72600.0, 0.5
2014-11-17, 0.49, 0.49, 0.48, 0.48, 13500.0, 0.48
2014-11-18, 0.48, 0.48, 0.48, 0.48, 62400.0, 0.48
2014-11-19, 0.48, 0.49, 0.48, 0.48, 50400.0, 0.48
2014-11-20, 0.48, 0.48, 0.48, 0.48, 20300.0, 0.48
2014-11-21, 0.49, 0.49, 0.49, 0.49, 900.0, 0.49
2014-11-24, 0.5, 0.5, 0.49, 0.49, 240200.0, 0.49
2014-11-25, 0.48, 0.49, 0.48, 0.49, 12400.0, 0.49
2014-11-26, 0.5, 0.5, 0.5, 0.5, 368700.0, 0.5
2014-11-28, 0.52, 0.52, 0.51, 0.52, 13300.0, 0.52
2014-12-01, 0.51, 0.51, 0.5, 0.51, 13600.0, 0.51
2014-12-02, 0.52, 0.53, 0.52, 0.53, 8700.0, 0.53
2014-12-03, 0.53, 0.53, 0.53, 0.53, 7900.0, 0.53
2014-12-04, 0.53, 0.54, 0.53, 0.54, 625200.0, 0.54
2014-12-05, 0.54, 0.54, 0.53, 0.54, 112900.0, 0.54
2014-12-08, 0.55, 0.56, 0.55, 0.56, 71900.0, 0.56
2014-12-09, 0.54, 0.54, 0.53, 0.53, 27100.0, 0.53
2014-12-10, 0.53, 0.54, 0.53, 0.54, 36700.0, 0.54
2014-12-11, 0.53, 0.54, 0.52, 0.54, 13200.0, 0.54
2014-12-12, 0.53, 0.53, 0.52, 0.53, 20900.0, 0.53
2014-12-15, 0.53, 0.53, 0.53, 0.53, 11400.0, 0.53
2014-12-16, 0.51, 0.51, 0.51, 0.51, 23900.0, 0.51
2014-12-17, 0.53, 0.53, 0.53, 0.53, 24200.0, 0.53
2014-12-18, 0.53, 0.54, 0.53, 0.54, 13300.0, 0.54
2014-12-19, 0.55, 0.55, 0.53, 0.53, 53300.0, 0.53
2014-12-22, 0.55, 0.57, 0.55, 0.57, 59600.0, 0.57
2014-12-23, 0.55, 0.55, 0.55, 0.55, 13500.0, 0.55
2014-12-24, 0.55, 0.55, 0.54, 0.55, 10100.0, 0.55
2014-12-26, 0.55, 0.55, 0.55, 0.55, 8000.0, 0.55
2014-12-29, 0.55, 0.55, 0.55, 0.55, 0.0, 0.55
2014-12-30, 0.55, 0.55, 0.55, 0.55, 85200.0, 0.55
2014-12-31, 0.56, 0.56, 0.55, 0.56, 32700.0, 0.56
2015-01-02, 0.56, 0.57, 0.56, 0.57, 28100.0, 0.57
2015-01-05, 0.55, 0.57, 0.55, 0.57, 315900.0, 0.57
2015-01-06, 0.57, 0.57, 0.55, 0.55, 36400.0, 0.55
2015-01-07, 0.57, 0.58, 0.57, 0.58, 79300.0, 0.58
2015-01-08, 0.58, 0.59, 0.58, 0.59, 16000.0, 0.59
2015-01-09, 0.58, 0.58, 0.56, 0.58, 13900.0, 0.58
2015-01-12, 0.56, 0.57, 0.56, 0.56, 118200.0, 0.56
2015-01-13, 0.56, 0.58, 0.56, 0.56, 26300.0, 0.56
2015-01-14, 0.57, 0.57, 0.56, 0.57, 90800.0, 0.57
2015-01-15, 0.61, 0.61, 0.61, 0.61, 13800.0, 0.61
2015-01-16, 0.6, 0.6, 0.54, 0.57, 445700.0, 0.57
2015-01-20, 0.56, 0.56, 0.54, 0.54, 488000.0, 0.54
2015-01-21, 0.55, 0.55, 0.55, 0.55, 86100.0, 0.55
2015-01-22, 0.56, 0.6, 0.56, 0.6, 42900.0, 0.6
2015-01-23, 0.6, 0.6, 0.56, 0.56, 285300.0, 0.56
2015-01-26, 0.57, 0.6, 0.57, 0.57, 112900.0, 0.57
2015-01-27, 0.57, 0.57, 0.56, 0.56, 24900.0, 0.56
2015-01-28, 0.55, 0.58, 0.55, 0.58, 71800.0, 0.58
2015-01-29, 0.55, 0.58, 0.55, 0.58, 53100.0, 0.58
2015-01-30, 0.55, 0.55, 0.55, 0.55, 18600.0, 0.55
2015-02-02, 0.55, 0.57, 0.55, 0.55, 80600.0, 0.55
2015-02-03, 0.55, 0.57, 0.55, 0.57, 88800.0, 0.57
2015-02-04, 0.56, 0.57, 0.56, 0.56, 57800.0, 0.56
2015-02-05, 0.56, 0.59, 0.56, 0.59, 40900.0, 0.59
2015-02-06, 0.55, 0.56, 0.55, 0.55, 43600.0, 0.55
2015-02-09, 0.57, 0.57, 0.55, 0.55, 23300.0, 0.55
2015-02-10, 0.57, 0.57, 0.57, 0.57, 10500.0, 0.57
2015-02-11, 0.55, 0.56, 0.55, 0.55, 17700.0, 0.55
2015-02-12, 0.57, 0.57, 0.55, 0.57, 65300.0, 0.57
2015-02-13, 0.54, 0.56, 0.54, 0.56, 65300.0, 0.56
2015-02-17, 0.55, 0.59, 0.55, 0.55, 16400.0, 0.55
2015-02-18, 0.56, 0.56, 0.56, 0.56, 39700.0, 0.56
2015-02-19, 0.58, 0.58, 0.58, 0.58, 24800.0, 0.58
2015-02-20, 0.6, 0.6, 0.56, 0.59, 11300.0, 0.59
2015-02-23, 0.59, 0.59, 0.56, 0.56, 201400.0, 0.56
2015-02-24, 0.55, 0.59, 0.55, 0.55, 8100.0, 0.55
2015-02-25, 0.59, 0.59, 0.55, 0.59, 41600.0, 0.59
2015-02-26, 0.59, 0.59, 0.56, 0.56, 19000.0, 0.56
2015-02-27, 0.6, 0.6, 0.56, 0.56, 32500.0, 0.56
2015-03-02, 0.57, 0.6, 0.56, 0.6, 59600.0, 0.6
2015-03-03, 0.55, 0.59, 0.55, 0.55, 22300.0, 0.55
2015-03-04, 0.57, 0.57, 0.55, 0.57, 23000.0, 0.57
2015-03-05, 0.55, 0.56, 0.55, 0.56, 71900.0, 0.56
2015-03-06, 0.57, 0.57, 0.53, 0.56, 37200.0, 0.56
2015-03-09, 0.56, 0.56, 0.56, 0.56, 0.0, 0.56
2015-03-10, 0.53, 0.55, 0.53, 0.55, 79300.0, 0.55
2015-03-11, 0.53, 0.55, 0.53, 0.55, 17000.0, 0.55
2015-03-12, 0.54, 0.55, 0.54, 0.55, 77800.0, 0.55
2015-03-13, 0.55, 0.56, 0.55, 0.56, 28500.0, 0.56
2015-03-16, 0.55, 0.58, 0.55, 0.58, 21200.0, 0.58
2015-03-17, 0.58, 0.58, 0.58, 0.58, 0.0, 0.58
2015-03-18, 0.58, 0.59, 0.58, 0.59, 15800.0, 0.59
2015-03-19, 0.58, 0.59, 0.56, 0.56, 42500.0, 0.56
2015-03-20, 0.56, 0.58, 0.56, 0.56, 22000.0, 0.56
2015-03-23, 0.59, 0.59, 0.59, 0.59, 2800.0, 0.59
2015-03-24, 0.59, 0.59, 0.59, 0.59, 10700.0, 0.59
2015-03-25, 0.55, 0.59, 0.55, 0.58, 21700.0, 0.58
2015-03-26, 0.57, 0.57, 0.57, 0.57, 4600.0, 0.57
2015-03-27, 0.53, 0.58, 0.53, 0.58, 18300.0, 0.58
2015-03-30, 0.58, 0.59, 0.57, 0.59, 514100.0, 0.59
2015-03-31, 0.59, 0.59, 0.55, 0.59, 21800.0, 0.59
2015-04-01, 0.59, 0.6, 0.57, 0.6, 54900.0, 0.6
2015-04-02, 0.6, 0.61, 0.57, 0.61, 134600.0, 0.61
2015-04-06, 0.61, 0.61, 0.6, 0.61, 9500.0, 0.61
2015-04-07, 0.61, 0.62, 0.61, 0.62, 85600.0, 0.62
2015-04-08, 0.62, 0.64, 0.62, 0.64, 111800.0, 0.64
2015-04-09, 0.64, 0.65, 0.64, 0.65, 104200.0, 0.65
2015-04-10, 0.66, 0.67, 0.65, 0.65, 122900.0, 0.65
2015-04-13, 0.69, 0.71, 0.69, 0.7, 56300.0, 0.7
2015-04-14, 0.68, 0.71, 0.68, 0.7, 101400.0, 0.7
2015-04-15, 0.7, 0.73, 0.7, 0.7, 43300.0, 0.7
2015-04-16, 0.7, 0.73, 0.7, 0.73, 148600.0, 0.73
2015-04-17, 0.71, 0.72, 0.67, 0.68, 92700.0, 0.68
2015-04-20, 0.7, 0.7, 0.68, 0.7, 28500.0, 0.7
2015-04-21, 0.69, 0.7, 0.69, 0.7, 36400.0, 0.7
2015-04-22, 0.71, 0.71, 0.71, 0.71, 33600.0, 0.71
2015-04-23, 0.69, 0.69, 0.69, 0.69, 37700.0, 0.69
2015-04-24, 0.68, 0.72, 0.68, 0.72, 32400.0, 0.72
2015-04-27, 0.72, 0.73, 0.69, 0.69, 51500.0, 0.69
2015-04-28, 0.71, 0.73, 0.71, 0.73, 95200.0, 0.73
2015-04-29, 0.74, 0.74, 0.73, 0.73, 29100.0, 0.73
2015-04-30, 0.71, 0.72, 0.69, 0.72, 119200.0, 0.72
2015-05-01, 0.68, 0.71, 0.68, 0.7, 30200.0, 0.7
2015-05-04, 0.71, 0.71, 0.67, 0.69, 128000.0, 0.69
2015-05-05, 0.7, 0.7, 0.66, 0.67, 35400.0, 0.67
2015-05-06, 0.67, 0.68, 0.65, 0.68, 23900.0, 0.68
2015-05-07, 0.65, 0.67, 0.64, 0.64, 48900.0, 0.64
2015-05-08, 0.66, 0.67, 0.66, 0.66, 74200.0, 0.66
2015-05-11, 0.67, 0.68, 0.66, 0.67, 218200.0, 0.67
2015-05-12, 0.67, 0.68, 0.67, 0.67, 16000.0, 0.67
2015-05-13, 0.64, 0.67, 0.64, 0.67, 11200.0, 0.67
2015-05-14, 0.66, 0.67, 0.66, 0.67, 3000.0, 0.67
2015-05-15, 0.67, 0.68, 0.67, 0.68, 15700.0, 0.68
2015-05-18, 0.66, 0.67, 0.66, 0.67, 33400.0, 0.67
2015-05-19, 0.66, 0.67, 0.66, 0.67, 3500.0, 0.67
2015-05-20, 0.67, 0.67, 0.67, 0.67, 7800.0, 0.67
2015-05-21, 0.68, 0.69, 0.68, 0.69, 6300.0, 0.69
2015-05-22, 0.66, 0.66, 0.66, 0.66, 5000.0, 0.66
2015-05-26, 0.69, 0.73, 0.68, 0.7, 1090300.0, 0.7
2015-05-27, 0.7, 0.72, 0.7, 0.7, 25800.0, 0.7
2015-05-28, 0.69, 0.69, 0.67, 0.68, 9500.0, 0.68
2015-05-29, 0.7, 0.7, 0.7, 0.7, 4200.0, 0.7
2015-06-01, 0.7, 0.7, 0.66, 0.69, 13000.0, 0.69
2015-06-02, 0.7, 0.71, 0.65, 0.65, 5000.0, 0.65
2015-06-03, 0.69, 0.69, 0.64, 0.67, 94900.0, 0.67
2015-06-04, 0.7, 0.7, 0.69, 0.69, 3100.0, 0.69
2015-06-05, 0.69, 0.69, 0.66, 0.68, 31500.0, 0.68
2015-06-08, 0.68, 0.7, 0.68, 0.7, 3700.0, 0.7
2015-06-09, 0.71, 0.71, 0.68, 0.69, 87600.0, 0.69
2015-06-10, 0.69, 0.69, 0.68, 0.69, 34000.0, 0.69
2015-06-11, 0.69, 0.69, 0.69, 0.69, 0.0, 0.69
2015-06-12, 0.7, 0.7, 0.7, 0.7, 37800.0, 0.7
2015-06-15, 0.68, 0.68, 0.68, 0.68, 4000.0, 0.68
2015-06-16, 0.67, 0.67, 0.67, 0.67, 11000.0, 0.67
2015-06-17, 0.67, 0.67, 0.67, 0.67, 10100.0, 0.67
2015-06-18, 0.68, 0.68, 0.67, 0.67, 5100.0, 0.67
2015-06-19, 0.66, 0.68, 0.66, 0.67, 21600.0, 0.67
2015-06-22, 0.7, 0.7, 0.68, 0.68, 33500.0, 0.68
2015-06-23, 0.7, 0.71, 0.68, 0.71, 21800.0, 0.71
2015-06-24, 0.73, 0.73, 0.7, 0.7, 11700.0, 0.7
2015-06-25, 0.68, 0.68, 0.65, 0.65, 65500.0, 0.65
2015-06-26, 0.67, 0.68, 0.65, 0.67, 56300.0, 0.67
2015-06-29, 0.65, 0.65, 0.62, 0.65, 76600.0, 0.65
2015-06-30, 0.63, 0.67, 0.63, 0.65, 40200.0, 0.65
2015-07-01, 0.65, 0.68, 0.65, 0.68, 29100.0, 0.68
2015-07-02, 0.66, 0.66, 0.64, 0.66, 20000.0, 0.66
2015-07-06, 0.63, 0.64, 0.62, 0.62, 24000.0, 0.62
2015-07-07, 0.6, 0.6, 0.58, 0.58, 884100.0, 0.58
2015-07-08, 0.56, 0.56, 0.54, 0.56, 36500.0, 0.56
2015-07-09, 0.56, 0.56, 0.56, 0.56, 28800.0, 0.56
2015-07-10, 0.59, 0.59, 0.57, 0.57, 27200.0, 0.57
2015-07-13, 0.59, 0.59, 0.56, 0.57, 121400.0, 0.57
2015-07-14, 0.59, 0.59, 0.59, 0.59, 1000.0, 0.59
2015-07-15, 0.59, 0.59, 0.56, 0.56, 81600.0, 0.56
2015-07-16, 0.56, 0.59, 0.56, 0.58, 24100.0, 0.58
2015-07-17, 0.59, 0.59, 0.58, 0.59, 187800.0, 0.59
2015-07-20, 0.57, 0.59, 0.57, 0.59, 15800.0, 0.59
2015-07-21, 0.59, 0.59, 0.59, 0.59, 3300.0, 0.59
2015-07-22, 0.6, 0.6, 0.58, 0.59, 6400.0, 0.59
2015-07-23, 0.58, 0.6, 0.57, 0.57, 34300.0, 0.57
2015-07-24, 0.57, 0.57, 0.57, 0.57, 25900.0, 0.57
2015-07-27, 0.55, 0.57, 0.54, 0.55, 30200.0, 0.55
2015-07-28, 0.53, 0.53, 0.53, 0.53, 3300.0, 0.53
2015-07-29, 0.56, 0.56, 0.56, 0.56, 14300.0, 0.56
2015-07-30, 0.55, 0.55, 0.55, 0.55, 30900.0, 0.55
2015-07-31, 0.54, 0.56, 0.53, 0.54, 83000.0, 0.54
2015-08-03, 0.56, 0.56, 0.56, 0.56, 8700.0, 0.56
2015-08-04, 0.54, 0.56, 0.54, 0.56, 38100.0, 0.56
2015-08-05, 0.55, 0.55, 0.55, 0.55, 21900.0, 0.55
2015-08-06, 0.55, 0.55, 0.54, 0.54, 34900.0, 0.54
2015-08-07, 0.56, 0.56, 0.56, 0.56, 1500.0, 0.56
2015-08-10, 0.57, 0.57, 0.55, 0.55, 4800.0, 0.55
2015-08-11, 0.55, 0.56, 0.52, 0.55, 30200.0, 0.55
2015-08-12, 0.52, 0.54, 0.52, 0.54, 11800.0, 0.54
2015-08-13, 0.54, 0.54, 0.54, 0.54, 2002500.0, 0.54
2015-08-14, 0.54, 0.54, 0.54, 0.54, 45000.0, 0.54
2015-08-17, 0.54, 0.54, 0.53, 0.53, 6300.0, 0.53
2015-08-18, 0.52, 0.53, 0.52, 0.52, 23000.0, 0.52
2015-08-19, 0.52, 0.52, 0.51, 0.51, 25400.0, 0.51
2015-08-20, 0.5, 0.51, 0.5, 0.5, 7100.0, 0.5
2015-08-21, 0.49, 0.5, 0.48, 0.5, 60200.0, 0.5
2015-08-24, 0.48, 0.49, 0.46, 0.49, 40300.0, 0.49
2015-08-25, 0.48, 0.49, 0.47, 0.49, 18400.0, 0.49
2015-08-26, 0.47, 0.47, 0.46, 0.47, 77600.0, 0.47
2015-08-27, 0.47, 0.49, 0.47, 0.47, 196500.0, 0.47
2015-08-28, 0.46, 0.48, 0.46, 0.46, 19600.0, 0.46
2015-08-31, 0.45, 0.47, 0.45, 0.46, 10600.0, 0.46
2015-09-01, 0.46, 0.46, 0.45, 0.45, 175600.0, 0.45
2015-09-02, 0.45, 0.47, 0.45, 0.45, 44000.0, 0.45
2015-09-03, 0.44, 0.45, 0.43, 0.44, 38500.0, 0.44
2015-09-04, 0.43, 0.43, 0.43, 0.43, 62600.0, 0.43
2015-09-08, 0.45, 0.45, 0.44, 0.44, 127100.0, 0.44
2015-09-09, 0.47, 0.47, 0.46, 0.46, 19800.0, 0.46
2015-09-10, 0.46, 0.46, 0.45, 0.45, 10000.0, 0.45
2015-09-11, 0.46, 0.46, 0.46, 0.46, 11000.0, 0.46
2015-09-14, 0.45, 0.47, 0.45, 0.47, 18000.0, 0.438275
2015-09-15, 0.47, 0.47, 0.46, 0.46, 206100.0, 0.42895
2015-09-16, 0.46, 0.48, 0.46, 0.48, 37700.0, 0.4476
2015-09-17, 0.46, 0.47, 0.46, 0.47, 44100.0, 0.438275
2015-09-18, 0.45, 0.46, 0.44, 0.44, 33200.0, 0.4103
2015-09-21, 0.46, 0.46, 0.45, 0.45, 6500.0, 0.419625
2015-09-22, 0.44, 0.45, 0.44, 0.45, 28000.0, 0.419625
2015-09-23, 0.45, 0.45, 0.44, 0.44, 30200.0, 0.4103
2015-09-24, 0.44, 0.44, 0.43, 0.44, 40600.0, 0.4103
2015-09-25, 0.43, 0.45, 0.43, 0.43, 30900.0, 0.400975
2015-09-28, 0.44, 0.44, 0.43, 0.43, 31600.0, 0.400975
2015-09-29, 0.43, 0.43, 0.43, 0.43, 69600.0, 0.400975
2015-09-30, 0.44, 0.44, 0.43, 0.43, 123400.0, 0.400975
2015-10-01, 0.43, 0.43, 0.43, 0.43, 0.0, 0.400975
2015-10-02, 0.44, 0.44, 0.44, 0.44, 54700.0, 0.4103
2015-10-05, 0.43, 0.46, 0.43, 0.46, 48200.0, 0.42895
2015-10-06, 0.46, 0.46, 0.44, 0.44, 38300.0, 0.4103
2015-10-07, 0.47, 0.47, 0.47, 0.47, 18700.0, 0.438275
2015-10-08, 0.47, 0.47, 0.47, 0.47, 0.0, 0.438275
2015-10-09, 0.47, 0.47, 0.47, 0.47, 19100.0, 0.438275
2015-10-12, 0.48, 0.49, 0.48, 0.49, 126400.0, 0.456925
2015-10-13, 0.49, 0.49, 0.47, 0.47, 86300.0, 0.438275
2015-10-14, 0.47, 0.47, 0.46, 0.46, 4692300.0, 0.42895
2015-10-15, 0.46, 0.46, 0.46, 0.46, 0.0, 0.42895
2015-10-16, 0.48, 0.49, 0.48, 0.48, 29400.0, 0.4476
2015-10-19, 0.48, 0.48, 0.48, 0.48, 0.0, 0.4476
2015-10-20, 0.47, 0.49, 0.47, 0.49, 51700.0, 0.456925
2015-10-21, 0.49, 0.49, 0.49, 0.49, 3000.0, 0.456925
2015-10-22, 0.47, 0.48, 0.47, 0.48, 22800.0, 0.4476
2015-10-23, 0.48, 0.48, 0.48, 0.48, 0.0, 0.4476
2015-10-26, 0.5, 0.5, 0.5, 0.5, 29000.0, 0.46625
2015-10-27, 0.5, 0.5, 0.5, 0.5, 16500.0, 0.46625
2015-10-28, 0.5, 0.5, 0.48, 0.48, 54500.0, 0.4476
2015-10-29, 0.49, 0.49, 0.48, 0.48, 43100.0, 0.4476
2015-10-30, 0.48, 0.48, 0.48, 0.48, 0.0, 0.4476
2015-11-02, 0.47, 0.47, 0.47, 0.47, 19300.0, 0.438275
2015-11-03, 0.45, 0.47, 0.45, 0.47, 48400.0, 0.438275
2015-11-04, 0.47, 0.48, 0.46, 0.46, 81700.0, 0.42895
2015-11-05, 0.48, 0.48, 0.46, 0.46, 45700.0, 0.42895
2015-11-06, 0.46, 0.46, 0.46, 0.46, 31400.0, 0.42895
2015-11-09, 0.45, 0.45, 0.45, 0.45, 126400.0, 0.419625
2015-11-10, 0.45, 0.45, 0.45, 0.45, 0.0, 0.419625
2015-11-11, 0.45, 0.45, 0.45, 0.45, 0.0, 0.419625
2015-11-12, 0.44, 0.45, 0.44, 0.45, 40100.0, 0.419625
2015-11-13, 0.44, 0.45, 0.44, 0.45, 29300.0, 0.419625
2015-11-16, 0.45, 0.46, 0.45, 0.46, 19800.0, 0.42895
2015-11-17, 0.44, 0.44, 0.44, 0.44, 16400.0, 0.4103
2015-11-18, 0.44, 0.46, 0.44, 0.46, 282800.0, 0.42895
2015-11-19, 0.45, 0.47, 0.44, 0.47, 147300.0, 0.438275
2015-11-20, 0.47, 0.47, 0.47, 0.47, 56700.0, 0.438275
2015-11-23, 0.47, 0.47, 0.47, 0.47, 0.0, 0.438275
2015-11-24, 0.47, 0.47, 0.44, 0.44, 18500.0, 0.4103
2015-11-25, 0.44, 0.44, 0.44, 0.44, 0.0, 0.4103
2015-11-27, 0.45, 0.45, 0.45, 0.45, 152200.0, 0.419625
2015-11-30, 0.46, 0.46, 0.46, 0.46, 26600.0, 0.42895
2015-12-01, 0.46, 0.46, 0.46, 0.46, 10800.0, 0.42895
2015-12-02, 0.47, 0.47, 0.46, 0.46, 45100.0, 0.42895
2015-12-03, 0.45, 0.46, 0.45, 0.45, 119500.0, 0.419625
2015-12-04, 0.45, 0.45, 0.45, 0.45, 47600.0, 0.419625
2015-12-07, 0.45, 0.45, 0.44, 0.45, 60100.0, 0.419625
2015-12-08, 0.44, 0.44, 0.44, 0.44, 42100.0, 0.4103
2015-12-09, 0.44, 0.44, 0.42, 0.42, 17800.0, 0.39165
2015-12-10, 0.44, 0.44, 0.42, 0.42, 156100.0, 0.39165
2015-12-11, 0.43, 0.43, 0.42, 0.42, 121800.0, 0.39165
2015-12-14, 0.42, 0.43, 0.42, 0.43, 39000.0, 0.400975
2015-12-15, 0.42, 0.44, 0.42, 0.44, 14000.0, 0.4103
2015-12-16, 0.43, 0.43, 0.42, 0.42, 33600.0, 0.39165
2015-12-17, 0.45, 0.45, 0.45, 0.45, 167000.0, 0.419625
2015-12-18, 0.44, 0.45, 0.44, 0.45, 38200.0, 0.419625
2015-12-21, 0.45, 0.45, 0.44, 0.44, 69000.0, 0.4103
2015-12-22, 0.45, 0.45, 0.45, 0.45, 96800.0, 0.419625
2015-12-23, 0.45, 0.45, 0.45, 0.45, 49500.0, 0.419625
2015-12-24, 0.45, 0.45, 0.45, 0.45, 100800.0, 0.419625
2015-12-28, 0.46, 0.46, 0.45, 0.45, 140100.0, 0.419625
2015-12-29, 0.45, 0.45, 0.45, 0.45, 0.0, 0.419625
2015-12-30, 0.45, 0.45, 0.45, 0.45, 15100.0, 0.419625
2015-12-31, 0.45, 0.46, 0.44, 0.46, 28100.0, 0.42895
2016-01-04, 0.46, 0.46, 0.46, 0.46, 0.0, 0.42895
2016-01-05, 0.42, 0.42, 0.42, 0.42, 100400.0, 0.39165
2016-01-06, 0.41, 0.41, 0.41, 0.41, 30500.0, 0.382325
2016-01-07, 0.41, 0.41, 0.4, 0.4, 23100.0, 0.373
2016-01-08, 0.43, 0.43, 0.42, 0.42, 39500.0, 0.39165
2016-01-11, 0.41, 0.41, 0.41, 0.41, 95900.0, 0.382325
2016-01-12, 0.42, 0.42, 0.41, 0.41, 186500.0, 0.382325
2016-01-13, 0.4, 0.4, 0.4, 0.4, 18100.0, 0.373
2016-01-14, 0.39, 0.4, 0.39, 0.4, 14600.0, 0.373
2016-01-15, 0.37, 0.37, 0.37, 0.37, 27000.0, 0.345025
2016-01-19, 0.39, 0.39, 0.38, 0.38, 97200.0, 0.35435
2016-01-20, 0.38, 0.38, 0.37, 0.38, 220600.0, 0.35435
2016-01-21, 0.37, 0.39, 0.37, 0.39, 120400.0, 0.363675
2016-01-22, 0.39, 0.39, 0.39, 0.39, 0.0, 0.363675
2016-01-25, 0.39, 0.39, 0.39, 0.39, 86100.0, 0.363675
2016-01-26, 0.39, 0.39, 0.39, 0.39, 0.0, 0.363675
2016-01-27, 0.39, 0.39, 0.39, 0.39, 7700.0, 0.363675
2016-01-28, 0.39, 0.39, 0.38, 0.38, 76400.0, 0.35435
2016-01-29, 0.39, 0.41, 0.39, 0.41, 229400.0, 0.382325
2016-02-01, 0.39, 0.39, 0.39, 0.39, 6450100.0, 0.363675
2016-02-02, 0.37, 0.37, 0.37, 0.37, 748300.0, 0.345025
2016-02-03, 0.37, 0.37, 0.37, 0.37, 28500.0, 0.345025
2016-02-04, 0.37, 0.37, 0.37, 0.37, 0.0, 0.345025
2016-02-05, 0.4, 0.4, 0.4, 0.4, 100.0, 0.373
2016-02-08, 0.38, 0.4, 0.38, 0.4, 7900.0, 0.373
2016-02-09, 0.4, 0.4, 0.4, 0.4, 2000.0, 0.373
2016-02-10, 0.4, 0.4, 0.4, 0.4, 0.0, 0.373
2016-02-11, 0.38, 0.38, 0.36, 0.36, 18200.0, 0.3357
2016-02-12, 0.37, 0.38, 0.36, 0.37, 65900.0, 0.345025
2016-02-16, 0.39, 0.39, 0.38, 0.39, 36100.0, 0.363675
2016-02-17, 0.39, 0.39, 0.39, 0.39, 0.0, 0.363675
2016-02-18, 0.39, 0.39, 0.39, 0.39, 5000.0, 0.363675
2016-02-19, 0.39, 0.39, 0.39, 0.39, 0.0, 0.363675
2016-02-22, 0.39, 0.39, 0.39, 0.39, 3100.0, 0.363675
2016-02-23, 0.39, 0.39, 0.39, 0.39, 400.0, 0.363675
2016-02-24, 0.39, 0.39, 0.39, 0.39, 0.0, 0.363675
2016-02-25, 0.37, 0.38, 0.37, 0.38, 3100.0, 0.35435
2016-02-26, 0.39, 0.39, 0.39, 0.39, 1000.0, 0.363675
2016-02-29, 0.39, 0.39, 0.39, 0.39, 800.0, 0.363675
2016-03-01, 0.39, 0.39, 0.39, 0.39, 300.0, 0.363675
2016-03-02, 0.39, 0.39, 0.39, 0.39, 24000.0, 0.363675
2016-03-03, 0.38, 0.38, 0.38, 0.38, 20000.0, 0.35435
2016-03-04, 0.4, 0.4, 0.4, 0.4, 83100.0, 0.373
2016-03-07, 0.41, 0.41, 0.4, 0.4, 16400.0, 0.373
2016-03-08, 0.39, 0.4, 0.39, 0.4, 111600.0, 0.373
2016-03-09, 0.4, 0.4, 0.4, 0.4, 0.0, 0.373
2016-03-10, 0.4, 0.4, 0.4, 0.4, 0.0, 0.373
2016-03-11, 0.41, 0.41, 0.39, 0.4, 21700.0, 0.373
2016-03-14, 0.4, 0.4, 0.4, 0.4, 100.0, 0.373
2016-03-15, 0.4, 0.4, 0.4, 0.4, 0.0, 0.373
2016-03-16, 0.4, 0.4, 0.4, 0.4, 12300.0, 0.373
2016-03-17, 0.41, 0.42, 0.4, 0.4, 22100.0, 0.373
2016-03-18, 0.42, 0.42, 0.41, 0.42, 3500.0, 0.39165
2016-03-21, 0.43, 0.43, 0.4, 0.4, 13000.0, 0.373
2016-03-22, 0.42, 0.42, 0.42, 0.42, 100.0, 0.39165
2016-03-23, 0.42, 0.42, 0.42, 0.42, 6600.0, 0.39165
2016-03-24, 0.42, 0.42, 0.42, 0.42, 0.0, 0.39165
2016-03-28, 0.42, 0.42, 0.42, 0.42, 0.0, 0.39165
2016-03-29, 0.42, 0.42, 0.42, 0.42, 0.0, 0.39165
2016-03-30, 0.42, 0.42, 0.42, 0.42, 9500.0, 0.39165
2016-03-31, 0.41, 0.42, 0.41, 0.41, 27300.0, 0.382325
2016-04-01, 0.41, 0.41, 0.41, 0.41, 0.0, 0.382325
2016-04-04, 0.42, 0.42, 0.42, 0.42, 200.0, 0.39165
2016-04-05, 0.42, 0.42, 0.42, 0.42, 0.0, 0.39165
2016-04-06, 0.4, 0.4, 0.39, 0.39, 337200.0, 0.363675
2016-04-07, 0.39, 0.39, 0.39, 0.39, 1000.0, 0.363675
2016-04-08, 0.38, 0.41, 0.38, 0.4, 6800.0, 0.373
2016-04-11, 0.4, 0.4, 0.4, 0.4, 0.0, 0.373
2016-04-12, 0.39, 0.4, 0.39, 0.4, 13100.0, 0.373
2016-04-13, 0.41, 0.43, 0.41, 0.43, 85900.0, 0.400975
2016-04-14, 0.43, 0.43, 0.43, 0.43, 29900.0, 0.400975
2016-04-15, 0.43, 0.43, 0.43, 0.43, 0.0, 0.400975
2016-04-18, 0.43, 0.43, 0.43, 0.43, 0.0, 0.400975
2016-04-19, 0.43, 0.43, 0.43, 0.43, 37800.0, 0.400975
2016-04-20, 0.41, 0.41, 0.41, 0.41, 9500.0, 0.382325
2016-04-21, 0.42, 0.42, 0.42, 0.42, 9200.0, 0.39165
2016-04-22, 0.42, 0.42, 0.42, 0.42, 10000.0, 0.39165
2016-04-25, 0.42, 0.42, 0.42, 0.42, 12100.0, 0.39165
2016-04-26, 0.42, 0.42, 0.42, 0.42, 0.0, 0.39165
2016-04-27, 0.42, 0.42, 0.42, 0.42, 555000.0, 0.39165
2016-04-28, 0.41, 0.41, 0.41, 0.41, 200.0, 0.382325
2016-04-29, 0.41, 0.41, 0.41, 0.41, 0.0, 0.382325
2016-05-02, 0.41, 0.41, 0.4, 0.4, 29600.0, 0.373
2016-05-03, 0.42, 0.42, 0.41, 0.41, 104400.0, 0.382325
2016-05-04, 0.41, 0.41, 0.41, 0.41, 0.0, 0.382325
2016-05-05, 0.41, 0.41, 0.41, 0.41, 0.0, 0.382325
2016-05-06, 0.39, 0.4, 0.39, 0.4, 2500.0, 0.373
2016-05-09, 0.39, 0.39, 0.39, 0.39, 5000.0, 0.363675
2016-05-10, 0.4, 0.4, 0.39, 0.39, 42800.0, 0.363675
2016-05-11, 0.38, 0.38, 0.38, 0.38, 4600.0, 0.35435
2016-05-12, 0.38, 0.38, 0.38, 0.38, 0.0, 0.35435
2016-05-13, 0.38, 0.38, 0.38, 0.38, 0.0, 0.35435
2016-05-16, 0.39, 0.39, 0.39, 0.39, 1500.0, 0.363675
2016-05-17, 0.37, 0.38, 0.37, 0.38, 42000.0, 0.35435
2016-05-18, 0.37, 0.39, 0.37, 0.38, 87500.0, 0.35435
2016-05-19, 0.39, 0.39, 0.39, 0.39, 2200.0, 0.363675
2016-05-20, 0.4, 0.4, 0.4, 0.4, 5000.0, 0.373
2016-05-23, 0.4, 0.4, 0.38, 0.38, 54400.0, 0.35435
2016-05-24, 0.41, 0.41, 0.41, 0.41, 100.0, 0.382325
2016-05-25, 0.41, 0.41, 0.4, 0.4, 57200.0, 0.373
2016-05-26, 0.4, 0.4, 0.4, 0.4, 300.0, 0.373
2016-05-27, 0.4, 0.4, 0.4, 0.4, 0.0, 0.373
2016-05-31, 0.4, 0.4, 0.4, 0.4, 0.0, 0.373
2016-06-01, 0.4, 0.41, 0.4, 0.41, 2100.0, 0.382325
2016-06-02, 0.4, 0.42, 0.4, 0.42, 2800.0, 0.39165
2016-06-03, 0.4, 0.4, 0.4, 0.4, 1400.0, 0.373
2016-06-06, 0.43, 0.43, 0.42, 0.42, 65000.0, 0.39165
2016-06-07, 0.41, 0.43, 0.41, 0.42, 113900.0, 0.39165
2016-06-08, 0.42, 0.42, 0.42, 0.42, 0.0, 0.39165
2016-06-09, 0.42, 0.42, 0.42, 0.42, 18000.0, 0.39165
2016-06-10, 0.41, 0.42, 0.41, 0.42, 116400.0, 0.39165
2016-06-13, 0.4, 0.4, 0.4, 0.4, 400.0, 0.373
2016-06-14, 0.42, 0.42, 0.42, 0.42, 100.0, 0.39165
2016-06-15, 0.41, 0.41, 0.4, 0.4, 15000.0, 0.373
2016-06-16, 0.4, 0.4, 0.4, 0.4, 0.0, 0.4
2016-06-17, 0.4, 0.4, 0.4, 0.4, 0.0, 0.4
2016-06-20, 0.4, 0.4, 0.4, 0.4, 6300.0, 0.4
2016-06-21, 0.39, 0.39, 0.39, 0.39, 1000.0, 0.39
2016-06-22, 0.39, 0.39, 0.39, 0.39, 1000.0, 0.39
2016-06-23, 0.4, 0.4, 0.39, 0.39, 800.0, 0.39
2016-06-24, 0.39, 0.4, 0.39, 0.39, 47400.0, 0.39
2016-06-27, 0.39, 0.39, 0.39, 0.39, 0.0, 0.39
2016-06-28, 0.39, 0.39, 0.39, 0.39, 1400.0, 0.39
2016-06-29, 0.4, 0.4, 0.4, 0.4, 2200.0, 0.4
2016-06-30, 0.4, 0.4, 0.4, 0.4, 0.0, 0.4
2016-07-01, 0.39, 0.41, 0.39, 0.41, 8900.0, 0.41
2016-07-05, 0.41, 0.41, 0.41, 0.41, 0.0, 0.41
2016-07-06, 0.4, 0.4, 0.4, 0.4, 300.0, 0.4
