2009-12-29, 13.46, 13.46, 13.46, 13.46, 0.0, 10.48
2009-12-30, 13.46, 13.46, 13.46, 13.46, 0.0, 10.48
2009-12-31, 13.46, 13.46, 13.46, 13.46, 0.0, 10.48
2010-01-04, 13.5, 13.5, 13.5, 13.5, 500.0, 10.51
2010-01-05, 13.78, 13.78, 13.78, 13.78, 1000.0, 10.73
2010-01-06, 14.09, 14.09, 14.09, 14.09, 3500.0, 10.97
2010-01-07, 14.09, 14.09, 14.09, 14.09, 0.0, 10.97
2010-01-08, 13.88, 13.91, 13.88, 13.9, 14600.0, 10.82
2010-01-11, 13.76, 13.76, 13.75, 13.75, 7500.0, 10.71
2010-01-12, 13.49, 13.6, 13.49, 13.55, 3000.0, 10.55
2010-01-13, 12.98, 13.11, 12.78, 13.11, 11800.0, 10.21
2010-01-14, 12.76, 12.85, 12.7, 12.85, 10500.0, 10.01
2010-01-15, 12.95, 12.95, 12.85, 12.85, 1200.0, 10.01
2010-01-19, 13.3, 13.4, 13.13, 13.4, 1000.0, 10.43
2010-01-20, 12.76, 12.76, 12.65, 12.68, 2100.0, 9.87
2010-01-21, 12.57, 12.57, 12.1, 12.1, 3100.0, 9.42
2010-01-22, 12.31, 12.31, 12.31, 12.31, 700.0, 9.58
2010-01-25, 12.31, 12.31, 12.31, 12.31, 0.0, 9.58
2010-01-26, 12.15, 12.15, 12.1, 12.1, 4300.0, 9.42
2010-01-27, 12.05, 12.05, 12.05, 12.05, 200.0, 9.38
2010-01-28, 12.04, 12.1, 12.04, 12.1, 828000.0, 9.42
2010-01-29, 12.05, 12.36, 12.05, 12.26, 53700.0, 9.55
2010-02-01, 12.22, 12.4, 12.22, 12.4, 44400.0, 9.65
2010-02-02, 12.25, 12.4, 12.19, 12.3, 314400.0, 9.58
2010-02-03, 12.35, 12.55, 12.35, 12.55, 178000.0, 9.77
2010-02-04, 12.15, 12.16, 11.8, 11.98, 4600.0, 9.33
2010-02-05, 11.84, 11.86, 11.4, 11.86, 5900.0, 9.23
2010-02-08, 11.6, 11.71, 11.36, 11.59, 4200.0, 9.02
2010-02-09, 11.83, 12.09, 11.82, 12.02, 3400.0, 9.36
2010-02-10, 12.25, 12.25, 12.0, 12.18, 5800.0, 9.48
2010-02-11, 12.0, 12.5, 12.0, 12.27, 2700.0, 9.55
2010-02-12, 12.33, 12.38, 12.08, 12.13, 10700.0, 9.44
2010-02-16, 12.53, 12.63, 12.32, 12.63, 6100.0, 9.83
2010-02-17, 12.61, 12.64, 12.41, 12.61, 48900.0, 9.82
2010-02-18, 12.45, 12.49, 12.35, 12.35, 4300.0, 9.62
2010-02-19, 12.18, 12.25, 11.99, 12.02, 5700.0, 9.36
2010-02-22, 12.39, 12.39, 12.1, 12.12, 4500.0, 9.44
2010-02-23, 12.49, 12.49, 12.18, 12.31, 35600.0, 9.58
2010-02-24, 12.3, 12.3, 12.16, 12.22, 4400.0, 9.51
2010-02-25, 11.99, 11.99, 11.76, 11.85, 7000.0, 9.23
2010-02-26, 12.23, 12.23, 12.01, 12.23, 3900.0, 9.52
2010-03-01, 12.64, 12.84, 12.5, 12.77, 28600.0, 9.94
2010-03-02, 13.15, 13.15, 13.09, 13.1, 67100.0, 10.2
2010-03-03, 13.15, 13.15, 13.0, 13.02, 42000.0, 10.14
2010-03-04, 12.6, 12.78, 12.5, 12.78, 251300.0, 9.95
2010-03-05, 12.63, 12.85, 12.61, 12.85, 10700.0, 10.01
2010-03-08, 13.11, 13.18, 12.85, 13.13, 3300.0, 10.22
2010-03-09, 13.0, 13.15, 13.0, 13.0, 4700.0, 10.12
2010-03-10, 13.1, 13.18, 12.95, 13.11, 2700.0, 10.21
2010-03-11, 13.0, 13.02, 12.65, 12.65, 3300.0, 9.85
2010-03-12, 13.0, 13.0, 12.72, 12.72, 9000.0, 9.9
2010-03-15, 12.73, 12.84, 12.71, 12.84, 3600.0, 10.0
2010-03-16, 12.69, 12.79, 12.5, 12.56, 6400.0, 9.78
2010-03-17, 12.9, 12.9, 12.77, 12.85, 4100.0, 10.01
2010-03-18, 12.77, 13.01, 12.73, 12.97, 38700.0, 10.1
2010-03-19, 13.13, 13.2, 12.88, 13.2, 4500.0, 10.28
2010-03-22, 12.91, 13.05, 12.86, 13.05, 3300.0, 10.16
2010-03-23, 13.0, 13.2, 12.91, 13.2, 4500.0, 10.28
2010-03-24, 13.07, 13.07, 13.0, 13.0, 6500.0, 10.12
2010-03-25, 12.93, 12.95, 12.75, 12.85, 10200.0, 10.01
2010-03-26, 12.2, 13.1, 12.2, 12.8, 3400.0, 9.97
2010-03-29, 13.19, 13.19, 12.96, 13.01, 7300.0, 10.13
2010-03-30, 13.22, 13.35, 13.12, 13.35, 23100.0, 10.39
2010-03-31, 13.4, 13.55, 13.35, 13.42, 110100.0, 10.45
2010-04-01, 13.5, 13.7, 13.5, 13.67, 12400.0, 10.64
2010-04-05, 13.47, 13.8, 13.47, 13.79, 4900.0, 10.74
2010-04-06, 13.65, 13.85, 13.65, 13.84, 6600.0, 10.78
2010-04-07, 14.1, 14.1, 13.89, 14.0, 6900.0, 10.9
2010-04-08, 13.9, 14.04, 13.9, 14.04, 4200.0, 10.93
2010-04-09, 14.01, 14.23, 14.01, 14.03, 2100.0, 10.92
2010-04-12, 13.97, 14.2, 13.97, 14.2, 6000.0, 11.06
2010-04-13, 13.97, 14.1, 13.93, 14.1, 33600.0, 10.98
2010-04-14, 13.78, 13.95, 13.78, 13.95, 11100.0, 10.86
2010-04-15, 13.71, 13.8, 13.57, 13.57, 11200.0, 10.57
2010-04-16, 13.16, 13.16, 13.0, 13.13, 5200.0, 10.22
2010-04-19, 13.23, 13.23, 13.0, 13.04, 3200.0, 10.15
2010-04-20, 13.15, 13.36, 13.13, 13.35, 6900.0, 10.39
2010-04-21, 13.13, 13.13, 12.99, 13.1, 7800.0, 10.2
2010-04-22, 13.09, 13.25, 12.96, 13.25, 5200.0, 10.32
2010-04-23, 12.96, 13.16, 12.96, 13.05, 5800.0, 10.16
2010-04-26, 13.05, 13.26, 13.05, 13.26, 18700.0, 10.32
2010-04-27, 13.02, 13.25, 13.02, 13.25, 7600.0, 10.32
2010-04-28, 12.86, 13.12, 12.86, 13.12, 11000.0, 10.22
2010-04-29, 12.87, 13.1, 12.87, 13.05, 27500.0, 10.16
2010-04-30, 13.22, 13.22, 12.9, 12.9, 3000.0, 10.04
2010-05-03, 13.05, 13.05, 12.95, 13.05, 4800.0, 10.16
2010-05-04, 12.85, 12.85, 12.6, 12.6, 5900.0, 9.81
2010-05-05, 12.77, 12.85, 12.6, 12.75, 10600.0, 9.93
2010-05-06, 12.72, 12.72, 12.0, 12.46, 13400.0, 9.7
2010-05-07, 12.49, 12.49, 12.05, 12.15, 36400.0, 9.46
2010-05-10, 12.92, 12.92, 12.7, 12.8, 15000.0, 9.97
2010-05-11, 12.74, 13.05, 12.52, 13.05, 193900.0, 10.16
2010-05-12, 12.78, 13.08, 12.78, 13.02, 255000.0, 10.14
2010-05-13, 12.95, 12.95, 12.77, 12.77, 39000.0, 9.94
2010-05-14, 12.72, 12.95, 12.56, 12.8, 252100.0, 9.97
2010-05-17, 12.68, 12.75, 12.61, 12.75, 106800.0, 9.93
2010-05-18, 12.73, 12.87, 12.65, 12.8, 137400.0, 9.97
2010-05-19, 12.75, 12.85, 12.6, 12.79, 220500.0, 9.96
2010-05-20, 12.48, 12.73, 12.25, 12.64, 184200.0, 9.84
2010-05-21, 12.4, 12.74, 12.36, 12.55, 52800.0, 9.77
2010-05-24, 12.55, 12.85, 12.55, 12.7, 9300.0, 9.89
2010-05-25, 12.25, 12.5, 12.05, 12.5, 78700.0, 10.14
2010-05-26, 12.61, 12.78, 12.3, 12.3, 42100.0, 9.98
2010-05-27, 12.29, 12.6, 12.29, 12.56, 6400.0, 10.19
2010-05-28, 12.37, 12.44, 12.26, 12.4, 19200.0, 10.06
2010-06-01, 12.0, 12.4, 12.0, 12.32, 7100.0, 10.0
2010-06-02, 12.15, 12.35, 12.1, 12.35, 11600.0, 10.02
2010-06-03, 12.56, 12.56, 12.21, 12.49, 6900.0, 10.13
2010-06-04, 12.0, 12.32, 12.0, 12.01, 10700.0, 9.74
2010-06-07, 12.23, 12.25, 12.12, 12.12, 6200.0, 9.83
2010-06-08, 12.12, 12.24, 12.1, 12.24, 7900.0, 9.93
2010-06-09, 12.33, 12.6, 12.33, 12.46, 6900.0, 10.11
2010-06-10, 12.41, 12.6, 12.41, 12.6, 6800.0, 10.22
2010-06-11, 12.41, 12.5, 12.36, 12.5, 8200.0, 10.14
2010-06-14, 12.61, 12.71, 12.53, 12.65, 7600.0, 10.26
2010-06-15, 12.63, 12.84, 12.63, 12.78, 7700.0, 10.37
2010-06-16, 12.73, 12.85, 12.68, 12.81, 2400.0, 10.39
2010-06-17, 12.56, 12.69, 12.52, 12.55, 9500.0, 10.18
2010-06-18, 12.57, 12.8, 12.57, 12.8, 6300.0, 10.39
2010-06-21, 13.55, 13.55, 12.95, 13.0, 14700.0, 10.55
2010-06-22, 13.22, 13.22, 13.04, 13.05, 5100.0, 10.59
2010-06-23, 13.06, 13.27, 13.0, 13.05, 5700.0, 10.59
2010-06-24, 13.02, 13.09, 12.99, 13.02, 7900.0, 10.56
2010-06-25, 12.94, 13.0, 12.9, 12.96, 13400.0, 10.52
2010-06-28, 12.95, 13.05, 12.95, 12.95, 4800.0, 10.51
2010-06-29, 12.6, 12.64, 12.35, 12.53, 3600.0, 10.17
2010-06-30, 12.63, 12.73, 12.45, 12.45, 5300.0, 10.1
2010-07-01, 12.62, 12.62, 12.25, 12.55, 9200.0, 10.18
2010-07-02, 12.61, 12.75, 11.65, 11.9, 18500.0, 9.66
2010-07-06, 12.7, 12.79, 12.55, 12.55, 15200.0, 10.18
2010-07-07, 12.55, 12.75, 12.55, 12.7, 10500.0, 10.3
2010-07-08, 12.6, 12.85, 12.6, 12.65, 6400.0, 10.26
2010-07-09, 12.99, 13.24, 12.9, 12.9, 5700.0, 10.47
2010-07-12, 13.15, 13.36, 13.0, 13.18, 5300.0, 10.69
2010-07-13, 13.11, 13.34, 13.11, 13.11, 7800.0, 10.64
2010-07-14, 13.25, 13.25, 12.98, 13.09, 5500.0, 10.62
2010-07-15, 12.91, 12.95, 12.6, 12.65, 5700.0, 10.26
2010-07-16, 12.9, 13.0, 12.8, 12.8, 8600.0, 10.39
2010-07-19, 12.94, 12.94, 12.75, 12.75, 1900.0, 10.35
2010-07-20, 12.75, 13.1, 12.75, 13.05, 5100.0, 10.59
2010-07-21, 13.14, 13.14, 12.8, 12.89, 31100.0, 10.46
2010-07-22, 13.15, 13.44, 13.07, 13.18, 17100.0, 10.69
2010-07-23, 13.23, 13.47, 13.15, 13.47, 2400.0, 10.93
2010-07-26, 13.17, 13.38, 13.1, 13.3, 3600.0, 10.79
2010-07-27, 13.26, 13.36, 13.2, 13.2, 3900.0, 10.71
2010-07-28, 13.21, 13.25, 13.1, 13.1, 16500.0, 10.63
2010-07-29, 13.15, 13.25, 13.0, 13.0, 10000.0, 10.55
2010-07-30, 13.11, 13.22, 12.9, 13.22, 9600.0, 10.73
2010-08-02, 13.6, 13.6, 13.4, 13.55, 24200.0, 10.99
2010-08-03, 13.37, 13.43, 13.3, 13.35, 8100.0, 10.83
2010-08-04, 13.64, 13.64, 13.35, 13.35, 7500.0, 10.83
2010-08-05, 13.3, 13.57, 13.3, 13.5, 12100.0, 10.95
2010-08-06, 13.5, 13.57, 13.35, 13.57, 5600.0, 11.01
2010-08-09, 13.5, 13.69, 13.4, 13.4, 3400.0, 10.87
2010-08-10, 13.25, 13.43, 13.16, 13.16, 5900.0, 10.68
2010-08-11, 13.01, 13.02, 12.9, 13.0, 15500.0, 10.55
2010-08-12, 12.88, 12.94, 12.8, 12.8, 4600.0, 10.39
2010-08-13, 12.88, 12.92, 12.84, 12.9, 9700.0, 10.47
2010-08-16, 12.91, 13.01, 12.91, 12.99, 5700.0, 10.54
2010-08-17, 12.98, 13.1, 12.95, 13.0, 71900.0, 10.55
2010-08-18, 12.95, 13.08, 12.85, 12.85, 16900.0, 10.43
2010-08-19, 12.86, 13.0, 12.81, 12.81, 5300.0, 10.39
2010-08-20, 12.84, 12.99, 12.84, 12.97, 15700.0, 10.52
2010-08-23, 12.96, 12.96, 12.78, 12.9, 14300.0, 10.47
2010-08-24, 12.78, 12.83, 12.53, 12.63, 9200.0, 10.25
2010-08-25, 12.5, 12.71, 12.5, 12.67, 20300.0, 10.28
2010-08-26, 12.67, 12.92, 12.65, 12.77, 11900.0, 10.36
2010-08-27, 12.66, 12.77, 12.66, 12.71, 9600.0, 10.31
2010-08-30, 12.67, 12.76, 12.63, 12.63, 23400.0, 10.25
2010-08-31, 12.56, 12.67, 12.56, 12.62, 18800.0, 10.24
2010-09-01, 12.57, 12.73, 12.5, 12.69, 10800.0, 10.3
2010-09-02, 12.59, 12.75, 12.59, 12.65, 23400.0, 10.26
2010-09-03, 12.66, 12.84, 12.62, 12.62, 6900.0, 10.24
2010-09-07, 12.98, 12.98, 12.76, 12.76, 4500.0, 10.35
2010-09-08, 12.8, 12.94, 12.8, 12.94, 3700.0, 10.5
2010-09-09, 13.09, 13.09, 12.82, 12.95, 9700.0, 10.51
2010-09-10, 12.92, 12.92, 12.9, 12.9, 1400.0, 10.47
2010-09-13, 13.05, 13.18, 13.05, 13.05, 28200.0, 10.59
2010-09-14, 13.05, 13.23, 13.04, 13.04, 58600.0, 10.58
2010-09-15, 12.95, 13.05, 12.95, 13.05, 17800.0, 10.59
2010-09-16, 13.03, 13.03, 12.88, 12.9, 6600.0, 10.47
2010-09-17, 13.01, 13.14, 12.93, 13.03, 14800.0, 10.57
2010-09-20, 13.05, 13.16, 12.98, 13.0, 11800.0, 10.55
2010-09-21, 13.17, 13.21, 13.02, 13.21, 13800.0, 10.72
2010-09-22, 13.21, 13.22, 13.11, 13.14, 6700.0, 10.66
2010-09-23, 13.0, 13.1, 12.95, 12.95, 4900.0, 10.51
2010-09-24, 13.0, 13.2, 12.9, 13.0, 3700.0, 10.55
2010-09-27, 13.04, 13.15, 13.0, 13.13, 38600.0, 10.65
2010-09-28, 12.9, 13.14, 12.8, 13.0, 11700.0, 10.55
2010-09-29, 13.06, 13.19, 12.86, 13.14, 8300.0, 10.66
2010-09-30, 13.05, 13.16, 13.0, 13.1, 9800.0, 10.63
2010-10-01, 13.2, 13.24, 13.1, 13.15, 34000.0, 10.67
2010-10-04, 13.16, 13.34, 13.16, 13.2, 13600.0, 10.71
2010-10-05, 13.33, 13.5, 13.33, 13.47, 19300.0, 10.93
2010-10-06, 13.68, 13.89, 13.68, 13.87, 26900.0, 11.25
2010-10-07, 13.65, 13.75, 13.6, 13.6, 14300.0, 11.03
2010-10-08, 13.74, 13.75, 13.46, 13.46, 7400.0, 10.92
2010-10-11, 13.58, 13.77, 13.58, 13.65, 15600.0, 11.08
2010-10-12, 13.61, 13.78, 13.61, 13.63, 15600.0, 11.06
2010-10-13, 13.95, 14.0, 13.95, 14.0, 3900.0, 11.36
2010-10-14, 14.35, 14.45, 14.2, 14.45, 16400.0, 11.72
2010-10-15, 14.33, 14.65, 14.33, 14.65, 17500.0, 11.89
2010-10-18, 14.65, 14.69, 14.59, 14.6, 4300.0, 11.85
2010-10-19, 14.72, 14.86, 14.6, 14.83, 4500.0, 12.03
2010-10-20, 14.41, 14.68, 14.41, 14.68, 14000.0, 11.91
2010-10-21, 14.67, 14.84, 14.66, 14.83, 12500.0, 12.03
2010-10-22, 14.38, 14.69, 14.38, 14.51, 19300.0, 11.77
2010-10-25, 14.67, 14.75, 14.55, 14.73, 764400.0, 11.95
2010-10-26, 14.85, 14.93, 14.76, 14.9, 85900.0, 12.09
2010-10-27, 14.8, 14.8, 14.58, 14.65, 656500.0, 11.89
2010-10-28, 15.14, 15.14, 14.85, 15.09, 7500.0, 12.24
2010-10-29, 14.86, 15.04, 14.86, 14.92, 5000.0, 12.11
2010-11-01, 15.33, 15.55, 15.31, 15.35, 8800.0, 12.45
2010-11-02, 15.76, 15.8, 15.55, 15.6, 21800.0, 12.66
2010-11-03, 15.75, 15.95, 15.75, 15.94, 10600.0, 12.93
2010-11-04, 16.01, 16.35, 16.01, 16.25, 12300.0, 13.18
2010-11-05, 15.4, 15.5, 15.4, 15.41, 9800.0, 12.5
2010-11-08, 15.59, 15.75, 15.59, 15.6, 12500.0, 12.66
2010-11-09, 15.69, 15.69, 15.18, 15.5, 8600.0, 12.58
2010-11-10, 14.85, 15.7, 14.85, 15.43, 13800.0, 12.52
2010-11-11, 15.32, 15.42, 15.0, 15.3, 14100.0, 12.41
2010-11-12, 14.95, 15.25, 14.63, 15.23, 17300.0, 12.36
2010-11-15, 14.77, 15.2, 14.77, 14.95, 14100.0, 12.13
2010-11-16, 14.17, 14.95, 14.17, 14.93, 15800.0, 12.11
2010-11-17, 14.41, 14.7, 13.9, 14.7, 14100.0, 11.93
2010-11-18, 14.41, 15.0, 14.41, 14.5, 9900.0, 11.76
2010-11-19, 14.0, 14.6, 14.0, 14.0, 52300.0, 11.36
2010-11-22, 14.06, 14.25, 13.9, 14.01, 12800.0, 11.37
2010-11-23, 13.77, 13.93, 13.1, 13.65, 30400.0, 11.08
2010-11-24, 13.36, 13.95, 13.36, 13.61, 17800.0, 11.04
2010-11-26, 13.53, 13.88, 13.51, 13.51, 19200.0, 10.96
2010-11-29, 13.56, 13.9, 13.56, 13.56, 6200.0, 11.0
2010-11-30, 13.86, 13.86, 13.51, 13.62, 8000.0, 11.05
2010-12-01, 13.55, 13.95, 13.55, 13.6, 5700.0, 11.45
2010-12-02, 13.68, 13.85, 13.68, 13.72, 17800.0, 11.55
2010-12-03, 13.44, 13.91, 13.44, 13.5, 26600.0, 11.37
2010-12-06, 13.49, 13.49, 13.13, 13.14, 8700.0, 11.07
2010-12-07, 13.68, 13.68, 13.26, 13.42, 6000.0, 11.3
2010-12-08, 13.07, 13.32, 13.07, 13.32, 11700.0, 11.22
2010-12-09, 13.11, 13.24, 13.11, 13.11, 11400.0, 11.04
2010-12-10, 13.02, 13.24, 13.02, 13.05, 8200.0, 10.99
2010-12-13, 13.25, 13.42, 13.25, 13.38, 15100.0, 11.27
2010-12-14, 13.32, 13.55, 13.32, 13.55, 8000.0, 11.41
2010-12-15, 13.22, 13.22, 13.04, 13.05, 32200.0, 10.99
2010-12-16, 13.0, 13.14, 13.0, 13.12, 20900.0, 11.05
2010-12-17, 13.0, 13.09, 12.98, 13.01, 19100.0, 10.96
2010-12-20, 13.0, 13.15, 13.0, 13.13, 14200.0, 11.06
2010-12-21, 13.28, 13.28, 13.1, 13.14, 56900.0, 11.07
2010-12-22, 13.01, 13.09, 12.9, 13.0, 22800.0, 10.95
2010-12-23, 12.87, 13.03, 12.87, 12.98, 9900.0, 10.93
2010-12-27, 12.86, 13.0, 12.86, 12.86, 20900.0, 10.83
2010-12-28, 12.76, 12.87, 12.76, 12.82, 9400.0, 10.8
2010-12-29, 13.0, 13.2, 12.9, 13.12, 26300.0, 11.05
2010-12-30, 12.89, 13.25, 12.89, 13.23, 27900.0, 11.14
2010-12-31, 12.97, 13.4, 12.97, 13.08, 5400.0, 11.02
2011-01-03, 13.41, 13.44, 13.41, 13.44, 17200.0, 11.32
2011-01-04, 13.7, 13.7, 13.42, 13.54, 6000.0, 11.4
2011-01-05, 13.25, 13.54, 13.25, 13.45, 26100.0, 11.33
2011-01-06, 13.45, 13.45, 13.2, 13.39, 21700.0, 11.28
2011-01-07, 13.37, 13.37, 13.15, 13.32, 8600.0, 11.22
2011-01-10, 13.15, 13.35, 13.12, 13.35, 20000.0, 11.24
2011-01-11, 13.4, 13.4, 13.25, 13.35, 6900.0, 11.24
2011-01-12, 13.5, 13.75, 13.5, 13.69, 24600.0, 11.53
2011-01-13, 13.79, 13.79, 13.61, 13.79, 7600.0, 11.61
2011-01-14, 13.87, 13.87, 13.79, 13.86, 14200.0, 11.67
2011-01-18, 13.61, 13.87, 13.61, 13.76, 21200.0, 11.59
2011-01-19, 13.75, 13.78, 13.7, 13.78, 10700.0, 11.61
2011-01-20, 13.5, 13.7, 13.5, 13.65, 19000.0, 11.5
2011-01-21, 13.6, 13.67, 13.6, 13.6, 11400.0, 11.45
2011-01-24, 13.1, 13.5, 13.1, 13.2, 32200.0, 11.12
2011-01-25, 13.1, 13.25, 13.0, 13.02, 12400.0, 10.97
2011-01-26, 13.0, 13.15, 13.0, 13.03, 55700.0, 10.97
2011-01-27, 13.0, 13.2, 12.98, 13.07, 16700.0, 11.01
2011-01-28, 12.97, 13.05, 12.8, 12.95, 661800.0, 10.91
2011-01-31, 13.08, 13.08, 12.87, 12.9, 10200.0, 10.86
2011-02-01, 12.88, 13.11, 12.88, 13.01, 17100.0, 10.96
2011-02-02, 13.0, 13.25, 13.0, 13.06, 32500.0, 11.0
2011-02-03, 13.04, 13.11, 13.04, 13.1, 13800.0, 11.03
2011-02-04, 13.05, 13.1, 13.03, 13.03, 10600.0, 10.97
2011-02-07, 13.05, 13.1, 13.05, 13.08, 12000.0, 11.02
2011-02-08, 13.01, 13.05, 12.85, 12.98, 18400.0, 10.93
2011-02-09, 12.82, 12.9, 12.6, 12.6, 23800.0, 10.61
2011-02-10, 12.59, 12.68, 12.43, 12.68, 15500.0, 10.68
2011-02-11, 12.7, 12.7, 12.55, 12.7, 7900.0, 10.7
2011-02-14, 12.74, 12.93, 12.74, 12.78, 6200.0, 10.76
2011-02-15, 12.55, 12.83, 12.55, 12.77, 11700.0, 10.75
2011-02-16, 12.72, 13.01, 12.72, 12.98, 21600.0, 10.93
2011-02-17, 13.1, 13.15, 12.85, 13.13, 29300.0, 11.06
2011-02-18, 13.38, 13.38, 13.11, 13.18, 21700.0, 11.1
2011-02-22, 13.17, 13.17, 12.7, 12.7, 12400.0, 10.7
2011-02-23, 12.7, 12.85, 12.64, 12.82, 20000.0, 10.8
2011-02-24, 12.73, 12.86, 12.64, 12.64, 7300.0, 10.65
2011-02-25, 12.72, 12.89, 12.72, 12.85, 13100.0, 10.82
2011-02-28, 13.01, 13.22, 13.01, 13.07, 14800.0, 11.01
2011-03-01, 13.34, 13.34, 13.05, 13.1, 17100.0, 11.03
2011-03-02, 13.47, 13.47, 13.07, 13.14, 14500.0, 11.07
2011-03-03, 13.45, 13.45, 13.3, 13.36, 21500.0, 11.25
2011-03-04, 13.2, 13.53, 13.2, 13.3, 14000.0, 11.2
2011-03-07, 13.19, 13.63, 13.19, 13.35, 12200.0, 11.24
2011-03-08, 13.56, 13.61, 13.48, 13.48, 8600.0, 11.35
2011-03-09, 13.5, 13.85, 13.5, 13.6, 7600.0, 11.45
2011-03-10, 13.42, 13.75, 13.42, 13.5, 22200.0, 11.37
2011-03-11, 13.2, 13.5, 13.2, 13.5, 25000.0, 11.37
2011-03-14, 13.35, 13.65, 13.35, 13.37, 5800.0, 11.26
2011-03-15, 12.95, 13.3, 12.95, 13.15, 7500.0, 11.07
2011-03-16, 12.93, 13.32, 12.81, 13.05, 14300.0, 10.99
2011-03-17, 12.73, 13.05, 12.73, 12.86, 16200.0, 10.83
2011-03-18, 13.05, 13.21, 13.02, 13.19, 10100.0, 11.11
2011-03-21, 13.08, 13.35, 13.08, 13.28, 12700.0, 11.18
2011-03-22, 13.28, 13.38, 13.2, 13.21, 11600.0, 11.13
2011-03-23, 13.1, 13.45, 13.1, 13.3, 6600.0, 11.2
2011-03-24, 13.2, 13.59, 13.2, 13.59, 7200.0, 11.45
2011-03-25, 13.7, 13.91, 13.51, 13.91, 7900.0, 11.71
2011-03-28, 13.9, 13.9, 13.67, 13.72, 24100.0, 11.55
2011-03-29, 13.65, 13.89, 13.62, 13.67, 14800.0, 11.51
2011-03-30, 13.7, 13.87, 13.7, 13.76, 12400.0, 11.59
2011-03-31, 13.99, 14.03, 13.75, 13.98, 23700.0, 11.77
2011-04-01, 14.15, 14.15, 14.02, 14.1, 23100.0, 11.87
2011-04-04, 14.3, 14.32, 14.06, 14.21, 14500.0, 11.97
2011-04-05, 14.1, 14.3, 14.1, 14.26, 13500.0, 12.01
2011-04-06, 14.25, 14.45, 14.25, 14.26, 4600.0, 12.01
2011-04-07, 14.15, 14.3, 14.15, 14.3, 8300.0, 12.04
2011-04-08, 14.15, 14.43, 14.15, 14.16, 4200.0, 11.93
2011-04-11, 14.25, 14.37, 14.16, 14.29, 5700.0, 12.03
2011-04-12, 14.12, 14.12, 13.85, 13.88, 7100.0, 11.69
2011-04-13, 13.89, 14.3, 13.89, 14.25, 32700.0, 12.0
2011-04-14, 13.8, 14.1, 13.8, 14.1, 14700.0, 11.87
2011-04-15, 13.91, 14.12, 13.91, 13.95, 6600.0, 11.75
2011-04-18, 14.0, 14.1, 13.85, 13.89, 8100.0, 11.7
2011-04-19, 13.99, 13.99, 13.79, 13.9, 15600.0, 11.71
2011-04-20, 13.9, 14.15, 13.9, 14.01, 7900.0, 11.8
2011-04-21, 14.15, 14.2, 14.06, 14.12, 14600.0, 11.89
2011-04-25, 14.2, 14.2, 14.01, 14.12, 9400.0, 11.89
2011-04-26, 13.86, 14.2, 13.86, 14.09, 3900.0, 11.87
2011-04-27, 14.05, 14.25, 14.0, 14.24, 96400.0, 11.99
2011-04-28, 14.13, 14.25, 13.9, 13.92, 190300.0, 11.72
2011-04-29, 13.8, 14.03, 13.78, 13.85, 6600.0, 11.66
2011-05-02, 14.2, 14.2, 13.79, 13.79, 5800.0, 11.61
2011-05-03, 13.79, 13.84, 13.69, 13.69, 18800.0, 11.53
2011-05-04, 13.65, 13.71, 13.44, 13.55, 129000.0, 11.41
2011-05-05, 13.49, 13.67, 13.49, 13.59, 603400.0, 11.45
2011-05-06, 13.62, 13.87, 13.62, 13.76, 29000.0, 11.59
2011-05-09, 13.7, 13.88, 13.6, 13.88, 154800.0, 11.69
2011-05-10, 13.67, 13.97, 13.67, 13.95, 43500.0, 11.75
2011-05-11, 13.88, 13.88, 13.55, 13.55, 53800.0, 11.41
2011-05-12, 13.5, 13.72, 13.47, 13.7, 12900.0, 11.54
2011-05-13, 13.51, 13.71, 13.42, 13.58, 24200.0, 11.44
2011-05-16, 13.4, 13.63, 13.4, 13.43, 17400.0, 11.31
2011-05-17, 13.4, 13.59, 13.38, 13.44, 28100.0, 11.32
2011-05-18, 13.45, 13.72, 13.45, 13.71, 10900.0, 11.55
2011-05-19, 13.74, 13.75, 13.55, 13.75, 8000.0, 11.58
2011-05-20, 13.76, 13.76, 13.54, 13.73, 5000.0, 11.56
2011-05-23, 13.4, 13.5, 13.3, 13.45, 12600.0, 11.33
2011-05-24, 13.57, 13.57, 13.34, 13.35, 11200.0, 11.24
2011-05-25, 13.37, 13.57, 13.35, 13.55, 15700.0, 11.41
2011-05-26, 13.33, 13.58, 13.33, 13.55, 11200.0, 11.41
2011-05-27, 13.33, 13.63, 13.33, 13.38, 7900.0, 11.27
2011-05-31, 13.52, 13.52, 13.28, 13.4, 16600.0, 11.78
2011-06-01, 13.5, 13.5, 13.17, 13.29, 21300.0, 11.68
2011-06-02, 13.0, 13.19, 13.0, 13.1, 17300.0, 11.51
2011-06-03, 13.16, 13.16, 12.91, 12.91, 28900.0, 11.35
2011-06-06, 12.89, 13.05, 12.87, 12.87, 19800.0, 11.31
2011-06-07, 12.86, 13.02, 12.86, 12.92, 32100.0, 11.35
2011-06-08, 12.82, 12.84, 12.7, 12.75, 16700.0, 11.2
2011-06-09, 12.59, 12.73, 12.58, 12.7, 15700.0, 11.16
2011-06-10, 12.5, 12.61, 12.42, 12.42, 19200.0, 10.91
2011-06-13, 12.45, 12.74, 12.45, 12.56, 24400.0, 11.04
2011-06-14, 12.54, 12.73, 12.54, 12.72, 11100.0, 11.18
2011-06-15, 12.51, 12.51, 12.26, 12.27, 15400.0, 10.78
2011-06-16, 12.01, 12.33, 12.01, 12.25, 21700.0, 10.77
2011-06-17, 12.08, 12.37, 12.08, 12.36, 18200.0, 10.86
2011-06-20, 12.13, 12.32, 12.13, 12.27, 14700.0, 10.78
2011-06-21, 12.43, 12.43, 12.13, 12.19, 29000.0, 10.71
2011-06-22, 12.13, 12.15, 12.01, 12.01, 24900.0, 10.55
2011-06-23, 12.0, 12.01, 11.83, 11.9, 11600.0, 10.46
2011-06-24, 12.03, 12.36, 12.03, 12.19, 9300.0, 10.71
2011-06-27, 12.17, 12.4, 12.17, 12.33, 27700.0, 10.84
2011-06-28, 12.33, 12.38, 12.21, 12.3, 16800.0, 10.81
2011-06-29, 12.0, 12.21, 12.0, 12.18, 31000.0, 10.7
2011-06-30, 12.23, 12.28, 12.15, 12.18, 18200.0, 10.7
2011-07-01, 12.29, 12.4, 12.22, 12.31, 9800.0, 10.82
2011-07-05, 12.31, 12.31, 11.94, 12.0, 73800.0, 10.55
2011-07-06, 11.95, 11.95, 11.86, 11.9, 29500.0, 10.46
2011-07-07, 11.95, 12.0, 11.88, 12.0, 22500.0, 10.55
2011-07-08, 11.88, 11.92, 11.79, 11.83, 18700.0, 10.4
2011-07-11, 11.83, 11.83, 11.43, 11.43, 25600.0, 10.04
2011-07-12, 11.32, 11.37, 11.23, 11.27, 31900.0, 9.9
2011-07-13, 11.56, 11.56, 11.44, 11.44, 8200.0, 10.05
2011-07-14, 11.46, 11.46, 11.27, 11.27, 14000.0, 9.9
2011-07-15, 11.22, 11.34, 11.19, 11.21, 25100.0, 9.85
2011-07-18, 11.1, 11.26, 11.1, 11.22, 12200.0, 9.86
2011-07-19, 11.28, 11.35, 11.18, 11.27, 22500.0, 9.9
2011-07-20, 11.5, 11.5, 11.2, 11.21, 46800.0, 9.85
2011-07-21, 11.14, 11.35, 11.14, 11.32, 8900.0, 9.95
2011-07-22, 11.4, 11.5, 11.4, 11.5, 12300.0, 10.11
2011-07-25, 11.32, 11.33, 11.24, 11.32, 9500.0, 9.95
2011-07-26, 11.6, 11.68, 11.52, 11.59, 21800.0, 10.19
2011-07-27, 11.55, 11.69, 11.55, 11.62, 8800.0, 10.21
2011-07-28, 11.64, 11.64, 11.53, 11.59, 10200.0, 10.19
2011-07-29, 11.51, 11.56, 11.4, 11.55, 16700.0, 10.15
2011-08-01, 11.6, 11.6, 11.47, 11.52, 24600.0, 10.12
2011-08-02, 11.34, 11.68, 11.26, 11.28, 32300.0, 9.91
2011-08-03, 11.1, 11.19, 11.01, 11.09, 27400.0, 9.75
2011-08-04, 10.84, 10.9, 10.7, 10.7, 20300.0, 9.4
2011-08-05, 10.69, 10.72, 10.39, 10.72, 26000.0, 9.42
2011-08-08, 10.22, 10.22, 9.71, 9.71, 55500.0, 8.53
2011-08-09, 9.66, 9.9, 9.37, 9.57, 25900.0, 8.41
2011-08-10, 9.19, 9.59, 9.13, 9.16, 54200.0, 8.05
2011-08-11, 9.63, 9.99, 9.63, 9.99, 18500.0, 8.78
2011-08-12, 9.37, 9.94, 9.37, 9.56, 28100.0, 8.4
2011-08-15, 9.72, 10.28, 9.72, 10.06, 43900.0, 8.84
2011-08-16, 9.87, 10.1, 9.87, 10.05, 22800.0, 8.83
2011-08-17, 10.0, 10.07, 10.0, 10.07, 13100.0, 8.85
2011-08-18, 9.85, 9.93, 9.7, 9.8, 28200.0, 8.61
2011-08-19, 9.49, 9.82, 9.49, 9.69, 34200.0, 8.52
2011-08-22, 9.75, 9.76, 9.65, 9.68, 10300.0, 8.51
2011-08-23, 9.67, 9.91, 9.67, 9.91, 34700.0, 8.71
2011-08-24, 9.53, 9.91, 9.53, 9.84, 12400.0, 8.65
2011-08-25, 9.66, 9.8, 9.56, 9.56, 19200.0, 8.4
2011-08-26, 9.35, 9.71, 9.35, 9.49, 116900.0, 8.34
2011-08-29, 9.9, 10.04, 9.73, 9.91, 235400.0, 8.71
2011-08-30, 9.98, 10.15, 9.83, 9.92, 232200.0, 8.72
2011-08-31, 10.4, 10.4, 10.2, 10.26, 43000.0, 9.02
2011-09-01, 9.85, 10.19, 9.85, 10.07, 107400.0, 8.85
2011-09-02, 9.84, 9.84, 9.71, 9.73, 13100.0, 8.55
2011-09-06, 9.46, 9.72, 9.46, 9.72, 23100.0, 8.54
2011-09-07, 10.0, 10.05, 9.75, 10.01, 20200.0, 8.8
2011-09-08, 9.48, 9.7, 9.48, 9.54, 15400.0, 8.38
2011-09-09, 9.4, 9.57, 9.3, 9.3, 13500.0, 8.17
2011-09-12, 9.08, 9.32, 9.08, 9.16, 15300.0, 8.05
2011-09-13, 9.12, 9.5, 9.12, 9.42, 33200.0, 8.28
2011-09-14, 9.55, 9.55, 9.21, 9.35, 18800.0, 8.22
2011-09-15, 9.45, 9.45, 9.11, 9.39, 19100.0, 8.25
2011-09-16, 9.32, 9.45, 9.31, 9.31, 7400.0, 8.18
2011-09-19, 9.12, 9.2, 8.95, 9.03, 13400.0, 7.94
2011-09-20, 9.0, 9.23, 9.0, 9.0, 8500.0, 7.91
2011-09-21, 8.91, 9.11, 8.64, 8.65, 29000.0, 7.6
2011-09-22, 8.28, 8.33, 7.98, 8.02, 28300.0, 7.05
2011-09-23, 7.95, 8.24, 7.95, 8.24, 12900.0, 7.24
2011-09-26, 7.9, 8.11, 7.88, 8.04, 354300.0, 7.07
2011-09-27, 8.45, 8.55, 8.28, 8.3, 1262600.0, 7.29
2011-09-28, 8.15, 8.32, 8.09, 8.09, 300800.0, 7.11
2011-09-29, 8.1, 8.33, 7.96, 8.05, 50300.0, 7.07
2011-09-30, 7.84, 7.84, 7.62, 7.62, 17000.0, 6.7
2011-10-03, 7.4, 7.6, 7.22, 7.24, 59600.0, 6.36
2011-10-04, 7.18, 7.3, 6.99, 7.2, 132500.0, 6.33
2011-10-05, 7.07, 7.43, 7.07, 7.33, 61200.0, 6.44
2011-10-06, 7.5, 7.53, 7.29, 7.53, 9700.0, 6.62
2011-10-07, 7.56, 7.73, 7.56, 7.57, 28800.0, 6.65
2011-10-10, 7.88, 8.1, 7.88, 8.1, 42700.0, 7.12
2011-10-11, 8.75, 8.75, 8.45, 8.58, 30400.0, 7.54
2011-10-12, 8.55, 8.93, 8.55, 8.89, 22000.0, 7.81
2011-10-13, 8.61, 8.86, 8.61, 8.81, 19600.0, 7.74
2011-10-14, 8.5, 8.75, 8.5, 8.75, 23000.0, 7.69
2011-10-17, 8.55, 8.7, 8.47, 8.5, 10000.0, 7.47
2011-10-18, 8.23, 8.64, 8.23, 8.63, 10700.0, 7.58
2011-10-19, 8.69, 8.69, 8.4, 8.41, 16600.0, 7.39
2011-10-20, 8.08, 8.55, 8.08, 8.44, 17700.0, 7.42
2011-10-21, 8.65, 8.65, 8.26, 8.5, 5200.0, 7.47
2011-10-24, 8.91, 9.25, 8.91, 9.1, 22500.0, 8.0
2011-10-25, 8.85, 9.14, 8.83, 9.01, 10800.0, 7.92
2011-10-26, 9.41, 9.41, 8.85, 8.89, 11500.0, 7.81
2011-10-27, 9.04, 9.49, 9.04, 9.34, 21000.0, 8.21
2011-10-28, 9.35, 9.43, 9.1, 9.23, 17500.0, 8.11
2011-10-31, 9.25, 9.25, 8.76, 8.76, 24500.0, 7.7
2011-11-01, 8.76, 8.76, 8.39, 8.51, 4500.0, 7.48
2011-11-02, 8.55, 8.9, 8.55, 8.76, 12200.0, 7.7
2011-11-03, 8.84, 9.06, 8.82, 9.06, 18900.0, 7.96
2011-11-04, 8.55, 8.85, 8.55, 8.79, 3400.0, 7.72
2011-11-07, 8.75, 8.86, 8.7, 8.79, 11900.0, 7.72
2011-11-08, 8.65, 9.05, 8.65, 8.95, 12400.0, 7.87
2011-11-09, 8.9, 9.01, 8.64, 8.65, 18000.0, 7.6
2011-11-10, 8.65, 8.71, 8.65, 8.65, 12200.0, 7.6
2011-11-11, 9.0, 9.0, 8.78, 8.78, 11000.0, 7.72
2011-11-14, 8.84, 8.84, 8.57, 8.64, 3200.0, 7.59
2011-11-15, 8.95, 8.97, 8.78, 8.97, 13200.0, 7.88
2011-11-16, 8.7, 8.73, 8.61, 8.61, 9300.0, 7.57
2011-11-17, 8.49, 8.49, 8.15, 8.15, 35600.0, 7.16
2011-11-18, 8.23, 8.23, 8.11, 8.15, 12200.0, 7.16
2011-11-21, 7.98, 7.98, 7.79, 7.89, 34600.0, 6.93
2011-11-22, 7.75, 7.83, 7.69, 7.72, 14300.0, 6.78
2011-11-23, 7.57, 7.6, 7.47, 7.5, 1100200.0, 6.59
2011-11-25, 7.5, 7.55, 7.47, 7.48, 125900.0, 6.57
2011-11-28, 7.67, 7.85, 7.67, 7.73, 33000.0, 6.79
2011-11-29, 7.75, 7.85, 7.75, 7.78, 4500.0, 6.84
2011-11-30, 7.85, 8.35, 7.85, 8.35, 158100.0, 7.34
2011-12-01, 8.36, 8.51, 8.21, 8.46, 36600.0, 7.43
2011-12-02, 8.73, 8.98, 8.73, 8.8, 4000.0, 7.73
2011-12-05, 8.98, 9.08, 8.98, 9.04, 2400.0, 7.94
2011-12-06, 9.04, 9.04, 8.83, 8.92, 8600.0, 7.84
2011-12-07, 8.95, 9.1, 8.95, 9.1, 5200.0, 8.0
2011-12-08, 9.09, 9.09, 8.94, 8.98, 6700.0, 7.89
2011-12-09, 8.76, 9.17, 8.76, 9.17, 12300.0, 8.06
2011-12-12, 9.0, 9.0, 8.84, 8.91, 6900.0, 7.83
2011-12-13, 8.7, 8.93, 8.7, 8.86, 14400.0, 7.79
2011-12-14, 8.72, 8.87, 8.71, 8.8, 17900.0, 7.73
2011-12-15, 8.84, 8.88, 8.78, 8.85, 10500.0, 7.78
2011-12-16, 8.82, 9.15, 8.82, 9.05, 11700.0, 7.95
2011-12-19, 8.88, 8.91, 8.88, 8.88, 7900.0, 7.8
2011-12-20, 9.2, 9.3, 9.13, 9.21, 7000.0, 8.09
2011-12-21, 9.17, 9.18, 8.98, 9.18, 5100.0, 8.07
2011-12-22, 9.27, 9.37, 9.23, 9.37, 19000.0, 8.23
2011-12-23, 9.17, 9.34, 9.17, 9.34, 1800.0, 8.21
2011-12-27, 9.2, 9.3, 9.2, 9.23, 8200.0, 8.11
2011-12-28, 9.06, 9.1, 9.06, 9.1, 1000.0, 8.0
2011-12-29, 9.13, 9.17, 9.13, 9.17, 8600.0, 8.06
2011-12-30, 9.13, 9.15, 9.13, 9.15, 11800.0, 8.04
2012-01-03, 9.3, 9.48, 9.3, 9.42, 35600.0, 8.28
2012-01-04, 9.3, 9.31, 9.28, 9.3, 2900.0, 8.17
2012-01-05, 9.37, 9.37, 9.26, 9.31, 8700.0, 8.18
2012-01-06, 9.21, 9.21, 9.17, 9.17, 3600.0, 8.06
2012-01-09, 9.47, 9.47, 9.41, 9.41, 3900.0, 8.27
2012-01-10, 9.69, 9.74, 9.67, 9.67, 14400.0, 8.5
2012-01-11, 9.71, 9.78, 9.69, 9.77, 4700.0, 8.59
2012-01-12, 9.83, 9.95, 9.83, 9.87, 12200.0, 8.67
2012-01-13, 10.02, 10.14, 10.02, 10.08, 16400.0, 8.86
2012-01-17, 10.57, 10.57, 10.42, 10.44, 11600.0, 9.17
2012-01-18, 10.58, 10.71, 10.44, 10.71, 15100.0, 9.41
2012-01-19, 10.7, 10.7, 10.6, 10.6, 33000.0, 9.32
2012-01-20, 10.52, 10.65, 10.5, 10.63, 43000.0, 9.34
2012-01-23, 10.77, 10.77, 10.65, 10.66, 12700.0, 9.37
2012-01-24, 10.61, 10.67, 10.55, 10.67, 2300.0, 9.38
2012-01-25, 10.6, 10.85, 10.6, 10.74, 12200.0, 9.44
2012-01-26, 10.85, 10.85, 10.75, 10.75, 4600.0, 9.45
2012-01-27, 10.85, 10.87, 10.84, 10.87, 4600.0, 9.55
2012-01-30, 10.43, 10.6, 10.43, 10.6, 9700.0, 9.32
2012-01-31, 10.6, 10.69, 10.6, 10.67, 6100.0, 9.38
2012-02-01, 10.86, 10.86, 10.75, 10.82, 13200.0, 9.51
2012-02-02, 10.85, 10.95, 10.85, 10.94, 9000.0, 9.61
2012-02-03, 11.1, 11.1, 11.04, 11.04, 3800.0, 9.7
2012-02-06, 10.93, 10.95, 10.9, 10.9, 13200.0, 9.58
2012-02-07, 10.73, 10.84, 10.73, 10.84, 11800.0, 9.53
2012-02-08, 10.84, 10.88, 10.79, 10.88, 4500.0, 9.56
2012-02-09, 10.77, 10.77, 10.7, 10.76, 3400.0, 9.46
2012-02-10, 10.38, 10.4, 10.38, 10.4, 3600.0, 9.14
2012-02-13, 10.65, 10.65, 10.47, 10.5, 13200.0, 9.23
2012-02-14, 10.5, 10.53, 10.46, 10.51, 5500.0, 9.24
2012-02-15, 10.7, 10.75, 10.62, 10.65, 13800.0, 9.36
2012-02-16, 10.63, 10.66, 10.61, 10.61, 5600.0, 9.32
2012-02-17, 10.67, 10.7, 10.65, 10.68, 53200.0, 9.39
2012-02-21, 10.76, 10.87, 10.74, 10.74, 11500.0, 9.44
2012-02-22, 10.82, 10.82, 10.76, 10.76, 1900.0, 9.46
2012-02-23, 10.66, 10.77, 10.66, 10.72, 2600.0, 9.42
2012-02-24, 10.66, 10.82, 10.66, 10.77, 15900.0, 9.46
2012-02-27, 10.53, 10.59, 10.53, 10.56, 12000.0, 9.28
2012-02-28, 10.75, 10.75, 10.67, 10.72, 3700.0, 9.42
2012-02-29, 10.85, 10.85, 10.7, 10.7, 10400.0, 9.4
2012-03-01, 10.7, 10.79, 10.7, 10.74, 6800.0, 9.44
2012-03-02, 10.75, 10.8, 10.75, 10.8, 6300.0, 9.49
2012-03-05, 10.6, 10.6, 10.5, 10.52, 13500.0, 9.25
2012-03-06, 10.17, 10.22, 10.12, 10.22, 37800.0, 8.98
2012-03-07, 10.25, 10.25, 10.24, 10.25, 12100.0, 9.01
2012-03-08, 10.38, 10.48, 10.38, 10.44, 10300.0, 9.17
2012-03-09, 10.41, 10.53, 10.41, 10.5, 2800.0, 9.23
2012-03-12, 10.5, 10.5, 10.5, 10.5, 1700.0, 9.23
2012-03-13, 10.65, 10.8, 10.65, 10.8, 5200.0, 9.49
2012-03-14, 10.77, 10.82, 10.61, 10.61, 15000.0, 9.32
2012-03-15, 10.62, 10.62, 10.59, 10.6, 3600.0, 9.32
2012-03-16, 10.64, 10.66, 10.64, 10.66, 4000.0, 9.37
2012-03-19, 10.45, 10.45, 10.36, 10.37, 44600.0, 9.11
2012-03-20, 10.26, 10.26, 10.19, 10.23, 29800.0, 8.99
2012-03-21, 10.2, 10.27, 10.18, 10.25, 19700.0, 9.01
2012-03-22, 10.2, 10.2, 10.09, 10.12, 13600.0, 8.89
2012-03-23, 10.06, 10.08, 10.02, 10.08, 11000.0, 8.86
2012-03-26, 10.04, 10.09, 10.0, 10.09, 25500.0, 8.87
2012-03-27, 10.28, 10.28, 10.07, 10.14, 6200.0, 8.91
2012-03-28, 10.01, 10.01, 9.93, 9.98, 8500.0, 8.77
2012-03-29, 9.94, 9.94, 9.74, 9.83, 8900.0, 8.64
2012-03-30, 10.04, 10.04, 9.99, 10.03, 1300.0, 8.81
2012-04-02, 10.02, 10.14, 10.02, 10.11, 10100.0, 8.88
2012-04-03, 10.2, 10.22, 10.13, 10.22, 9900.0, 8.98
2012-04-04, 10.1, 10.16, 9.96, 10.1, 21700.0, 8.88
2012-04-05, 10.1, 10.15, 10.06, 10.15, 7200.0, 8.92
2012-04-09, 9.98, 10.0, 9.97, 9.97, 3100.0, 8.76
2012-04-10, 10.0, 10.01, 9.84, 9.84, 8600.0, 8.65
2012-04-11, 9.98, 10.0, 9.95, 9.95, 48400.0, 8.74
2012-04-12, 10.15, 10.42, 10.15, 10.42, 29200.0, 9.16
2012-04-13, 10.42, 10.47, 10.37, 10.43, 27600.0, 9.17
2012-04-16, 10.44, 10.44, 10.29, 10.31, 17900.0, 9.06
2012-04-17, 10.39, 10.47, 10.38, 10.47, 11500.0, 9.2
2012-04-18, 10.41, 10.45, 10.36, 10.4, 8600.0, 9.14
2012-04-19, 10.48, 10.52, 10.37, 10.42, 11100.0, 9.16
2012-04-20, 10.5, 10.58, 10.5, 10.51, 2900.0, 9.24
2012-04-23, 10.33, 10.33, 10.21, 10.31, 10500.0, 9.06
2012-04-24, 10.38, 10.4, 10.35, 10.36, 4400.0, 9.1
2012-04-25, 10.32, 10.4, 10.32, 10.35, 11700.0, 9.1
2012-04-26, 10.41, 10.49, 10.4, 10.49, 4600.0, 9.22
2012-04-27, 10.25, 10.39, 10.25, 10.31, 20000.0, 9.06
2012-04-30, 10.38, 10.41, 10.34, 10.39, 8300.0, 9.13
2012-05-01, 10.53, 10.58, 10.42, 10.53, 64800.0, 9.25
2012-05-02, 10.42, 10.5, 10.02, 10.02, 133300.0, 8.81
2012-05-03, 10.17, 10.17, 10.05, 10.09, 46900.0, 8.87
2012-05-04, 10.15, 10.15, 9.95, 10.0, 91300.0, 8.79
2012-05-07, 10.07, 10.07, 9.92, 9.94, 18100.0, 8.74
2012-05-08, 9.92, 9.92, 9.65, 9.76, 26300.0, 8.58
2012-05-09, 9.61, 9.67, 9.58, 9.62, 36900.0, 8.45
2012-05-10, 9.71, 9.71, 9.66, 9.67, 12700.0, 8.5
2012-05-11, 9.58, 9.68, 9.58, 9.58, 16300.0, 8.42
2012-05-14, 9.5, 9.52, 9.43, 9.44, 28500.0, 8.3
2012-05-15, 9.45, 9.49, 9.44, 9.44, 13400.0, 8.3
2012-05-16, 9.37, 9.37, 9.23, 9.24, 32200.0, 8.12
2012-05-17, 9.19, 9.2, 9.11, 9.12, 20000.0, 8.01
2012-05-18, 9.07, 9.26, 9.0, 9.02, 11000.0, 7.93
2012-05-21, 9.09, 9.25, 9.09, 9.25, 33300.0, 8.13
2012-05-22, 9.29, 9.29, 9.13, 9.14, 19000.0, 8.03
2012-05-23, 9.01, 9.07, 8.94, 9.07, 27900.0, 7.97
2012-05-24, 9.15, 9.15, 8.95, 9.03, 29600.0, 7.94
2012-05-25, 9.13, 9.13, 9.03, 9.03, 7800.0, 7.94
2012-05-29, 9.4, 9.45, 9.37, 9.43, 4700.0, 8.29
2012-05-30, 9.51, 9.51, 9.32, 9.42, 10400.0, 8.28
2012-05-31, 9.49, 9.64, 9.47, 9.64, 78200.0, 8.47
2012-06-01, 9.55, 9.55, 9.41, 9.41, 20800.0, 8.27
2012-06-04, 9.35, 9.64, 8.93, 9.0, 83400.0, 8.46
2012-06-05, 9.44, 9.44, 9.11, 9.21, 52300.0, 8.66
2012-06-06, 9.13, 9.17, 9.13, 9.16, 1100.0, 8.61
2012-06-07, 9.35, 9.45, 9.25, 9.26, 638100.0, 8.71
2012-06-08, 8.9, 8.97, 8.88, 8.97, 50800.0, 8.43
2012-06-11, 9.0, 9.0, 8.85, 8.85, 14300.0, 8.32
2012-06-12, 8.9, 9.19, 8.9, 8.97, 1700.0, 8.43
2012-06-13, 8.99, 9.02, 8.92, 8.92, 17200.0, 8.39
2012-06-14, 9.21, 9.21, 9.05, 9.12, 5800.0, 8.57
2012-06-15, 9.27, 9.27, 9.18, 9.22, 7700.0, 8.67
2012-06-18, 9.22, 9.27, 9.22, 9.27, 2700.0, 8.72
2012-06-19, 9.37, 9.46, 9.37, 9.4, 13500.0, 8.84
2012-06-20, 9.37, 9.44, 9.37, 9.44, 4700.0, 8.88
2012-06-21, 9.3, 9.37, 9.2, 9.22, 11800.0, 8.67
2012-06-22, 9.29, 9.3, 9.23, 9.3, 12600.0, 8.74
2012-06-25, 9.11, 9.11, 9.06, 9.1, 9000.0, 8.56
2012-06-26, 9.12, 9.16, 9.1, 9.12, 16100.0, 8.57
2012-06-27, 9.26, 9.28, 9.26, 9.28, 6900.0, 8.72
2012-06-28, 9.25, 9.25, 9.15, 9.24, 7200.0, 8.69
2012-06-29, 9.44, 9.57, 9.44, 9.57, 14200.0, 9.0
2012-07-02, 9.55, 9.56, 9.49, 9.56, 7200.0, 8.99
2012-07-03, 9.55, 9.61, 9.55, 9.6, 8000.0, 9.03
2012-07-05, 9.28, 9.47, 9.28, 9.45, 5300.0, 8.88
2012-07-06, 9.17, 9.18, 9.1, 9.13, 6600.0, 8.58
2012-07-09, 9.13, 9.14, 9.1, 9.12, 6500.0, 8.57
2012-07-10, 9.18, 9.18, 9.09, 9.12, 10200.0, 8.57
2012-07-11, 9.06, 9.06, 9.02, 9.05, 3600.0, 8.51
2012-07-12, 8.74, 8.95, 8.74, 8.93, 22300.0, 8.4
2012-07-13, 9.07, 9.07, 9.01, 9.05, 11300.0, 8.51
2012-07-16, 8.91, 9.0, 8.91, 9.0, 3100.0, 8.46
2012-07-17, 8.9, 9.0, 8.9, 8.96, 4000.0, 8.42
2012-07-18, 9.07, 9.07, 9.07, 9.07, 700.0, 8.53
2012-07-19, 9.3, 9.31, 9.25, 9.26, 27100.0, 8.71
2012-07-20, 9.1, 9.1, 9.1, 9.1, 3000.0, 8.56
2012-07-23, 9.07, 9.07, 8.91, 9.01, 19600.0, 8.47
2012-07-24, 9.07, 9.08, 8.92, 9.01, 46400.0, 8.47
2012-07-25, 9.1, 9.2, 9.06, 9.1, 114400.0, 8.56
2012-07-26, 9.27, 9.31, 9.26, 9.31, 13800.0, 8.75
2012-07-27, 9.37, 9.57, 9.36, 9.57, 14600.0, 9.0
2012-07-30, 9.43, 9.43, 9.4, 9.43, 2200.0, 8.87
2012-07-31, 9.52, 9.54, 9.49, 9.51, 8600.0, 8.94
2012-08-01, 9.66, 9.66, 9.42, 9.42, 500.0, 8.86
2012-08-02, 9.35, 9.4, 9.33, 9.33, 2300.0, 8.77
2012-08-03, 9.43, 9.66, 9.43, 9.55, 3500.0, 8.98
2012-08-06, 9.64, 9.66, 9.62, 9.66, 2800.0, 9.08
2012-08-07, 9.7, 9.7, 9.63, 9.63, 1400.0, 9.05
2012-08-08, 9.62, 9.65, 9.6, 9.62, 4500.0, 9.04
2012-08-09, 9.72, 9.72, 9.62, 9.62, 8100.0, 9.04
2012-08-10, 9.6, 9.65, 9.6, 9.61, 9200.0, 9.04
2012-08-13, 9.51, 9.63, 9.51, 9.63, 21800.0, 9.05
2012-08-14, 9.68, 9.73, 9.65, 9.65, 8000.0, 9.07
2012-08-15, 9.82, 9.82, 9.62, 9.82, 1000.0, 9.23
2012-08-16, 9.59, 9.65, 9.59, 9.65, 35300.0, 9.07
2012-08-17, 9.63, 9.63, 9.56, 9.61, 7500.0, 9.04
2012-08-20, 9.56, 9.61, 9.55, 9.58, 6400.0, 9.01
2012-08-21, 9.64, 9.64, 9.55, 9.55, 4800.0, 8.98
2012-08-22, 9.5, 9.55, 9.47, 9.55, 5600.0, 8.98
2012-08-23, 9.47, 9.62, 9.47, 9.51, 3300.0, 8.94
2012-08-24, 9.45, 9.48, 9.4, 9.46, 19000.0, 8.89
2012-08-27, 9.38, 9.38, 9.34, 9.36, 6300.0, 8.8
2012-08-28, 9.31, 9.32, 9.29, 9.32, 2800.0, 8.76
2012-08-29, 9.23, 9.29, 9.23, 9.28, 2300.0, 8.72
2012-08-30, 9.08, 9.16, 9.08, 9.16, 5500.0, 8.61
2012-08-31, 9.08, 9.25, 9.07, 9.1, 4900.0, 8.56
2012-09-04, 8.98, 8.98, 8.95, 8.98, 2400.0, 8.44
2012-09-05, 8.98, 8.98, 8.98, 8.98, 0.0, 8.44
2012-09-06, 8.92, 9.02, 8.92, 9.02, 14600.0, 8.48
2012-09-07, 9.24, 9.32, 9.24, 9.28, 18000.0, 8.72
2012-09-10, 9.16, 9.17, 9.1, 9.1, 11600.0, 8.56
2012-09-11, 9.13, 9.21, 9.13, 9.21, 17200.0, 8.66
2012-09-12, 9.21, 9.21, 9.17, 9.2, 8000.0, 8.65
2012-09-13, 9.15, 9.45, 9.15, 9.4, 18900.0, 8.84
2012-09-14, 9.38, 9.6, 9.38, 9.52, 5700.0, 8.95
2012-09-17, 9.3, 9.47, 9.3, 9.42, 12600.0, 8.86
2012-09-18, 9.42, 9.45, 9.42, 9.45, 600.0, 8.88
2012-09-19, 9.53, 9.6, 9.52, 9.6, 2400.0, 9.03
2012-09-20, 9.61, 9.61, 9.52, 9.58, 3100.0, 9.01
2012-09-21, 9.69, 9.69, 9.55, 9.6, 4200.0, 9.03
2012-09-24, 9.6, 9.6, 9.38, 9.5, 12400.0, 8.93
2012-09-25, 9.26, 9.47, 9.26, 9.3, 22400.0, 8.74
2012-09-26, 9.2, 9.35, 9.2, 9.2, 4100.0, 8.65
2012-09-27, 9.3, 9.47, 9.3, 9.47, 3000.0, 8.9
2012-09-28, 9.43, 9.46, 9.42, 9.44, 2900.0, 8.88
2012-10-01, 9.5, 9.5, 9.5, 9.5, 300.0, 8.93
2012-10-02, 9.53, 9.53, 9.49, 9.49, 3800.0, 8.92
2012-10-03, 9.48, 9.5, 9.48, 9.5, 5400.0, 8.93
2012-10-04, 9.5, 9.53, 9.49, 9.49, 2400.0, 8.92
2012-10-05, 9.58, 9.62, 9.52, 9.52, 4200.0, 8.95
2012-10-08, 9.4, 9.4, 9.35, 9.35, 500.0, 8.79
2012-10-09, 9.4, 9.4, 9.4, 9.4, 400.0, 8.84
2012-10-10, 9.5, 9.53, 9.48, 9.48, 5100.0, 8.91
2012-10-11, 10.0, 10.0, 9.74, 9.86, 12300.0, 9.27
2012-10-12, 9.86, 9.94, 9.86, 9.94, 2200.0, 9.35
2012-10-15, 9.92, 9.97, 9.92, 9.97, 4600.0, 9.37
2012-10-16, 9.99, 10.05, 9.96, 10.05, 20900.0, 9.45
2012-10-17, 9.96, 10.05, 9.94, 10.0, 74700.0, 9.4
2012-10-18, 10.05, 10.1, 10.02, 10.02, 8700.0, 9.42
2012-10-19, 9.99, 9.99, 9.9, 9.91, 6200.0, 9.32
2012-10-22, 10.06, 10.19, 10.04, 10.05, 17000.0, 9.45
2012-10-23, 10.17, 10.17, 9.93, 10.0, 7400.0, 9.4
2012-10-24, 10.15, 10.15, 9.99, 9.99, 4600.0, 9.39
2012-10-25, 10.3, 10.3, 10.16, 10.23, 9600.0, 9.62
2012-10-26, 10.23, 10.23, 10.1, 10.23, 2300.0, 9.62
2012-10-31, 10.13, 10.28, 10.13, 10.13, 3600.0, 9.52
2012-11-01, 10.29, 10.45, 10.29, 10.41, 3000.0, 9.79
2012-11-02, 10.45, 10.45, 10.4, 10.4, 4500.0, 9.78
2012-11-05, 10.4, 10.45, 10.31, 10.45, 7200.0, 9.82
2012-11-06, 10.43, 10.52, 10.43, 10.52, 4900.0, 9.89
2012-11-07, 10.32, 10.38, 10.24, 10.36, 4300.0, 9.74
2012-11-08, 10.08, 10.3, 10.08, 10.09, 2800.0, 9.49
2012-11-09, 10.1, 10.2, 10.09, 10.14, 3000.0, 9.53
2012-11-12, 10.21, 10.24, 10.14, 10.22, 1900.0, 9.61
2012-11-13, 10.0, 10.02, 9.93, 10.02, 3000.0, 9.42
2012-11-14, 10.08, 10.11, 10.03, 10.05, 3400.0, 9.45
2012-11-15, 10.02, 10.02, 9.94, 10.01, 2100.0, 9.41
2012-11-16, 10.08, 10.15, 10.07, 10.07, 500.0, 9.47
2012-11-19, 10.22, 10.25, 10.22, 10.25, 3300.0, 9.64
2012-11-20, 10.16, 10.16, 10.02, 10.14, 8300.0, 9.53
2012-11-21, 10.2, 10.23, 10.2, 10.21, 14900.0, 9.6
2012-11-23, 10.43, 10.43, 10.37, 10.37, 5400.0, 9.75
2012-11-26, 10.58, 10.58, 10.35, 10.44, 4300.0, 9.82
2012-11-27, 10.39, 10.39, 10.32, 10.37, 2700.0, 9.75
2012-11-28, 10.3, 10.31, 10.26, 10.3, 8900.0, 9.68
2012-11-29, 10.4, 10.4, 10.37, 10.37, 1900.0, 9.75
2012-11-30, 10.49, 10.49, 10.45, 10.49, 10700.0, 9.86
2012-12-03, 10.41, 10.41, 10.35, 10.35, 5200.0, 9.73
2012-12-04, 10.5, 10.5, 10.38, 10.48, 1900.0, 9.85
2012-12-05, 10.6, 10.78, 10.6, 10.71, 72300.0, 10.07
2012-12-06, 10.64, 10.72, 10.64, 10.72, 18400.0, 10.08
2012-12-07, 10.71, 10.71, 10.7, 10.7, 600.0, 10.06
2012-12-10, 10.84, 10.9, 10.84, 10.88, 1100.0, 10.23
2012-12-11, 10.93, 10.93, 10.93, 10.93, 4600.0, 10.28
2012-12-12, 11.14, 11.14, 11.01, 11.05, 8600.0, 10.39
2012-12-13, 11.0, 11.0, 10.88, 10.96, 7200.0, 10.3
2012-12-14, 11.1, 11.14, 11.06, 11.11, 4500.0, 10.45
2012-12-17, 11.15, 11.24, 11.15, 11.24, 1100.0, 10.57
2012-12-18, 11.25, 11.29, 11.21, 11.26, 3200.0, 10.59
2012-12-19, 11.32, 11.32, 11.17, 11.17, 13200.0, 10.5
2012-12-20, 11.19, 11.23, 11.18, 11.18, 5500.0, 10.51
2012-12-21, 11.04, 11.05, 11.0, 11.05, 3800.0, 10.39
2012-12-24, 11.11, 11.11, 10.96, 10.97, 1100.0, 10.31
2012-12-26, 10.99, 11.08, 10.99, 11.08, 1100.0, 10.42
2012-12-27, 11.08, 11.1, 11.02, 11.1, 3800.0, 10.44
2012-12-28, 11.1, 11.2, 11.1, 11.13, 10000.0, 10.46
2012-12-31, 11.16, 11.36, 11.16, 11.36, 2500.0, 10.68
2013-01-02, 11.58, 11.76, 11.58, 11.74, 6000.0, 11.04
2013-01-03, 11.78, 11.78, 11.68, 11.68, 5700.0, 10.98
2013-01-04, 11.7, 11.71, 11.66, 11.71, 1500.0, 11.01
2013-01-07, 11.67, 11.67, 11.6, 11.6, 1300.0, 10.91
2013-01-08, 11.45, 11.45, 11.35, 11.4, 3500.0, 10.72
2013-01-09, 11.5, 11.61, 11.5, 11.59, 8900.0, 10.9
2013-01-10, 11.81, 11.84, 11.78, 11.84, 5500.0, 11.13
2013-01-11, 11.84, 11.84, 11.73, 11.78, 4800.0, 11.08
2013-01-14, 11.93, 11.95, 11.86, 11.95, 8100.0, 11.24
2013-01-15, 11.97, 11.97, 11.9, 11.9, 1400.0, 11.19
2013-01-16, 11.85, 11.9, 11.85, 11.9, 8400.0, 11.19
2013-01-17, 11.94, 12.03, 11.94, 12.03, 5200.0, 11.31
2013-01-18, 12.15, 12.22, 12.13, 12.21, 6800.0, 11.48
2013-01-22, 12.18, 12.18, 12.1, 12.12, 17300.0, 11.39
2013-01-23, 12.16, 12.23, 12.13, 12.17, 4100.0, 11.44
2013-01-24, 12.32, 12.35, 12.26, 12.29, 65800.0, 11.55
2013-01-25, 12.1, 12.16, 12.07, 12.07, 627500.0, 11.35
2013-01-28, 12.16, 12.17, 12.13, 12.13, 3700.0, 11.4
2013-01-29, 12.16, 12.25, 12.15, 12.25, 3200.0, 11.52
2013-01-30, 12.29, 12.29, 12.23, 12.26, 12500.0, 11.53
2013-01-31, 12.21, 12.37, 12.21, 12.3, 2800.0, 11.56
2013-02-01, 12.45, 12.59, 12.45, 12.57, 16000.0, 11.82
2013-02-04, 12.58, 12.58, 12.43, 12.43, 15300.0, 11.69
2013-02-05, 12.2, 12.3, 12.2, 12.23, 6200.0, 11.5
2013-02-06, 12.14, 12.17, 12.1, 12.17, 7700.0, 11.44
2013-02-07, 12.12, 12.12, 11.98, 12.06, 8700.0, 11.34
2013-02-08, 12.06, 12.11, 12.04, 12.11, 4200.0, 11.39
2013-02-11, 12.19, 12.19, 12.04, 12.12, 12300.0, 11.39
2013-02-12, 12.11, 12.15, 12.08, 12.11, 4500.0, 11.39
2013-02-13, 12.08, 12.15, 12.08, 12.15, 14600.0, 11.42
2013-02-14, 12.26, 12.28, 12.25, 12.27, 11700.0, 11.54
2013-02-15, 12.26, 12.33, 12.25, 12.27, 7000.0, 11.54
2013-02-19, 12.08, 12.08, 11.96, 11.99, 14800.0, 11.27
2013-02-20, 12.15, 12.15, 12.03, 12.03, 14500.0, 11.31
2013-02-21, 12.01, 12.01, 11.74, 11.82, 16400.0, 11.11
2013-02-22, 11.67, 11.85, 11.67, 11.72, 7700.0, 11.02
2013-02-25, 11.8, 11.83, 11.6, 11.61, 9500.0, 10.92
2013-02-26, 11.65, 11.65, 11.43, 11.54, 10100.0, 10.85
2013-02-27, 11.39, 11.57, 11.39, 11.51, 16500.0, 10.82
2013-02-28, 11.71, 11.76, 11.65, 11.75, 5700.0, 11.05
2013-03-01, 11.5, 11.5, 11.45, 11.48, 1700.0, 10.79
2013-03-04, 11.39, 11.39, 11.21, 11.27, 10100.0, 10.6
2013-03-05, 11.45, 11.5, 11.42, 11.45, 7300.0, 10.76
2013-03-06, 11.8, 11.8, 11.64, 11.7, 10500.0, 11.0
2013-03-07, 11.6, 11.79, 11.6, 11.73, 9800.0, 11.03
2013-03-08, 11.9, 11.95, 11.87, 11.94, 2600.0, 11.23
2013-03-11, 11.8, 11.87, 11.8, 11.83, 14400.0, 11.12
2013-03-12, 11.88, 11.88, 11.65, 11.67, 8500.0, 10.97
2013-03-13, 11.44, 11.44, 11.37, 11.44, 9500.0, 10.76
2013-03-14, 11.52, 11.54, 11.51, 11.54, 6500.0, 10.85
2013-03-15, 11.34, 11.48, 11.32, 11.4, 6800.0, 10.72
2013-03-18, 11.24, 11.3, 11.18, 11.24, 11700.0, 10.57
2013-03-19, 11.06, 11.14, 11.01, 11.1, 83500.0, 10.44
2013-03-20, 11.37, 11.4, 11.37, 11.4, 4900.0, 10.72
2013-03-21, 11.27, 11.34, 11.22, 11.22, 2200.0, 10.55
2013-03-22, 11.33, 11.33, 11.29, 11.29, 4700.0, 10.61
2013-03-25, 11.37, 11.44, 11.3, 11.34, 26500.0, 10.66
2013-03-26, 11.49, 11.6, 11.48, 11.6, 26600.0, 10.91
2013-03-27, 11.65, 11.65, 11.58, 11.6, 2600.0, 10.91
2013-03-28, 11.59, 11.63, 11.53, 11.61, 3400.0, 10.92
2013-04-01, 11.47, 11.53, 11.47, 11.48, 10100.0, 10.79
2013-04-02, 11.49, 11.53, 11.46, 11.46, 1700.0, 10.77
2013-04-03, 11.45, 11.45, 11.27, 11.27, 7600.0, 10.6
2013-04-04, 11.43, 11.43, 11.27, 11.27, 7300.0, 10.6
2013-04-05, 11.08, 11.12, 11.06, 11.12, 12600.0, 10.45
2013-04-08, 11.02, 11.19, 11.02, 11.19, 2700.0, 10.52
2013-04-09, 11.39, 11.47, 11.25, 11.37, 2100.0, 10.69
2013-04-10, 11.37, 11.43, 11.37, 11.38, 2100.0, 10.7
2013-04-11, 11.34, 11.38, 11.26, 11.26, 43900.0, 10.59
2013-04-12, 11.26, 11.35, 11.25, 11.26, 1100.0, 10.59
2013-04-15, 11.21, 11.21, 11.0, 11.07, 5100.0, 10.41
2013-04-16, 11.31, 11.31, 11.19, 11.26, 12300.0, 10.59
2013-04-17, 11.09, 11.09, 10.93, 11.0, 5700.0, 10.34
2013-04-18, 11.0, 11.01, 10.92, 10.92, 3000.0, 10.27
2013-04-19, 11.3, 11.33, 11.3, 11.33, 1900.0, 10.65
2013-04-22, 11.3, 11.3, 11.3, 11.3, 200.0, 10.62
2013-04-23, 11.13, 11.22, 11.13, 11.22, 1300.0, 10.55
2013-04-24, 11.22, 11.32, 11.21, 11.31, 7200.0, 10.63
2013-04-25, 11.31, 11.42, 11.3, 11.4, 1700.0, 10.72
2013-04-26, 11.44, 11.44, 11.43, 11.44, 700.0, 10.76
2013-04-29, 11.59, 11.65, 11.58, 11.65, 4100.0, 10.95
2013-04-30, 11.68, 11.69, 11.68, 11.69, 4900.0, 10.99
2013-05-01, 11.65, 11.65, 11.65, 11.65, 400.0, 10.95
2013-05-02, 11.68, 11.72, 11.62, 11.63, 7800.0, 10.93
2013-05-03, 11.77, 11.9, 11.77, 11.88, 3600.0, 11.17
2013-05-06, 11.87, 11.9, 11.84, 11.9, 16200.0, 11.19
2013-05-07, 11.95, 12.05, 11.95, 12.05, 6600.0, 11.33
2013-05-08, 12.1, 12.18, 12.09, 12.12, 4700.0, 11.39
2013-05-09, 12.14, 12.17, 12.14, 12.14, 2200.0, 11.41
2013-05-10, 12.16, 12.24, 12.16, 12.17, 6700.0, 11.44
2013-05-13, 12.15, 12.15, 12.01, 12.04, 10500.0, 11.32
2013-05-14, 12.05, 12.11, 11.99, 12.1, 6100.0, 11.38
2013-05-15, 12.07, 12.24, 12.07, 12.15, 12900.0, 11.42
2013-05-16, 12.15, 12.15, 12.15, 12.15, 0.0, 11.42
2013-05-17, 12.17, 12.18, 12.11, 12.18, 2800.0, 11.45
2013-05-20, 12.2, 12.29, 12.19, 12.29, 11300.0, 11.55
2013-05-21, 12.14, 12.22, 12.13, 12.22, 13900.0, 11.49
2013-05-22, 12.14, 12.14, 11.98, 12.0, 27000.0, 11.28
2013-05-23, 11.85, 11.87, 11.72, 11.87, 6800.0, 11.16
2013-05-24, 11.64, 11.7, 11.6, 11.65, 4900.0, 10.95
2013-05-28, 12.06, 12.14, 12.06, 12.07, 5200.0, 11.35
2013-05-29, 12.0, 12.0, 11.86, 11.89, 2900.0, 11.18
2013-05-30, 11.9, 12.01, 11.9, 12.01, 600.0, 11.29
2013-05-31, 11.78, 11.89, 11.76, 11.76, 2400.0, 11.06
2013-06-03, 11.86, 11.92, 11.84, 11.92, 5400.0, 11.21
2013-06-04, 11.88, 11.9, 11.8, 11.9, 3600.0, 11.19
2013-06-05, 11.64, 11.9, 11.07, 11.08, 5300.0, 11.08
2013-06-06, 11.55, 11.55, 11.09, 11.17, 8400.0, 11.17
2013-06-07, 10.99, 10.99, 10.86, 10.93, 13100.0, 10.93
2013-06-10, 10.75, 10.89, 10.69, 10.71, 8900.0, 10.71
2013-06-11, 10.52, 10.56, 10.39, 10.53, 8500.0, 10.53
2013-06-12, 10.48, 10.48, 10.41, 10.41, 2200.0, 10.41
2013-06-13, 10.37, 10.45, 10.37, 10.45, 5500.0, 10.45
2013-06-14, 10.23, 10.23, 10.08, 10.21, 11000.0, 10.21
2013-06-17, 10.39, 10.49, 10.38, 10.38, 3100.0, 10.38
2013-06-18, 10.4, 10.45, 10.36, 10.42, 15200.0, 10.42
2013-06-19, 10.25, 10.25, 10.15, 10.15, 4000.0, 10.15
2013-06-20, 10.01, 10.06, 9.49, 9.49, 18700.0, 9.49
2013-06-21, 9.81, 9.94, 9.8, 9.91, 12400.0, 9.91
2013-06-24, 9.66, 9.66, 9.43, 9.64, 4800.0, 9.64
2013-06-25, 9.94, 9.94, 9.78, 9.87, 12100.0, 9.87
2013-06-26, 10.16, 10.16, 10.07, 10.12, 4800.0, 10.12
2013-06-27, 10.07, 10.2, 10.07, 10.15, 27600.0, 10.15
2013-06-28, 10.15, 10.33, 10.08, 10.33, 5400.0, 10.33
2013-07-01, 10.34, 10.34, 10.15, 10.15, 22700.0, 10.15
2013-07-02, 10.09, 10.09, 9.88, 9.9, 6200.0, 9.9
2013-07-03, 9.81, 9.85, 9.8, 9.85, 8500.0, 9.85
2013-07-05, 10.02, 10.02, 9.91, 9.94, 9000.0, 9.94
2013-07-08, 9.96, 9.96, 9.88, 9.88, 4200.0, 9.88
2013-07-09, 9.8, 9.92, 9.8, 9.91, 3000.0, 9.91
2013-07-10, 9.94, 9.97, 9.94, 9.94, 2500.0, 9.94
2013-07-11, 10.33, 10.47, 10.3, 10.47, 14900.0, 10.47
2013-07-12, 10.22, 10.23, 10.1, 10.13, 3700.0, 10.13
2013-07-15, 10.11, 10.24, 10.11, 10.24, 8900.0, 10.24
2013-07-16, 10.16, 10.16, 10.13, 10.13, 4000.0, 10.13
2013-07-17, 10.25, 10.25, 10.24, 10.24, 1600.0, 10.24
2013-07-18, 10.22, 10.23, 10.2, 10.22, 2000.0, 10.22
2013-07-19, 10.2, 10.25, 10.12, 10.14, 9400.0, 10.14
2013-07-22, 10.19, 10.21, 10.11, 10.17, 6000.0, 10.17
2013-07-23, 10.42, 10.53, 10.42, 10.53, 597200.0, 10.53
2013-07-24, 10.47, 10.54, 10.47, 10.54, 1000.0, 10.54
2013-07-25, 10.46, 10.51, 10.44, 10.51, 8300.0, 10.51
2013-07-26, 10.56, 10.57, 10.55, 10.57, 2900.0, 10.57
2013-07-29, 10.45, 10.46, 10.32, 10.4, 10500.0, 10.4
2013-07-30, 10.49, 10.5, 10.41, 10.47, 1800.0, 10.47
2013-07-31, 10.47, 10.51, 10.39, 10.45, 7000.0, 10.45
2013-08-01, 10.64, 10.64, 10.47, 10.52, 3700.0, 10.52
2013-08-02, 10.47, 10.54, 10.47, 10.54, 3300.0, 10.54
2013-08-05, 10.41, 10.45, 10.41, 10.45, 2200.0, 10.45
2013-08-06, 10.33, 10.33, 10.28, 10.33, 12500.0, 10.33
2013-08-07, 10.25, 10.25, 10.1, 10.16, 16200.0, 10.16
2013-08-08, 10.2, 10.29, 10.2, 10.29, 11000.0, 10.29
2013-08-09, 10.22, 10.24, 10.16, 10.21, 27000.0, 10.21
2013-08-12, 10.45, 10.47, 10.42, 10.43, 56900.0, 10.43
2013-08-13, 10.64, 10.81, 10.64, 10.79, 6700.0, 10.79
2013-08-14, 10.83, 10.83, 10.7, 10.75, 11900.0, 10.75
2013-08-15, 10.7, 10.7, 10.6, 10.65, 16600.0, 10.65
2013-08-16, 10.86, 10.86, 10.72, 10.72, 21400.0, 10.72
2013-08-19, 10.86, 10.88, 10.81, 10.87, 3800.0, 10.87
2013-08-20, 10.65, 10.7, 10.65, 10.66, 22200.0, 10.66
2013-08-21, 10.59, 10.59, 10.4, 10.45, 8600.0, 10.45
2013-08-22, 10.73, 10.78, 10.72, 10.75, 2300.0, 10.75
2013-08-23, 10.78, 10.78, 10.67, 10.72, 4600.0, 10.72
2013-08-26, 10.82, 10.82, 10.76, 10.76, 2300.0, 10.76
2013-08-27, 10.69, 10.69, 10.57, 10.57, 8100.0, 10.57
2013-08-28, 10.46, 10.48, 10.42, 10.42, 2800.0, 10.42
2013-08-29, 10.48, 10.75, 10.48, 10.5, 12500.0, 10.5
2013-08-30, 10.5, 10.5, 10.41, 10.43, 10700.0, 10.43
2013-09-03, 10.84, 10.9, 10.79, 10.8, 8800.0, 10.8
2013-09-04, 10.99, 11.05, 10.98, 10.99, 5200.0, 10.99
2013-09-05, 11.0, 11.2, 11.0, 11.13, 8700.0, 11.13
2013-09-06, 11.22, 11.25, 11.1, 11.2, 16100.0, 11.2
2013-09-09, 11.26, 11.42, 11.21, 11.4, 14800.0, 11.4
2013-09-10, 11.54, 11.55, 11.49, 11.54, 10900.0, 11.54
2013-09-11, 11.41, 11.42, 11.29, 11.42, 6200.0, 11.42
2013-09-12, 11.53, 11.54, 11.5, 11.5, 3200.0, 11.5
2013-09-13, 11.46, 11.46, 11.37, 11.43, 11300.0, 11.43
2013-09-16, 11.55, 11.6, 11.55, 11.55, 4300.0, 11.55
2013-09-17, 11.6, 11.61, 11.57, 11.58, 9900.0, 11.58
2013-09-18, 11.64, 11.91, 11.56, 11.91, 17200.0, 11.91
2013-09-19, 11.85, 11.85, 11.66, 11.84, 7100.0, 11.84
2013-09-20, 11.78, 11.79, 11.72, 11.72, 9000.0, 11.72
2013-09-23, 11.6, 11.75, 11.6, 11.75, 8100.0, 11.75
2013-09-24, 11.67, 11.68, 11.61, 11.62, 2900.0, 11.62
2013-09-25, 11.69, 11.69, 11.54, 11.54, 46400.0, 11.54
2013-09-26, 11.67, 11.67, 11.58, 11.59, 4100.0, 11.59
2013-09-27, 11.38, 11.5, 11.38, 11.46, 9100.0, 11.46
2013-09-30, 11.42, 11.42, 11.36, 11.39, 1300.0, 11.39
2013-10-01, 11.43, 11.47, 11.43, 11.46, 6100.0, 11.46
2013-10-02, 11.46, 11.46, 11.32, 11.45, 7300.0, 11.45
2013-10-03, 11.54, 11.54, 11.46, 11.52, 2700.0, 11.52
2013-10-04, 11.58, 11.71, 11.58, 11.71, 11100.0, 11.71
2013-10-07, 11.67, 11.67, 11.57, 11.59, 4000.0, 11.59
2013-10-08, 11.67, 11.67, 11.54, 11.55, 7300.0, 11.55
2013-10-09, 11.61, 11.62, 11.54, 11.62, 7400.0, 11.62
2013-10-10, 11.69, 11.73, 11.68, 11.69, 1500.0, 11.69
2013-10-11, 11.73, 11.76, 11.7, 11.76, 5700.0, 11.76
2013-10-14, 11.75, 11.82, 11.74, 11.82, 2700.0, 11.82
2013-10-15, 11.69, 11.78, 11.69, 11.71, 3600.0, 11.71
2013-10-16, 11.72, 11.72, 11.69, 11.72, 2100.0, 11.72
2013-10-17, 11.64, 11.64, 11.53, 11.59, 12100.0, 11.59
2013-10-18, 11.68, 11.68, 11.58, 11.59, 25000.0, 11.59
2013-10-21, 11.57, 11.7, 11.55, 11.64, 6100.0, 11.64
2013-10-22, 11.71, 11.71, 11.65, 11.65, 16700.0, 11.65
2013-10-23, 11.4, 11.47, 11.26, 11.26, 14300.0, 11.26
2013-10-24, 11.24, 11.24, 11.11, 11.11, 8000.0, 11.11
2013-10-25, 11.12, 11.13, 11.1, 11.12, 9900.0, 11.12
2013-10-28, 11.1, 11.15, 11.1, 11.15, 3500.0, 11.15
2013-10-29, 11.3, 11.47, 11.3, 11.46, 11200.0, 11.46
2013-10-30, 11.78, 11.78, 11.57, 11.67, 64500.0, 11.67
2013-10-31, 11.75, 11.75, 11.65, 11.65, 23700.0, 11.65
2013-11-01, 11.77, 11.77, 11.61, 11.66, 3700.0, 11.66
2013-11-04, 11.73, 11.74, 11.72, 11.74, 10500.0, 11.74
2013-11-05, 11.66, 11.66, 11.55, 11.58, 5400.0, 11.58
2013-11-06, 11.58, 11.59, 11.52, 11.52, 6600.0, 11.52
2013-11-07, 11.26, 11.52, 11.26, 11.27, 2100.0, 11.27
2013-11-08, 11.42, 11.42, 11.36, 11.37, 5000.0, 11.37
2013-11-11, 11.53, 11.61, 11.53, 11.59, 28700.0, 11.59
2013-11-12, 11.6, 11.6, 11.42, 11.42, 7600.0, 11.42
2013-11-13, 11.17, 11.25, 11.16, 11.24, 14200.0, 11.24
2013-11-14, 11.26, 11.26, 11.09, 11.26, 11500.0, 11.26
2013-11-15, 11.64, 11.84, 11.64, 11.76, 46600.0, 11.76
2013-11-18, 12.08, 12.25, 12.08, 12.11, 45000.0, 12.11
2013-11-19, 11.98, 12.04, 11.98, 12.01, 15600.0, 12.01
2013-11-20, 11.9, 12.03, 11.9, 11.96, 5900.0, 11.96
2013-11-21, 11.94, 12.09, 11.94, 12.02, 13700.0, 12.02
2013-11-22, 12.1, 12.13, 12.04, 12.13, 14700.0, 12.13
2013-11-25, 11.99, 11.99, 11.93, 11.93, 8700.0, 11.93
2013-11-26, 11.91, 11.96, 11.87, 11.91, 6600.0, 11.91
2013-11-27, 12.1, 12.17, 12.1, 12.17, 8200.0, 12.17
2013-11-29, 12.06, 12.14, 12.06, 12.12, 7300.0, 12.12
2013-12-02, 12.15, 12.15, 11.99, 11.99, 10100.0, 11.99
2013-12-03, 11.96, 11.96, 11.73, 11.73, 7500.0, 11.73
2013-12-04, 11.84, 11.93, 11.79, 11.79, 10500.0, 11.79
2013-12-05, 11.88, 11.88, 11.76, 11.85, 7600.0, 11.85
2013-12-06, 12.1, 12.1, 12.08, 12.1, 5200.0, 12.1
2013-12-09, 12.0, 12.0, 11.95, 11.98, 2900.0, 11.98
2013-12-10, 11.81, 11.9, 11.81, 11.89, 3700.0, 11.89
2013-12-11, 11.67, 11.67, 11.5, 11.51, 12400.0, 11.51
2013-12-12, 11.58, 11.58, 11.45, 11.5, 2800.0, 11.5
2013-12-13, 11.71, 11.71, 11.54, 11.6, 10500.0, 11.6
2013-12-16, 11.56, 11.7, 11.56, 11.67, 10900.0, 11.67
2013-12-17, 11.57, 11.57, 11.48, 11.49, 4200.0, 11.49
2013-12-18, 11.46, 11.64, 11.38, 11.55, 30000.0, 11.55
2013-12-19, 11.4, 11.4, 11.21, 11.39, 7200.0, 11.39
2013-12-20, 11.35, 11.35, 11.3, 11.33, 5500.0, 11.33
2013-12-23, 11.27, 11.32, 11.24, 11.28, 10700.0, 11.28
2013-12-24, 11.62, 11.62, 11.52, 11.52, 7100.0, 11.52
2013-12-26, 11.6, 11.65, 11.44, 11.53, 12500.0, 11.53
2013-12-27, 11.63, 11.63, 11.53, 11.58, 14800.0, 11.58
2013-12-30, 11.43, 11.49, 11.41, 11.49, 14200.0, 11.49
2013-12-31, 11.56, 11.56, 11.54, 11.56, 6100.0, 11.56
2014-01-02, 11.45, 11.45, 11.24, 11.24, 11900.0, 11.24
2014-01-03, 11.24, 11.24, 11.1, 11.14, 3100.0, 11.14
2014-01-06, 11.1, 11.1, 10.98, 11.01, 6200.0, 11.01
2014-01-07, 10.97, 11.07, 10.97, 10.99, 14900.0, 10.99
2014-01-08, 11.08, 11.16, 11.08, 11.13, 15200.0, 11.13
2014-01-09, 11.11, 11.11, 10.9, 10.97, 20700.0, 10.97
2014-01-10, 11.05, 11.21, 11.05, 11.21, 21700.0, 11.21
2014-01-13, 11.14, 11.14, 10.87, 10.9, 30700.0, 10.9
2014-01-14, 10.99, 11.09, 10.95, 11.09, 24100.0, 11.09
2014-01-15, 11.09, 11.09, 11.0, 11.0, 14000.0, 11.0
2014-01-16, 10.91, 11.04, 10.91, 10.92, 9200.0, 10.92
2014-01-17, 10.9, 10.9, 10.78, 10.8, 26900.0, 10.8
2014-01-21, 10.95, 11.01, 10.92, 10.98, 13500.0, 10.98
2014-01-22, 10.98, 11.1, 10.98, 11.1, 38300.0, 11.1
2014-01-23, 10.82, 10.82, 10.58, 10.58, 40600.0, 10.58
2014-01-24, 10.55, 10.55, 10.4, 10.4, 16600.0, 10.4
2014-01-27, 10.4, 10.44, 10.28, 10.41, 8800.0, 10.41
2014-01-28, 10.49, 10.56, 10.43, 10.5, 27900.0, 10.5
2014-01-29, 10.53, 10.55, 10.33, 10.42, 24100.0, 10.42
2014-01-30, 10.69, 10.69, 10.5, 10.5, 9500.0, 10.5
2014-01-31, 10.56, 10.56, 10.3, 10.48, 16600.0, 10.48
2014-02-03, 10.48, 10.5, 10.21, 10.21, 172600.0, 10.21
2014-02-04, 10.31, 10.46, 10.31, 10.4, 8800.0, 10.4
2014-02-05, 10.25, 10.27, 10.11, 10.21, 33300.0, 10.21
2014-02-06, 10.28, 10.35, 10.28, 10.31, 16300.0, 10.31
2014-02-07, 10.4, 10.44, 10.31, 10.38, 19400.0, 10.38
2014-02-10, 10.31, 10.31, 10.12, 10.18, 21600.0, 10.18
2014-02-11, 10.39, 10.53, 10.39, 10.47, 11900.0, 10.47
2014-02-12, 10.54, 10.64, 10.54, 10.56, 6400.0, 10.56
2014-02-13, 10.54, 10.56, 10.45, 10.51, 20500.0, 10.51
2014-02-14, 10.52, 10.64, 10.52, 10.61, 16300.0, 10.61
2014-02-18, 10.6, 10.6, 10.5, 10.55, 29500.0, 10.55
2014-02-19, 10.49, 10.59, 10.47, 10.51, 3900.0, 10.51
2014-02-20, 10.53, 10.65, 10.48, 10.58, 7700.0, 10.58
2014-02-21, 10.48, 10.5, 10.48, 10.49, 1500.0, 10.49
2014-02-24, 10.46, 10.5, 10.43, 10.43, 9300.0, 10.43
2014-02-25, 10.47, 10.49, 10.35, 10.4, 14500.0, 10.4
2014-02-26, 10.48, 10.48, 10.32, 10.37, 7600.0, 10.37
2014-02-27, 10.48, 10.58, 10.48, 10.56, 13400.0, 10.56
2014-02-28, 10.44, 10.49, 10.38, 10.39, 12000.0, 10.39
2014-03-03, 10.35, 10.35, 10.24, 10.27, 11200.0, 10.27
2014-03-04, 10.32, 10.39, 10.32, 10.38, 13000.0, 10.38
2014-03-05, 10.26, 10.28, 10.23, 10.28, 5200.0, 10.28
2014-03-06, 10.32, 10.35, 10.3, 10.32, 4800.0, 10.32
2014-03-07, 10.28, 10.28, 10.19, 10.21, 22200.0, 10.21
2014-03-10, 10.11, 10.16, 10.0, 10.16, 15100.0, 10.16
2014-03-11, 10.14, 10.18, 10.0, 10.02, 22900.0, 10.02
2014-03-12, 10.05, 10.05, 9.92, 10.01, 17300.0, 10.01
2014-03-13, 9.99, 10.0, 9.78, 9.87, 20300.0, 9.87
2014-03-14, 9.93, 10.0, 9.93, 9.96, 115300.0, 9.96
2014-03-17, 9.94, 10.13, 9.94, 9.99, 7700.0, 9.99
2014-03-18, 9.92, 10.06, 9.92, 10.05, 9600.0, 10.05
2014-03-19, 9.92, 9.99, 9.82, 9.86, 18500.0, 9.86
2014-03-20, 9.7, 9.9, 9.7, 9.85, 8300.0, 9.85
2014-03-21, 10.02, 10.24, 10.02, 10.17, 41400.0, 10.17
2014-03-24, 10.4, 10.4, 10.25, 10.31, 101200.0, 10.31
2014-03-25, 10.49, 10.51, 10.44, 10.48, 112800.0, 10.48
2014-03-26, 10.64, 10.79, 10.56, 10.71, 25400.0, 10.71
2014-03-27, 10.7, 10.91, 10.63, 10.91, 28600.0, 10.91
2014-03-28, 10.93, 11.1, 10.93, 11.08, 55900.0, 11.08
2014-03-31, 11.16, 11.16, 11.05, 11.07, 24900.0, 11.07
2014-04-01, 11.14, 11.14, 11.05, 11.09, 19000.0, 11.09
2014-04-02, 10.95, 10.95, 10.77, 10.92, 15600.0, 10.92
2014-04-03, 10.88, 10.89, 10.82, 10.88, 15300.0, 10.88
2014-04-04, 10.98, 11.02, 10.8, 10.87, 24800.0, 10.87
2014-04-07, 10.94, 11.03, 10.94, 10.98, 14900.0, 10.98
2014-04-08, 11.21, 11.24, 11.15, 11.16, 19500.0, 11.16
2014-04-09, 11.31, 11.36, 11.24, 11.28, 26000.0, 11.28
2014-04-10, 11.31, 11.33, 11.2, 11.2, 4900.0, 11.2
2014-04-11, 11.29, 11.31, 11.19, 11.26, 10800.0, 11.26
2014-04-14, 11.3, 11.31, 11.27, 11.29, 28800.0, 11.29
2014-04-15, 11.2, 11.2, 11.07, 11.12, 97400.0, 11.12
2014-04-16, 11.16, 11.2, 11.12, 11.2, 22400.0, 11.2
2014-04-17, 11.27, 11.31, 11.2, 11.3, 9400.0, 11.3
2014-04-21, 11.16, 11.2, 11.15, 11.2, 14800.0, 11.2
2014-04-22, 11.13, 11.18, 11.05, 11.13, 21500.0, 11.13
2014-04-23, 10.95, 11.04, 10.8, 10.87, 11000.0, 10.87
2014-04-24, 10.98, 11.03, 10.92, 10.97, 15800.0, 10.97
2014-04-25, 10.77, 10.85, 10.72, 10.85, 17600.0, 10.85
2014-04-28, 10.87, 10.88, 10.82, 10.87, 16700.0, 10.87
2014-04-29, 11.01, 11.09, 11.01, 11.01, 10600.0, 11.01
2014-04-30, 11.05, 11.05, 10.89, 10.93, 22800.0, 10.93
2014-05-01, 10.95, 10.99, 10.95, 10.98, 17500.0, 10.98
2014-05-02, 10.95, 10.95, 10.89, 10.91, 24600.0, 10.91
2014-05-05, 10.85, 10.93, 10.85, 10.92, 4600.0, 10.92
2014-05-06, 10.93, 10.93, 10.88, 10.88, 19200.0, 10.88
2014-05-07, 10.91, 10.94, 10.86, 10.88, 26400.0, 10.88
2014-05-08, 10.79, 10.97, 10.79, 10.92, 14400.0, 10.92
2014-05-09, 10.87, 10.93, 10.87, 10.92, 7700.0, 10.92
2014-05-12, 10.98, 11.09, 10.98, 11.09, 20700.0, 11.09
2014-05-13, 11.11, 11.11, 11.02, 11.09, 39400.0, 11.09
2014-05-14, 11.2, 11.25, 11.2, 11.2, 45300.0, 11.2
2014-05-15, 11.34, 11.34, 11.2, 11.24, 37600.0, 11.24
2014-05-16, 11.29, 11.35, 11.24, 11.35, 21200.0, 11.35
2014-05-19, 11.38, 11.38, 11.24, 11.35, 13500.0, 11.35
2014-05-20, 11.35, 11.35, 11.27, 11.33, 51300.0, 11.33
2014-05-21, 11.48, 11.54, 11.47, 11.5, 15100.0, 11.5
2014-05-22, 11.66, 11.66, 11.49, 11.55, 20800.0, 11.55
2014-05-23, 11.67, 11.67, 11.51, 11.62, 22700.0, 11.62
2014-05-27, 11.71, 11.71, 11.62, 11.63, 59400.0, 11.63
2014-05-28, 11.72, 11.72, 11.67, 11.7, 43700.0, 11.7
2014-05-29, 11.72, 11.72, 11.66, 11.69, 61200.0, 11.69
2014-05-30, 11.93, 11.95, 11.85, 11.9, 9200.0, 11.9
2014-06-02, 11.86, 12.01, 11.86, 12.01, 29900.0, 12.01
2014-06-03, 11.96, 12.0, 11.86, 12.0, 37500.0, 11.22
2014-06-04, 11.94, 11.94, 11.83, 11.93, 32100.0, 11.15
2014-06-05, 12.01, 12.05, 11.87, 12.05, 48200.0, 11.27
2014-06-06, 11.77, 11.79, 11.69, 11.76, 58500.0, 10.99
2014-06-09, 11.95, 11.98, 11.95, 11.97, 24500.0, 11.19
2014-06-10, 12.04, 12.04, 11.99, 12.02, 20700.0, 11.24
2014-06-11, 11.94, 11.95, 11.94, 11.95, 10400.0, 11.17
2014-06-12, 11.95, 12.04, 11.93, 11.93, 10100.0, 11.15
2014-06-13, 12.03, 12.13, 12.03, 12.1, 11100.0, 11.31
2014-06-16, 12.06, 12.06, 12.01, 12.05, 63100.0, 11.27
2014-06-17, 11.43, 11.43, 11.33, 11.42, 14700.0, 11.42
2014-06-18, 11.39, 11.39, 11.28, 11.35, 45500.0, 11.35
2014-06-19, 11.23, 11.24, 11.22, 11.24, 9700.0, 11.24
2014-06-20, 11.21, 11.23, 11.11, 11.17, 10100.0, 11.17
2014-06-23, 10.84, 10.94, 10.84, 10.94, 45000.0, 10.94
2014-06-24, 11.03, 11.03, 10.96, 10.97, 12400.0, 10.97
2014-06-25, 11.01, 11.08, 11.01, 11.08, 10400.0, 11.08
2014-06-26, 11.21, 11.21, 11.16, 11.16, 10900.0, 11.16
2014-06-27, 11.26, 11.26, 11.2, 11.22, 7100.0, 11.22
2014-06-30, 11.1, 11.2, 11.1, 11.13, 8100.0, 11.13
2014-07-01, 11.23, 11.23, 11.22, 11.23, 10100.0, 11.23
2014-07-02, 11.29, 11.4, 11.29, 11.35, 6100.0, 11.35
2014-07-03, 11.5, 11.51, 11.45, 11.51, 3300.0, 11.51
2014-07-07, 11.59, 11.59, 11.55, 11.56, 20100.0, 11.56
2014-07-08, 11.53, 11.53, 11.46, 11.47, 19900.0, 11.47
2014-07-09, 11.36, 11.36, 11.22, 11.34, 33700.0, 11.34
2014-07-10, 11.15, 11.15, 10.99, 11.12, 37200.0, 11.12
2014-07-11, 11.17, 11.23, 11.15, 11.2, 9700.0, 11.2
2014-07-14, 11.32, 11.33, 11.29, 11.33, 11200.0, 11.33
2014-07-15, 11.31, 11.33, 11.25, 11.29, 17200.0, 11.29
2014-07-16, 11.28, 11.39, 11.28, 11.38, 22800.0, 11.38
2014-07-17, 11.26, 11.37, 11.23, 11.23, 10200.0, 11.23
2014-07-18, 11.28, 11.37, 11.28, 11.34, 17600.0, 11.34
2014-07-21, 11.25, 11.26, 11.24, 11.26, 12600.0, 11.26
2014-07-22, 11.38, 11.42, 11.36, 11.41, 53300.0, 11.41
2014-07-23, 11.49, 11.58, 11.49, 11.51, 29800.0, 11.51
2014-07-24, 11.63, 11.71, 11.62, 11.64, 25400.0, 11.64
2014-07-25, 11.8, 11.8, 11.67, 11.7, 12900.0, 11.7
2014-07-28, 11.96, 12.0, 11.92, 12.0, 34900.0, 12.0
2014-07-29, 12.0, 12.11, 12.0, 12.06, 174100.0, 12.06
2014-07-30, 12.05, 12.1, 11.9, 11.92, 49600.0, 11.92
2014-07-31, 11.93, 11.95, 11.74, 11.79, 25100.0, 11.79
2014-08-01, 11.72, 11.83, 11.72, 11.82, 50800.0, 11.82
2014-08-04, 11.92, 11.95, 11.83, 11.89, 33700.0, 11.89
2014-08-05, 11.82, 11.84, 11.7, 11.74, 22000.0, 11.74
2014-08-06, 11.7, 11.7, 11.67, 11.67, 58200.0, 11.67
2014-08-07, 11.85, 11.85, 11.63, 11.65, 28200.0, 11.65
2014-08-08, 11.76, 12.15, 10.85, 11.79, 24700.0, 11.79
2014-08-11, 11.87, 11.87, 11.81, 11.85, 21600.0, 11.85
2014-08-12, 11.68, 11.87, 11.68, 11.81, 15900.0, 11.81
2014-08-13, 11.91, 11.97, 11.91, 11.97, 8000.0, 11.97
2014-08-14, 11.95, 11.95, 11.9, 11.93, 18700.0, 11.93
2014-08-15, 11.93, 11.96, 11.81, 11.84, 9500.0, 11.84
2014-08-18, 11.82, 11.86, 11.8, 11.8, 50000.0, 11.8
2014-08-19, 11.83, 11.92, 11.8, 11.82, 50300.0, 11.82
2014-08-20, 11.81, 11.84, 11.77, 11.81, 41500.0, 11.81
2014-08-21, 11.65, 11.83, 11.65, 11.7, 16500.0, 11.7
2014-08-22, 11.73, 11.82, 11.71, 11.72, 16800.0, 11.72
2014-08-25, 11.8, 11.9, 11.8, 11.82, 21300.0, 11.82
2014-08-26, 11.82, 11.86, 11.82, 11.86, 11300.0, 11.86
2014-08-27, 11.76, 11.76, 11.68, 11.73, 182200.0, 11.73
2014-08-28, 11.6, 11.6, 11.54, 11.54, 10100.0, 11.54
2014-08-29, 11.57, 11.58, 11.56, 11.57, 9500.0, 11.57
2014-09-02, 11.57, 11.63, 11.55, 11.6, 34700.0, 11.6
2014-09-03, 11.96, 11.96, 11.84, 11.88, 66800.0, 11.88
2014-09-04, 11.97, 11.97, 11.91, 11.94, 7500.0, 11.94
2014-09-05, 11.97, 12.04, 11.97, 12.04, 32700.0, 12.04
2014-09-08, 12.0, 12.04, 11.97, 12.03, 15800.0, 12.03
2014-09-09, 11.99, 11.99, 11.91, 11.93, 32400.0, 11.93
2014-09-10, 11.87, 11.87, 11.69, 11.84, 14300.0, 11.84
2014-09-11, 11.59, 11.75, 11.59, 11.75, 13500.0, 11.75
2014-09-12, 11.6, 11.72, 11.6, 11.68, 5000.0, 11.68
2014-09-15, 11.68, 11.68, 11.55, 11.57, 15700.0, 11.57
2014-09-16, 11.56, 11.92, 11.56, 11.83, 141500.0, 11.83
2014-09-17, 11.79, 11.83, 11.75, 11.75, 111400.0, 11.75
2014-09-18, 11.66, 11.78, 11.66, 11.75, 6000.0, 11.75
2014-09-19, 11.61, 11.64, 11.5, 11.54, 9500.0, 11.54
2014-09-22, 11.5, 11.5, 11.34, 11.41, 39400.0, 11.41
2014-09-23, 11.41, 11.48, 11.41, 11.44, 8700.0, 11.44
2014-09-24, 11.62, 11.68, 11.59, 11.68, 5000.0, 11.68
2014-09-25, 11.57, 11.57, 11.44, 11.44, 1900.0, 11.44
2014-09-26, 11.43, 11.54, 11.43, 11.54, 7700.0, 11.54
2014-09-29, 11.31, 11.39, 11.24, 11.31, 60400.0, 11.31
2014-09-30, 11.19, 11.23, 11.18, 11.22, 8200.0, 11.22
2014-10-01, 11.22, 11.22, 11.0, 11.07, 36200.0, 11.07
2014-10-02, 11.05, 11.05, 10.85, 11.01, 31100.0, 11.01
2014-10-03, 11.16, 11.16, 11.12, 11.15, 37100.0, 11.15
2014-10-06, 11.28, 11.34, 11.25, 11.31, 22100.0, 11.31
2014-10-07, 11.24, 11.3, 11.2, 11.21, 10600.0, 11.21
2014-10-08, 11.25, 11.38, 11.16, 11.38, 43700.0, 11.38
2014-10-09, 11.23, 11.23, 11.18, 11.2, 8300.0, 11.2
2014-10-10, 11.11, 11.19, 11.01, 11.03, 51700.0, 11.03
2014-10-13, 11.15, 11.3, 11.15, 11.17, 31500.0, 11.17
2014-10-14, 11.22, 11.29, 11.18, 11.2, 15100.0, 11.2
2014-10-15, 11.16, 11.32, 11.06, 11.32, 9000.0, 11.32
2014-10-16, 11.16, 11.28, 11.11, 11.24, 11800.0, 11.24
2014-10-17, 11.26, 11.43, 11.2, 11.4, 7600.0, 11.4
2014-10-20, 11.2, 11.28, 11.2, 11.28, 9600.0, 11.28
2014-10-21, 11.34, 11.42, 11.34, 11.4, 13100.0, 11.4
2014-10-22, 11.42, 11.5, 11.39, 11.43, 6900.0, 11.43
2014-10-23, 11.57, 11.65, 11.53, 11.58, 52900.0, 11.58
2014-10-24, 11.56, 11.63, 11.47, 11.59, 88000.0, 11.59
2014-10-27, 11.57, 11.57, 11.46, 11.48, 55600.0, 11.48
2014-10-28, 11.8, 11.87, 11.79, 11.86, 32800.0, 11.86
2014-10-29, 11.9, 11.9, 11.8, 11.83, 28200.0, 11.83
2014-10-30, 11.77, 11.82, 11.75, 11.75, 11000.0, 11.75
2014-10-31, 12.05, 12.05, 11.85, 11.89, 24000.0, 11.89
2014-11-03, 11.87, 11.91, 11.84, 11.84, 73300.0, 11.84
2014-11-04, 11.89, 11.99, 11.89, 11.99, 55700.0, 11.99
2014-11-05, 11.96, 11.96, 11.86, 11.9, 14100.0, 11.9
2014-11-06, 11.8, 11.87, 11.8, 11.87, 22900.0, 11.87
2014-11-07, 11.79, 11.84, 11.79, 11.84, 12000.0, 11.84
2014-11-10, 11.81, 12.0, 11.81, 11.84, 27000.0, 11.84
2014-11-11, 12.12, 12.25, 12.12, 12.25, 39500.0, 12.25
2014-11-12, 12.3, 12.34, 12.3, 12.33, 8600.0, 12.33
2014-11-13, 12.34, 12.39, 12.34, 12.34, 21300.0, 12.34
2014-11-14, 12.34, 12.46, 12.33, 12.46, 42000.0, 12.46
2014-11-17, 12.1, 12.26, 12.1, 12.25, 88400.0, 12.25
2014-11-18, 11.9, 12.12, 11.9, 12.08, 143600.0, 12.08
2014-11-19, 12.03, 12.03, 11.88, 11.95, 9300.0, 11.95
2014-11-20, 11.93, 11.94, 11.88, 11.94, 20000.0, 11.94
2014-11-21, 12.12, 12.35, 12.12, 12.28, 113500.0, 12.28
2014-11-24, 12.3, 12.3, 12.21, 12.25, 21600.0, 12.25
2014-11-25, 12.31, 12.31, 12.17, 12.24, 8900.0, 12.24
2014-11-26, 12.44, 12.56, 12.44, 12.53, 27600.0, 12.53
2014-11-28, 12.84, 12.87, 12.76, 12.85, 25900.0, 12.85
2014-12-01, 12.51, 12.64, 12.51, 12.59, 23300.0, 12.59
2014-12-02, 13.0, 13.17, 13.0, 13.08, 24700.0, 13.08
2014-12-03, 12.95, 13.05, 12.95, 13.04, 30600.0, 13.04
2014-12-04, 13.33, 13.45, 13.32, 13.45, 27800.0, 13.45
2014-12-05, 13.32, 13.56, 13.32, 13.4, 141400.0, 13.4
2014-12-08, 13.79, 13.88, 13.76, 13.8, 27600.0, 13.8
2014-12-09, 13.46, 13.46, 13.17, 13.27, 17700.0, 13.27
2014-12-10, 13.27, 13.31, 13.2, 13.21, 7500.0, 13.21
2014-12-11, 13.17, 13.26, 13.11, 13.15, 22000.0, 13.15
2014-12-12, 13.15, 13.18, 13.03, 13.03, 5400.0, 13.03
2014-12-15, 13.11, 13.28, 12.94, 13.02, 15200.0, 13.02
2014-12-16, 12.89, 13.09, 12.89, 12.97, 11000.0, 12.97
2014-12-17, 13.25, 13.53, 13.25, 13.49, 47800.0, 13.49
2014-12-18, 13.33, 13.4, 13.33, 13.38, 35400.0, 13.38
2014-12-19, 13.41, 13.5, 13.4, 13.49, 5600.0, 13.49
2014-12-22, 13.97, 13.97, 13.85, 13.93, 14100.0, 13.93
2014-12-23, 13.63, 13.71, 13.59, 13.65, 9200.0, 13.65
2014-12-24, 13.52, 13.57, 13.46, 13.46, 10000.0, 13.46
2014-12-26, 13.78, 13.97, 13.78, 13.96, 15200.0, 13.96
2014-12-29, 14.0, 14.0, 13.89, 13.96, 20300.0, 13.96
2014-12-30, 13.88, 13.88, 13.7, 13.8, 17200.0, 13.8
2014-12-31, 14.0, 14.14, 13.99, 14.03, 16000.0, 14.03
2015-01-02, 14.18, 14.22, 14.1, 14.18, 35900.0, 14.18
2015-01-05, 14.18, 14.32, 14.12, 14.15, 28600.0, 14.15
2015-01-06, 14.11, 14.15, 13.99, 14.06, 53200.0, 14.06
2015-01-07, 14.29, 14.41, 14.29, 14.34, 16900.0, 14.34
2015-01-08, 14.33, 14.36, 14.31, 14.35, 18000.0, 14.35
2015-01-09, 14.39, 14.39, 14.26, 14.29, 16200.0, 14.29
2015-01-12, 14.21, 14.21, 14.06, 14.06, 25000.0, 14.06
2015-01-13, 14.26, 14.32, 14.13, 14.22, 20900.0, 14.22
2015-01-14, 14.06, 14.16, 14.02, 14.14, 17700.0, 14.14
2015-01-15, 14.39, 14.39, 14.28, 14.3, 32900.0, 14.3
2015-01-16, 14.15, 14.27, 14.15, 14.27, 20300.0, 14.27
2015-01-20, 13.99, 13.99, 13.69, 13.75, 35500.0, 13.75
2015-01-21, 14.03, 14.21, 14.03, 14.21, 41000.0, 14.21
2015-01-22, 14.29, 14.61, 14.29, 14.59, 25800.0, 14.59
2015-01-23, 14.64, 14.64, 14.48, 14.57, 20500.0, 14.57
2015-01-26, 14.55, 14.58, 14.55, 14.55, 16100.0, 14.55
2015-01-27, 14.22, 14.28, 14.13, 14.27, 9300.0, 14.27
2015-01-28, 14.19, 14.24, 14.06, 14.06, 24700.0, 14.06
2015-01-29, 14.03, 14.09, 13.99, 14.09, 14100.0, 14.09
2015-01-30, 14.0, 14.01, 13.83, 13.83, 65600.0, 13.83
2015-02-02, 13.99, 13.99, 13.79, 13.9, 46100.0, 13.9
2015-02-03, 13.91, 14.02, 13.91, 13.96, 534300.0, 13.96
2015-02-04, 14.21, 14.37, 14.06, 14.25, 440900.0, 14.25
2015-02-05, 14.18, 14.27, 14.17, 14.27, 14100.0, 14.27
2015-02-06, 14.01, 14.11, 13.77, 13.77, 64600.0, 13.77
2015-02-09, 13.76, 13.79, 13.64, 13.64, 16200.0, 13.64
2015-02-10, 13.8, 13.91, 13.8, 13.9, 10800.0, 13.9
2015-02-11, 13.66, 13.85, 13.66, 13.85, 16500.0, 13.85
2015-02-12, 13.98, 14.1, 13.98, 14.09, 7800.0, 14.09
2015-02-13, 14.08, 14.17, 14.08, 14.16, 11900.0, 14.16
2015-02-17, 14.29, 14.29, 14.11, 14.18, 12100.0, 14.18
2015-02-18, 14.19, 14.23, 14.17, 14.23, 45700.0, 14.23
2015-02-19, 14.21, 14.26, 14.17, 14.22, 13500.0, 14.22
2015-02-20, 14.17, 14.27, 14.14, 14.2, 18200.0, 14.2
2015-02-23, 14.29, 14.29, 14.11, 14.13, 20100.0, 14.13
2015-02-24, 14.1, 14.25, 14.07, 14.24, 38700.0, 14.24
2015-02-25, 14.16, 14.21, 14.15, 14.15, 57600.0, 14.15
2015-02-26, 14.35, 14.4, 14.34, 14.34, 44100.0, 14.34
2015-02-27, 14.39, 14.39, 14.29, 14.37, 34700.0, 14.37
2015-03-02, 14.32, 14.44, 14.32, 14.43, 42500.0, 14.43
2015-03-03, 14.22, 14.22, 14.06, 14.1, 23800.0, 14.1
2015-03-04, 13.91, 13.91, 13.74, 13.83, 28900.0, 13.83
2015-03-05, 13.62, 13.68, 13.61, 13.65, 33800.0, 13.65
2015-03-06, 13.46, 13.58, 13.46, 13.57, 77300.0, 13.57
2015-03-09, 13.9, 13.9, 13.69, 13.79, 9600.0, 13.79
2015-03-10, 13.52, 13.52, 13.41, 13.44, 104200.0, 13.44
2015-03-11, 13.46, 13.52, 13.42, 13.48, 15300.0, 13.48
2015-03-12, 13.65, 13.76, 13.65, 13.73, 14500.0, 13.73
2015-03-13, 14.02, 14.02, 13.89, 13.91, 13900.0, 13.91
2015-03-16, 14.17, 14.17, 14.11, 14.14, 28400.0, 14.14
2015-03-17, 14.22, 14.22, 13.99, 14.15, 13600.0, 14.15
2015-03-18, 14.19, 14.4, 14.15, 14.4, 6700.0, 14.4
2015-03-19, 14.46, 14.46, 14.19, 14.31, 11100.0, 14.31
2015-03-20, 14.3, 14.48, 14.3, 14.45, 15500.0, 14.45
2015-03-23, 14.25, 14.41, 14.25, 14.38, 11800.0, 14.38
2015-03-24, 14.26, 14.37, 14.17, 14.25, 14700.0, 14.25
2015-03-25, 14.29, 14.34, 14.1, 14.1, 18800.0, 14.1
2015-03-26, 14.08, 14.08, 13.95, 14.02, 14900.0, 14.02
2015-03-27, 14.06, 14.06, 14.04, 14.05, 23700.0, 14.05
2015-03-30, 14.41, 14.56, 14.41, 14.56, 40400.0, 14.56
2015-03-31, 14.5, 14.54, 14.27, 14.53, 28900.0, 13.87173
2015-04-01, 14.73, 14.79, 14.71, 14.75, 29700.0, 14.081763
2015-04-02, 14.88, 15.02, 14.88, 14.98, 30500.0, 14.301343
2015-04-06, 15.02, 15.14, 15.02, 15.12, 19700.0, 14.435001
2015-04-07, 15.14, 15.25, 15.14, 15.21, 27100.0, 14.520923
2015-04-08, 15.47, 15.98, 15.47, 15.98, 29700.0, 15.256039
2015-04-09, 15.93, 16.299999, 15.93, 16.280001, 37600.0, 15.542449
2015-04-10, 16.129999, 16.41, 16.129999, 16.41, 17000.0, 15.666558
2015-04-13, 17.450001, 17.469999, 17.309999, 17.41, 30200.0, 16.621254
2015-04-14, 17.26, 17.43, 17.18, 17.389999, 51600.0, 16.60216
2015-04-15, 17.620001, 17.799999, 17.620001, 17.799999, 44900.0, 16.993585
2015-04-16, 17.73, 17.93, 17.73, 17.870001, 34600.0, 17.060415
2015-04-17, 17.290001, 17.290001, 16.68, 16.889999, 32400.0, 16.124812
2015-04-20, 16.799999, 16.99, 16.799999, 16.99, 16000.0, 16.220282
2015-04-21, 17.59, 17.639999, 17.59, 17.639999, 15600.0, 16.840834
2015-04-22, 17.59, 17.66, 17.5, 17.66, 57900.0, 16.859928
2015-04-23, 17.290001, 17.450001, 17.25, 17.4, 15500.0, 16.611707
2015-04-24, 17.360001, 17.379999, 17.360001, 17.379999, 5700.0, 16.592613
2015-04-27, 17.559999, 17.719999, 17.549999, 17.67, 13600.0, 16.869475
2015-04-28, 18.030001, 18.030001, 17.85, 17.99, 9200.0, 17.174978
2015-04-29, 17.84, 17.84, 17.5, 17.6, 27700.0, 16.802647
2015-04-30, 16.98, 17.139999, 16.98, 17.1, 50200.0, 16.325299
2015-05-01, 17.07, 17.200001, 17.07, 17.200001, 20100.0, 16.420769
2015-05-04, 17.08, 17.200001, 17.08, 17.200001, 25100.0, 16.420769
2015-05-05, 16.639999, 16.639999, 16.42, 16.48, 16900.0, 15.733387
2015-05-06, 16.48, 16.549999, 16.360001, 16.389999, 73700.0, 15.647464
2015-05-07, 16.18, 16.299999, 16.18, 16.299999, 10500.0, 15.561541
2015-05-08, 16.68, 16.809999, 16.6, 16.809999, 14900.0, 16.048436
2015-05-11, 16.84, 16.860001, 16.66, 16.700001, 18700.0, 15.943421
2015-05-12, 16.52, 16.52, 16.290001, 16.469999, 11300.0, 15.72384
2015-05-13, 16.35, 16.35, 16.23, 16.26, 6400.0, 15.523354
2015-05-14, 16.25, 16.43, 16.25, 16.42, 9900.0, 15.676105
2015-05-15, 16.610001, 16.74, 16.57, 16.74, 23700.0, 15.981608
2015-05-18, 16.59, 16.59, 16.42, 16.450001, 86600.0, 15.704747
2015-05-19, 16.629999, 16.73, 16.620001, 16.73, 15700.0, 15.972061
2015-05-20, 16.709999, 16.84, 16.700001, 16.780001, 51500.0, 16.019797
2015-05-21, 16.690001, 16.690001, 16.59, 16.629999, 66800.0, 15.876591
2015-05-22, 17.0, 17.16, 16.959999, 17.16, 64100.0, 16.38258
2015-05-26, 17.549999, 17.549999, 17.42, 17.469999, 961200.0, 16.678535
2015-05-27, 17.290001, 17.51, 17.290001, 17.51, 78000.0, 16.716724
2015-05-28, 16.6, 16.67, 16.59, 16.67, 86400.0, 15.914779
2015-05-29, 16.52, 16.59, 16.42, 16.459999, 22600.0, 15.714292
2015-06-01, 16.83, 16.83, 16.65, 16.65, 25000.0, 15.895685
2015-06-02, 16.67, 16.860001, 16.67, 16.799999, 32300.0, 16.038889
2015-06-03, 16.74, 16.809999, 16.709999, 16.75, 19000.0, 15.991155
2015-06-04, 16.77, 16.940001, 16.76, 16.790001, 25500.0, 16.029344
2015-06-05, 16.5, 16.610001, 16.5, 16.610001, 15600.0, 15.857498
2015-06-08, 17.120001, 17.25, 17.120001, 17.200001, 19700.0, 16.420769
2015-06-09, 17.030001, 17.200001, 17.030001, 17.190001, 21100.0, 16.411222
2015-06-10, 16.84, 16.879999, 16.799999, 16.879999, 14800.0, 16.115265
2015-06-11, 16.950001, 17.07, 16.950001, 17.030001, 24400.0, 16.25847
2015-06-12, 17.110001, 17.16, 17.110001, 17.15, 17000.0, 16.373033
2015-06-15, 16.549999, 16.700001, 16.549999, 16.620001, 31500.0, 15.867045
2015-06-16, 16.4, 16.51, 16.379999, 16.51, 27500.0, 15.762028
2015-06-17, 16.68, 16.780001, 16.68, 16.690001, 49900.0, 15.933874
2015-06-18, 16.549999, 16.700001, 16.549999, 16.700001, 26300.0, 15.943421
2015-06-19, 16.59, 16.6, 16.549999, 16.549999, 23500.0, 15.800215
2015-06-22, 16.82, 16.969999, 16.82, 16.93, 20900.0, 16.163001
2015-06-23, 17.02, 17.09, 16.719999, 16.790001, 14400.0, 16.790001
2015-06-24, 16.9, 17.27, 16.85, 16.889999, 32900.0, 16.889999
2015-06-25, 16.549999, 16.549999, 16.4, 16.469999, 26500.0, 16.469999
2015-06-26, 16.35, 16.35, 16.129999, 16.139999, 23300.0, 16.139999
2015-06-29, 15.7, 16.0, 15.7, 15.77, 14800.0, 15.77
2015-06-30, 16.18, 16.190001, 16.059999, 16.139999, 22000.0, 16.139999
2015-07-01, 16.129999, 16.16, 16.01, 16.049999, 90700.0, 16.049999
2015-07-02, 16.27, 16.32, 16.16, 16.16, 25500.0, 16.16
2015-07-06, 15.55, 15.58, 15.41, 15.43, 74400.0, 15.43
2015-07-07, 15.07, 15.08, 14.39, 14.81, 122700.0, 14.81
2015-07-08, 13.63, 14.02, 13.5, 13.65, 155200.0, 13.65
2015-07-09, 14.06, 14.06, 13.8, 13.92, 60600.0, 13.92
2015-07-10, 14.31, 14.47, 14.31, 14.44, 64800.0, 14.44
2015-07-13, 14.48, 14.68, 14.45, 14.51, 30200.0, 14.51
2015-07-14, 14.27, 14.51, 14.27, 14.48, 22300.0, 14.48
2015-07-15, 14.36, 14.36, 14.18, 14.22, 15000.0, 14.22
2015-07-16, 14.27, 14.34, 14.27, 14.34, 15600.0, 14.34
2015-07-17, 14.51, 14.51, 14.39, 14.46, 135300.0, 14.46
2015-07-20, 14.26, 14.42, 14.26, 14.34, 16700.0, 14.34
2015-07-21, 14.26, 14.42, 14.26, 14.35, 21200.0, 14.35
2015-07-22, 14.24, 14.32, 14.23, 14.24, 31700.0, 14.24
2015-07-23, 14.28, 14.36, 14.23, 14.24, 13700.0, 14.24
2015-07-24, 14.15, 14.21, 14.01, 14.04, 24400.0, 14.04
2015-07-27, 13.57, 13.71, 13.56, 13.57, 31600.0, 13.57
2015-07-28, 13.65, 13.8, 13.57, 13.79, 21700.0, 13.79
2015-07-29, 13.68, 13.83, 13.68, 13.75, 393300.0, 13.75
2015-07-30, 13.55, 13.65, 13.54, 13.63, 5800.0, 13.63
2015-07-31, 13.66, 13.7, 13.52, 13.6, 13500.0, 13.6
2015-08-03, 13.52, 13.53, 13.49, 13.53, 21100.0, 13.53
2015-08-04, 13.55, 13.62, 13.49, 13.5, 18200.0, 13.5
2015-08-05, 13.7, 13.7, 13.51, 13.53, 12100.0, 13.53
2015-08-06, 13.42, 13.46, 13.41, 13.44, 18800.0, 13.44
2015-08-07, 13.71, 13.71, 13.58, 13.59, 11600.0, 13.59
2015-08-10, 13.65, 13.71, 13.64, 13.7, 20500.0, 13.7
2015-08-11, 13.43, 13.45, 13.36, 13.45, 10900.0, 13.45
2015-08-12, 13.32, 13.32, 13.14, 13.25, 16400.0, 13.25
2015-08-13, 13.13, 13.25, 13.13, 13.22, 24700.0, 13.22
2015-08-14, 13.31, 13.32, 13.25, 13.31, 19000.0, 13.31
2015-08-17, 13.11, 13.19, 13.03, 13.19, 16900.0, 13.19
2015-08-18, 12.88, 13.01, 12.88, 12.99, 27700.0, 12.99
2015-08-19, 12.75, 12.91, 12.66, 12.69, 54100.0, 12.69
2015-08-20, 12.57, 12.57, 12.5, 12.5, 48500.0, 12.5
2015-08-21, 12.45, 12.45, 12.22, 12.22, 39900.0, 12.22
2015-08-24, 11.36, 11.98, 11.36, 11.69, 99000.0, 11.69
2015-08-25, 11.93, 12.15, 11.75, 11.75, 101500.0, 11.75
2015-08-26, 11.54, 11.71, 11.33, 11.71, 76900.0, 11.71
2015-08-27, 11.73, 12.05, 11.73, 11.99, 120300.0, 11.99
2015-08-28, 11.58, 11.58, 11.43, 11.49, 82700.0, 11.49
2015-08-31, 11.23, 11.43, 11.23, 11.33, 32200.0, 11.33
2015-09-01, 11.0, 11.0, 10.84, 10.84, 77400.0, 10.84
2015-09-02, 10.81, 10.85, 10.67, 10.85, 29300.0, 10.85
2015-09-03, 10.98, 11.09, 10.88, 10.9, 34400.0, 10.9
2015-09-04, 10.72, 10.72, 10.41, 10.5, 108900.0, 10.5
2015-09-08, 10.89, 11.05, 10.89, 11.03, 60700.0, 11.03
2015-09-09, 11.73, 11.73, 11.43, 11.44, 37500.0, 11.44
2015-09-10, 11.23, 11.38, 11.22, 11.23, 32000.0, 11.23
2015-09-11, 11.38, 11.54, 11.38, 11.54, 20200.0, 11.54
2015-09-14, 11.38, 11.47, 11.38, 11.47, 115300.0, 10.708338
2015-09-15, 11.36, 11.63, 11.36, 11.56, 577000.0, 10.792362
2015-09-16, 11.89, 11.93, 11.77, 11.9, 28600.0, 11.109784
2015-09-17, 11.5, 11.75, 11.31, 11.57, 67600.0, 10.801697
2015-09-18, 11.36, 11.36, 11.17, 11.17, 16600.0, 10.42826
2015-09-21, 11.47, 11.47, 11.28, 11.36, 26100.0, 10.605642
2015-09-22, 11.04, 11.08, 10.98, 11.07, 19800.0, 10.3349
2015-09-23, 11.02, 11.02, 10.85, 10.87, 19400.0, 10.148181
2015-09-24, 10.81, 10.81, 10.63, 10.78, 27800.0, 10.064157
2015-09-25, 10.94, 10.94, 10.79, 10.81, 33100.0, 10.092166
2015-09-28, 10.66, 10.67, 10.57, 10.6, 55600.0, 9.896111
2015-09-29, 10.63, 10.7, 10.52, 10.63, 22300.0, 9.924118
2015-09-30, 10.75, 10.76, 10.65, 10.75, 17100.0, 10.036149
2015-10-01, 10.83, 10.85, 10.76, 10.81, 11200.0, 10.092166
2015-10-02, 10.82, 10.99, 10.7, 10.98, 142100.0, 10.250876
2015-10-05, 11.16, 11.18, 11.12, 11.18, 30400.0, 10.437596
2015-10-06, 11.01, 11.16, 11.01, 11.15, 80800.0, 10.409587
2015-10-07, 11.6, 11.63, 11.55, 11.58, 20500.0, 10.811033
2015-10-08, 11.66, 11.75, 11.56, 11.75, 20100.0, 10.969745
2015-10-09, 11.8, 11.9, 11.77, 11.8, 51000.0, 11.016425
2015-10-12, 11.86, 11.88, 11.82, 11.83, 87700.0, 11.044432
2015-10-13, 11.78, 11.78, 11.66, 11.66, 15100.0, 10.885721
2015-10-14, 11.59, 11.75, 11.46, 11.47, 456100.0, 10.708338
2015-10-15, 11.84, 12.0, 11.84, 12.0, 502400.0, 11.203144
2015-10-16, 12.06, 12.12, 11.96, 12.12, 46000.0, 11.315175
2015-10-19, 12.02, 12.12, 11.96, 12.01, 72000.0, 11.21248
2015-10-20, 12.05, 12.05, 11.97, 12.0, 10700.0, 11.203144
2015-10-21, 11.96, 12.01, 11.88, 12.0, 64100.0, 11.203144
2015-10-22, 12.17, 12.38, 12.17, 12.36, 51200.0, 11.539238
2015-10-23, 12.5, 12.58, 12.46, 12.55, 113600.0, 11.716621
2015-10-26, 12.34, 12.34, 12.18, 12.18, 40300.0, 11.371191
2015-10-27, 12.18, 12.18, 12.11, 12.16, 23200.0, 11.352519
2015-10-28, 12.11, 12.12, 11.89, 11.92, 25200.0, 11.128456
2015-10-29, 11.98, 12.0, 11.84, 11.85, 32400.0, 11.063105
2015-10-30, 11.76, 11.86, 11.76, 11.79, 30200.0, 11.007089
2015-11-02, 11.61, 11.63, 11.55, 11.63, 19300.0, 10.857713
2015-11-03, 11.5, 11.58, 11.4, 11.58, 21700.0, 10.811033
2015-11-04, 11.65, 11.68, 11.56, 11.62, 25400.0, 10.848377
2015-11-05, 11.66, 11.71, 11.63, 11.71, 25600.0, 10.932401
2015-11-06, 11.42, 11.53, 11.39, 11.49, 22200.0, 10.72701
2015-11-09, 11.39, 11.48, 11.34, 11.37, 49100.0, 10.614978
2015-11-10, 11.19, 11.33, 11.19, 11.24, 22100.0, 10.493611
2015-11-11, 11.27, 11.27, 11.19, 11.23, 27300.0, 10.484275
2015-11-12, 11.21, 11.24, 11.13, 11.13, 38200.0, 10.390916
2015-11-13, 11.12, 11.12, 10.91, 10.99, 55400.0, 10.260212
2015-11-16, 11.11, 11.22, 11.02, 11.19, 17800.0, 10.446931
2015-11-17, 11.16, 11.23, 11.15, 11.19, 30700.0, 10.446931
2015-11-18, 11.19, 11.2, 11.12, 11.2, 21300.0, 10.456267
2015-11-19, 11.28, 11.35, 11.28, 11.33, 28300.0, 10.577635
2015-11-20, 11.47, 11.47, 11.39, 11.41, 13900.0, 10.652322
2015-11-23, 11.28, 11.4, 11.28, 11.36, 28400.0, 10.605642
2015-11-24, 11.2, 11.29, 11.15, 11.29, 35600.0, 10.540291
2015-11-25, 11.13, 11.25, 11.13, 11.25, 29700.0, 10.502947
2015-11-27, 11.02, 11.15, 11.02, 11.1, 12300.0, 10.362908
2015-11-30, 11.12, 11.19, 11.06, 11.14, 49500.0, 10.400252
2015-12-01, 11.25, 11.31, 11.23, 11.29, 30000.0, 10.540291
2015-12-02, 11.22, 11.32, 11.16, 11.2, 23500.0, 10.456267
2015-12-03, 11.21, 11.21, 11.08, 11.15, 55500.0, 10.409587
2015-12-04, 11.17, 11.24, 11.17, 11.24, 32500.0, 10.493611
2015-12-07, 11.05, 11.06, 10.99, 11.0, 60200.0, 10.269548
2015-12-08, 10.83, 10.93, 10.8, 10.87, 34700.0, 10.148181
2015-12-09, 10.7, 10.87, 10.65, 10.7, 39600.0, 9.98947
2015-12-10, 10.62, 10.68, 10.59, 10.64, 49200.0, 9.933454
2015-12-11, 10.57, 10.59, 10.48, 10.48, 59600.0, 9.784078
2015-12-14, 10.69, 10.7, 10.6, 10.7, 64400.0, 9.98947
2015-12-15, 10.83, 10.85, 10.8, 10.8, 50300.0, 10.082829
2015-12-16, 10.91, 11.0, 10.83, 10.97, 76800.0, 10.241541
2015-12-17, 11.11, 11.13, 10.96, 11.0, 89400.0, 10.269548
2015-12-18, 11.13, 11.15, 10.98, 11.07, 63200.0, 10.3349
2015-12-21, 11.16, 11.16, 11.07, 11.13, 106100.0, 10.390916
2015-12-22, 11.12, 11.16, 11.07, 11.16, 58100.0, 10.418923
2015-12-23, 11.3, 11.37, 11.28, 11.37, 93600.0, 10.614978
2015-12-24, 11.38, 11.38, 11.22, 11.29, 25900.0, 10.540291
2015-12-28, 11.08, 11.23, 11.08, 11.23, 49000.0, 10.484275
2015-12-29, 11.3, 11.35, 11.29, 11.34, 36200.0, 10.586971
2015-12-30, 11.04, 11.18, 11.04, 11.12, 24600.0, 10.38158
2015-12-31, 11.0, 11.11, 11.0, 11.09, 16100.0, 10.353572
2016-01-04, 10.83, 10.83, 10.6, 10.7, 78100.0, 9.98947
2016-01-05, 10.77, 10.78, 10.7, 10.76, 34600.0, 10.045486
2016-01-06, 10.61, 10.62, 10.52, 10.56, 35100.0, 9.858767
2016-01-07, 10.19, 10.5, 10.19, 10.33, 93300.0, 9.644039
2016-01-08, 10.35, 10.35, 10.11, 10.12, 62400.0, 9.447984
2016-01-11, 10.09, 10.11, 10.0, 10.09, 59400.0, 9.419977
2016-01-12, 10.02, 10.19, 10.02, 10.12, 75200.0, 9.447984
2016-01-13, 10.01, 10.09, 9.81, 9.83, 63100.0, 9.177242
2016-01-14, 9.86, 10.01, 9.83, 9.96, 87500.0, 9.298609
2016-01-15, 9.59, 9.59, 9.41, 9.52, 104300.0, 8.887828
2016-01-19, 9.61, 9.7, 9.53, 9.59, 101800.0, 8.953179
2016-01-20, 9.47, 9.54, 9.3, 9.46, 70600.0, 8.831812
2016-01-21, 9.5, 9.61, 9.43, 9.53, 147200.0, 8.897163
2016-01-22, 9.74, 9.79, 9.69, 9.79, 78100.0, 9.139898
2016-01-25, 9.53, 9.68, 9.5, 9.51, 72500.0, 8.878492
2016-01-26, 9.52, 9.64, 9.52, 9.6, 65800.0, 8.962515
2016-01-27, 9.47, 9.58, 9.38, 9.48, 45700.0, 8.850483
2016-01-28, 9.57, 9.57, 9.34, 9.42, 60100.0, 8.794468
2016-01-29, 9.65, 9.76, 9.63, 9.69, 175700.0, 9.046538
2016-02-01, 9.5, 9.57, 9.49, 9.56, 1181000.0, 8.925171
2016-02-02, 9.43, 9.48, 9.35, 9.38, 156900.0, 8.757124
2016-02-03, 9.3, 9.48, 9.3, 9.48, 105900.0, 8.850483
2016-02-04, 9.48, 9.66, 9.48, 9.58, 50800.0, 8.943843
2016-02-05, 9.85, 9.85, 9.54, 9.6, 51700.0, 8.962515
2016-02-08, 9.5, 9.5, 9.25, 9.44, 59700.0, 8.813139
2016-02-09, 9.42, 9.42, 9.26, 9.3, 86300.0, 8.682436
2016-02-10, 9.28, 9.5, 9.28, 9.35, 57100.0, 8.729116
2016-02-11, 9.24, 9.29, 9.16, 9.22, 32600.0, 8.607749
2016-02-12, 9.2, 9.21, 9.08, 9.21, 144700.0, 8.598413
2016-02-16, 9.4, 9.53, 9.4, 9.44, 35300.0, 8.813139
2016-02-17, 9.53, 9.55, 9.45, 9.54, 57900.0, 8.906499
2016-02-18, 9.54, 9.54, 9.4, 9.4, 41000.0, 8.775795
2016-02-19, 9.31, 9.42, 9.28, 9.38, 25100.0, 8.757124
2016-02-22, 9.63, 9.65, 9.53, 9.63, 27600.0, 8.990523
2016-02-23, 9.56, 9.64, 9.44, 9.47, 10900.0, 8.841148
2016-02-24, 9.39, 9.4, 9.24, 9.35, 23600.0, 8.729116
2016-02-25, 9.22, 9.39, 9.22, 9.37, 27200.0, 8.747788
2016-02-26, 9.44, 9.48, 9.34, 9.38, 16900.0, 8.757124
2016-02-29, 9.5, 9.5, 9.35, 9.41, 59700.0, 8.785132
2016-03-01, 9.5, 9.65, 9.5, 9.64, 36600.0, 8.999859
2016-03-02, 9.7, 9.84, 9.7, 9.84, 16400.0, 9.186578
2016-03-03, 9.75, 9.86, 9.74, 9.86, 34100.0, 9.205249
2016-03-04, 9.88, 10.09, 9.88, 10.09, 26200.0, 9.419977
2016-03-07, 10.05, 10.16, 10.04, 10.08, 534400.0, 9.410641
2016-03-08, 9.99, 9.99, 9.83, 9.89, 264500.0, 9.233258
2016-03-09, 10.0, 10.0, 9.86, 9.87, 17700.0, 9.214586
2016-03-10, 9.94, 9.95, 9.8, 9.83, 11000.0, 9.177242
2016-03-11, 9.86, 10.12, 9.86, 10.12, 26400.0, 9.447984
2016-03-14, 10.16, 10.16, 10.05, 10.13, 7600.0, 9.45732
2016-03-15, 10.05, 10.06, 9.93, 10.05, 13400.0, 9.382633
2016-03-16, 9.98, 10.2, 9.98, 10.2, 41300.0, 9.522672
2016-03-17, 10.24, 10.3, 10.12, 10.3, 28300.0, 9.616032
2016-03-18, 10.33, 10.35, 10.28, 10.34, 22100.0, 9.653376
2016-03-21, 10.34, 10.4, 10.23, 10.31, 14000.0, 9.625368
2016-03-22, 10.04, 10.28, 10.04, 10.2, 24600.0, 9.522672
2016-03-23, 10.25, 10.28, 10.13, 10.14, 13700.0, 9.466657
2016-03-24, 10.0, 10.08, 9.98, 9.98, 16600.0, 9.317281
2016-03-28, 10.11, 10.18, 10.01, 10.18, 26600.0, 9.504
2016-03-29, 10.09, 10.27, 10.09, 10.25, 22200.0, 9.569352
2016-03-30, 10.4, 10.63, 10.4, 10.59, 24400.0, 9.886774
2016-03-31, 10.28, 10.41, 10.28, 10.36, 55300.0, 9.672047
2016-04-01, 10.2, 10.3, 10.15, 10.3, 19400.0, 9.616032
2016-04-04, 10.38, 10.38, 10.22, 10.22, 10500.0, 9.541344
2016-04-05, 10.09, 10.09, 9.9, 9.94, 12400.0, 9.279937
2016-04-06, 9.91, 9.97, 9.83, 9.97, 70900.0, 9.307945
2016-04-07, 9.77, 9.81, 9.66, 9.7, 926800.0, 9.055874
2016-04-08, 9.8, 10.01, 9.8, 9.87, 22400.0, 9.214586
2016-04-11, 10.01, 10.01, 9.93, 10.0, 28600.0, 9.335953
2016-04-12, 9.99, 10.14, 9.96, 10.14, 8700.0, 9.466657
2016-04-13, 10.28, 10.44, 10.28, 10.44, 71800.0, 9.746735
2016-04-14, 10.45, 10.49, 10.4, 10.48, 60300.0, 9.784078
2016-04-15, 10.4, 10.44, 10.33, 10.42, 10800.0, 9.728063
2016-04-18, 10.23, 10.43, 10.23, 10.41, 25200.0, 9.718727
2016-04-19, 10.35, 10.52, 10.35, 10.44, 94600.0, 9.746735
2016-04-20, 10.34, 10.52, 10.34, 10.47, 17400.0, 9.774743
2016-04-21, 10.4, 10.4, 10.3, 10.32, 9000.0, 9.634703
2016-04-22, 10.3, 10.31, 10.17, 10.21, 22700.0, 9.532008
2016-04-25, 10.02, 10.17, 10.02, 10.16, 22300.0, 9.485328
2016-04-26, 10.09, 10.33, 10.09, 10.3, 9500.0, 9.616032
2016-04-27, 10.23, 10.34, 10.2, 10.34, 15100.0, 9.653376
2016-04-28, 10.34, 10.37, 10.3, 10.32, 18900.0, 9.634703
2016-04-29, 10.17, 10.17, 10.05, 10.12, 11600.0, 9.447984
2016-05-02, 10.13, 10.13, 10.09, 10.11, 26200.0, 9.438648
2016-05-03, 10.05, 10.05, 9.9, 9.93, 19900.0, 9.270602
2016-05-04, 9.8, 9.83, 9.71, 9.74, 21300.0, 9.093218
2016-05-05, 9.84, 9.86, 9.76, 9.76, 7800.0, 9.11189
2016-05-06, 9.77, 9.8, 9.7, 9.8, 20400.0, 9.149234
2016-05-09, 9.76, 9.78, 9.61, 9.63, 27600.0, 8.990523
2016-05-10, 9.56, 9.79, 9.56, 9.76, 20500.0, 9.11189
2016-05-11, 9.75, 9.76, 9.58, 9.59, 9400.0, 8.953179
2016-05-12, 9.7, 9.71, 9.59, 9.64, 8000.0, 8.999859
2016-05-13, 9.61, 9.61, 9.48, 9.5, 22700.0, 8.869155
2016-05-16, 9.48, 9.64, 9.48, 9.6, 27400.0, 8.962515
2016-05-17, 9.71, 9.71, 9.54, 9.58, 25700.0, 8.943843
2016-05-18, 9.55, 9.62, 9.48, 9.56, 28300.0, 8.925171
2016-05-19, 9.52, 9.54, 9.42, 9.47, 194700.0, 8.841148
2016-05-20, 9.74, 9.74, 9.65, 9.66, 19800.0, 9.01853
2016-05-23, 9.66, 9.73, 9.66, 9.71, 10900.0, 9.06521
2016-05-24, 9.9, 9.9, 9.74, 9.81, 199300.0, 9.15857
2016-05-25, 10.07, 10.09, 9.95, 10.01, 205300.0, 9.345289
2016-05-26, 9.97, 9.97, 9.93, 9.97, 117600.0, 9.307945
2016-05-27, 9.95, 10.15, 9.95, 10.12, 19900.0, 9.447984
2016-05-31, 10.15, 10.2, 10.09, 10.2, 46300.0, 9.522672
2016-06-01, 10.2, 10.2, 10.13, 10.14, 40200.0, 9.466657
2016-06-02, 10.33, 10.33, 10.18, 10.29, 12400.0, 9.606696
2016-06-03, 10.28, 10.38, 10.27, 10.37, 25800.0, 9.681383
2016-06-06, 10.36, 10.52, 10.34, 10.5, 17100.0, 9.802751
2016-06-07, 10.55, 10.55, 10.51, 10.55, 45300.0, 9.849431
2016-06-08, 10.54, 10.71, 10.54, 10.67, 281900.0, 9.961462
2016-06-09, 10.56, 10.63, 10.56, 10.63, 51300.0, 9.924118
2016-06-10, 10.44, 10.45, 10.34, 10.39, 24300.0, 9.700055
2016-06-13, 10.24, 10.29, 10.18, 10.18, 10200.0, 9.504
2016-06-14, 10.14, 10.14, 9.61, 9.7, 15800.0, 9.7
2016-06-15, 10.09, 10.09, 9.73, 9.73, 35500.0, 9.73
2016-06-16, 9.5, 9.64, 9.41, 9.6, 70900.0, 9.6
2016-06-17, 9.49, 9.55, 9.44, 9.53, 35600.0, 9.53
2016-06-20, 9.59, 9.7, 9.59, 9.62, 17700.0, 9.62
2016-06-21, 9.64, 9.73, 9.64, 9.73, 22800.0, 9.73
2016-06-22, 9.82, 9.89, 9.78, 9.78, 22100.0, 9.78
2016-06-23, 9.93, 9.95, 9.91, 9.92, 149600.0, 9.92
2016-06-24, 9.58, 9.6, 9.45, 9.48, 26400.0, 9.48
2016-06-27, 9.47, 9.5, 9.4, 9.45, 20700.0, 9.45
2016-06-28, 9.67, 9.67, 9.5, 9.57, 22900.0, 9.57
2016-06-29, 9.82, 9.82, 9.8, 9.8, 7800.0, 9.8
2016-06-30, 9.95, 9.97, 9.86, 9.97, 26000.0, 9.97
2016-07-01, 9.97, 10.07, 9.97, 10.03, 18400.0, 10.03
2016-07-05, 9.97, 9.97, 9.8, 9.84, 7100.0, 9.84
2016-07-06, 9.81, 9.81, 9.67, 9.73, 10500.0, 9.73
