2007-06-08, 18.05, 18.44, 17.85, 18.23, 0.0, 12.23
2007-06-11, 18.08, 18.5, 17.87, 18.15, 52600.0, 12.18
2007-06-12, 18.01, 18.17, 18.0, 18.0, 79900.0, 12.08
2007-06-13, 18.01, 18.19, 18.0, 18.0, 132000.0, 12.08
2007-06-14, 18.0, 18.05, 16.4, 16.87, 348400.0, 11.32
2007-06-15, 16.67, 17.04, 16.51, 17.0, 98800.0, 11.41
2007-06-18, 17.23, 17.3, 17.0, 17.1, 66100.0, 11.47
2007-06-19, 17.0, 17.15, 16.95, 16.97, 383700.0, 11.39
2007-06-20, 17.0, 17.0, 16.3, 16.53, 66700.0, 11.09
2007-06-21, 16.42, 16.42, 15.74, 16.14, 135800.0, 10.83
2007-06-22, 16.03, 17.05, 15.95, 16.91, 45500.0, 11.34
2007-06-25, 16.85, 17.04, 15.81, 16.16, 22900.0, 10.84
2007-06-26, 16.02, 16.37, 15.57, 16.07, 76800.0, 10.78
2007-06-27, 16.09, 16.25, 16.0, 16.25, 29200.0, 10.9
2007-06-28, 16.25, 16.87, 16.16, 16.72, 348600.0, 11.22
2007-06-29, 16.59, 17.1, 16.59, 16.89, 66100.0, 11.33
2007-07-02, 16.99, 17.59, 16.91, 17.48, 84100.0, 11.73
2007-07-03, 17.61, 17.87, 17.5, 17.75, 38400.0, 11.91
2007-07-05, 17.8, 18.25, 17.75, 18.01, 38100.0, 12.08
2007-07-06, 18.01, 18.16, 17.81, 18.01, 12400.0, 12.08
2007-07-09, 18.16, 18.5, 17.95, 18.44, 22700.0, 12.37
2007-07-10, 18.35, 18.4, 17.7, 17.76, 11700.0, 11.92
2007-07-11, 17.75, 17.92, 17.5, 17.54, 7400.0, 11.77
2007-07-12, 17.53, 17.95, 17.53, 17.93, 7200.0, 12.03
2007-07-13, 17.99, 18.29, 17.51, 17.99, 29500.0, 12.07
2007-07-16, 17.99, 18.92, 17.57, 18.38, 42400.0, 12.33
2007-07-17, 18.3, 18.5, 17.62, 18.28, 77200.0, 12.26
2007-07-18, 18.5, 18.9, 18.5, 18.75, 84800.0, 12.58
2007-07-19, 18.8, 19.4, 18.55, 19.4, 47400.0, 13.02
2007-07-20, 19.47, 19.77, 18.98, 19.36, 43800.0, 12.99
2007-07-23, 19.44, 19.72, 18.9, 18.99, 35000.0, 12.74
2007-07-24, 19.0, 19.06, 18.53, 18.95, 13200.0, 12.71
2007-07-25, 19.0, 19.05, 17.55, 18.04, 68200.0, 12.1
2007-07-26, 17.85, 18.2, 16.8, 17.66, 20800.0, 11.85
2007-07-27, 17.44, 17.44, 16.75, 17.0, 70800.0, 11.41
2007-07-30, 16.91, 17.24, 16.26, 16.77, 26900.0, 11.25
2007-07-31, 16.62, 17.4, 16.31, 16.85, 65400.0, 11.3
2007-08-01, 16.99, 18.74, 16.11, 17.13, 43900.0, 11.49
2007-08-02, 17.18, 17.38, 16.6, 17.0, 16600.0, 11.41
2007-08-03, 17.09, 17.16, 16.6, 16.61, 32600.0, 11.14
2007-08-06, 16.77, 17.19, 16.32, 16.94, 10000.0, 11.36
2007-08-07, 16.7, 17.0, 16.47, 16.8, 17500.0, 11.27
2007-08-08, 16.81, 17.0, 16.52, 16.93, 29200.0, 11.36
2007-08-09, 17.09, 17.18, 14.76, 15.45, 45700.0, 10.37
2007-08-10, 15.17, 17.1, 14.08, 16.55, 154500.0, 11.1
2007-08-13, 16.78, 17.79, 16.07, 16.31, 107600.0, 10.94
2007-08-14, 16.19, 17.46, 15.93, 17.25, 82100.0, 11.57
2007-08-15, 17.08, 17.7, 16.91, 17.6, 81200.0, 11.81
2007-08-16, 17.6, 17.65, 17.2, 17.5, 52800.0, 11.74
2007-08-17, 17.51, 17.94, 16.8, 17.18, 66500.0, 11.53
2007-08-20, 17.3, 18.46, 16.81, 17.15, 42100.0, 11.51
2007-08-21, 17.26, 17.89, 16.71, 17.86, 16100.0, 11.98
2007-08-22, 17.88, 18.0, 17.08, 17.57, 63500.0, 11.79
2007-08-23, 17.06, 17.94, 16.78, 17.01, 60800.0, 11.41
2007-08-24, 17.08, 17.42, 16.72, 17.01, 27100.0, 11.41
2007-08-27, 16.9, 17.0, 16.55, 16.65, 26100.0, 11.17
2007-08-28, 16.7, 16.7, 16.15, 16.39, 87000.0, 11.0
2007-08-29, 16.5, 17.0, 16.44, 16.57, 54700.0, 11.12
2007-08-30, 16.36, 17.0, 16.36, 16.7, 44100.0, 11.2
2007-08-31, 16.94, 17.0, 16.62, 16.62, 83100.0, 11.15
2007-09-04, 16.55, 16.69, 16.5, 16.63, 40800.0, 11.16
2007-09-05, 17.0, 17.0, 16.58, 16.65, 45800.0, 11.17
2007-09-06, 16.59, 16.6, 16.16, 16.56, 27600.0, 11.11
2007-09-07, 16.29, 16.67, 16.23, 16.47, 15600.0, 11.05
2007-09-10, 16.43, 16.98, 16.3, 16.63, 13600.0, 11.16
2007-09-11, 16.84, 17.24, 16.6, 16.64, 12300.0, 11.16
2007-09-12, 16.68, 17.1, 16.61, 16.86, 78200.0, 11.31
2007-09-13, 17.04, 17.21, 16.79, 17.21, 6100.0, 11.55
2007-09-14, 17.01, 17.79, 16.48, 17.29, 38000.0, 11.6
2007-09-17, 17.11, 17.25, 16.75, 16.88, 7100.0, 11.32
2007-09-18, 16.85, 17.25, 16.09, 16.51, 41800.0, 11.08
2007-09-19, 16.99, 17.29, 15.39, 17.02, 81800.0, 11.42
2007-09-20, 16.96, 17.77, 16.96, 17.35, 46200.0, 11.64
2007-09-21, 17.51, 17.94, 17.39, 17.94, 23400.0, 12.04
2007-09-24, 17.93, 19.0, 17.48, 18.85, 41400.0, 12.65
2007-09-25, 18.83, 19.0, 18.64, 18.93, 11300.0, 12.7
2007-09-26, 19.0, 19.0, 17.85, 18.8, 25100.0, 12.61
2007-09-27, 18.9, 18.9, 18.51, 18.75, 4100.0, 12.58
2007-09-28, 18.68, 18.75, 18.57, 18.74, 16100.0, 12.57
2007-10-01, 18.69, 18.75, 18.45, 18.71, 15900.0, 12.55
2007-10-02, 18.82, 18.82, 18.54, 18.65, 25100.0, 12.51
2007-10-03, 18.65, 18.97, 18.64, 18.94, 17100.0, 12.71
2007-10-04, 18.95, 19.71, 18.92, 19.21, 32000.0, 12.89
2007-10-05, 19.21, 19.49, 19.21, 19.36, 30800.0, 12.99
2007-10-08, 19.4, 19.66, 19.26, 19.5, 36200.0, 13.08
2007-10-09, 19.59, 20.35, 19.59, 20.05, 25900.0, 13.45
2007-10-10, 19.96, 20.57, 19.86, 20.57, 12500.0, 13.8
2007-10-11, 20.59, 21.67, 20.1, 21.24, 26600.0, 14.25
2007-10-12, 21.55, 23.94, 21.51, 23.39, 125700.0, 15.69
2007-10-15, 23.48, 24.55, 21.17, 21.44, 201100.0, 14.38
2007-10-16, 21.34, 22.2, 21.13, 22.17, 32700.0, 14.87
2007-10-17, 22.2, 23.3, 21.92, 22.63, 65400.0, 15.18
2007-10-18, 22.17, 22.65, 22.15, 22.27, 41400.0, 14.94
2007-10-19, 22.27, 24.55, 22.27, 23.48, 38500.0, 15.75
2007-10-22, 23.24, 23.3, 21.5, 21.68, 22200.0, 14.54
2007-10-23, 21.74, 21.99, 21.25, 21.3, 36800.0, 14.29
2007-10-24, 21.26, 22.3, 20.44, 20.69, 32800.0, 13.88
2007-10-25, 20.65, 21.89, 20.65, 21.68, 39300.0, 14.54
2007-10-26, 21.9, 22.27, 20.69, 22.17, 34300.0, 14.87
2007-10-29, 22.49, 23.73, 22.49, 23.5, 17800.0, 15.77
2007-10-30, 23.51, 24.31, 22.84, 24.01, 74200.0, 16.11
2007-10-31, 24.16, 24.9, 23.75, 24.5, 69200.0, 16.44
2007-11-01, 24.41, 24.41, 23.77, 23.91, 29900.0, 16.04
2007-11-02, 23.61, 23.87, 23.51, 23.79, 13900.0, 15.96
2007-11-05, 23.94, 24.25, 23.21, 23.91, 33300.0, 16.04
2007-11-06, 23.78, 24.0, 23.52, 23.7, 19400.0, 15.9
2007-11-07, 22.96, 23.35, 22.18, 22.28, 88100.0, 14.95
2007-11-08, 22.0, 22.0, 19.71, 20.85, 128000.0, 13.99
2007-11-09, 19.89, 22.7, 19.24, 20.84, 69800.0, 13.98
2007-11-12, 20.9, 22.0, 20.69, 21.37, 60500.0, 14.34
2007-11-13, 21.02, 21.31, 20.46, 21.08, 176600.0, 14.14
2007-11-14, 21.23, 21.75, 21.0, 21.6, 26800.0, 14.49
2007-11-15, 21.05, 21.36, 20.95, 21.1, 24000.0, 14.16
2007-11-16, 21.11, 22.38, 20.87, 21.6, 16100.0, 14.49
2007-11-19, 21.46, 22.0, 21.04, 21.8, 21200.0, 14.63
2007-11-20, 21.96, 22.43, 20.85, 21.16, 37700.0, 14.2
2007-11-21, 20.72, 21.0, 20.65, 20.83, 8400.0, 13.97
2007-11-23, 20.98, 21.0, 20.58, 20.96, 8400.0, 14.06
2007-11-26, 20.91, 21.53, 20.68, 20.87, 36900.0, 14.0
2007-11-27, 20.65, 21.0, 20.56, 20.7, 65400.0, 13.89
2007-11-28, 20.73, 21.03, 19.0, 19.22, 52900.0, 12.89
2007-11-29, 19.49, 19.49, 16.89, 17.07, 63400.0, 11.45
2007-11-30, 17.21, 18.7, 17.15, 17.85, 50100.0, 11.98
2007-12-03, 18.21, 19.13, 18.21, 18.5, 93100.0, 12.41
2007-12-04, 18.49, 19.7, 18.49, 19.22, 133900.0, 12.89
2007-12-05, 19.25, 19.89, 19.2, 19.41, 15500.0, 13.02
2007-12-06, 19.32, 19.5, 18.75, 19.3, 13600.0, 12.95
2007-12-07, 19.21, 20.22, 18.27, 20.16, 99300.0, 13.53
2007-12-10, 20.15, 20.77, 19.96, 20.38, 68900.0, 13.67
2007-12-11, 20.38, 20.38, 18.83, 19.36, 23000.0, 12.99
2007-12-12, 19.11, 20.34, 19.11, 20.06, 49500.0, 13.46
2007-12-13, 19.7, 20.09, 19.24, 19.45, 8100.0, 13.05
2007-12-14, 19.08, 19.2, 18.57, 19.12, 30800.0, 12.83
2007-12-17, 19.0, 19.0, 18.19, 18.24, 31400.0, 12.24
2007-12-18, 16.88, 17.5, 16.32, 16.35, 143000.0, 10.97
2007-12-19, 16.09, 16.9, 15.74, 16.27, 48800.0, 10.92
2007-12-20, 16.4, 17.87, 15.87, 17.0, 142200.0, 11.41
2007-12-21, 17.0, 17.88, 16.97, 17.05, 84600.0, 11.44
2007-12-24, 17.2, 17.57, 17.14, 17.15, 42200.0, 11.51
2007-12-26, 17.17, 17.67, 17.15, 17.62, 349400.0, 11.82
2007-12-27, 17.82, 18.34, 17.23, 18.07, 34200.0, 12.12
2007-12-28, 18.12, 18.12, 17.44, 17.48, 49000.0, 11.73
2007-12-31, 17.54, 18.37, 17.43, 18.15, 21800.0, 12.18
2008-01-02, 17.88, 18.41, 17.88, 18.25, 29200.0, 12.24
2008-01-03, 18.25, 18.25, 17.44, 17.53, 56900.0, 11.76
2008-01-04, 17.57, 17.57, 16.97, 17.25, 112000.0, 11.57
2008-01-07, 17.25, 17.5, 16.91, 17.18, 29800.0, 11.53
2008-01-08, 17.28, 17.8, 16.91, 17.36, 44100.0, 11.65
2008-01-09, 17.35, 17.42, 16.87, 17.3, 52200.0, 11.61
2008-01-10, 17.26, 18.01, 17.26, 18.01, 36200.0, 12.08
2008-01-11, 17.99, 18.78, 16.77, 17.14, 83500.0, 11.5
2008-01-14, 17.27, 18.26, 17.27, 18.26, 214200.0, 12.25
2008-01-15, 18.29, 18.29, 17.56, 17.67, 113500.0, 11.85
2008-01-16, 17.56, 17.98, 17.42, 17.75, 55700.0, 11.91
2008-01-17, 17.66, 18.24, 17.66, 17.99, 40900.0, 12.07
2008-01-18, 17.86, 18.0, 17.59, 17.8, 40000.0, 11.94
2008-01-22, 16.72, 18.0, 16.72, 17.7, 30400.0, 11.87
2008-01-23, 17.29, 18.0, 17.01, 17.89, 40500.0, 12.0
2008-01-24, 18.0, 18.0, 17.65, 17.87, 31200.0, 11.99
2008-01-25, 17.67, 18.42, 17.67, 18.02, 51900.0, 12.09
2008-01-28, 17.98, 18.99, 17.84, 18.96, 48800.0, 12.72
2008-01-29, 18.9, 18.95, 17.85, 18.02, 65700.0, 12.09
2008-01-30, 17.76, 18.43, 17.76, 17.96, 30400.0, 12.05
2008-01-31, 17.99, 18.51, 17.99, 18.51, 43000.0, 12.42
2008-02-01, 18.69, 19.05, 18.18, 19.05, 26200.0, 12.78
2008-02-04, 18.96, 18.98, 18.46, 18.85, 31100.0, 12.65
2008-02-05, 18.86, 19.17, 18.6, 19.03, 24900.0, 12.77
2008-02-06, 18.94, 18.96, 18.05, 18.16, 20900.0, 12.18
2008-02-07, 18.06, 18.08, 17.23, 17.55, 104100.0, 11.77
2008-02-08, 17.63, 17.78, 17.39, 17.41, 89200.0, 11.68
2008-02-11, 17.45, 17.97, 17.42, 17.74, 37400.0, 11.9
2008-02-12, 17.74, 17.74, 16.9, 16.9, 70200.0, 11.34
2008-02-13, 17.01, 17.01, 16.5, 16.75, 16900.0, 11.24
2008-02-14, 16.65, 17.02, 15.87, 15.94, 33100.0, 10.69
2008-02-15, 15.94, 15.94, 14.37, 14.56, 47100.0, 9.77
2008-02-19, 14.54, 15.0, 13.0, 13.59, 96800.0, 9.12
2008-02-20, 13.51, 14.36, 13.51, 14.36, 42500.0, 9.63
2008-02-21, 14.32, 15.76, 14.32, 15.72, 60600.0, 10.55
2008-02-22, 15.66, 15.71, 14.92, 15.35, 27600.0, 10.3
2008-02-25, 15.1, 16.22, 15.1, 15.76, 34900.0, 10.57
2008-02-26, 15.74, 15.75, 15.24, 15.61, 18300.0, 10.47
2008-02-27, 15.97, 16.71, 15.37, 16.4, 42100.0, 11.0
2008-02-28, 15.11, 15.99, 15.11, 15.55, 120700.0, 10.43
2008-02-29, 15.74, 15.74, 15.27, 15.41, 50400.0, 10.34
2008-03-03, 15.34, 15.34, 13.12, 13.7, 114500.0, 9.19
2008-03-04, 13.44, 13.51, 13.24, 13.4, 85000.0, 8.99
2008-03-05, 13.29, 13.31, 12.5, 13.16, 45300.0, 8.83
2008-03-06, 13.1, 13.22, 12.39, 12.61, 23900.0, 8.46
2008-03-07, 12.53, 12.53, 11.55, 11.75, 51200.0, 7.88
2008-03-10, 11.77, 11.8, 10.3, 10.59, 106300.0, 7.1
2008-03-11, 10.69, 11.0, 10.3, 10.65, 139700.0, 7.15
2008-03-12, 10.61, 10.94, 10.56, 10.69, 182000.0, 7.17
2008-03-13, 10.7, 10.7, 10.37, 10.69, 74300.0, 7.17
2008-03-14, 10.76, 10.79, 10.4, 10.64, 28100.0, 7.14
2008-03-17, 10.5, 10.5, 9.11, 9.56, 38100.0, 6.41
2008-03-18, 9.79, 10.2, 8.74, 9.45, 93200.0, 6.34
2008-03-19, 9.44, 9.5, 9.01, 9.04, 161500.0, 6.06
2008-03-20, 8.95, 9.47, 8.55, 9.45, 57000.0, 6.34
2008-03-24, 9.45, 9.45, 9.3, 9.43, 61600.0, 6.33
2008-03-25, 9.48, 9.8, 9.36, 9.45, 37700.0, 6.34
2008-03-26, 9.44, 9.49, 9.15, 9.36, 23800.0, 6.28
2008-03-27, 9.29, 9.41, 8.92, 9.21, 32100.0, 6.18
2008-03-28, 9.21, 9.21, 8.76, 9.0, 39100.0, 6.04
2008-03-31, 8.96, 8.96, 8.35, 8.56, 651500.0, 5.74
2008-04-01, 8.75, 10.41, 8.75, 9.33, 192700.0, 6.26
2008-04-02, 9.35, 9.85, 9.35, 9.77, 341500.0, 6.55
2008-04-03, 9.66, 9.98, 9.6, 9.92, 37000.0, 6.66
2008-04-04, 9.57, 9.83, 9.56, 9.76, 27800.0, 6.55
2008-04-07, 9.76, 10.07, 9.61, 9.99, 39800.0, 6.7
2008-04-08, 9.99, 9.99, 9.31, 9.56, 52900.0, 6.41
2008-04-09, 9.77, 9.83, 9.45, 9.54, 64200.0, 6.4
2008-04-10, 9.59, 9.7, 9.55, 9.66, 54500.0, 6.48
2008-04-11, 9.61, 9.9, 9.55, 9.7, 102200.0, 6.51
2008-04-14, 9.64, 9.71, 9.53, 9.66, 29000.0, 6.48
2008-04-15, 9.55, 9.59, 9.3, 9.56, 40100.0, 6.41
2008-04-16, 9.6, 9.7, 9.5, 9.68, 38800.0, 6.49
2008-04-17, 9.75, 10.58, 9.42, 9.42, 34900.0, 6.32
2008-04-18, 9.54, 9.56, 9.48, 9.5, 15300.0, 6.37
2008-04-21, 9.56, 9.66, 9.41, 9.54, 45500.0, 6.4
2008-04-22, 9.53, 9.53, 9.45, 9.49, 28800.0, 6.37
2008-04-23, 9.55, 9.56, 9.32, 9.43, 36000.0, 6.33
2008-04-24, 9.48, 9.59, 9.48, 9.5, 63000.0, 6.37
2008-04-25, 9.55, 10.74, 9.55, 10.62, 97300.0, 7.12
2008-04-28, 10.5, 10.79, 10.31, 10.56, 71800.0, 7.08
2008-04-29, 10.6, 10.78, 10.5, 10.61, 48700.0, 7.12
2008-04-30, 11.0, 11.38, 10.99, 11.25, 228800.0, 7.55
2008-05-01, 11.27, 11.36, 10.89, 11.09, 101700.0, 7.44
2008-05-02, 11.16, 12.11, 11.16, 11.8, 25100.0, 7.92
2008-05-05, 11.8, 12.05, 11.03, 11.41, 79400.0, 7.65
2008-05-06, 11.47, 11.64, 11.31, 11.49, 42300.0, 7.71
2008-05-07, 11.45, 11.62, 10.94, 11.0, 97900.0, 7.38
2008-05-08, 13.96, 14.0, 12.57, 12.81, 328400.0, 8.59
2008-05-09, 12.75, 13.69, 12.73, 13.48, 109900.0, 9.04
2008-05-12, 13.54, 13.84, 13.43, 13.44, 65500.0, 9.02
2008-05-13, 13.49, 14.33, 13.49, 14.22, 177900.0, 9.54
2008-05-14, 14.32, 14.68, 14.2, 14.35, 161700.0, 9.63
2008-05-15, 14.41, 14.65, 13.85, 14.29, 50300.0, 9.59
2008-05-16, 14.31, 15.46, 14.31, 15.01, 45200.0, 10.07
2008-05-19, 14.97, 15.01, 14.31, 14.5, 31400.0, 9.73
2008-05-20, 14.41, 14.94, 14.38, 14.66, 66400.0, 9.84
2008-05-21, 14.84, 14.86, 14.07, 14.6, 144600.0, 9.8
2008-05-22, 14.6, 14.6, 14.01, 14.32, 22700.0, 9.61
2008-05-23, 14.33, 14.33, 13.76, 13.87, 58700.0, 9.31
2008-05-27, 13.86, 14.23, 13.68, 13.73, 31600.0, 9.21
2008-05-28, 13.37, 13.96, 13.25, 13.61, 34300.0, 9.13
2008-05-29, 13.62, 13.88, 13.33, 13.65, 53400.0, 9.16
2008-05-30, 13.74, 14.32, 13.58, 14.04, 131800.0, 9.42
2008-06-02, 13.99, 14.21, 13.71, 14.21, 45000.0, 9.53
2008-06-03, 14.28, 14.29, 13.55, 13.65, 31700.0, 9.16
2008-06-04, 13.72, 13.74, 12.82, 12.86, 106700.0, 8.63
2008-06-05, 13.0, 13.73, 13.0, 13.55, 267600.0, 9.09
2008-06-06, 13.54, 13.55, 12.97, 13.34, 47600.0, 8.95
2008-06-09, 13.44, 13.44, 12.91, 12.92, 54900.0, 8.67
2008-06-10, 12.83, 13.14, 12.79, 12.82, 94400.0, 8.6
2008-06-11, 12.76, 13.08, 12.31, 12.44, 198400.0, 8.35
2008-06-12, 12.42, 12.97, 12.4, 12.47, 57900.0, 8.37
2008-06-13, 12.52, 12.59, 12.2, 12.46, 61300.0, 8.36
2008-06-16, 12.45, 12.93, 12.15, 12.83, 67200.0, 8.61
2008-06-17, 12.91, 13.0, 12.41, 12.73, 47900.0, 8.54
2008-06-18, 12.79, 12.98, 11.91, 12.18, 37400.0, 8.17
2008-06-19, 12.23, 12.56, 11.94, 12.32, 71800.0, 8.27
2008-06-20, 12.29, 12.38, 11.98, 12.09, 40600.0, 8.11
2008-06-23, 12.21, 12.38, 11.87, 12.2, 60400.0, 8.18
2008-06-24, 12.19, 12.19, 11.61, 11.75, 62500.0, 7.88
2008-06-25, 11.86, 12.37, 11.71, 11.92, 34400.0, 8.0
2008-06-26, 12.04, 12.04, 11.0, 11.01, 105400.0, 7.39
2008-06-27, 11.0, 11.72, 10.73, 10.88, 512800.0, 7.3
2008-06-30, 10.94, 11.58, 10.85, 11.07, 61400.0, 7.43
2008-07-01, 10.99, 10.99, 10.3, 10.65, 127700.0, 7.15
2008-07-02, 10.73, 11.45, 10.73, 11.17, 133000.0, 7.49
2008-07-03, 11.18, 11.41, 10.68, 11.15, 48500.0, 7.48
2008-07-07, 11.28, 11.49, 10.79, 10.9, 49500.0, 7.31
2008-07-08, 10.94, 10.94, 10.47, 10.7, 62300.0, 7.18
2008-07-09, 10.75, 10.97, 10.28, 10.73, 48800.0, 7.2
2008-07-10, 10.8, 11.18, 10.0, 10.1, 105700.0, 6.78
2008-07-11, 9.99, 10.0, 9.5, 9.86, 111800.0, 6.61
2008-07-14, 9.95, 9.95, 9.4, 9.44, 35300.0, 6.33
2008-07-15, 9.34, 9.63, 9.07, 9.42, 86700.0, 6.32
2008-07-16, 9.41, 10.18, 9.17, 10.1, 209000.0, 6.78
2008-07-17, 10.23, 10.75, 10.12, 10.65, 105600.0, 7.15
2008-07-18, 10.7, 10.81, 10.56, 10.67, 30200.0, 7.16
2008-07-21, 10.78, 11.22, 10.54, 10.6, 62600.0, 7.11
2008-07-22, 10.48, 11.18, 10.48, 11.08, 54400.0, 7.43
2008-07-23, 11.09, 11.65, 11.09, 11.23, 53600.0, 7.53
2008-07-24, 11.27, 11.51, 10.93, 10.93, 26000.0, 7.33
2008-07-25, 11.03, 11.07, 10.45, 10.9, 54300.0, 7.31
2008-07-28, 10.85, 11.09, 10.14, 10.39, 37100.0, 6.97
2008-07-29, 10.36, 10.87, 10.32, 10.8, 48800.0, 7.25
2008-07-30, 10.89, 11.08, 10.33, 10.88, 54300.0, 7.3
2008-07-31, 10.75, 11.75, 10.75, 11.53, 146900.0, 7.74
2008-08-01, 11.52, 11.64, 11.1, 11.34, 34300.0, 7.61
2008-08-04, 11.34, 11.71, 10.17, 10.46, 134200.0, 7.02
2008-08-05, 10.51, 10.98, 10.25, 10.95, 148500.0, 7.35
2008-08-06, 10.33, 11.67, 10.3, 11.51, 128900.0, 7.72
2008-08-07, 12.0, 12.5, 11.77, 12.1, 267000.0, 8.12
2008-08-08, 12.02, 12.5, 12.0, 12.22, 99100.0, 8.2
2008-08-11, 12.25, 12.73, 12.0, 12.35, 189600.0, 8.29
2008-08-12, 12.46, 12.86, 12.18, 12.62, 149200.0, 8.47
2008-08-13, 12.63, 13.68, 12.53, 13.47, 122600.0, 9.04
2008-08-14, 13.42, 13.98, 12.7, 13.65, 104000.0, 9.16
2008-08-15, 13.79, 13.97, 12.83, 13.0, 70900.0, 8.72
2008-08-18, 13.1, 13.75, 12.87, 13.22, 74900.0, 8.87
2008-08-19, 13.17, 13.57, 12.82, 13.42, 56500.0, 9.0
2008-08-20, 13.51, 13.57, 12.69, 13.0, 43500.0, 8.72
2008-08-21, 12.94, 13.5, 12.63, 12.76, 28000.0, 8.56
2008-08-22, 12.67, 12.81, 11.68, 12.23, 92200.0, 8.21
2008-08-25, 12.21, 12.37, 11.95, 12.32, 66300.0, 8.27
2008-08-26, 12.32, 12.37, 11.66, 11.8, 83400.0, 7.92
2008-08-27, 11.77, 11.92, 11.45, 11.76, 40500.0, 7.89
2008-08-28, 11.73, 11.88, 11.59, 11.76, 159500.0, 7.89
2008-08-29, 11.76, 12.08, 11.74, 11.79, 71800.0, 7.91
2008-09-02, 11.86, 13.36, 11.86, 13.04, 168300.0, 8.75
2008-09-03, 13.0, 13.86, 12.91, 13.74, 129700.0, 9.22
2008-09-04, 13.82, 14.27, 13.7, 13.84, 145300.0, 9.29
2008-09-05, 13.82, 14.0, 13.49, 13.72, 81900.0, 9.2
2008-09-08, 13.98, 14.67, 13.98, 14.64, 77300.0, 9.82
2008-09-09, 14.67, 15.0, 13.71, 14.57, 101000.0, 9.77
2008-09-10, 14.78, 15.04, 14.35, 14.84, 90400.0, 9.96
2008-09-11, 14.68, 14.88, 14.17, 14.34, 137800.0, 9.62
2008-09-12, 14.39, 14.4, 14.11, 14.15, 75400.0, 9.49
2008-09-15, 13.79, 13.79, 12.94, 13.16, 70300.0, 8.83
2008-09-16, 12.98, 12.99, 12.05, 12.32, 344600.0, 8.27
2008-09-17, 12.27, 12.34, 11.01, 11.25, 195800.0, 7.55
2008-09-18, 11.48, 11.65, 10.62, 11.24, 185100.0, 7.54
2008-09-19, 11.68, 12.37, 11.67, 12.25, 141900.0, 8.22
2008-09-22, 12.36, 13.32, 12.08, 12.86, 130000.0, 8.63
2008-09-23, 12.76, 12.98, 12.06, 12.36, 55100.0, 8.29
2008-09-24, 12.41, 13.21, 11.88, 11.88, 81400.0, 7.97
2008-09-25, 11.81, 11.93, 10.66, 10.93, 127700.0, 7.33
2008-09-26, 10.6, 11.22, 10.6, 11.07, 72700.0, 7.43
2008-09-29, 10.98, 11.24, 9.83, 10.41, 114300.0, 6.98
2008-09-30, 10.38, 10.51, 9.26, 10.08, 172900.0, 6.76
2008-10-01, 10.0, 10.37, 9.64, 10.33, 48300.0, 6.93
2008-10-02, 10.34, 10.59, 9.42, 9.63, 37300.0, 6.46
2008-10-03, 9.6, 9.77, 9.05, 9.05, 53000.0, 6.07
2008-10-06, 8.81, 9.27, 7.52, 8.18, 164100.0, 5.49
2008-10-07, 8.29, 8.47, 7.71, 7.77, 39600.0, 5.21
2008-10-08, 7.67, 7.89, 7.31, 7.51, 41600.0, 5.04
2008-10-09, 7.56, 7.87, 6.51, 6.55, 219800.0, 4.39
2008-10-10, 6.59, 7.16, 6.01, 7.03, 75600.0, 4.72
2008-10-13, 7.3, 7.6, 6.91, 7.59, 63900.0, 5.09
2008-10-14, 7.87, 8.68, 7.51, 7.57, 71000.0, 5.08
2008-10-15, 7.44, 7.53, 6.78, 6.81, 59600.0, 4.57
2008-10-16, 6.83, 7.21, 6.43, 7.15, 80600.0, 4.8
2008-10-17, 6.97, 7.58, 6.97, 7.19, 59400.0, 4.82
2008-10-20, 7.37, 7.52, 7.08, 7.18, 37200.0, 4.82
2008-10-21, 7.14, 7.39, 6.82, 6.89, 36800.0, 4.62
2008-10-22, 6.82, 7.18, 6.8, 7.08, 52100.0, 4.75
2008-10-23, 7.16, 7.18, 6.56, 6.63, 42400.0, 4.45
2008-10-24, 6.34, 6.56, 6.1, 6.45, 29600.0, 4.33
2008-10-27, 6.42, 6.55, 6.18, 6.22, 25000.0, 4.17
2008-10-28, 6.26, 6.58, 5.97, 6.43, 53400.0, 4.31
2008-10-29, 6.51, 7.36, 6.51, 7.1, 73400.0, 4.76
2008-10-30, 7.25, 7.53, 7.05, 7.51, 41300.0, 5.04
2008-10-31, 7.42, 8.3, 7.24, 8.02, 31100.0, 5.38
2008-11-03, 7.9, 8.01, 6.93, 6.93, 71100.0, 4.65
2008-11-04, 6.99, 7.16, 6.65, 6.98, 60500.0, 4.68
2008-11-05, 6.91, 7.0, 6.56, 6.56, 39900.0, 4.4
2008-11-06, 6.62, 6.72, 6.3, 6.33, 36800.0, 4.25
2008-11-07, 6.02, 6.26, 5.94, 6.19, 57400.0, 4.15
2008-11-10, 6.26, 6.43, 5.54, 5.56, 44200.0, 3.73
2008-11-11, 5.58, 5.58, 4.5, 5.06, 69000.0, 3.39
2008-11-12, 5.01, 5.24, 4.77, 4.87, 81100.0, 3.27
2008-11-13, 4.9, 4.9, 4.02, 4.37, 80300.0, 2.93
2008-11-14, 4.35, 4.35, 4.0, 4.22, 29100.0, 2.83
2008-11-17, 4.21, 4.55, 4.01, 4.1, 70400.0, 2.75
2008-11-18, 4.11, 4.2, 3.82, 4.02, 76600.0, 2.7
2008-11-19, 3.94, 3.94, 3.26, 3.41, 80600.0, 2.29
2008-11-20, 3.4, 3.4, 3.17, 3.17, 58500.0, 2.13
2008-11-21, 3.19, 3.25, 2.5, 3.15, 50200.0, 2.11
2008-11-24, 3.25, 4.05, 3.25, 3.9, 68800.0, 2.62
2008-11-25, 3.98, 4.4, 3.88, 3.88, 60800.0, 2.6
2008-11-26, 3.71, 4.86, 3.71, 4.69, 66400.0, 3.15
2008-11-28, 4.64, 4.99, 4.55, 4.98, 11300.0, 3.34
2008-12-01, 4.95, 4.95, 3.59, 3.7, 92000.0, 2.48
2008-12-02, 3.65, 4.16, 3.65, 4.07, 100300.0, 2.73
2008-12-03, 4.06, 4.71, 4.03, 4.6, 61200.0, 3.09
2008-12-04, 4.53, 4.88, 4.36, 4.53, 111500.0, 3.04
2008-12-05, 4.48, 5.59, 4.38, 5.13, 101300.0, 3.44
2008-12-08, 5.33, 6.3, 5.23, 6.11, 82100.0, 4.1
2008-12-09, 6.0, 6.57, 5.83, 6.09, 94100.0, 4.09
2008-12-10, 6.14, 6.48, 6.11, 6.4, 36300.0, 4.29
2008-12-11, 6.35, 6.7, 5.75, 5.78, 72800.0, 3.88
2008-12-12, 5.72, 6.44, 5.55, 6.24, 63500.0, 4.19
2008-12-15, 6.31, 6.35, 5.33, 5.34, 46700.0, 3.58
2008-12-16, 5.46, 6.31, 5.43, 6.25, 38300.0, 4.19
2008-12-17, 6.2, 6.24, 5.8, 6.15, 57800.0, 4.13
2008-12-18, 6.3, 6.3, 4.98, 5.15, 212000.0, 3.46
2008-12-19, 5.36, 5.39, 4.69, 4.98, 137400.0, 3.34
2008-12-22, 5.19, 5.36, 5.0, 5.31, 65500.0, 3.56
2008-12-23, 5.42, 5.42, 5.08, 5.08, 31000.0, 3.41
2008-12-24, 5.22, 5.38, 5.0, 5.27, 34900.0, 3.54
2008-12-26, 5.26, 5.48, 5.26, 5.45, 18900.0, 3.66
2008-12-29, 5.55, 5.65, 5.13, 5.25, 34700.0, 3.52
2008-12-30, 5.33, 5.45, 5.22, 5.34, 120500.0, 3.58
2008-12-31, 5.36, 5.84, 5.36, 5.75, 38600.0, 3.86
2009-01-02, 5.87, 6.0, 5.52, 5.7, 51500.0, 3.82
2009-01-05, 5.77, 6.09, 5.76, 5.81, 90800.0, 3.9
2009-01-06, 5.8, 6.43, 5.73, 6.28, 78400.0, 4.21
2009-01-07, 6.24, 6.24, 5.89, 6.01, 55600.0, 4.03
2009-01-08, 5.97, 6.15, 5.91, 6.1, 17300.0, 4.09
2009-01-09, 6.05, 6.09, 5.82, 5.88, 40100.0, 3.94
2009-01-12, 5.92, 6.16, 5.78, 6.14, 40100.0, 4.12
2009-01-13, 6.1, 6.15, 5.47, 5.62, 74800.0, 3.77
2009-01-14, 5.46, 5.55, 5.15, 5.47, 113600.0, 3.67
2009-01-15, 5.47, 6.16, 5.28, 6.16, 92800.0, 4.13
2009-01-16, 6.1, 6.29, 5.92, 6.13, 56900.0, 4.11
2009-01-20, 6.0, 6.1, 5.55, 5.55, 42300.0, 3.72
2009-01-21, 5.61, 5.66, 5.28, 5.66, 120700.0, 3.8
2009-01-22, 5.58, 6.25, 5.52, 6.0, 66500.0, 4.03
2009-01-23, 5.94, 6.35, 5.94, 6.34, 51800.0, 4.25
2009-01-26, 6.38, 6.79, 6.0, 6.78, 78100.0, 4.55
2009-01-27, 6.74, 7.09, 6.74, 7.06, 69900.0, 4.74
2009-01-28, 7.18, 7.71, 7.09, 7.56, 60700.0, 5.07
2009-01-29, 7.52, 7.74, 7.3, 7.38, 73300.0, 4.95
2009-01-30, 7.52, 7.52, 6.77, 6.92, 54700.0, 4.64
2009-02-02, 6.73, 7.21, 6.65, 7.11, 31000.0, 4.77
2009-02-03, 7.16, 7.45, 7.0, 7.31, 33500.0, 4.9
2009-02-04, 7.29, 7.42, 6.81, 6.86, 29900.0, 4.6
2009-02-05, 6.82, 7.22, 6.82, 7.0, 36600.0, 4.7
2009-02-06, 6.97, 7.37, 6.95, 7.27, 49000.0, 4.88
2009-02-09, 7.17, 7.54, 7.09, 7.2, 13900.0, 4.83
2009-02-10, 7.2, 7.28, 6.54, 6.55, 29500.0, 4.39
2009-02-11, 6.54, 6.69, 6.42, 6.6, 21800.0, 4.43
2009-02-12, 6.46, 6.46, 6.08, 6.11, 32700.0, 4.1
2009-02-13, 6.12, 6.53, 5.91, 6.51, 19900.0, 4.37
2009-02-17, 6.41, 6.43, 5.88, 6.02, 26000.0, 4.04
2009-02-18, 5.91, 6.04, 5.86, 5.91, 10400.0, 3.96
2009-02-19, 6.0, 6.07, 5.94, 5.96, 5400.0, 4.0
2009-02-20, 5.84, 6.0, 5.5, 5.57, 33900.0, 3.74
2009-02-23, 5.71, 5.71, 5.38, 5.45, 47900.0, 3.66
2009-02-24, 5.48, 5.6, 5.35, 5.47, 34300.0, 3.67
2009-02-25, 5.54, 5.54, 5.24, 5.28, 14300.0, 3.54
2009-02-26, 5.32, 5.32, 4.9, 4.9, 23700.0, 3.29
2009-02-27, 4.71, 4.88, 4.45, 4.53, 62700.0, 3.04
2009-03-02, 4.46, 4.48, 4.15, 4.24, 33000.0, 2.84
2009-03-03, 4.99, 5.44, 4.93, 5.13, 81900.0, 3.44
2009-03-04, 5.24, 5.72, 5.12, 5.56, 48700.0, 3.73
2009-03-05, 5.52, 5.52, 5.25, 5.25, 24200.0, 3.52
2009-03-06, 5.3, 5.85, 5.25, 5.77, 59100.0, 3.87
2009-03-09, 5.68, 6.0, 5.12, 5.12, 50100.0, 3.43
2009-03-10, 5.27, 5.75, 5.24, 5.45, 35900.0, 3.66
2009-03-11, 5.48, 5.86, 5.48, 5.56, 28200.0, 3.73
2009-03-12, 5.54, 5.99, 5.26, 5.97, 31300.0, 4.01
2009-03-13, 6.0, 6.1, 5.66, 6.06, 30900.0, 4.07
2009-03-16, 6.13, 6.25, 5.71, 5.77, 35400.0, 3.87
2009-03-17, 5.88, 6.07, 5.74, 6.07, 21100.0, 4.07
2009-03-18, 6.06, 6.31, 6.02, 6.14, 57700.0, 4.12
2009-03-19, 6.22, 6.29, 6.04, 6.26, 38100.0, 4.2
2009-03-20, 6.33, 6.39, 5.81, 6.04, 42200.0, 4.05
2009-03-23, 6.05, 6.33, 5.67, 6.07, 69800.0, 4.07
2009-03-24, 5.98, 6.01, 5.62, 5.67, 54600.0, 3.8
2009-03-25, 5.7, 6.04, 5.49, 6.01, 69000.0, 4.03
2009-03-26, 6.13, 6.46, 5.92, 6.08, 194700.0, 4.08
2009-03-27, 5.87, 6.14, 5.76, 5.76, 48300.0, 3.86
2009-03-30, 5.81, 5.81, 5.37, 5.56, 25800.0, 3.73
2009-03-31, 5.61, 6.02, 5.6, 5.83, 28200.0, 3.91
2009-04-01, 5.71, 6.02, 5.71, 5.85, 21700.0, 3.92
2009-04-02, 5.84, 6.27, 5.84, 6.14, 46200.0, 4.12
2009-04-03, 6.03, 6.28, 5.84, 6.28, 43100.0, 4.21
2009-04-06, 6.11, 6.32, 5.56, 5.74, 44200.0, 3.85
2009-04-07, 5.67, 5.88, 5.35, 5.82, 51200.0, 3.9
2009-04-08, 5.94, 6.21, 5.85, 6.21, 26500.0, 4.17
2009-04-09, 6.36, 6.72, 6.3, 6.51, 79400.0, 4.37
2009-04-13, 6.53, 6.77, 6.31, 6.51, 40700.0, 4.37
2009-04-14, 6.4, 6.46, 5.48, 5.94, 99400.0, 3.99
2009-04-15, 5.93, 6.05, 5.83, 6.0, 46800.0, 4.03
2009-04-16, 5.95, 6.79, 5.95, 6.71, 260100.0, 4.5
2009-04-17, 6.83, 7.57, 6.72, 7.52, 198600.0, 5.05
2009-04-20, 7.33, 7.64, 7.1, 7.26, 118000.0, 4.87
2009-04-21, 7.2, 7.35, 6.82, 7.32, 36400.0, 4.91
2009-04-22, 7.21, 8.19, 7.21, 8.01, 158600.0, 5.37
2009-04-23, 8.03, 9.06, 8.03, 9.06, 173900.0, 6.08
2009-04-24, 9.14, 10.22, 9.14, 10.05, 186500.0, 6.74
2009-04-27, 9.9, 10.27, 9.64, 10.25, 109400.0, 6.88
2009-04-28, 10.02, 10.5, 10.0, 10.36, 41300.0, 6.95
2009-04-29, 10.5, 11.2, 10.47, 11.2, 116900.0, 7.51
2009-04-30, 11.46, 11.46, 10.79, 10.79, 107500.0, 7.24
2009-05-01, 10.81, 11.3, 10.32, 11.15, 86400.0, 7.48
2009-05-04, 11.2, 11.2, 11.06, 11.18, 60600.0, 7.5
2009-05-05, 11.13, 11.31, 10.94, 11.1, 52300.0, 7.45
2009-05-06, 11.24, 11.29, 10.64, 11.19, 66400.0, 7.51
2009-05-07, 11.48, 11.57, 11.23, 11.37, 102000.0, 7.63
2009-05-08, 9.61, 10.1, 9.38, 9.64, 401200.0, 6.47
2009-05-11, 9.38, 9.38, 8.64, 8.8, 199600.0, 5.9
2009-05-12, 8.79, 8.95, 8.5, 8.54, 171500.0, 5.73
2009-05-13, 8.51, 8.51, 8.21, 8.25, 114700.0, 5.53
2009-05-14, 8.33, 8.33, 7.99, 8.04, 134000.0, 5.39
2009-05-15, 7.87, 8.02, 7.71, 7.78, 126100.0, 5.22
2009-05-18, 7.93, 8.5, 7.86, 8.43, 65000.0, 5.66
2009-05-19, 8.45, 8.47, 8.01, 8.32, 44600.0, 5.58
2009-05-20, 8.37, 8.9, 8.27, 8.3, 50400.0, 5.57
2009-05-21, 8.21, 8.21, 8.05, 8.12, 40500.0, 5.45
2009-05-22, 8.15, 8.52, 7.94, 7.96, 47000.0, 5.34
2009-05-26, 7.95, 8.34, 7.95, 8.11, 77500.0, 5.44
2009-05-27, 8.09, 8.09, 7.7, 7.82, 96100.0, 5.25
2009-05-28, 7.85, 7.85, 7.5, 7.7, 76900.0, 5.17
2009-05-29, 7.75, 7.96, 7.75, 7.89, 38400.0, 5.29
2009-06-01, 7.9, 8.66, 7.89, 8.53, 62100.0, 5.72
2009-06-02, 8.5, 8.99, 8.43, 8.97, 72200.0, 6.02
2009-06-03, 8.86, 9.22, 8.7, 9.2, 45800.0, 6.17
2009-06-04, 9.11, 9.69, 8.93, 9.68, 50700.0, 6.49
2009-06-05, 9.73, 9.75, 9.16, 9.33, 66800.0, 6.26
2009-06-08, 9.26, 9.36, 9.2, 9.23, 49500.0, 6.19
2009-06-09, 9.28, 9.31, 9.04, 9.13, 74400.0, 6.13
2009-06-10, 9.24, 9.26, 8.87, 8.96, 50700.0, 6.01
2009-06-11, 8.95, 9.01, 8.67, 8.83, 63300.0, 5.92
2009-06-12, 8.76, 8.87, 8.41, 8.79, 48800.0, 5.9
2009-06-15, 8.76, 8.91, 8.17, 8.36, 60900.0, 5.61
2009-06-16, 8.51, 8.62, 8.2, 8.23, 41800.0, 5.52
2009-06-17, 8.22, 8.26, 8.02, 8.16, 77000.0, 5.47
2009-06-18, 8.15, 8.21, 8.08, 8.13, 11100.0, 5.45
2009-06-19, 8.22, 8.39, 8.14, 8.15, 76200.0, 5.47
2009-06-22, 8.11, 8.11, 7.71, 7.9, 61000.0, 5.3
2009-06-23, 8.02, 8.03, 7.97, 8.0, 32000.0, 5.37
2009-06-24, 8.12, 8.38, 7.97, 8.0, 13600.0, 5.37
2009-06-25, 7.96, 8.09, 7.94, 8.06, 32700.0, 5.41
2009-06-26, 8.02, 8.23, 8.0, 8.23, 151000.0, 5.52
2009-06-29, 8.26, 8.49, 7.97, 8.45, 110800.0, 5.67
2009-06-30, 8.48, 8.66, 8.17, 8.65, 65900.0, 5.8
2009-07-01, 8.64, 8.9, 8.28, 8.7, 52500.0, 5.84
2009-07-02, 8.52, 9.55, 8.52, 9.44, 89700.0, 6.33
2009-07-06, 9.45, 9.9, 9.32, 9.5, 95900.0, 6.37
2009-07-07, 9.48, 9.89, 9.38, 9.42, 78000.0, 6.32
2009-07-08, 9.43, 9.61, 9.31, 9.46, 87700.0, 6.35
2009-07-09, 9.71, 9.71, 9.43, 9.52, 28500.0, 6.39
2009-07-10, 9.61, 9.92, 9.4, 9.91, 24200.0, 6.65
2009-07-13, 9.97, 10.11, 9.84, 10.04, 84100.0, 6.74
2009-07-14, 10.06, 10.19, 9.86, 10.12, 111900.0, 6.79
2009-07-15, 10.05, 10.52, 9.74, 10.44, 128400.0, 7.0
2009-07-16, 10.44, 10.95, 10.23, 10.67, 124700.0, 7.16
2009-07-17, 10.68, 10.68, 10.22, 10.28, 29300.0, 6.9
2009-07-20, 10.33, 10.33, 10.08, 10.22, 46600.0, 6.86
2009-07-21, 10.27, 10.28, 9.5, 9.68, 24100.0, 6.49
2009-07-22, 9.66, 10.26, 9.43, 10.14, 45600.0, 6.8
2009-07-23, 10.17, 10.34, 9.95, 10.22, 48000.0, 6.86
2009-07-24, 10.1, 10.36, 10.0, 10.25, 18200.0, 6.88
2009-07-27, 10.2, 10.23, 9.87, 10.16, 22000.0, 6.82
2009-07-28, 10.15, 10.52, 10.15, 10.41, 36400.0, 6.98
2009-07-29, 10.35, 10.58, 10.22, 10.37, 15600.0, 6.96
2009-07-30, 10.55, 10.79, 10.37, 10.48, 18800.0, 7.03
2009-07-31, 10.4, 10.71, 10.21, 10.62, 28800.0, 7.12
2009-08-03, 10.66, 10.66, 9.72, 10.51, 154800.0, 7.05
2009-08-04, 10.43, 10.43, 10.11, 10.26, 17400.0, 6.88
2009-08-05, 10.24, 10.24, 9.72, 9.75, 31000.0, 6.54
2009-08-06, 10.23, 10.24, 9.79, 10.03, 34000.0, 6.73
2009-08-07, 10.96, 11.31, 10.52, 11.2, 226000.0, 7.51
2009-08-10, 11.3, 12.66, 11.2, 12.48, 231000.0, 8.37
2009-08-11, 12.48, 13.0, 12.43, 12.92, 173600.0, 8.67
2009-08-12, 12.92, 14.06, 12.92, 13.27, 178900.0, 8.9
2009-08-13, 13.39, 13.39, 12.01, 13.28, 110400.0, 8.91
2009-08-14, 13.34, 13.59, 12.78, 12.91, 58600.0, 8.66
2009-08-17, 12.85, 13.33, 12.63, 12.79, 151700.0, 8.58
2009-08-18, 12.91, 13.15, 12.67, 13.03, 43900.0, 8.74
2009-08-19, 12.89, 13.27, 12.86, 13.05, 30900.0, 8.76
2009-08-20, 13.02, 13.59, 12.94, 13.39, 106400.0, 8.98
2009-08-21, 13.57, 14.0, 12.8, 13.8, 62500.0, 9.26
2009-08-24, 13.92, 14.3, 13.81, 13.95, 156900.0, 9.36
2009-08-25, 13.8, 14.08, 13.69, 13.8, 27100.0, 9.26
2009-08-26, 13.74, 14.0, 13.56, 13.99, 17400.0, 9.39
2009-08-27, 14.05, 14.05, 13.45, 13.9, 27300.0, 9.33
2009-08-28, 14.05, 14.07, 13.25, 13.56, 51900.0, 9.1
2009-08-31, 13.4, 13.43, 12.79, 12.96, 40300.0, 8.69
2009-09-01, 12.86, 13.0, 12.39, 12.83, 50000.0, 8.61
2009-09-02, 12.8, 13.0, 12.72, 12.9, 25300.0, 8.65
2009-09-03, 12.93, 13.11, 12.79, 13.11, 11500.0, 8.8
2009-09-04, 13.19, 13.35, 12.87, 13.28, 23900.0, 8.91
2009-09-08, 13.34, 13.67, 13.07, 13.3, 51300.0, 8.92
2009-09-09, 13.2, 13.86, 12.95, 13.83, 38500.0, 9.28
2009-09-10, 13.73, 14.3, 13.68, 14.24, 60700.0, 9.55
2009-09-11, 14.26, 14.44, 13.68, 13.96, 57200.0, 9.37
2009-09-14, 13.81, 14.12, 13.74, 14.11, 13800.0, 9.47
2009-09-15, 14.12, 14.34, 14.02, 14.16, 15800.0, 9.5
2009-09-16, 14.09, 14.15, 13.75, 13.8, 48700.0, 9.26
2009-09-17, 13.74, 13.94, 13.39, 13.39, 50900.0, 8.98
2009-09-18, 13.5, 13.69, 13.34, 13.36, 42200.0, 8.96
2009-09-21, 13.33, 13.5, 13.05, 13.27, 16700.0, 8.9
2009-09-22, 13.26, 13.56, 12.98, 13.0, 80600.0, 8.72
2009-09-23, 12.92, 13.05, 12.81, 12.81, 72500.0, 8.59
2009-09-24, 12.84, 12.95, 12.65, 12.77, 45800.0, 8.57
2009-09-25, 12.69, 12.85, 12.43, 12.45, 40900.0, 8.35
2009-09-28, 12.45, 12.6, 12.05, 12.23, 60200.0, 8.21
2009-09-29, 12.18, 12.6, 12.18, 12.43, 45100.0, 8.34
2009-09-30, 12.38, 12.38, 11.54, 12.04, 102100.0, 8.08
2009-10-01, 11.96, 12.11, 11.56, 11.57, 37100.0, 7.76
2009-10-02, 11.49, 11.71, 11.41, 11.54, 24600.0, 7.74
2009-10-05, 11.53, 11.98, 11.53, 11.79, 40600.0, 7.91
2009-10-06, 11.9, 12.26, 11.86, 12.05, 57800.0, 8.08
2009-10-07, 12.09, 12.3, 11.6, 11.66, 59600.0, 7.82
2009-10-08, 11.74, 12.24, 11.71, 12.0, 30400.0, 8.05
2009-10-09, 12.02, 12.4, 11.93, 12.32, 55900.0, 8.27
2009-10-12, 12.45, 12.7, 12.35, 12.46, 28600.0, 8.36
2009-10-13, 12.45, 12.45, 12.02, 12.14, 15600.0, 8.14
2009-10-14, 12.31, 12.38, 11.83, 11.88, 50500.0, 7.97
2009-10-15, 11.84, 12.77, 11.74, 12.51, 68900.0, 8.39
2009-10-16, 12.44, 12.44, 12.1, 12.31, 24200.0, 8.26
2009-10-19, 12.25, 12.96, 12.25, 12.78, 27600.0, 8.57
2009-10-20, 12.89, 13.25, 12.89, 13.0, 40700.0, 8.72
2009-10-21, 13.0, 13.51, 12.75, 12.83, 37800.0, 8.61
2009-10-22, 12.85, 13.19, 12.85, 13.04, 27100.0, 8.75
2009-10-23, 13.06, 13.23, 12.95, 13.05, 21000.0, 8.76
2009-10-26, 13.05, 13.44, 12.95, 13.0, 15400.0, 8.72
2009-10-27, 13.09, 13.2, 12.8, 13.04, 21600.0, 8.75
2009-10-28, 12.8, 13.17, 12.8, 13.02, 43300.0, 8.74
2009-10-29, 13.13, 13.15, 12.84, 13.04, 29600.0, 8.75
2009-10-30, 12.89, 13.09, 12.8, 13.02, 42300.0, 8.74
2009-11-02, 13.02, 13.1, 12.87, 13.03, 52400.0, 8.74
2009-11-03, 12.9, 13.12, 12.9, 13.12, 46200.0, 8.8
2009-11-04, 13.06, 13.09, 12.71, 12.98, 37200.0, 8.71
2009-11-05, 13.03, 13.42, 12.85, 13.31, 47600.0, 8.93
2009-11-06, 12.68, 13.0, 12.0, 12.24, 92500.0, 8.21
2009-11-09, 12.24, 12.66, 11.48, 11.94, 65600.0, 8.01
2009-11-10, 11.78, 12.05, 11.1, 11.23, 71900.0, 7.53
2009-11-11, 11.54, 11.6, 11.04, 11.18, 56000.0, 7.5
2009-11-12, 11.1, 11.11, 10.0, 10.18, 114400.0, 6.83
2009-11-13, 10.25, 10.39, 10.0, 10.32, 50600.0, 6.92
2009-11-16, 10.47, 10.94, 10.47, 10.79, 58600.0, 7.24
2009-11-17, 10.7, 10.88, 10.42, 10.66, 27600.0, 7.15
2009-11-18, 10.59, 10.75, 10.52, 10.57, 20800.0, 7.09
2009-11-19, 10.64, 10.64, 10.26, 10.32, 23900.0, 6.92
2009-11-20, 10.27, 10.63, 10.23, 10.3, 25400.0, 6.91
2009-11-23, 10.47, 10.73, 10.47, 10.61, 23800.0, 7.12
2009-11-24, 10.57, 10.71, 10.35, 10.49, 25300.0, 7.04
2009-11-25, 10.49, 10.49, 10.3, 10.3, 12800.0, 6.91
2009-11-27, 10.0, 10.25, 10.0, 10.04, 16600.0, 6.74
2009-11-30, 10.02, 10.06, 9.68, 9.93, 33300.0, 6.66
2009-12-01, 10.06, 10.21, 9.98, 10.09, 49000.0, 6.77
2009-12-02, 10.09, 10.25, 10.05, 10.1, 64200.0, 6.78
2009-12-03, 10.16, 10.16, 9.67, 9.67, 21600.0, 6.49
2009-12-04, 9.85, 9.98, 9.67, 9.79, 44300.0, 6.57
2009-12-07, 9.82, 9.85, 9.39, 9.4, 48200.0, 6.31
2009-12-08, 9.35, 9.47, 8.84, 9.0, 55100.0, 6.04
2009-12-09, 9.01, 9.05, 8.75, 9.01, 37400.0, 6.04
2009-12-10, 9.07, 9.07, 8.75, 8.77, 29500.0, 5.88
2009-12-11, 8.83, 8.9, 8.63, 8.8, 48100.0, 5.9
2009-12-14, 8.83, 8.83, 8.57, 8.78, 27400.0, 5.89
2009-12-15, 8.78, 8.93, 8.78, 8.82, 76200.0, 5.92
2009-12-16, 8.88, 9.03, 8.6, 8.92, 78100.0, 5.98
2009-12-17, 8.96, 8.99, 8.69, 8.69, 35000.0, 5.83
2009-12-18, 8.78, 8.99, 8.77, 8.99, 89600.0, 6.03
2009-12-21, 9.06, 9.34, 9.0, 9.33, 59600.0, 6.26
2009-12-22, 9.43, 9.43, 9.32, 9.32, 38900.0, 6.25
2009-12-23, 9.34, 9.53, 9.28, 9.49, 38200.0, 6.37
2009-12-24, 9.56, 9.68, 9.49, 9.65, 16600.0, 6.47
2009-12-28, 9.65, 9.82, 9.65, 9.78, 47300.0, 6.56
2009-12-29, 9.81, 9.82, 9.75, 9.76, 24700.0, 6.55
2009-12-30, 9.69, 9.81, 9.67, 9.81, 30900.0, 6.58
2009-12-31, 9.78, 9.9, 9.78, 9.83, 31900.0, 6.59
2010-01-04, 9.84, 9.93, 9.75, 9.82, 32800.0, 6.59
2010-01-05, 9.75, 9.95, 9.68, 9.77, 52600.0, 6.55
2010-01-06, 9.75, 9.9, 9.75, 9.75, 32000.0, 6.54
2010-01-07, 9.75, 9.85, 9.74, 9.74, 49000.0, 6.53
2010-01-08, 9.74, 9.84, 9.74, 9.8, 7200.0, 6.57
2010-01-11, 9.79, 9.93, 9.75, 9.8, 20900.0, 6.57
2010-01-12, 9.95, 10.34, 9.8, 10.29, 102800.0, 6.9
2010-01-13, 10.3, 10.32, 10.21, 10.26, 17200.0, 6.88
2010-01-14, 10.25, 11.74, 10.25, 11.56, 99400.0, 7.76
2010-01-15, 11.66, 11.66, 11.06, 11.37, 41400.0, 7.63
2010-01-19, 11.4, 11.65, 11.4, 11.65, 45300.0, 7.82
2010-01-20, 11.6, 11.82, 11.26, 11.62, 40800.0, 7.8
2010-01-21, 11.67, 11.97, 11.51, 11.55, 71000.0, 7.75
2010-01-22, 11.54, 11.58, 11.26, 11.52, 60800.0, 7.73
2010-01-25, 11.63, 11.71, 11.5, 11.61, 61600.0, 7.79
2010-01-26, 11.6, 11.68, 11.55, 11.6, 38000.0, 7.78
2010-01-27, 11.6, 11.68, 11.54, 11.66, 18200.0, 7.82
2010-01-28, 11.67, 11.69, 11.58, 11.65, 20800.0, 7.82
2010-01-29, 11.65, 11.9, 11.62, 11.77, 31500.0, 7.9
2010-02-01, 11.77, 11.79, 11.6, 11.62, 44000.0, 7.8
2010-02-02, 11.59, 11.6, 11.02, 11.23, 61100.0, 7.53
2010-02-03, 11.19, 11.46, 11.19, 11.36, 36900.0, 7.62
2010-02-04, 11.26, 11.37, 11.01, 11.03, 26300.0, 7.4
2010-02-05, 11.08, 11.08, 10.53, 10.65, 53500.0, 7.15
2010-02-08, 11.01, 11.01, 10.26, 10.48, 39400.0, 7.03
2010-02-09, 10.64, 11.1, 10.57, 11.03, 353900.0, 7.4
2010-02-10, 11.03, 11.37, 10.93, 11.13, 29100.0, 7.47
2010-02-11, 11.13, 11.41, 11.0, 11.41, 15600.0, 7.65
2010-02-12, 11.29, 11.9, 11.05, 11.67, 35600.0, 7.83
2010-02-16, 11.84, 12.11, 11.75, 12.11, 38300.0, 8.12
2010-02-17, 12.11, 12.45, 12.11, 12.41, 38500.0, 8.33
2010-02-18, 12.44, 12.53, 12.32, 12.44, 75700.0, 8.35
2010-02-19, 12.41, 12.41, 11.58, 11.88, 25900.0, 7.97
2010-02-22, 11.87, 12.0, 11.87, 12.0, 16000.0, 8.05
2010-02-23, 12.0, 12.0, 11.53, 11.59, 17200.0, 7.78
2010-02-24, 11.6, 11.89, 11.49, 11.56, 20700.0, 7.76
2010-02-25, 11.49, 11.66, 11.2, 11.25, 49800.0, 7.55
2010-02-26, 11.31, 11.5, 10.83, 10.96, 144100.0, 7.35
2010-03-01, 11.0, 11.21, 10.94, 11.05, 42800.0, 7.41
2010-03-02, 11.03, 11.4, 10.69, 11.16, 28600.0, 7.49
2010-03-03, 11.45, 11.95, 11.45, 11.79, 28900.0, 7.91
2010-03-04, 11.78, 11.81, 11.44, 11.54, 14300.0, 7.74
2010-03-05, 11.56, 12.34, 11.48, 12.21, 53100.0, 8.19
2010-03-08, 12.25, 12.48, 12.0, 12.38, 15400.0, 8.31
2010-03-09, 12.37, 12.85, 12.17, 12.53, 44400.0, 8.41
2010-03-10, 12.49, 12.52, 12.1, 12.45, 30200.0, 8.35
2010-03-11, 12.36, 12.62, 12.08, 12.58, 31200.0, 8.44
2010-03-12, 12.58, 12.64, 12.28, 12.31, 23300.0, 8.26
2010-03-15, 12.29, 12.46, 12.07, 12.37, 20600.0, 8.3
2010-03-16, 12.37, 12.48, 12.24, 12.44, 7100.0, 8.35
2010-03-17, 12.61, 12.75, 12.52, 12.59, 16900.0, 8.45
2010-03-18, 12.6, 12.6, 12.26, 12.3, 11300.0, 8.25
2010-03-19, 12.0, 12.52, 11.85, 12.0, 65600.0, 8.05
2010-03-22, 12.0, 12.1, 11.88, 12.1, 13200.0, 8.12
2010-03-23, 12.1, 12.25, 11.79, 12.05, 24400.0, 8.08
2010-03-24, 12.05, 12.18, 11.86, 12.1, 15200.0, 8.12
2010-03-25, 12.1, 12.19, 11.72, 11.78, 36100.0, 7.9
2010-03-26, 11.78, 12.1, 11.78, 12.0, 16300.0, 8.05
2010-03-29, 12.0, 12.07, 11.96, 11.99, 35600.0, 8.04
2010-03-30, 11.98, 12.19, 11.83, 12.01, 26500.0, 8.06
2010-03-31, 11.93, 12.18, 11.85, 12.15, 19700.0, 8.15
2010-04-01, 12.15, 12.5, 11.74, 12.06, 69100.0, 8.09
2010-04-05, 12.06, 12.08, 11.75, 11.98, 56800.0, 8.04
2010-04-06, 11.82, 11.85, 11.08, 11.31, 106300.0, 7.59
2010-04-07, 11.3, 12.26, 11.3, 12.08, 275600.0, 8.1
2010-04-08, 12.08, 12.56, 12.01, 12.41, 57700.0, 8.33
2010-04-09, 12.28, 12.53, 12.0, 12.26, 51500.0, 8.23
2010-04-12, 12.43, 12.58, 12.42, 12.55, 19200.0, 8.42
2010-04-13, 12.65, 12.65, 12.51, 12.57, 12000.0, 8.43
2010-04-14, 12.73, 13.0, 12.5, 12.85, 35200.0, 8.62
2010-04-15, 12.85, 13.0, 12.76, 12.88, 22400.0, 8.64
2010-04-16, 12.79, 13.17, 12.47, 12.56, 36500.0, 8.43
2010-04-19, 12.44, 12.96, 12.44, 12.75, 32400.0, 8.55
2010-04-20, 12.66, 13.04, 12.62, 12.96, 46800.0, 8.69
2010-04-21, 12.91, 13.17, 12.57, 12.65, 61000.0, 8.49
2010-04-22, 12.61, 13.06, 12.47, 13.03, 58100.0, 8.74
2010-04-23, 13.07, 13.18, 12.96, 13.14, 38800.0, 8.82
2010-04-26, 13.14, 13.47, 12.98, 13.15, 50800.0, 8.82
2010-04-27, 13.3, 13.45, 12.92, 13.04, 36000.0, 8.75
2010-04-28, 12.94, 13.15, 12.81, 13.07, 212400.0, 8.77
2010-04-29, 13.1, 13.41, 12.85, 13.06, 131100.0, 8.76
2010-04-30, 13.04, 13.28, 12.96, 12.99, 85100.0, 8.71
2010-05-03, 13.07, 13.11, 12.92, 13.04, 46400.0, 8.75
2010-05-04, 12.86, 13.09, 12.84, 12.97, 36500.0, 8.7
2010-05-05, 12.81, 13.05, 12.8, 12.96, 123300.0, 8.69
2010-05-06, 12.94, 13.19, 12.76, 12.81, 151800.0, 8.59
2010-05-07, 12.8, 13.08, 12.64, 12.8, 475100.0, 8.59
2010-05-10, 12.89, 13.39, 12.89, 13.07, 84900.0, 8.77
2010-05-11, 13.01, 13.35, 13.01, 13.29, 51400.0, 8.92
2010-05-12, 13.35, 13.41, 13.18, 13.32, 102500.0, 8.94
2010-05-13, 13.19, 13.34, 13.02, 13.13, 41000.0, 8.81
2010-05-14, 13.2, 13.24, 12.91, 13.12, 43500.0, 8.8
2010-05-17, 13.2, 13.2, 12.84, 13.1, 50400.0, 8.79
2010-05-18, 13.2, 13.2, 13.0, 13.1, 57500.0, 8.79
2010-05-19, 13.14, 13.14, 12.92, 13.01, 56300.0, 8.73
2010-05-20, 12.94, 13.11, 12.92, 13.0, 80600.0, 8.72
2010-05-21, 12.95, 13.09, 12.94, 13.04, 66400.0, 8.75
2010-05-24, 13.03, 13.07, 12.9, 13.0, 82700.0, 8.72
2010-05-25, 12.58, 13.05, 12.58, 13.03, 61000.0, 8.74
2010-05-26, 13.05, 13.05, 12.79, 12.85, 49400.0, 8.62
2010-05-27, 13.0, 13.24, 13.0, 13.2, 66600.0, 8.86
2010-05-28, 13.12, 13.27, 12.85, 12.93, 59200.0, 8.67
2010-06-01, 12.82, 12.9, 12.64, 12.66, 92200.0, 8.49
2010-06-02, 12.64, 12.88, 12.59, 12.72, 84100.0, 8.53
2010-06-03, 12.71, 12.86, 12.66, 12.77, 34700.0, 8.57
2010-06-04, 12.61, 12.86, 12.3, 12.31, 67000.0, 8.26
2010-06-07, 12.38, 12.45, 11.66, 11.84, 51800.0, 7.94
2010-06-08, 11.99, 11.99, 11.45, 11.65, 20200.0, 7.82
2010-06-09, 11.7, 11.85, 11.56, 11.67, 28700.0, 7.83
2010-06-10, 11.75, 12.0, 11.75, 11.92, 39300.0, 8.0
2010-06-11, 11.9, 11.9, 11.79, 11.9, 20600.0, 7.98
2010-06-14, 12.0, 12.18, 11.92, 12.02, 71700.0, 8.06
2010-06-15, 12.04, 12.17, 11.89, 12.17, 48500.0, 8.16
2010-06-16, 12.1, 12.29, 12.08, 12.18, 18200.0, 8.17
2010-06-17, 12.22, 12.27, 11.86, 11.96, 34400.0, 8.02
2010-06-18, 11.98, 12.11, 11.62, 11.98, 29300.0, 8.04
2010-06-21, 12.15, 12.18, 11.39, 11.61, 39100.0, 7.79
2010-06-22, 11.67, 11.87, 11.17, 11.23, 29400.0, 7.53
2010-06-23, 11.19, 11.39, 11.18, 11.34, 18600.0, 7.61
2010-06-24, 11.26, 11.35, 11.09, 11.24, 17900.0, 7.54
2010-06-25, 11.31, 11.38, 11.09, 11.35, 152100.0, 7.61
2010-06-28, 11.24, 11.42, 11.24, 11.41, 29300.0, 7.65
2010-06-29, 11.25, 11.29, 10.85, 11.01, 33700.0, 7.39
2010-06-30, 11.04, 11.17, 10.72, 10.79, 61700.0, 7.24
2010-07-01, 10.84, 11.14, 10.62, 10.74, 36100.0, 7.21
2010-07-02, 10.82, 10.93, 10.63, 10.65, 11400.0, 7.15
2010-07-06, 10.82, 10.95, 10.47, 10.49, 39400.0, 7.04
2010-07-07, 10.55, 10.95, 10.44, 10.7, 21700.0, 7.18
2010-07-08, 10.75, 10.9, 10.55, 10.86, 43200.0, 7.29
2010-07-09, 10.88, 11.28, 10.72, 11.25, 67900.0, 7.55
2010-07-12, 11.25, 11.3, 10.97, 11.03, 34700.0, 7.4
2010-07-13, 11.13, 11.31, 10.97, 11.18, 48800.0, 7.5
2010-07-14, 11.13, 11.25, 11.07, 11.23, 17900.0, 7.53
2010-07-15, 11.21, 11.22, 10.99, 11.07, 24300.0, 7.43
2010-07-16, 10.98, 11.16, 10.91, 10.93, 30500.0, 7.33
2010-07-19, 11.0, 11.03, 10.93, 10.97, 22400.0, 7.36
2010-07-20, 10.94, 11.33, 10.87, 11.29, 17200.0, 7.57
2010-07-21, 11.74, 11.74, 11.12, 11.13, 20200.0, 7.47
2010-07-22, 11.2, 11.48, 10.95, 11.48, 15600.0, 7.7
2010-07-23, 11.41, 11.59, 11.28, 11.59, 16500.0, 7.78
2010-07-26, 11.65, 11.75, 11.6, 11.75, 17000.0, 7.88
2010-07-27, 11.75, 11.81, 11.6, 11.79, 18800.0, 7.91
2010-07-28, 11.72, 11.8, 11.54, 11.58, 21300.0, 7.77
2010-07-29, 11.68, 11.8, 11.47, 11.7, 8300.0, 7.85
2010-07-30, 11.6, 11.8, 11.33, 11.62, 14800.0, 7.8
2010-08-02, 11.74, 11.8, 11.63, 11.78, 9500.0, 7.9
2010-08-03, 11.71, 12.04, 11.61, 11.63, 28600.0, 7.8
2010-08-04, 11.64, 11.85, 11.51, 11.64, 8800.0, 7.81
2010-08-05, 11.49, 11.5, 11.29, 11.35, 16600.0, 7.61
2010-08-06, 11.2, 11.2, 10.86, 10.99, 80900.0, 7.37
2010-08-09, 10.99, 11.0, 10.88, 11.0, 20900.0, 7.38
2010-08-10, 10.88, 11.09, 10.88, 10.88, 12500.0, 7.3
2010-08-11, 10.79, 10.9, 10.25, 10.35, 33100.0, 6.94
2010-08-12, 10.31, 10.39, 9.97, 10.23, 33300.0, 6.86
2010-08-13, 10.15, 10.25, 9.81, 9.83, 24200.0, 6.59
2010-08-16, 9.8, 10.1, 9.51, 9.66, 74900.0, 6.48
2010-08-17, 9.71, 10.04, 9.71, 9.97, 45300.0, 6.69
2010-08-18, 9.92, 10.07, 9.82, 10.05, 34500.0, 6.74
2010-08-19, 9.98, 10.11, 9.74, 10.07, 59700.0, 6.76
2010-08-20, 10.0, 10.17, 10.0, 10.14, 67600.0, 6.8
2010-08-23, 10.24, 10.31, 10.04, 10.05, 40000.0, 6.74
2010-08-24, 10.0, 10.09, 9.72, 9.96, 36400.0, 6.68
2010-08-25, 9.9, 10.06, 9.9, 9.96, 31200.0, 6.68
2010-08-26, 10.02, 10.09, 9.95, 10.0, 16000.0, 6.71
2010-08-27, 10.05, 10.18, 9.97, 10.17, 36500.0, 6.82
2010-08-30, 10.1, 10.23, 9.78, 9.82, 22800.0, 6.59
2010-08-31, 9.79, 9.95, 9.7, 9.82, 10900.0, 6.59
2010-09-01, 9.94, 10.17, 9.94, 10.17, 19300.0, 6.82
2010-09-02, 10.1, 10.28, 10.1, 10.22, 30400.0, 6.86
2010-09-03, 10.24, 10.28, 10.16, 10.27, 24500.0, 6.89
2010-09-07, 10.25, 10.25, 10.04, 10.06, 20100.0, 6.75
2010-09-08, 10.11, 10.16, 10.04, 10.12, 10500.0, 6.79
2010-09-09, 10.12, 10.15, 10.06, 10.1, 4600.0, 6.78
2010-09-10, 10.1, 10.24, 10.1, 10.16, 8300.0, 6.82
2010-09-13, 10.15, 10.34, 10.15, 10.23, 24500.0, 6.86
2010-09-14, 10.18, 10.2, 10.08, 10.09, 24900.0, 6.77
2010-09-15, 10.08, 10.25, 10.08, 10.19, 11400.0, 6.84
2010-09-16, 10.15, 10.31, 10.06, 10.12, 44600.0, 6.79
2010-09-17, 10.21, 10.36, 10.14, 10.17, 88300.0, 6.82
2010-09-20, 10.22, 10.46, 10.12, 10.4, 39600.0, 6.98
2010-09-21, 10.34, 10.46, 10.27, 10.37, 12000.0, 6.96
2010-09-22, 10.39, 10.56, 10.39, 10.54, 10400.0, 7.07
2010-09-23, 10.52, 10.63, 10.25, 10.33, 35600.0, 6.93
2010-09-24, 10.38, 10.66, 10.38, 10.65, 28200.0, 7.15
2010-09-27, 10.66, 10.74, 10.46, 10.54, 34800.0, 7.07
2010-09-28, 10.52, 10.69, 10.35, 10.68, 27000.0, 7.17
2010-09-29, 10.62, 10.75, 10.46, 10.55, 21300.0, 7.08
2010-09-30, 10.58, 10.73, 10.54, 10.6, 23400.0, 7.11
2010-10-01, 10.65, 10.72, 10.35, 10.67, 13700.0, 7.16
2010-10-04, 10.76, 10.81, 10.59, 10.78, 12400.0, 7.23
2010-10-05, 10.83, 11.24, 10.77, 11.21, 49700.0, 7.52
2010-10-06, 11.16, 11.35, 11.08, 11.26, 25900.0, 7.55
2010-10-07, 11.3, 11.38, 11.07, 11.18, 50400.0, 7.5
2010-10-08, 11.51, 11.51, 11.18, 11.35, 22600.0, 7.61
2010-10-11, 11.32, 11.41, 11.15, 11.27, 58400.0, 7.56
2010-10-12, 11.22, 11.36, 11.11, 11.22, 24200.0, 7.53
2010-10-13, 11.24, 11.4, 11.13, 11.29, 34800.0, 7.57
2010-10-14, 11.23, 11.26, 11.08, 11.22, 24500.0, 7.53
2010-10-15, 11.35, 11.5, 11.18, 11.31, 22400.0, 7.59
2010-10-18, 11.36, 11.41, 11.28, 11.3, 9100.0, 7.58
2010-10-19, 11.26, 11.42, 11.02, 11.07, 17800.0, 7.43
2010-10-20, 11.14, 11.28, 11.03, 11.22, 10800.0, 7.53
2010-10-21, 11.22, 11.4, 11.0, 11.15, 11800.0, 7.48
2010-10-22, 11.12, 11.29, 11.1, 11.17, 28100.0, 7.49
2010-10-25, 11.24, 11.31, 11.22, 11.24, 5700.0, 7.54
2010-10-26, 11.16, 11.29, 11.06, 11.2, 16200.0, 7.51
2010-10-27, 11.16, 11.2, 10.91, 11.14, 16900.0, 7.47
2010-10-28, 10.8, 11.46, 10.8, 11.11, 6400.0, 7.45
2010-10-29, 11.04, 11.22, 11.04, 11.06, 16700.0, 7.42
2010-11-01, 11.07, 11.13, 10.83, 10.92, 15900.0, 7.33
2010-11-02, 11.21, 11.21, 10.95, 11.11, 9100.0, 7.45
2010-11-03, 10.97, 11.21, 10.97, 11.15, 6600.0, 7.48
2010-11-04, 11.23, 11.39, 11.0, 11.29, 49600.0, 7.57
2010-11-05, 11.45, 11.79, 11.45, 11.77, 94800.0, 7.9
2010-11-08, 11.79, 11.97, 11.78, 11.97, 29800.0, 8.03
2010-11-09, 11.9, 12.16, 11.9, 12.13, 51300.0, 8.14
2010-11-10, 12.1, 12.24, 12.0, 12.18, 35300.0, 8.17
2010-11-11, 12.12, 12.29, 12.12, 12.24, 17800.0, 8.21
2010-11-12, 12.04, 12.5, 12.04, 12.46, 118900.0, 8.36
2010-11-15, 12.5, 12.66, 12.25, 12.59, 28800.0, 8.45
2010-11-16, 12.47, 12.61, 12.47, 12.58, 37200.0, 8.44
2010-11-17, 12.59, 12.72, 12.11, 12.59, 15300.0, 8.45
2010-11-18, 12.6, 12.76, 12.45, 12.62, 42200.0, 8.47
2010-11-19, 12.64, 12.8, 12.6, 12.77, 55100.0, 8.57
2010-11-22, 12.59, 12.98, 12.59, 12.79, 50800.0, 8.58
2010-11-23, 12.66, 12.85, 12.47, 12.78, 27500.0, 8.57
2010-11-24, 12.82, 12.96, 12.77, 12.96, 91300.0, 8.69
2010-11-26, 12.95, 13.04, 12.89, 12.95, 33600.0, 8.69
2010-11-29, 12.85, 12.93, 12.7, 12.91, 17100.0, 8.66
2010-11-30, 12.8, 13.03, 12.76, 12.78, 66200.0, 8.57
2010-12-01, 13.0, 13.0, 12.7, 12.95, 64500.0, 8.69
2010-12-02, 12.92, 13.12, 12.91, 13.1, 36100.0, 8.79
2010-12-03, 13.0, 13.18, 12.94, 13.11, 37100.0, 8.8
2010-12-06, 13.04, 13.33, 12.91, 13.27, 29500.0, 8.9
2010-12-07, 13.33, 13.33, 12.75, 13.08, 57800.0, 8.78
2010-12-08, 13.0, 13.2, 12.99, 13.09, 51700.0, 8.78
2010-12-09, 13.1, 13.14, 13.07, 13.08, 45600.0, 8.78
2010-12-10, 13.16, 13.17, 13.03, 13.1, 18800.0, 8.79
2010-12-13, 13.17, 13.17, 12.86, 12.91, 24400.0, 8.66
2010-12-14, 12.91, 12.99, 12.76, 12.88, 17500.0, 8.64
2010-12-15, 12.88, 13.07, 12.85, 12.91, 25100.0, 8.66
2010-12-16, 13.02, 13.02, 12.85, 12.95, 44000.0, 8.69
2010-12-17, 12.98, 13.0, 12.55, 12.6, 76600.0, 8.45
2010-12-20, 12.72, 12.9, 12.65, 12.73, 29700.0, 8.54
2010-12-21, 12.71, 12.86, 12.66, 12.8, 22700.0, 8.59
2010-12-22, 12.88, 13.66, 12.88, 13.63, 49200.0, 9.14
2010-12-23, 13.59, 13.9, 13.59, 13.71, 46800.0, 9.2
2010-12-27, 13.74, 13.93, 13.41, 13.77, 15400.0, 9.24
2010-12-28, 13.79, 13.84, 13.75, 13.75, 14000.0, 9.22
2010-12-29, 13.83, 13.95, 13.79, 13.88, 23300.0, 9.31
2010-12-30, 13.88, 14.01, 13.86, 13.87, 13700.0, 9.31
2010-12-31, 13.9, 14.1, 13.85, 14.05, 28100.0, 9.43
2011-01-03, 14.26, 14.47, 14.14, 14.35, 33800.0, 9.63
2011-01-04, 14.52, 14.52, 13.95, 14.2, 27900.0, 9.53
2011-01-05, 14.22, 14.37, 14.15, 14.37, 25300.0, 9.64
2011-01-06, 14.41, 14.51, 14.39, 14.5, 26000.0, 9.73
2011-01-07, 14.58, 14.69, 14.21, 14.31, 17900.0, 9.6
2011-01-10, 14.31, 14.65, 14.14, 14.63, 32400.0, 9.82
2011-01-11, 14.74, 14.8, 14.55, 14.68, 54300.0, 9.85
2011-01-12, 14.8, 14.91, 14.7, 14.85, 25800.0, 9.96
2011-01-13, 14.9, 14.9, 14.34, 14.39, 23600.0, 9.65
2011-01-14, 14.44, 14.44, 14.21, 14.25, 25800.0, 9.56
2011-01-18, 14.45, 15.1, 14.22, 14.73, 263100.0, 9.88
2011-01-19, 14.8, 14.84, 14.52, 14.63, 39100.0, 9.82
2011-01-20, 14.51, 14.75, 14.51, 14.6, 47300.0, 9.8
2011-01-21, 14.67, 14.93, 14.65, 14.88, 57100.0, 9.98
2011-01-24, 14.95, 15.81, 14.95, 15.66, 228600.0, 10.51
2011-01-25, 15.68, 16.17, 15.45, 15.84, 146300.0, 10.63
2011-01-26, 15.99, 15.99, 15.71, 15.8, 32400.0, 10.6
2011-01-27, 15.84, 15.96, 15.55, 15.74, 51900.0, 10.56
2011-01-28, 15.78, 15.8, 15.56, 15.57, 66000.0, 10.45
2011-01-31, 15.73, 15.73, 15.5, 15.54, 39400.0, 10.43
2011-02-01, 15.57, 15.64, 15.22, 15.38, 62400.0, 10.32
2011-02-02, 15.25, 15.44, 15.03, 15.25, 31900.0, 10.23
2011-02-03, 15.29, 15.57, 15.28, 15.5, 42600.0, 10.4
2011-02-04, 15.25, 15.53, 15.24, 15.52, 85900.0, 10.41
2011-02-07, 15.47, 15.85, 15.4, 15.76, 129900.0, 10.57
2011-02-08, 15.8, 16.21, 15.6, 16.07, 83400.0, 10.78
2011-02-09, 16.15, 16.25, 15.79, 16.14, 28400.0, 10.83
2011-02-10, 16.1, 16.4, 15.97, 16.4, 49400.0, 11.0
2011-02-11, 16.48, 16.75, 16.35, 16.74, 34200.0, 11.23
2011-02-14, 16.75, 16.99, 16.55, 16.56, 37500.0, 11.11
2011-02-15, 16.54, 16.96, 16.33, 16.96, 44100.0, 11.38
2011-02-16, 16.95, 17.16, 16.75, 16.93, 82300.0, 11.36
2011-02-17, 16.84, 17.04, 16.77, 16.95, 19900.0, 11.37
2011-02-18, 16.97, 17.18, 16.45, 16.51, 103300.0, 11.08
2011-02-22, 16.33, 16.89, 15.83, 15.88, 41200.0, 10.65
2011-02-23, 15.94, 16.45, 15.92, 16.01, 67700.0, 10.74
2011-02-24, 15.98, 16.16, 15.6, 16.15, 60900.0, 10.83
2011-02-25, 16.14, 16.15, 15.85, 16.12, 18700.0, 10.9
2011-02-28, 16.12, 16.15, 15.79, 16.09, 26000.0, 10.88
2011-03-01, 16.05, 16.18, 15.8, 15.85, 18000.0, 10.72
2011-03-02, 15.8, 15.8, 15.13, 15.38, 30500.0, 10.4
2011-03-03, 15.35, 15.76, 15.1, 15.7, 24800.0, 10.62
2011-03-04, 15.75, 15.75, 15.01, 15.66, 45700.0, 10.59
2011-03-07, 15.69, 15.85, 15.6, 15.78, 38100.0, 10.67
2011-03-08, 15.82, 16.06, 15.76, 15.96, 23300.0, 10.79
2011-03-09, 15.97, 16.22, 15.87, 16.18, 19800.0, 10.94
2011-03-10, 16.07, 16.17, 15.85, 16.0, 30600.0, 10.82
2011-03-11, 15.97, 16.09, 15.55, 15.66, 20900.0, 10.59
2011-03-14, 15.53, 15.53, 14.8, 15.18, 48500.0, 10.26
2011-03-15, 15.01, 15.31, 15.01, 15.26, 30100.0, 10.32
2011-03-16, 15.25, 15.37, 14.96, 15.0, 37600.0, 10.14
2011-03-17, 15.25, 15.25, 14.87, 15.0, 36100.0, 10.14
2011-03-18, 15.07, 15.56, 15.07, 15.41, 50200.0, 10.42
2011-03-21, 15.54, 15.91, 15.34, 15.88, 24100.0, 10.74
2011-03-22, 15.77, 15.95, 15.65, 15.93, 11000.0, 10.77
2011-03-23, 15.86, 15.99, 15.5, 15.71, 13200.0, 10.62
2011-03-24, 15.82, 15.96, 15.63, 15.96, 21500.0, 10.79
2011-03-25, 15.97, 16.05, 15.87, 16.0, 12900.0, 10.82
2011-03-28, 15.93, 16.2, 15.93, 16.12, 34400.0, 10.9
2011-03-29, 16.01, 16.08, 15.61, 15.9, 80800.0, 10.75
2011-03-30, 15.9, 16.23, 15.9, 16.08, 45900.0, 10.87
2011-03-31, 16.01, 16.3, 16.01, 16.28, 17600.0, 11.01
2011-04-01, 16.42, 16.42, 16.2, 16.25, 11700.0, 10.99
2011-04-04, 16.36, 16.4, 16.11, 16.23, 22200.0, 10.97
2011-04-05, 16.08, 16.28, 16.05, 16.2, 33800.0, 10.95
2011-04-06, 16.11, 16.26, 16.11, 16.18, 21500.0, 10.94
2011-04-07, 16.21, 16.23, 15.9, 16.14, 17900.0, 10.91
2011-04-08, 16.12, 16.12, 15.79, 15.82, 20300.0, 10.7
2011-04-11, 15.76, 15.86, 15.4, 15.5, 39800.0, 10.48
2011-04-12, 15.09, 15.47, 15.07, 15.14, 21700.0, 10.24
2011-04-13, 15.93, 15.98, 15.21, 15.22, 16700.0, 10.29
2011-04-14, 15.13, 15.56, 15.05, 15.56, 22000.0, 10.52
2011-04-15, 15.51, 15.74, 15.22, 15.55, 32100.0, 10.51
2011-04-18, 15.49, 15.49, 15.19, 15.27, 9500.0, 10.32
2011-04-19, 15.24, 15.41, 15.15, 15.34, 9800.0, 10.37
2011-04-20, 15.44, 15.72, 15.29, 15.39, 16100.0, 10.41
2011-04-21, 15.45, 15.75, 15.33, 15.65, 12200.0, 10.58
2011-04-25, 15.59, 15.77, 15.16, 15.47, 18200.0, 10.46
2011-04-26, 15.65, 15.99, 15.38, 15.73, 17600.0, 10.64
2011-04-27, 15.73, 15.84, 15.06, 15.57, 21900.0, 10.53
2011-04-28, 15.57, 16.18, 15.35, 16.14, 20200.0, 10.91
2011-04-29, 16.06, 16.28, 15.88, 16.16, 12000.0, 10.93
2011-05-02, 16.26, 16.26, 15.78, 15.78, 17900.0, 10.67
2011-05-03, 15.81, 15.89, 15.51, 15.52, 14300.0, 10.49
2011-05-04, 15.6, 15.79, 15.34, 15.34, 15000.0, 10.37
2011-05-05, 15.17, 16.21, 15.17, 16.01, 36100.0, 10.82
2011-05-06, 15.64, 15.96, 15.4, 15.5, 38000.0, 10.48
2011-05-09, 15.35, 15.7, 15.25, 15.48, 95200.0, 10.47
2011-05-10, 15.2, 15.63, 15.0, 15.63, 80700.0, 10.57
2011-05-11, 15.52, 15.84, 15.42, 15.76, 39400.0, 10.66
2011-05-12, 15.73, 15.85, 15.67, 15.72, 16500.0, 10.63
2011-05-13, 15.76, 15.84, 14.71, 14.86, 92100.0, 10.05
2011-05-16, 14.85, 15.07, 14.58, 14.81, 35000.0, 10.01
2011-05-17, 14.75, 14.96, 14.7, 14.82, 16800.0, 10.02
2011-05-18, 15.25, 15.27, 14.9, 15.17, 14800.0, 10.26
2011-05-19, 15.24, 15.36, 15.15, 15.24, 14100.0, 10.3
2011-05-20, 15.13, 15.32, 15.05, 15.29, 21200.0, 10.34
2011-05-23, 14.73, 15.16, 14.65, 14.85, 43200.0, 10.04
2011-05-24, 14.92, 15.0, 14.2, 14.33, 59000.0, 9.69
2011-05-25, 14.26, 14.62, 14.26, 14.42, 25200.0, 9.75
2011-05-26, 14.54, 14.55, 14.0, 14.5, 34900.0, 9.8
2011-05-27, 14.47, 14.71, 14.41, 14.67, 18400.0, 10.01
2011-05-31, 14.79, 15.0, 14.79, 15.0, 23900.0, 10.23
2011-06-01, 14.99, 15.0, 14.16, 14.28, 22900.0, 9.74
2011-06-02, 14.35, 14.4, 14.13, 14.3, 24700.0, 9.75
2011-06-03, 14.12, 14.27, 13.54, 13.58, 23200.0, 9.26
2011-06-06, 13.61, 13.93, 13.57, 13.82, 23200.0, 9.43
2011-06-07, 13.9, 14.21, 13.7, 13.7, 31600.0, 9.34
2011-06-08, 13.62, 14.01, 13.62, 13.78, 11900.0, 9.4
2011-06-09, 13.86, 14.09, 13.71, 13.91, 17700.0, 9.49
2011-06-10, 13.91, 14.27, 13.67, 13.72, 26000.0, 9.36
2011-06-13, 13.82, 14.03, 13.73, 13.88, 17900.0, 9.47
2011-06-14, 14.08, 14.2, 13.92, 14.07, 39100.0, 9.6
2011-06-15, 14.0, 14.51, 14.0, 14.43, 39000.0, 9.84
2011-06-16, 14.5, 14.92, 14.3, 14.89, 28000.0, 10.16
2011-06-17, 14.98, 15.0, 14.58, 14.75, 29200.0, 10.06
2011-06-20, 14.76, 14.96, 14.76, 14.95, 6500.0, 10.2
2011-06-21, 15.0, 15.01, 14.24, 14.98, 17100.0, 10.22
2011-06-22, 14.95, 15.01, 14.79, 14.8, 12400.0, 10.09
2011-06-23, 14.56, 14.88, 14.41, 14.77, 10900.0, 10.07
2011-06-24, 14.81, 15.33, 14.75, 15.12, 239200.0, 10.31
2011-06-27, 15.13, 15.16, 14.89, 15.1, 36300.0, 10.3
2011-06-28, 15.1, 15.11, 15.0, 15.08, 19600.0, 10.28
2011-06-29, 15.17, 15.17, 15.0, 15.0, 51600.0, 10.23
2011-06-30, 15.02, 15.11, 14.8, 14.97, 53000.0, 10.21
2011-07-01, 14.98, 15.09, 14.92, 14.94, 39200.0, 10.19
2011-07-05, 14.95, 14.96, 14.49, 14.88, 25900.0, 10.15
2011-07-06, 14.82, 15.03, 14.38, 15.01, 23900.0, 10.24
2011-07-07, 15.05, 15.09, 14.51, 14.75, 83600.0, 10.06
2011-07-08, 14.69, 14.81, 14.55, 14.78, 17800.0, 10.08
2011-07-11, 14.53, 14.83, 14.53, 14.76, 22100.0, 10.07
2011-07-12, 14.69, 14.92, 14.51, 14.78, 23100.0, 10.08
2011-07-13, 14.84, 15.05, 14.65, 15.0, 17700.0, 10.23
2011-07-14, 15.0, 15.05, 14.76, 14.88, 20900.0, 10.15
2011-07-15, 14.89, 15.06, 14.83, 15.0, 130200.0, 10.23
2011-07-18, 15.0, 15.1, 14.72, 14.92, 59000.0, 10.18
2011-07-19, 15.03, 15.39, 14.98, 15.39, 28800.0, 10.5
2011-07-20, 15.43, 15.49, 15.0, 15.38, 21900.0, 10.49
2011-07-21, 15.38, 15.68, 15.38, 15.63, 17800.0, 10.66
2011-07-22, 15.57, 15.75, 15.57, 15.58, 20500.0, 10.63
2011-07-25, 15.53, 15.98, 15.42, 15.73, 56300.0, 10.73
2011-07-26, 15.72, 15.99, 15.01, 15.64, 20300.0, 10.67
2011-07-27, 15.56, 15.6, 15.08, 15.58, 25100.0, 10.63
2011-07-28, 15.55, 15.75, 15.28, 15.39, 32400.0, 10.5
2011-07-29, 15.28, 15.68, 15.28, 15.68, 29500.0, 10.69
2011-08-01, 15.82, 15.82, 15.41, 15.66, 39600.0, 10.68
2011-08-02, 15.6, 15.6, 15.25, 15.34, 49300.0, 10.46
2011-08-03, 15.43, 15.7, 15.28, 15.62, 68900.0, 10.65
2011-08-04, 15.61, 15.63, 14.6, 14.6, 40900.0, 9.96
2011-08-05, 14.63, 15.44, 13.52, 13.63, 55200.0, 9.3
2011-08-08, 13.52, 14.08, 12.38, 12.45, 74900.0, 8.49
2011-08-09, 12.49, 13.74, 12.4, 12.97, 65000.0, 8.85
2011-08-10, 12.72, 13.15, 12.72, 12.75, 69300.0, 8.7
2011-08-11, 12.81, 13.96, 12.81, 13.7, 54700.0, 9.34
2011-08-12, 13.73, 13.89, 13.53, 13.74, 48000.0, 9.37
2011-08-15, 13.84, 14.04, 13.5, 14.0, 35400.0, 9.55
2011-08-16, 13.96, 14.49, 13.81, 14.21, 46800.0, 9.69
2011-08-17, 14.33, 14.33, 13.86, 14.16, 41500.0, 9.66
2011-08-18, 13.71, 13.84, 12.85, 13.3, 161100.0, 9.07
2011-08-19, 13.15, 13.45, 13.0, 13.3, 55400.0, 9.07
2011-08-22, 13.66, 13.66, 12.33, 12.61, 42000.0, 8.6
2011-08-23, 12.63, 12.97, 12.5, 12.96, 47200.0, 8.84
2011-08-24, 12.87, 13.89, 12.83, 13.76, 34400.0, 9.38
2011-08-25, 13.84, 13.9, 13.23, 13.29, 38700.0, 9.06
2011-08-26, 13.25, 13.96, 13.25, 13.93, 25200.0, 9.5
2011-08-29, 14.06, 14.85, 14.06, 14.8, 62900.0, 10.09
2011-08-30, 14.6, 14.86, 14.29, 14.83, 27200.0, 10.2
2011-08-31, 14.9, 15.04, 14.71, 14.97, 61300.0, 10.3
2011-09-01, 15.02, 15.06, 14.5, 14.51, 36900.0, 9.98
2011-09-02, 14.33, 14.42, 13.73, 13.87, 41300.0, 9.54
2011-09-06, 13.74, 14.24, 13.72, 14.04, 30000.0, 9.66
2011-09-07, 14.35, 14.64, 14.2, 14.46, 49200.0, 9.95
2011-09-08, 14.42, 14.44, 13.88, 13.88, 13700.0, 9.55
2011-09-09, 13.72, 14.05, 13.07, 13.25, 26900.0, 9.11
2011-09-12, 13.08, 13.29, 12.91, 12.94, 18700.0, 8.9
2011-09-13, 13.02, 13.14, 12.78, 13.07, 12600.0, 8.99
2011-09-14, 13.24, 13.68, 13.1, 13.46, 19600.0, 9.26
2011-09-15, 13.61, 13.61, 13.27, 13.44, 9600.0, 9.24
2011-09-16, 13.5, 13.5, 13.26, 13.34, 29700.0, 9.18
2011-09-19, 13.18, 13.46, 13.08, 13.26, 13000.0, 9.12
2011-09-20, 13.24, 13.26, 13.03, 13.03, 21300.0, 8.96
2011-09-21, 13.05, 13.63, 12.79, 13.57, 55700.0, 9.33
2011-09-22, 13.11, 13.2, 12.41, 12.47, 26700.0, 8.58
2011-09-23, 12.49, 12.72, 12.37, 12.49, 21300.0, 8.59
2011-09-26, 12.6, 13.18, 12.31, 13.13, 18600.0, 9.03
2011-09-27, 13.27, 14.25, 13.16, 13.93, 39100.0, 9.58
2011-09-28, 13.95, 14.37, 13.3, 13.3, 17700.0, 9.15
2011-09-29, 13.63, 13.68, 12.83, 13.16, 11500.0, 9.05
2011-09-30, 12.97, 13.07, 12.78, 12.83, 16600.0, 8.82
2011-10-03, 12.7, 12.84, 11.57, 11.57, 37100.0, 7.96
2011-10-04, 11.48, 12.87, 11.48, 12.41, 33500.0, 8.54
2011-10-05, 12.47, 13.05, 12.47, 12.8, 17300.0, 8.8
2011-10-06, 12.86, 13.02, 12.56, 12.83, 21000.0, 8.82
2011-10-07, 12.97, 12.97, 12.43, 12.55, 19100.0, 8.63
2011-10-10, 12.86, 13.05, 12.65, 13.05, 19200.0, 8.98
2011-10-11, 13.05, 13.35, 13.05, 13.26, 30300.0, 9.12
2011-10-12, 13.49, 13.81, 13.07, 13.54, 49200.0, 9.31
2011-10-13, 13.4, 13.43, 13.33, 13.4, 49600.0, 9.22
2011-10-14, 13.4, 13.55, 13.2, 13.38, 18000.0, 9.2
2011-10-17, 13.49, 13.5, 12.66, 12.69, 18300.0, 8.73
2011-10-18, 12.76, 13.14, 12.43, 12.7, 28500.0, 8.74
2011-10-19, 12.7, 12.8, 12.11, 12.3, 14300.0, 8.46
2011-10-20, 12.0, 12.76, 11.93, 12.41, 25500.0, 8.54
2011-10-21, 12.69, 12.81, 12.47, 12.74, 28400.0, 8.76
2011-10-24, 12.83, 13.54, 12.77, 13.31, 36400.0, 9.15
2011-10-25, 13.31, 13.33, 12.97, 13.25, 23800.0, 9.11
2011-10-26, 13.48, 14.15, 13.34, 14.08, 54400.0, 9.68
2011-10-27, 14.4, 15.11, 14.28, 14.75, 92700.0, 10.15
2011-10-28, 14.65, 14.95, 14.6, 14.77, 34700.0, 10.16
2011-10-31, 14.76, 14.79, 14.61, 14.72, 42500.0, 10.12
2011-11-01, 14.1, 14.6, 14.1, 14.47, 18800.0, 9.95
2011-11-02, 14.73, 15.0, 14.55, 14.99, 20900.0, 10.31
2011-11-03, 15.08, 15.58, 14.79, 15.58, 40800.0, 10.72
2011-11-04, 15.44, 15.75, 15.36, 15.64, 14300.0, 10.76
2011-11-07, 15.64, 15.65, 14.78, 15.24, 30200.0, 10.48
2011-11-08, 15.22, 15.36, 15.0, 15.09, 31700.0, 10.38
2011-11-09, 14.69, 14.87, 13.95, 14.04, 18000.0, 9.66
2011-11-10, 14.07, 14.25, 13.81, 14.09, 13200.0, 9.69
2011-11-11, 14.27, 15.08, 14.27, 14.97, 16000.0, 10.3
2011-11-14, 14.97, 14.97, 14.47, 14.54, 11700.0, 10.0
2011-11-15, 14.5, 14.54, 14.28, 14.54, 17300.0, 10.0
2011-11-16, 14.39, 15.13, 14.3, 14.68, 39900.0, 10.1
2011-11-17, 14.73, 14.95, 14.5, 14.52, 6600.0, 9.99
2011-11-18, 14.57, 14.57, 14.08, 14.23, 11700.0, 9.79
2011-11-21, 14.02, 14.02, 13.49, 13.66, 15200.0, 9.4
2011-11-22, 13.6, 13.66, 13.11, 13.22, 22400.0, 9.09
2011-11-23, 13.13, 13.14, 12.62, 12.64, 14200.0, 8.69
2011-11-25, 12.75, 12.82, 12.5, 12.54, 7700.0, 8.63
2011-11-28, 12.98, 13.37, 12.97, 13.32, 15700.0, 9.16
2011-11-29, 13.21, 13.29, 12.77, 12.99, 10900.0, 9.02
2011-11-30, 13.61, 13.76, 12.8, 13.76, 35300.0, 9.55
2011-12-01, 13.63, 13.63, 13.0, 13.3, 27600.0, 9.23
2011-12-02, 13.5, 13.68, 13.19, 13.65, 7100.0, 9.48
2011-12-05, 13.82, 13.82, 13.4, 13.61, 16000.0, 9.45
2011-12-06, 13.56, 13.66, 13.3, 13.66, 25700.0, 9.48
2011-12-07, 13.52, 13.94, 13.52, 13.94, 11900.0, 9.68
2011-12-08, 13.72, 13.91, 13.59, 13.62, 38100.0, 9.46
2011-12-09, 13.64, 14.6, 13.64, 14.34, 17300.0, 9.96
2011-12-12, 14.0, 14.24, 13.95, 14.09, 158700.0, 9.78
2011-12-13, 14.26, 14.3, 13.76, 13.84, 14000.0, 9.61
2011-12-14, 13.79, 14.54, 13.79, 14.49, 13600.0, 10.06
2011-12-15, 14.46, 14.52, 14.17, 14.25, 23200.0, 9.89
2011-12-16, 14.0, 14.34, 13.77, 14.11, 71300.0, 9.8
2011-12-19, 14.3, 14.3, 13.34, 13.34, 99700.0, 9.26
2011-12-20, 13.7, 14.14, 13.62, 14.0, 80600.0, 9.72
2011-12-21, 13.92, 14.72, 13.83, 14.59, 21900.0, 10.13
2011-12-22, 14.71, 14.8, 14.39, 14.79, 64500.0, 10.27
2011-12-23, 14.8, 14.8, 14.38, 14.69, 21200.0, 10.2
2011-12-27, 14.66, 14.7, 14.39, 14.52, 13000.0, 10.08
2011-12-28, 14.26, 14.43, 14.11, 14.19, 19100.0, 9.85
2011-12-29, 14.18, 14.32, 14.05, 14.21, 13100.0, 9.87
2011-12-30, 14.27, 15.94, 14.09, 15.82, 104800.0, 10.98
2012-01-03, 15.85, 15.85, 15.01, 15.1, 38400.0, 10.48
2012-01-04, 15.08, 15.37, 14.53, 14.58, 19900.0, 10.12
2012-01-05, 14.44, 14.98, 14.41, 14.84, 28100.0, 10.3
2012-01-06, 14.65, 14.93, 14.65, 14.8, 13800.0, 10.28
2012-01-09, 14.96, 14.96, 14.7, 14.82, 19300.0, 10.29
2012-01-10, 15.01, 15.1, 14.45, 14.74, 17400.0, 10.23
2012-01-11, 14.41, 14.88, 14.41, 14.51, 13800.0, 10.07
2012-01-12, 14.54, 14.56, 14.22, 14.51, 19900.0, 10.07
2012-01-13, 14.34, 14.9, 14.22, 14.7, 45500.0, 10.21
2012-01-17, 14.85, 15.0, 14.26, 14.75, 43000.0, 10.24
2012-01-18, 14.8, 15.11, 14.8, 15.07, 31700.0, 10.46
2012-01-19, 15.16, 15.16, 14.6, 14.6, 25100.0, 10.14
2012-01-20, 14.61, 15.01, 14.5, 14.97, 8900.0, 10.39
2012-01-23, 14.96, 15.06, 14.58, 14.97, 98500.0, 10.39
2012-01-24, 14.84, 15.02, 14.84, 15.02, 16000.0, 10.43
2012-01-25, 15.04, 15.11, 14.87, 15.02, 39700.0, 10.43
2012-01-26, 15.09, 15.09, 14.85, 14.99, 6800.0, 10.41
2012-01-27, 14.95, 15.09, 14.85, 15.08, 18200.0, 10.47
2012-01-30, 14.94, 15.04, 14.85, 14.91, 23200.0, 10.35
2012-01-31, 15.02, 15.09, 14.89, 14.94, 7600.0, 10.37
2012-02-01, 14.91, 15.22, 14.75, 15.0, 27400.0, 10.41
2012-02-02, 14.93, 15.05, 14.56, 14.68, 43400.0, 10.19
2012-02-03, 14.98, 15.14, 14.55, 15.04, 55500.0, 10.44
2012-02-06, 15.16, 15.19, 14.8, 15.01, 29900.0, 10.42
2012-02-07, 15.09, 15.12, 14.8, 14.86, 17300.0, 10.32
2012-02-08, 14.86, 15.01, 14.76, 14.81, 8600.0, 10.28
2012-02-09, 14.83, 14.89, 14.6, 14.61, 10800.0, 10.14
2012-02-10, 14.6, 14.6, 14.05, 14.05, 35600.0, 9.76
2012-02-13, 14.25, 14.29, 13.86, 14.05, 16800.0, 9.76
2012-02-14, 14.01, 14.23, 14.01, 14.11, 26000.0, 9.8
2012-02-15, 14.11, 14.12, 13.75, 13.8, 16100.0, 9.58
2012-02-16, 13.79, 14.32, 13.79, 14.3, 57700.0, 9.93
2012-02-17, 14.3, 14.92, 14.17, 14.41, 17600.0, 10.01
2012-02-21, 14.45, 14.74, 14.45, 14.58, 18900.0, 10.12
2012-02-22, 14.49, 14.77, 14.49, 14.64, 11400.0, 10.16
2012-02-23, 14.66, 14.97, 14.51, 14.95, 29200.0, 10.38
2012-02-24, 14.99, 14.99, 14.7, 14.72, 18300.0, 10.22
2012-02-27, 14.62, 14.84, 14.6, 14.72, 7500.0, 10.22
2012-02-28, 14.56, 14.75, 14.49, 14.51, 10000.0, 10.16
2012-02-29, 14.52, 14.79, 13.97, 14.03, 24500.0, 9.82
2012-03-01, 14.31, 14.7, 13.9, 14.47, 49800.0, 10.13
2012-03-02, 14.82, 15.4, 14.75, 14.97, 119300.0, 10.48
2012-03-05, 14.81, 15.21, 14.6, 14.9, 65800.0, 10.43
2012-03-06, 14.72, 15.07, 14.72, 14.98, 47900.0, 10.49
2012-03-07, 15.0, 15.28, 14.95, 15.26, 24300.0, 10.69
2012-03-08, 15.14, 15.3, 14.95, 15.22, 56000.0, 10.66
2012-03-09, 15.18, 15.39, 15.07, 15.21, 68500.0, 10.65
2012-03-12, 15.31, 15.43, 15.03, 15.16, 12600.0, 10.62
2012-03-13, 15.35, 15.35, 14.99, 15.19, 24000.0, 10.64
2012-03-14, 15.13, 15.32, 14.98, 14.99, 101100.0, 10.5
2012-03-15, 15.05, 15.25, 14.98, 15.25, 74000.0, 10.68
2012-03-16, 15.26, 15.32, 15.12, 15.17, 25700.0, 10.62
2012-03-19, 15.16, 15.44, 15.14, 15.38, 36600.0, 10.77
2012-03-20, 15.3, 15.42, 15.15, 15.24, 15000.0, 10.67
2012-03-21, 15.29, 15.37, 15.14, 15.17, 19000.0, 10.62
2012-03-22, 15.1, 15.27, 15.0, 15.25, 46300.0, 10.68
2012-03-23, 15.26, 15.29, 15.03, 15.24, 14300.0, 10.67
2012-03-26, 15.36, 15.36, 15.19, 15.23, 49200.0, 10.67
2012-03-27, 15.31, 15.31, 15.03, 15.05, 40100.0, 10.54
2012-03-28, 15.05, 15.24, 14.98, 15.02, 45600.0, 10.52
2012-03-29, 15.0, 15.09, 14.9, 15.02, 13300.0, 10.52
2012-03-30, 15.11, 15.11, 14.9, 14.92, 9100.0, 10.45
2012-04-02, 14.91, 15.15, 14.83, 15.07, 49600.0, 10.55
2012-04-03, 15.07, 15.1, 14.85, 14.9, 53100.0, 10.43
2012-04-04, 14.8, 14.98, 14.8, 14.89, 25100.0, 10.43
2012-04-05, 14.9, 14.95, 14.8, 14.83, 49700.0, 10.39
2012-04-09, 14.74, 14.91, 14.52, 14.86, 55600.0, 10.41
2012-04-10, 14.86, 14.98, 14.71, 14.84, 44900.0, 10.39
2012-04-11, 14.9, 14.95, 14.8, 14.88, 101000.0, 10.42
2012-04-12, 14.83, 14.99, 14.78, 14.83, 30000.0, 10.39
2012-04-13, 14.75, 14.79, 14.6, 14.76, 11800.0, 10.34
2012-04-16, 14.79, 14.85, 14.51, 14.57, 16800.0, 10.2
2012-04-17, 14.65, 14.8, 14.57, 14.7, 25200.0, 10.29
2012-04-18, 14.69, 14.79, 14.48, 14.48, 17500.0, 10.14
2012-04-19, 14.52, 14.52, 14.05, 14.15, 29100.0, 9.91
2012-04-20, 14.31, 14.48, 14.05, 14.05, 18400.0, 9.84
2012-04-23, 14.05, 14.15, 13.88, 13.96, 46600.0, 9.78
2012-04-24, 14.04, 14.22, 13.98, 14.19, 38600.0, 9.94
2012-04-25, 14.36, 14.49, 14.21, 14.39, 26400.0, 10.08
2012-04-26, 14.44, 14.67, 14.4, 14.6, 18300.0, 10.22
2012-04-27, 14.62, 14.65, 14.54, 14.59, 9400.0, 10.22
2012-04-30, 14.53, 14.55, 14.12, 14.15, 17300.0, 9.91
2012-05-01, 14.37, 14.71, 14.08, 14.11, 55000.0, 9.88
2012-05-02, 14.11, 14.22, 14.06, 14.09, 24000.0, 9.87
2012-05-03, 14.13, 14.13, 13.63, 14.04, 34800.0, 9.83
2012-05-04, 16.76, 17.59, 15.82, 16.71, 467600.0, 11.7
2012-05-07, 16.51, 17.11, 16.29, 16.34, 76400.0, 11.44
2012-05-08, 16.3, 16.36, 15.85, 15.85, 103900.0, 11.1
2012-05-09, 15.67, 15.81, 15.55, 15.58, 102100.0, 10.91
2012-05-10, 15.75, 15.75, 15.3, 15.48, 61000.0, 10.84
2012-05-11, 15.42, 15.5, 15.15, 15.26, 92200.0, 10.69
2012-05-14, 15.33, 15.42, 15.11, 15.16, 74000.0, 10.62
2012-05-15, 15.21, 16.42, 15.21, 15.84, 109400.0, 11.09
2012-05-16, 15.95, 16.61, 15.91, 16.51, 116000.0, 11.56
2012-05-17, 16.52, 16.68, 15.75, 15.94, 94200.0, 11.16
2012-05-18, 15.84, 16.06, 15.25, 15.54, 77000.0, 10.88
2012-05-21, 15.51, 15.71, 15.38, 15.58, 68000.0, 10.91
2012-05-22, 15.58, 16.64, 15.58, 16.2, 107500.0, 11.34
2012-05-23, 16.15, 16.79, 16.08, 16.72, 102200.0, 11.71
2012-05-24, 16.87, 16.9, 16.41, 16.73, 28200.0, 11.72
2012-05-25, 16.72, 16.72, 16.28, 16.63, 38700.0, 11.65
2012-05-29, 16.7, 17.11, 16.5, 17.06, 67800.0, 11.95
2012-05-30, 16.85, 17.24, 16.71, 17.1, 112000.0, 12.06
2012-05-31, 17.13, 17.32, 16.87, 17.14, 38700.0, 12.09
2012-06-01, 17.04, 17.08, 16.59, 16.96, 66100.0, 11.96
2012-06-04, 16.98, 17.25, 16.69, 16.89, 89600.0, 11.91
2012-06-05, 16.85, 17.13, 16.61, 17.08, 46400.0, 12.05
2012-06-06, 17.2, 17.75, 16.88, 17.44, 77100.0, 12.3
2012-06-07, 17.4, 17.57, 17.15, 17.41, 27800.0, 12.28
2012-06-08, 17.24, 17.69, 17.22, 17.66, 27600.0, 12.46
2012-06-11, 17.75, 17.75, 17.26, 17.38, 82700.0, 12.26
2012-06-12, 17.39, 17.45, 17.0, 17.34, 56600.0, 12.23
2012-06-13, 17.32, 17.63, 17.0, 17.07, 53200.0, 12.04
2012-06-14, 17.04, 17.35, 17.0, 17.31, 43500.0, 12.21
2012-06-15, 17.1, 17.1, 16.78, 16.99, 73700.0, 11.99
2012-06-18, 17.0, 17.07, 16.8, 16.89, 57900.0, 11.91
2012-06-19, 17.04, 17.19, 16.85, 17.04, 95600.0, 12.02
2012-06-20, 17.0, 17.04, 16.9, 17.0, 40400.0, 11.99
2012-06-21, 17.0, 17.0, 16.72, 16.73, 29300.0, 11.8
2012-06-22, 16.75, 16.81, 16.73, 16.77, 52600.0, 11.83
2012-06-25, 16.62, 16.67, 16.58, 16.58, 13300.0, 11.7
2012-06-26, 16.55, 16.93, 16.32, 16.91, 46500.0, 11.93
2012-06-27, 16.98, 17.03, 16.77, 16.98, 95500.0, 11.98
2012-06-28, 16.9, 17.29, 16.9, 17.23, 39900.0, 12.15
2012-06-29, 17.49, 17.58, 17.14, 17.56, 27200.0, 12.39
2012-07-02, 17.5, 17.66, 17.31, 17.64, 46400.0, 12.44
2012-07-03, 17.69, 17.7, 17.52, 17.68, 9300.0, 12.47
2012-07-05, 17.57, 17.59, 17.25, 17.28, 17800.0, 12.19
2012-07-06, 17.25, 17.45, 17.0, 17.41, 18800.0, 12.28
2012-07-09, 17.48, 17.48, 16.81, 17.18, 44500.0, 12.12
2012-07-10, 17.3, 17.3, 17.0, 17.02, 22000.0, 12.01
2012-07-11, 17.13, 17.13, 16.85, 17.03, 45000.0, 12.01
2012-07-12, 16.86, 17.53, 16.56, 17.45, 29700.0, 12.31
2012-07-13, 17.57, 17.79, 17.28, 17.63, 38800.0, 12.44
2012-07-16, 17.52, 17.52, 16.91, 16.97, 48000.0, 11.97
2012-07-17, 17.02, 17.25, 16.8, 17.25, 42500.0, 12.17
2012-07-18, 17.15, 17.73, 17.15, 17.46, 33700.0, 12.32
2012-07-19, 17.43, 17.44, 17.0, 17.07, 13900.0, 12.04
2012-07-20, 16.91, 17.19, 16.63, 17.11, 45000.0, 12.07
2012-07-23, 16.89, 17.02, 16.82, 16.91, 24000.0, 11.93
2012-07-24, 16.87, 16.99, 16.65, 16.75, 20200.0, 11.82
2012-07-25, 16.87, 16.92, 16.67, 16.71, 19900.0, 11.79
2012-07-26, 16.87, 16.87, 16.5, 16.6, 24100.0, 11.71
2012-07-27, 16.56, 17.07, 16.55, 17.0, 22300.0, 11.99
2012-07-30, 17.12, 17.32, 16.99, 17.01, 16100.0, 12.0
2012-07-31, 17.05, 17.27, 16.84, 17.0, 29500.0, 11.99
2012-08-01, 17.13, 17.33, 16.82, 16.83, 30700.0, 11.87
2012-08-02, 16.94, 17.43, 16.19, 16.74, 71600.0, 11.81
2012-08-03, 13.97, 17.17, 13.94, 16.96, 55700.0, 11.96
2012-08-06, 17.0, 17.15, 16.93, 16.93, 21000.0, 11.94
2012-08-07, 16.94, 17.0, 16.76, 16.93, 21800.0, 11.94
2012-08-08, 16.87, 16.87, 16.6, 16.82, 18400.0, 11.87
2012-08-09, 16.74, 17.28, 16.73, 17.17, 17200.0, 12.11
2012-08-10, 17.21, 17.29, 16.86, 17.15, 10400.0, 12.1
2012-08-13, 16.98, 17.16, 16.06, 17.15, 30900.0, 12.1
2012-08-14, 17.16, 17.5, 16.77, 17.2, 19000.0, 12.13
2012-08-15, 17.13, 17.36, 16.97, 17.3, 19800.0, 12.2
2012-08-16, 17.22, 17.47, 17.04, 17.34, 16900.0, 12.23
2012-08-17, 17.26, 17.59, 17.1, 17.59, 14400.0, 12.41
2012-08-20, 17.51, 17.57, 17.28, 17.52, 16200.0, 12.36
2012-08-21, 17.53, 17.62, 17.3, 17.5, 25500.0, 12.35
2012-08-22, 17.41, 17.66, 17.35, 17.37, 12400.0, 12.25
2012-08-23, 17.44, 17.55, 17.33, 17.48, 10900.0, 12.33
2012-08-24, 17.39, 17.47, 17.14, 17.35, 41300.0, 12.24
2012-08-27, 17.36, 17.4, 16.91, 17.36, 15000.0, 12.25
2012-08-28, 17.31, 17.66, 17.26, 17.42, 19700.0, 12.29
2012-08-29, 17.35, 17.46, 17.16, 17.2, 69900.0, 12.22
2012-08-30, 17.09, 17.28, 17.03, 17.12, 10200.0, 12.16
2012-08-31, 17.24, 17.39, 17.1, 17.28, 32500.0, 12.28
2012-09-04, 17.23, 17.63, 17.15, 17.58, 38100.0, 12.49
2012-09-05, 17.65, 17.65, 17.25, 17.49, 27500.0, 12.43
2012-09-06, 17.48, 18.13, 17.48, 18.05, 25000.0, 12.83
2012-09-07, 18.08, 18.08, 17.63, 17.9, 15900.0, 12.72
2012-09-10, 17.88, 18.4, 17.88, 18.05, 18800.0, 12.83
2012-09-11, 18.04, 18.04, 17.55, 17.6, 25700.0, 12.51
2012-09-12, 17.67, 17.88, 17.51, 17.58, 10700.0, 12.49
2012-09-13, 17.6, 18.0, 17.6, 17.85, 19300.0, 12.68
2012-09-14, 17.94, 18.18, 17.76, 18.0, 16900.0, 12.79
2012-09-17, 17.92, 18.58, 17.71, 18.37, 15600.0, 13.05
2012-09-18, 18.31, 18.31, 17.82, 17.93, 14100.0, 12.74
2012-09-19, 17.9, 18.05, 17.51, 17.71, 15700.0, 12.58
2012-09-20, 17.65, 17.65, 17.46, 17.51, 34600.0, 12.44
2012-09-21, 17.79, 18.04, 17.7, 17.7, 48900.0, 12.58
2012-09-24, 17.74, 17.74, 17.5, 17.71, 35800.0, 12.58
2012-09-25, 17.77, 17.86, 17.55, 17.57, 35400.0, 12.48
2012-09-26, 17.3, 17.51, 17.05, 17.2, 58600.0, 12.22
2012-09-27, 17.25, 17.83, 16.97, 17.76, 43600.0, 12.62
2012-09-28, 17.64, 17.81, 17.47, 17.69, 37100.0, 12.57
2012-10-01, 17.71, 17.94, 17.62, 17.74, 7600.0, 12.61
2012-10-02, 17.64, 17.97, 17.62, 17.89, 23600.0, 12.71
2012-10-03, 17.93, 18.55, 17.93, 17.99, 13500.0, 12.78
2012-10-04, 17.99, 18.25, 17.64, 18.06, 8900.0, 12.83
2012-10-05, 18.05, 18.58, 18.05, 18.14, 23100.0, 12.89
2012-10-08, 18.1, 18.3, 17.9, 18.16, 9900.0, 12.9
2012-10-09, 18.06, 18.23, 18.02, 18.12, 16300.0, 12.88
2012-10-10, 18.08, 18.08, 17.55, 17.75, 20700.0, 12.61
2012-10-11, 17.84, 17.99, 17.21, 17.79, 5800.0, 12.64
2012-10-12, 17.47, 18.2, 17.47, 17.87, 24200.0, 12.7
2012-10-15, 17.9, 18.18, 17.8, 17.81, 12700.0, 12.65
2012-10-16, 16.96, 17.15, 15.95, 16.1, 94600.0, 11.44
2012-10-17, 16.1, 16.27, 15.6, 15.73, 50400.0, 11.18
2012-10-18, 15.76, 15.88, 15.39, 15.46, 21900.0, 10.99
2012-10-19, 15.35, 15.43, 15.12, 15.33, 47300.0, 10.89
2012-10-22, 15.27, 15.48, 15.1, 15.23, 52000.0, 10.82
2012-10-23, 15.11, 15.15, 14.28, 14.6, 45500.0, 10.37
2012-10-24, 14.68, 15.37, 14.5, 15.02, 42400.0, 10.67
2012-10-25, 15.06, 15.34, 14.99, 15.27, 29600.0, 10.85
2012-10-26, 15.28, 15.56, 15.08, 15.34, 23500.0, 10.9
2012-10-31, 15.29, 15.59, 15.01, 15.43, 40100.0, 10.96
2012-11-01, 15.4, 15.74, 15.22, 15.69, 33000.0, 11.15
2012-11-02, 15.64, 15.81, 15.2, 15.21, 40200.0, 10.81
2012-11-05, 15.23, 15.51, 15.12, 15.47, 20600.0, 10.99
2012-11-06, 15.56, 15.57, 14.67, 15.42, 29000.0, 10.96
2012-11-07, 15.31, 15.31, 14.78, 15.11, 31700.0, 10.74
2012-11-08, 14.99, 14.99, 14.45, 14.64, 37000.0, 10.4
2012-11-09, 14.65, 15.02, 14.45, 14.8, 63600.0, 10.52
2012-11-12, 14.78, 15.0, 14.5, 14.96, 39300.0, 10.63
2012-11-13, 14.78, 15.49, 14.68, 15.33, 100200.0, 10.89
2012-11-14, 15.31, 15.54, 14.0, 14.37, 54300.0, 10.21
2012-11-15, 14.42, 15.17, 14.15, 14.76, 83000.0, 10.49
2012-11-16, 14.63, 15.97, 14.61, 15.78, 73300.0, 11.21
2012-11-19, 15.81, 16.0, 15.38, 15.54, 47900.0, 11.04
2012-11-20, 15.38, 15.7, 15.11, 15.36, 76500.0, 10.91
2012-11-21, 15.33, 15.48, 15.29, 15.46, 50100.0, 10.99
2012-11-23, 15.46, 15.66, 15.23, 15.41, 16400.0, 10.95
2012-11-26, 15.41, 15.6, 15.36, 15.52, 66200.0, 11.03
2012-11-27, 15.45, 15.93, 15.45, 15.88, 81000.0, 11.28
2012-11-28, 15.78, 16.0, 15.64, 15.91, 59600.0, 11.3
2012-11-29, 15.6, 16.06, 15.52, 15.69, 35200.0, 11.24
2012-11-30, 15.68, 16.08, 15.65, 16.01, 374000.0, 11.47
2012-12-03, 16.05, 16.16, 15.77, 16.09, 44100.0, 11.52
2012-12-04, 16.02, 16.15, 15.68, 15.75, 37900.0, 11.28
2012-12-05, 15.75, 16.21, 15.74, 16.04, 30300.0, 11.49
2012-12-06, 15.95, 16.11, 15.65, 15.79, 47100.0, 11.31
2012-12-07, 16.9, 16.9, 15.64, 15.77, 362700.0, 11.29
2012-12-10, 16.36, 16.36, 15.65, 15.75, 336100.0, 11.28
2012-12-11, 15.99, 16.3, 15.8, 16.18, 244000.0, 11.59
2012-12-12, 16.2, 16.25, 15.9, 16.0, 218300.0, 11.46
2012-12-13, 16.08, 16.24, 16.02, 16.04, 176500.0, 11.49
2012-12-14, 15.71, 15.91, 15.54, 15.65, 159800.0, 11.21
2012-12-17, 15.75, 16.17, 15.69, 16.12, 133600.0, 11.54
2012-12-18, 16.07, 16.13, 16.04, 16.12, 99100.0, 11.54
2012-12-19, 16.08, 16.2, 16.04, 16.11, 91100.0, 11.54
2012-12-20, 16.25, 16.25, 15.75, 16.0, 91300.0, 11.46
2012-12-21, 15.9, 15.98, 15.65, 15.76, 151500.0, 11.29
2012-12-24, 15.76, 15.79, 15.28, 15.52, 82500.0, 11.11
2012-12-26, 15.53, 16.04, 15.43, 16.02, 136900.0, 11.47
2012-12-27, 15.98, 16.01, 15.67, 15.84, 154900.0, 11.34
2012-12-28, 11.45, 12.2, 11.45, 12.18, 330600.0, 11.67
2012-12-31, 12.24, 12.4, 11.87, 12.21, 257000.0, 11.7
2013-01-02, 12.45, 12.65, 12.27, 12.61, 208300.0, 12.08
2013-01-03, 12.58, 12.9, 12.45, 12.69, 133700.0, 12.16
2013-01-04, 12.68, 13.04, 12.66, 12.94, 145000.0, 12.4
2013-01-07, 12.82, 13.04, 12.75, 12.98, 95500.0, 12.44
2013-01-08, 12.89, 13.47, 12.75, 13.35, 130100.0, 12.79
2013-01-09, 13.31, 13.41, 13.3, 13.35, 63800.0, 12.79
2013-01-10, 13.34, 13.39, 13.2, 13.26, 51400.0, 12.7
2013-01-11, 13.22, 13.3, 13.0, 13.14, 48800.0, 12.59
2013-01-14, 13.05, 13.06, 12.55, 12.57, 98300.0, 12.04
2013-01-15, 12.54, 12.74, 12.51, 12.56, 96500.0, 12.03
2013-01-16, 12.58, 12.63, 12.5, 12.51, 77700.0, 11.99
2013-01-17, 12.51, 13.05, 12.4, 13.02, 205000.0, 12.47
2013-01-18, 12.97, 13.11, 12.62, 12.71, 68300.0, 12.18
2013-01-22, 12.7, 13.05, 12.69, 12.93, 104000.0, 12.39
2013-01-23, 12.95, 13.14, 12.75, 12.79, 82400.0, 12.25
2013-01-24, 12.84, 12.92, 12.68, 12.76, 95700.0, 12.23
2013-01-25, 12.79, 12.93, 12.65, 12.78, 101200.0, 12.24
2013-01-28, 12.8, 12.95, 12.73, 12.9, 62500.0, 12.36
2013-01-29, 12.94, 12.94, 12.77, 12.83, 32900.0, 12.29
2013-01-30, 12.83, 12.84, 12.55, 12.79, 76500.0, 12.25
2013-01-31, 12.79, 12.93, 12.57, 12.85, 91200.0, 12.31
2013-02-01, 12.93, 13.19, 12.76, 13.06, 67300.0, 12.51
2013-02-04, 13.04, 13.04, 12.61, 12.7, 59400.0, 12.17
2013-02-05, 12.72, 12.97, 12.72, 12.91, 30700.0, 12.37
2013-02-06, 12.87, 13.0, 12.85, 12.96, 46400.0, 12.42
2013-02-07, 12.98, 13.0, 12.78, 12.92, 57100.0, 12.38
2013-02-08, 12.93, 13.04, 12.93, 13.0, 23600.0, 12.46
2013-02-11, 13.02, 13.29, 12.97, 13.19, 73800.0, 12.64
2013-02-12, 13.18, 13.26, 13.02, 13.05, 78000.0, 12.5
2013-02-13, 13.1, 13.1, 12.95, 13.0, 51600.0, 12.46
2013-02-14, 13.0, 13.22, 13.0, 13.18, 36700.0, 12.63
2013-02-15, 13.23, 13.33, 13.03, 13.12, 71200.0, 12.57
2013-02-19, 13.25, 13.27, 13.03, 13.19, 132500.0, 12.64
2013-02-20, 13.2, 13.53, 13.19, 13.33, 90100.0, 12.77
2013-02-21, 13.24, 13.4, 13.0, 13.13, 99100.0, 12.58
2013-02-22, 13.15, 13.4, 13.09, 13.32, 97200.0, 12.76
2013-02-25, 13.36, 13.42, 13.15, 13.24, 82600.0, 12.69
2013-02-26, 13.28, 13.47, 13.19, 13.34, 59100.0, 12.78
2013-02-27, 13.27, 13.74, 13.22, 13.65, 95000.0, 13.2
2013-02-28, 13.57, 13.67, 13.36, 13.44, 62500.0, 13.0
2013-03-01, 13.13, 14.21, 13.02, 14.15, 215600.0, 13.69
2013-03-04, 14.28, 14.55, 14.11, 14.5, 95700.0, 14.02
2013-03-05, 14.31, 15.23, 14.12, 15.19, 187000.0, 14.69
2013-03-06, 15.15, 15.18, 14.64, 15.0, 99700.0, 14.51
2013-03-07, 14.97, 15.12, 14.85, 15.12, 72300.0, 14.62
2013-03-08, 15.25, 15.25, 14.77, 14.98, 88600.0, 14.49
2013-03-11, 14.99, 15.1, 14.87, 14.97, 69500.0, 14.48
2013-03-12, 14.91, 14.97, 14.44, 14.47, 65000.0, 14.0
2013-03-13, 14.51, 14.62, 14.24, 14.48, 89900.0, 14.0
2013-03-14, 14.51, 14.56, 14.36, 14.55, 58300.0, 14.07
2013-03-15, 14.5, 14.68, 14.4, 14.54, 86300.0, 14.06
2013-03-18, 14.41, 14.52, 14.21, 14.46, 75900.0, 13.99
2013-03-19, 14.29, 14.58, 14.29, 14.45, 107000.0, 13.98
2013-03-20, 14.52, 14.67, 14.52, 14.67, 81000.0, 14.19
2013-03-21, 14.57, 14.72, 14.47, 14.67, 38700.0, 14.19
2013-03-22, 14.69, 15.24, 14.6, 14.81, 113200.0, 14.32
2013-03-25, 14.78, 15.2, 14.76, 14.88, 47400.0, 14.39
2013-03-26, 14.99, 14.99, 14.6, 14.65, 63200.0, 14.17
2013-03-27, 14.63, 14.93, 14.63, 14.77, 64200.0, 14.29
2013-03-28, 14.8, 14.91, 14.46, 14.83, 47700.0, 14.34
2013-04-01, 14.89, 14.89, 14.32, 14.4, 122600.0, 13.93
2013-04-02, 14.46, 14.63, 14.11, 14.37, 99600.0, 13.9
2013-04-03, 14.35, 14.5, 14.12, 14.27, 72200.0, 13.8
2013-04-04, 14.23, 14.53, 14.03, 14.53, 49200.0, 14.05
2013-04-05, 14.33, 14.43, 14.11, 14.37, 45300.0, 13.9
2013-04-08, 14.45, 14.76, 14.43, 14.76, 25000.0, 14.28
2013-04-09, 14.86, 14.86, 14.24, 14.32, 38600.0, 13.85
2013-04-10, 14.42, 14.78, 14.29, 14.62, 40900.0, 14.14
2013-04-11, 14.5, 14.5, 14.4, 14.49, 59300.0, 14.01
2013-04-12, 14.47, 14.61, 14.41, 14.6, 59900.0, 14.12
2013-04-15, 14.49, 14.53, 14.0, 14.05, 70500.0, 13.59
2013-04-16, 14.15, 14.64, 14.05, 14.59, 63200.0, 14.11
2013-04-17, 14.51, 14.72, 14.27, 14.48, 31400.0, 14.0
2013-04-18, 14.46, 14.96, 14.45, 14.87, 53100.0, 14.38
2013-04-19, 14.86, 14.86, 14.58, 14.73, 21200.0, 14.25
2013-04-22, 14.77, 15.05, 14.48, 14.97, 39900.0, 14.48
2013-04-23, 14.98, 15.04, 14.65, 14.88, 20700.0, 14.39
2013-04-24, 14.8, 14.98, 14.72, 14.89, 26100.0, 14.4
2013-04-25, 14.97, 15.16, 14.8, 14.93, 19200.0, 14.44
2013-04-26, 14.93, 14.99, 14.7, 14.82, 26800.0, 14.33
2013-04-29, 14.75, 14.79, 14.45, 14.52, 29600.0, 14.04
2013-04-30, 14.52, 14.62, 14.17, 14.41, 62700.0, 13.94
2013-05-01, 14.42, 14.46, 14.27, 14.32, 37700.0, 13.85
2013-05-02, 14.32, 14.83, 14.1, 14.1, 75400.0, 13.64
2013-05-03, 14.27, 14.53, 13.5, 13.59, 111900.0, 13.14
2013-05-06, 13.69, 13.69, 13.08, 13.24, 84300.0, 12.81
2013-05-07, 13.22, 13.64, 13.19, 13.3, 84800.0, 12.86
2013-05-08, 13.19, 13.73, 13.19, 13.7, 48200.0, 13.25
2013-05-09, 13.73, 13.85, 13.56, 13.58, 41900.0, 13.13
2013-05-10, 13.56, 13.74, 13.56, 13.7, 12100.0, 13.25
2013-05-13, 13.85, 13.85, 13.6, 13.63, 36400.0, 13.18
2013-05-14, 13.59, 13.76, 13.48, 13.51, 80600.0, 13.07
2013-05-15, 13.51, 13.77, 13.51, 13.69, 26200.0, 13.24
2013-05-16, 13.73, 14.12, 13.55, 13.92, 57500.0, 13.46
2013-05-17, 13.96, 14.28, 13.96, 14.03, 30200.0, 13.57
2013-05-20, 13.96, 14.1, 13.92, 14.03, 44300.0, 13.57
2013-05-21, 13.99, 14.18, 13.94, 14.02, 22300.0, 13.56
2013-05-22, 13.98, 14.19, 13.69, 13.83, 31100.0, 13.38
2013-05-23, 13.77, 14.13, 13.77, 14.0, 33900.0, 13.54
2013-05-24, 13.89, 14.13, 13.89, 14.02, 12900.0, 13.56
2013-05-28, 13.99, 14.18, 13.98, 14.06, 33200.0, 13.6
2013-05-29, 14.02, 14.26, 13.97, 14.14, 26100.0, 13.68
2013-05-30, 14.1, 14.16, 13.92, 14.05, 27200.0, 13.71
2013-05-31, 14.0, 14.24, 14.0, 14.0, 13400.0, 13.66
2013-06-03, 14.0, 14.4, 13.8, 14.29, 66400.0, 13.94
2013-06-04, 14.26, 14.4, 13.76, 13.85, 42500.0, 13.51
2013-06-05, 13.85, 14.24, 13.81, 13.97, 46200.0, 13.63
2013-06-06, 13.91, 14.2, 13.77, 13.97, 52400.0, 13.63
2013-06-07, 14.06, 14.3, 13.95, 14.23, 67100.0, 13.89
2013-06-10, 14.2, 14.43, 14.2, 14.31, 21600.0, 13.96
2013-06-11, 14.22, 14.3, 14.13, 14.22, 111100.0, 13.88
2013-06-12, 14.26, 14.45, 14.06, 14.09, 43500.0, 13.75
2013-06-13, 14.2, 14.27, 13.92, 14.21, 43400.0, 13.87
2013-06-14, 14.1, 14.27, 14.0, 14.14, 22600.0, 13.8
2013-06-17, 14.26, 14.26, 14.0, 14.06, 14200.0, 13.72
2013-06-18, 14.12, 14.27, 14.02, 14.24, 51800.0, 13.9
2013-06-19, 14.26, 14.68, 14.26, 14.5, 152900.0, 14.15
2013-06-20, 14.31, 14.54, 13.96, 14.0, 24800.0, 13.66
2013-06-21, 14.07, 14.07, 13.66, 13.93, 53600.0, 13.59
2013-06-24, 13.85, 14.12, 13.73, 14.03, 32500.0, 13.69
2013-06-25, 14.11, 14.19, 13.84, 13.87, 29200.0, 13.53
2013-06-26, 14.05, 14.1, 13.95, 14.0, 12800.0, 13.66
2013-06-27, 14.03, 14.2, 13.95, 14.2, 27100.0, 13.86
2013-06-28, 14.2, 14.24, 14.05, 14.2, 69600.0, 13.86
2013-07-01, 14.2, 14.73, 14.09, 14.62, 37800.0, 14.27
2013-07-02, 14.5, 15.44, 14.5, 14.92, 91800.0, 14.56
2013-07-03, 14.92, 15.49, 14.81, 15.34, 28400.0, 14.97
2013-07-05, 15.5, 15.5, 15.01, 15.33, 59000.0, 14.96
2013-07-08, 15.4, 15.7, 15.4, 15.63, 39600.0, 15.25
2013-07-09, 15.63, 15.76, 15.57, 15.76, 36100.0, 15.38
2013-07-10, 15.75, 15.92, 15.67, 15.91, 29800.0, 15.53
2013-07-11, 16.0, 16.1, 15.79, 16.07, 35000.0, 15.68
2013-07-12, 16.05, 16.1, 15.86, 16.08, 48700.0, 15.69
2013-07-15, 16.05, 16.6, 16.0, 16.29, 55100.0, 15.9
2013-07-16, 16.37, 16.91, 16.14, 16.74, 69000.0, 16.34
2013-07-17, 16.84, 17.23, 16.84, 16.99, 185600.0, 16.58
2013-07-18, 17.02, 17.2, 16.96, 17.01, 59000.0, 16.6
2013-07-19, 16.96, 17.15, 16.84, 17.12, 35300.0, 16.71
2013-07-22, 17.05, 17.11, 16.67, 16.85, 61400.0, 16.44
2013-07-23, 16.78, 16.84, 16.53, 16.62, 74400.0, 16.22
2013-07-24, 16.64, 17.05, 16.35, 16.51, 64200.0, 16.11
2013-07-25, 16.45, 16.58, 16.33, 16.53, 54900.0, 16.13
2013-07-26, 16.41, 16.58, 16.14, 16.35, 35800.0, 15.95
2013-07-29, 16.29, 16.4, 16.04, 16.13, 17900.0, 15.74
2013-07-30, 16.21, 16.4, 16.21, 16.23, 15500.0, 15.84
2013-07-31, 16.3, 16.4, 16.13, 16.23, 41400.0, 15.84
2013-08-01, 16.34, 16.54, 16.14, 16.49, 84600.0, 16.09
2013-08-02, 15.59, 16.57, 15.3, 16.51, 90700.0, 16.11
2013-08-05, 16.5, 16.6, 15.96, 16.24, 42400.0, 15.85
2013-08-06, 15.56, 15.9, 15.52, 15.76, 324200.0, 15.38
2013-08-07, 15.83, 16.02, 15.67, 15.96, 108100.0, 15.57
2013-08-08, 16.0, 16.04, 15.78, 15.93, 103500.0, 15.54
2013-08-09, 15.87, 16.08, 15.78, 16.04, 95700.0, 15.65
2013-08-12, 15.93, 16.19, 15.93, 16.15, 88400.0, 15.76
2013-08-13, 16.15, 16.34, 16.0, 16.31, 67800.0, 15.92
2013-08-14, 16.4, 16.73, 16.18, 16.39, 57900.0, 15.99
2013-08-15, 16.38, 16.39, 16.02, 16.17, 40500.0, 15.78
2013-08-16, 16.12, 16.55, 16.11, 16.27, 122500.0, 15.88
2013-08-19, 16.35, 16.55, 16.15, 16.26, 61800.0, 15.87
2013-08-20, 15.96, 16.79, 15.96, 16.58, 106600.0, 16.18
2013-08-21, 16.58, 16.77, 16.43, 16.48, 41400.0, 16.08
2013-08-22, 16.48, 17.06, 16.16, 17.01, 53700.0, 16.6
2013-08-23, 16.9, 17.17, 16.68, 17.06, 50300.0, 16.65
2013-08-26, 17.03, 17.25, 16.93, 16.99, 57700.0, 16.58
2013-08-27, 16.72, 17.39, 16.65, 17.08, 105400.0, 16.67
2013-08-28, 17.12, 17.38, 17.01, 17.02, 92300.0, 16.61
2013-08-29, 16.97, 17.16, 16.33, 16.36, 44000.0, 16.08
2013-08-30, 16.35, 16.68, 15.66, 16.01, 111300.0, 15.74
2013-09-03, 16.08, 16.48, 15.95, 16.22, 53700.0, 15.94
2013-09-04, 16.25, 16.47, 16.09, 16.18, 49100.0, 15.91
2013-09-05, 16.15, 16.53, 15.8, 16.32, 45800.0, 16.04
2013-09-06, 16.39, 16.75, 16.07, 16.31, 36400.0, 16.03
2013-09-09, 16.3, 16.65, 16.11, 16.34, 27900.0, 16.06
2013-09-10, 16.33, 16.64, 16.13, 16.52, 27200.0, 16.24
2013-09-11, 16.53, 16.75, 16.35, 16.66, 63100.0, 16.38
2013-09-12, 16.66, 16.87, 16.46, 16.74, 25400.0, 16.46
2013-09-13, 16.78, 17.1, 16.59, 16.93, 35100.0, 16.64
2013-09-16, 17.05, 17.09, 16.77, 17.05, 38000.0, 16.76
2013-09-17, 17.03, 17.56, 16.91, 17.53, 82900.0, 17.23
2013-09-18, 17.44, 17.77, 17.3, 17.53, 28700.0, 17.23
2013-09-19, 17.71, 17.71, 17.25, 17.58, 34500.0, 17.28
2013-09-20, 17.36, 17.44, 17.07, 17.36, 73500.0, 17.07
2013-09-23, 17.16, 17.49, 17.08, 17.36, 55700.0, 17.07
2013-09-24, 17.27, 17.42, 16.91, 17.08, 43900.0, 16.79
2013-09-25, 16.94, 17.24, 16.94, 17.08, 25700.0, 16.79
2013-09-26, 17.04, 17.37, 16.96, 17.33, 49100.0, 17.04
2013-09-27, 17.23, 17.56, 16.92, 17.2, 86000.0, 16.91
2013-09-30, 17.04, 17.42, 17.04, 17.32, 58100.0, 17.03
2013-10-01, 17.24, 17.57, 17.05, 17.52, 37100.0, 17.22
2013-10-02, 17.32, 17.67, 17.31, 17.43, 60200.0, 17.13
2013-10-03, 17.46, 17.59, 17.1, 17.4, 50800.0, 17.1
2013-10-04, 17.34, 17.78, 17.2, 17.69, 41500.0, 17.39
2013-10-07, 17.62, 17.62, 17.34, 17.43, 31100.0, 17.13
2013-10-08, 17.41, 17.52, 17.26, 17.4, 33400.0, 17.1
2013-10-09, 17.4, 17.51, 17.25, 17.39, 28200.0, 17.09
2013-10-10, 17.56, 17.98, 17.2, 17.68, 39800.0, 17.38
2013-10-11, 17.62, 17.73, 17.42, 17.68, 36700.0, 17.38
2013-10-14, 17.55, 17.75, 17.48, 17.65, 54300.0, 17.35
2013-10-15, 17.64, 17.74, 17.4, 17.57, 19200.0, 17.27
2013-10-16, 17.6, 17.69, 17.27, 17.43, 18600.0, 17.13
2013-10-17, 17.43, 18.13, 17.43, 17.87, 48300.0, 17.57
2013-10-18, 18.03, 18.04, 17.36, 17.95, 106300.0, 17.65
2013-10-21, 17.91, 18.09, 17.78, 17.92, 35000.0, 17.62
2013-10-22, 18.03, 18.15, 17.9, 18.04, 44600.0, 17.73
2013-10-23, 18.02, 18.3, 17.99, 18.02, 27300.0, 17.71
2013-10-24, 18.02, 18.3, 17.93, 18.02, 17800.0, 17.71
2013-10-25, 18.12, 18.2, 17.88, 18.07, 26800.0, 17.76
2013-10-28, 18.13, 18.13, 17.79, 17.89, 20400.0, 17.59
2013-10-29, 17.93, 18.17, 17.77, 17.88, 43300.0, 17.58
2013-10-30, 17.83, 18.04, 17.48, 17.64, 75400.0, 17.34
2013-10-31, 17.62, 17.97, 17.44, 17.84, 30400.0, 17.54
2013-11-01, 17.72, 17.88, 17.17, 17.4, 49000.0, 17.1
2013-11-04, 17.41, 17.75, 17.4, 17.69, 26100.0, 17.39
2013-11-05, 17.57, 18.06, 17.57, 17.82, 22700.0, 17.52
2013-11-06, 18.03, 18.04, 17.71, 17.95, 7900.0, 17.65
2013-11-07, 18.07, 18.19, 17.84, 18.11, 26400.0, 17.8
2013-11-08, 18.12, 18.14, 17.89, 18.02, 22400.0, 17.71
2013-11-11, 18.0, 18.18, 17.86, 17.94, 25100.0, 17.64
2013-11-12, 17.92, 17.93, 17.75, 17.87, 35200.0, 17.57
2013-11-13, 16.37, 16.5, 15.75, 16.02, 1743800.0, 15.75
2013-11-14, 15.98, 16.3, 15.89, 16.14, 332900.0, 15.87
2013-11-15, 16.0, 16.5, 16.0, 16.44, 299600.0, 16.16
2013-11-18, 16.46, 16.48, 15.78, 15.9, 154200.0, 15.63
2013-11-19, 15.9, 15.97, 15.6, 15.71, 159100.0, 15.44
2013-11-20, 15.86, 15.86, 15.5, 15.77, 150800.0, 15.5
2013-11-21, 15.76, 16.08, 15.67, 16.05, 122900.0, 15.78
2013-11-22, 16.05, 16.39, 16.0, 16.27, 138400.0, 15.99
2013-11-25, 16.34, 16.39, 16.05, 16.23, 136500.0, 15.95
2013-11-26, 16.26, 16.26, 16.07, 16.18, 125700.0, 15.91
2013-11-27, 16.14, 16.22, 15.95, 16.04, 134300.0, 15.9
2013-11-29, 16.1, 16.2, 15.99, 15.99, 36200.0, 15.85
2013-12-02, 16.04, 16.04, 15.7, 15.88, 88400.0, 15.74
2013-12-03, 15.8, 15.92, 15.53, 15.67, 118900.0, 15.53
2013-12-04, 15.68, 15.98, 15.66, 15.93, 131800.0, 15.79
2013-12-05, 15.75, 15.96, 15.62, 15.79, 58800.0, 15.65
2013-12-06, 15.8, 15.95, 15.53, 15.69, 54600.0, 15.55
2013-12-09, 15.75, 15.79, 15.54, 15.69, 75100.0, 15.55
2013-12-10, 15.61, 15.76, 15.21, 15.39, 130900.0, 15.25
2013-12-11, 15.36, 15.7, 15.12, 15.3, 83300.0, 15.16
2013-12-12, 15.28, 15.36, 15.16, 15.25, 87900.0, 15.11
2013-12-13, 15.25, 15.25, 14.89, 15.09, 57300.0, 14.95
2013-12-16, 15.02, 15.29, 14.98, 15.15, 81000.0, 15.01
2013-12-17, 15.08, 15.32, 15.01, 15.16, 47900.0, 15.02
2013-12-18, 15.14, 15.26, 15.05, 15.16, 120100.0, 15.02
2013-12-19, 15.17, 15.3, 15.06, 15.22, 91000.0, 15.08
2013-12-20, 15.26, 15.44, 15.1, 15.44, 182400.0, 15.3
2013-12-23, 15.43, 15.68, 15.17, 15.5, 66500.0, 15.36
2013-12-24, 15.46, 15.75, 15.31, 15.6, 25200.0, 15.46
2013-12-26, 15.63, 15.81, 15.26, 15.26, 44200.0, 15.12
2013-12-27, 15.25, 15.36, 15.0, 15.06, 70100.0, 14.92
2013-12-30, 15.0, 15.18, 14.84, 14.92, 169900.0, 14.79
2013-12-31, 14.9, 14.98, 14.46, 14.5, 127300.0, 14.37
2014-01-02, 14.5, 14.8, 14.5, 14.77, 112900.0, 14.64
2014-01-03, 14.76, 15.4, 14.76, 15.3, 76800.0, 15.16
2014-01-06, 15.3, 15.58, 15.12, 15.31, 74900.0, 15.17
2014-01-07, 15.32, 15.64, 15.23, 15.51, 48800.0, 15.37
2014-01-08, 15.5, 15.66, 15.41, 15.47, 68900.0, 15.33
2014-01-09, 15.51, 15.64, 15.27, 15.36, 29000.0, 15.22
2014-01-10, 15.35, 15.47, 15.27, 15.43, 32700.0, 15.29
2014-01-13, 15.37, 15.41, 15.0, 15.21, 67200.0, 15.07
2014-01-14, 15.27, 15.65, 15.23, 15.47, 44800.0, 15.33
2014-01-15, 15.57, 15.85, 15.54, 15.69, 70300.0, 15.55
2014-01-16, 15.58, 15.97, 15.58, 15.9, 75300.0, 15.76
2014-01-17, 15.9, 15.94, 15.72, 15.79, 35300.0, 15.65
2014-01-21, 15.84, 15.9, 15.7, 15.84, 56200.0, 15.7
2014-01-22, 15.84, 16.01, 15.83, 15.96, 49000.0, 15.82
2014-01-23, 15.89, 15.96, 15.7, 15.95, 39400.0, 15.81
2014-01-24, 15.83, 15.9, 15.55, 15.72, 75800.0, 15.58
2014-01-27, 15.49, 15.74, 15.45, 15.54, 41900.0, 15.4
2014-01-28, 15.5, 15.59, 15.27, 15.37, 45500.0, 15.23
2014-01-29, 15.27, 15.42, 15.19, 15.31, 37800.0, 15.17
2014-01-30, 15.42, 15.48, 15.11, 15.36, 61300.0, 15.22
2014-01-31, 15.14, 15.38, 15.14, 15.26, 34400.0, 15.12
2014-02-03, 15.2, 15.25, 14.71, 14.73, 54000.0, 14.6
2014-02-04, 14.83, 14.84, 14.5, 14.75, 43400.0, 14.62
2014-02-05, 14.67, 14.67, 14.12, 14.4, 39500.0, 14.27
2014-02-06, 14.47, 14.75, 14.37, 14.48, 38000.0, 14.35
2014-02-07, 14.5, 14.56, 14.09, 14.39, 39300.0, 14.26
2014-02-10, 14.34, 14.75, 14.14, 14.65, 38600.0, 14.52
2014-02-11, 14.71, 15.11, 14.7, 14.95, 49400.0, 14.82
2014-02-12, 14.92, 15.35, 14.92, 15.29, 73600.0, 15.15
2014-02-13, 15.28, 15.65, 15.08, 15.54, 53600.0, 15.4
2014-02-14, 15.57, 15.9, 15.5, 15.89, 61100.0, 15.75
2014-02-18, 15.9, 16.11, 15.83, 15.88, 72100.0, 15.74
2014-02-19, 15.91, 16.02, 15.7, 15.79, 52300.0, 15.65
2014-02-20, 15.69, 15.97, 15.66, 15.82, 30000.0, 15.68
2014-02-21, 15.92, 15.95, 15.57, 15.78, 67400.0, 15.64
2014-02-24, 15.81, 15.86, 15.55, 15.58, 32300.0, 15.44
2014-02-25, 14.7, 15.0, 14.38, 14.52, 131100.0, 14.39
2014-02-26, 14.45, 14.65, 14.35, 14.43, 89400.0, 14.3
2014-02-27, 14.45, 14.54, 14.3, 14.35, 73100.0, 14.35
2014-02-28, 14.36, 15.09, 14.35, 14.92, 87500.0, 14.92
2014-03-03, 14.91, 15.64, 14.91, 15.5, 138200.0, 15.5
2014-03-04, 15.58, 16.0, 14.83, 15.91, 127700.0, 15.91
2014-03-05, 15.86, 15.98, 15.7, 15.72, 80900.0, 15.72
2014-03-06, 15.82, 16.7, 15.52, 16.55, 165500.0, 16.55
2014-03-07, 16.69, 16.95, 16.6, 16.65, 147300.0, 16.65
2014-03-10, 16.59, 16.68, 16.4, 16.65, 95200.0, 16.65
2014-03-11, 16.63, 16.76, 16.51, 16.68, 126100.0, 16.68
2014-03-12, 16.62, 16.68, 16.4, 16.61, 38500.0, 16.61
2014-03-13, 16.6, 16.71, 16.38, 16.45, 59600.0, 16.45
2014-03-14, 16.43, 16.55, 16.39, 16.45, 40000.0, 16.45
2014-03-17, 16.48, 16.62, 16.48, 16.52, 58700.0, 16.52
2014-03-18, 16.45, 16.56, 16.34, 16.5, 29200.0, 16.5
2014-03-19, 16.51, 16.61, 16.41, 16.6, 90900.0, 16.6
2014-03-20, 16.55, 16.6, 16.45, 16.51, 67600.0, 16.51
2014-03-21, 16.59, 16.72, 16.42, 16.64, 180400.0, 16.64
2014-03-24, 16.72, 16.75, 16.37, 16.44, 140700.0, 16.44
2014-03-25, 16.42, 16.54, 16.29, 16.46, 129800.0, 16.46
2014-03-26, 16.58, 16.67, 16.38, 16.55, 106700.0, 16.55
2014-03-27, 16.51, 16.51, 16.32, 16.34, 40500.0, 16.34
2014-03-28, 16.38, 16.55, 16.25, 16.5, 98000.0, 16.5
2014-03-31, 16.58, 16.61, 16.19, 16.46, 60100.0, 16.46
2014-04-01, 16.47, 16.65, 16.44, 16.52, 59100.0, 16.52
2014-04-02, 16.58, 16.65, 16.44, 16.53, 55300.0, 16.53
2014-04-03, 16.48, 16.58, 16.24, 16.42, 63100.0, 16.42
2014-04-04, 16.55, 16.65, 16.01, 16.06, 42800.0, 16.06
2014-04-07, 15.9, 16.07, 15.15, 15.57, 110700.0, 15.57
2014-04-08, 15.62, 15.83, 15.24, 15.76, 47400.0, 15.76
2014-04-09, 15.82, 16.03, 15.58, 16.0, 58500.0, 16.0
2014-04-10, 16.03, 16.26, 15.99, 16.13, 40900.0, 16.13
2014-04-11, 16.03, 16.1, 15.42, 15.49, 68500.0, 15.49
2014-04-14, 15.62, 15.64, 15.18, 15.5, 26800.0, 15.5
2014-04-15, 15.56, 15.56, 15.06, 15.29, 23500.0, 15.29
2014-04-16, 15.33, 15.67, 15.21, 15.48, 34200.0, 15.48
2014-04-17, 15.44, 15.58, 15.2, 15.43, 24200.0, 15.43
2014-04-21, 15.52, 15.57, 15.11, 15.24, 42500.0, 15.24
2014-04-22, 15.2, 15.31, 15.1, 15.17, 80000.0, 15.17
2014-04-23, 15.18, 15.62, 15.11, 15.58, 91400.0, 15.58
2014-04-24, 15.68, 15.68, 15.13, 15.2, 28600.0, 15.2
2014-04-25, 15.2, 15.3, 15.02, 15.02, 69600.0, 15.02
2014-04-28, 15.13, 15.19, 14.91, 15.02, 62700.0, 15.02
2014-04-29, 15.12, 15.47, 15.06, 15.28, 37200.0, 15.28
2014-04-30, 15.34, 15.67, 15.19, 15.36, 57800.0, 15.36
2014-05-01, 15.28, 15.59, 14.63, 14.63, 113400.0, 14.63
2014-05-02, 14.8, 15.99, 14.8, 15.81, 112600.0, 15.81
2014-05-05, 15.75, 15.75, 15.09, 15.32, 87000.0, 15.32
2014-05-06, 15.22, 15.77, 15.15, 15.23, 46000.0, 15.23
2014-05-07, 15.55, 15.55, 15.0, 15.05, 46100.0, 15.05
2014-05-08, 15.06, 15.25, 14.99, 15.01, 68500.0, 15.01
2014-05-09, 14.92, 15.27, 14.92, 15.24, 34200.0, 15.24
2014-05-12, 15.35, 15.72, 15.35, 15.41, 62700.0, 15.41
2014-05-13, 15.36, 15.38, 15.25, 15.3, 43300.0, 15.3
2014-05-14, 15.21, 15.37, 15.12, 15.18, 46300.0, 15.18
2014-05-15, 15.15, 15.34, 15.08, 15.24, 36400.0, 15.24
2014-05-16, 15.2, 15.42, 15.2, 15.4, 43500.0, 15.4
2014-05-19, 15.45, 15.45, 15.33, 15.44, 45100.0, 15.31
2014-05-20, 15.35, 15.37, 15.14, 15.17, 48900.0, 15.04
2014-05-21, 15.15, 15.44, 15.15, 15.37, 31600.0, 15.24
2014-05-22, 15.44, 15.48, 15.25, 15.38, 47400.0, 15.25
2014-05-23, 15.42, 15.42, 15.25, 15.38, 32900.0, 15.25
2014-05-27, 15.47, 15.74, 15.35, 15.55, 89600.0, 15.42
2014-05-28, 15.5, 15.84, 15.5, 15.71, 47200.0, 15.58
2014-05-29, 15.53, 15.64, 15.27, 15.36, 91200.0, 15.36
2014-05-30, 15.39, 15.59, 15.23, 15.41, 54900.0, 15.41
2014-06-02, 15.49, 15.6, 15.26, 15.37, 70800.0, 15.37
2014-06-03, 14.3, 14.8, 14.3, 14.58, 528300.0, 14.58
2014-06-04, 14.58, 15.0, 14.54, 14.89, 118400.0, 14.89
2014-06-05, 14.84, 15.03, 14.77, 14.99, 125000.0, 14.99
2014-06-06, 15.09, 15.34, 15.09, 15.29, 151900.0, 15.29
2014-06-09, 15.35, 15.64, 15.35, 15.53, 68100.0, 15.53
2014-06-10, 15.54, 15.66, 15.25, 15.35, 56200.0, 15.35
2014-06-11, 15.29, 15.31, 15.2, 15.23, 63500.0, 15.23
2014-06-12, 15.23, 15.41, 14.86, 15.35, 61800.0, 15.35
2014-06-13, 15.43, 15.65, 15.26, 15.6, 49800.0, 15.6
2014-06-16, 15.56, 15.7, 15.56, 15.63, 55000.0, 15.63
2014-06-17, 15.59, 15.98, 15.55, 15.7, 124900.0, 15.7
2014-06-18, 15.68, 15.76, 15.61, 15.73, 60400.0, 15.73
2014-06-19, 15.71, 15.79, 15.47, 15.66, 196600.0, 15.66
2014-06-20, 15.75, 16.23, 15.74, 16.1, 86800.0, 16.1
2014-06-23, 16.15, 16.15, 15.77, 15.98, 91600.0, 15.98
2014-06-24, 15.93, 16.25, 15.92, 16.15, 80800.0, 16.15
2014-06-25, 16.05, 16.36, 16.05, 16.34, 47600.0, 16.34
2014-06-26, 16.36, 16.38, 16.11, 16.16, 44000.0, 16.16
2014-06-27, 16.07, 16.31, 15.67, 15.88, 586800.0, 15.88
2014-06-30, 15.89, 16.14, 15.75, 16.06, 53500.0, 16.06
2014-07-01, 16.12, 16.35, 15.86, 16.2, 62300.0, 16.2
2014-07-02, 16.14, 16.2, 15.97, 16.0, 79100.0, 16.0
2014-07-03, 16.03, 16.11, 15.98, 16.04, 30500.0, 16.04
2014-07-07, 16.02, 16.22, 15.6, 15.79, 44400.0, 15.79
2014-07-08, 15.71, 15.85, 15.66, 15.79, 84800.0, 15.79
2014-07-09, 15.85, 15.85, 15.71, 15.75, 27400.0, 15.75
2014-07-10, 15.52, 15.72, 15.41, 15.47, 39100.0, 15.47
2014-07-11, 15.44, 15.63, 15.42, 15.45, 36600.0, 15.45
2014-07-14, 15.59, 15.59, 15.44, 15.52, 20600.0, 15.52
2014-07-15, 15.56, 15.6, 15.43, 15.52, 44400.0, 15.52
2014-07-16, 15.6, 15.6, 15.43, 15.43, 34900.0, 15.43
2014-07-17, 15.44, 15.48, 15.25, 15.29, 42700.0, 15.29
2014-07-18, 15.25, 15.38, 15.19, 15.31, 53700.0, 15.31
2014-07-21, 15.25, 15.41, 15.09, 15.35, 28700.0, 15.35
2014-07-22, 15.41, 15.58, 15.3, 15.37, 29000.0, 15.37
2014-07-23, 15.39, 15.51, 15.12, 15.16, 26200.0, 15.16
2014-07-24, 15.18, 15.23, 15.09, 15.21, 35300.0, 15.21
2014-07-25, 15.08, 15.38, 15.08, 15.15, 30600.0, 15.15
2014-07-28, 15.21, 15.31, 15.01, 15.21, 44300.0, 15.21
2014-07-29, 15.25, 15.5, 15.13, 15.13, 30800.0, 15.13
2014-07-30, 15.24, 15.3, 15.02, 15.12, 39300.0, 15.12
2014-07-31, 15.0, 15.16, 14.86, 15.13, 92200.0, 15.13
2014-08-01, 14.9, 15.22, 14.61, 14.65, 136500.0, 14.65
2014-08-04, 14.75, 15.06, 14.6, 14.84, 102000.0, 14.84
2014-08-05, 14.73, 15.0, 14.55, 14.59, 73700.0, 14.59
2014-08-06, 14.55, 14.92, 14.5, 14.62, 126800.0, 14.62
2014-08-07, 14.71, 14.8, 14.57, 14.65, 36300.0, 14.65
2014-08-08, 14.62, 14.9, 14.52, 14.67, 72400.0, 14.67
2014-08-11, 14.78, 14.85, 14.41, 14.66, 122800.0, 14.66
2014-08-12, 14.63, 14.72, 14.33, 14.56, 118700.0, 14.56
2014-08-13, 14.58, 14.74, 14.58, 14.7, 40200.0, 14.7
2014-08-14, 14.76, 14.76, 14.36, 14.49, 35800.0, 14.49
2014-08-15, 14.49, 14.49, 14.08, 14.31, 93100.0, 14.31
2014-08-18, 14.45, 14.54, 14.34, 14.39, 41300.0, 14.39
2014-08-19, 14.4, 14.63, 14.26, 14.3, 37000.0, 14.3
2014-08-20, 14.28, 14.28, 14.13, 14.18, 35800.0, 14.18
2014-08-21, 14.17, 14.3, 14.17, 14.23, 37400.0, 14.1
2014-08-22, 14.26, 14.32, 14.19, 14.2, 45100.0, 14.07
2014-08-25, 14.2, 14.26, 14.15, 14.22, 68000.0, 14.09
2014-08-26, 14.22, 14.44, 14.2, 14.39, 84000.0, 14.26
2014-08-27, 14.27, 14.33, 14.15, 14.18, 23200.0, 14.18
2014-08-28, 14.16, 14.19, 14.05, 14.05, 28600.0, 14.05
2014-08-29, 14.06, 14.25, 14.03, 14.23, 27300.0, 14.23
2014-09-02, 14.24, 14.3, 14.06, 14.21, 49300.0, 14.21
2014-09-03, 14.22, 14.33, 14.09, 14.09, 25200.0, 14.09
2014-09-04, 14.15, 14.32, 14.03, 14.11, 38800.0, 14.11
2014-09-05, 14.04, 14.26, 13.95, 14.03, 47800.0, 14.03
2014-09-08, 14.0, 14.09, 13.96, 14.03, 36300.0, 14.03
2014-09-09, 13.98, 14.3, 13.9, 13.99, 121300.0, 13.99
2014-09-10, 14.05, 14.27, 14.04, 14.24, 102000.0, 14.24
2014-09-11, 14.21, 14.24, 13.97, 14.0, 51000.0, 14.0
2014-09-12, 14.04, 14.18, 13.93, 14.0, 35100.0, 14.0
2014-09-15, 13.94, 14.02, 13.94, 13.98, 24100.0, 13.98
2014-09-16, 13.93, 14.17, 13.93, 13.99, 45500.0, 13.99
2014-09-17, 13.82, 14.15, 13.82, 13.99, 39500.0, 13.99
2014-09-18, 13.97, 14.09, 13.74, 13.8, 100400.0, 13.8
2014-09-19, 13.8, 13.91, 13.25, 13.25, 269200.0, 13.25
2014-09-22, 13.3, 13.43, 13.07, 13.28, 90700.0, 13.28
2014-09-23, 13.33, 13.38, 13.04, 13.11, 103300.0, 13.11
2014-09-24, 13.13, 13.23, 12.99, 13.03, 67100.0, 13.03
2014-09-25, 12.99, 13.27, 12.98, 13.2, 50500.0, 13.2
2014-09-26, 13.33, 13.47, 13.3, 13.39, 89400.0, 13.39
2014-09-29, 20.1, 20.65, 19.95, 20.15, 6838100.0, 20.15
2014-09-30, 20.16, 20.19, 20.15, 20.16, 627300.0, 20.16
2014-10-01, 20.14, 20.24, 20.14, 20.2, 713100.0, 20.2
2014-10-02, 20.17, 20.23, 20.17, 20.22, 282700.0, 20.22
2014-10-03, 20.21, 20.23, 20.2, 20.23, 162900.0, 20.23
2014-10-06, 20.22, 20.23, 20.17, 20.2, 204200.0, 20.2
2014-10-07, 20.2, 20.22, 20.2, 20.2, 119300.0, 20.2
2014-10-08, 20.2, 20.24, 20.19, 20.24, 191600.0, 20.24
2014-10-09, 20.23, 20.23, 20.2, 20.2, 116600.0, 20.2
2014-10-10, 20.22, 20.25, 20.16, 20.18, 310400.0, 20.18
2014-10-13, 20.17, 20.2, 20.16, 20.18, 379600.0, 20.18
2014-10-14, 20.22, 20.23, 20.17, 20.22, 205800.0, 20.22
2014-10-15, 20.15, 20.23, 20.15, 20.18, 262900.0, 20.18
2014-10-16, 20.17, 20.22, 20.15, 20.19, 403900.0, 20.19
2014-10-17, 20.21, 20.22, 20.17, 20.18, 217300.0, 20.18
2014-10-20, 20.21, 20.22, 20.18, 20.22, 157900.0, 20.22
2014-10-21, 20.2, 20.23, 20.2, 20.22, 117400.0, 20.22
2014-10-22, 20.23, 20.23, 20.21, 20.22, 169400.0, 20.22
2014-10-23, 20.21, 20.23, 20.21, 20.21, 174800.0, 20.21
2014-10-24, 20.21, 20.24, 20.21, 20.22, 161200.0, 20.22
2014-10-27, 20.23, 20.23, 20.21, 20.21, 104000.0, 20.21
2014-10-28, 20.24, 20.24, 20.22, 20.24, 96500.0, 20.24
2014-10-29, 20.24, 20.26, 20.23, 20.23, 101600.0, 20.23
2014-10-30, 20.24, 20.24, 20.22, 20.23, 159600.0, 20.23
2014-10-31, 20.23, 20.25, 20.22, 20.25, 118200.0, 20.25
2014-11-03, 20.23, 20.25, 20.23, 20.24, 122700.0, 20.24
2014-11-04, 20.23, 20.25, 20.23, 20.23, 142000.0, 20.23
2014-11-05, 20.23, 20.23, 20.23, 20.23, 0.0, 20.23
