2009-12-29, 15.29, 15.38, 15.28, 15.37, 9600.0, 13.48
2009-12-30, 15.2, 15.3, 15.15, 15.2, 8100.0, 13.33
2009-12-31, 15.25, 15.36, 15.18, 15.19, 4700.0, 13.32
2010-01-04, 15.51, 15.51, 15.35, 15.35, 12600.0, 13.46
2010-01-05, 15.34, 15.6, 15.34, 15.6, 18900.0, 13.68
2010-01-06, 15.6, 15.86, 15.6, 15.85, 8700.0, 13.9
2010-01-07, 15.75, 15.89, 15.67, 15.89, 5300.0, 13.94
2010-01-08, 15.67, 15.78, 15.58, 15.74, 5700.0, 13.8
2010-01-11, 15.66, 15.7, 15.57, 15.7, 7000.0, 13.77
2010-01-12, 15.03, 15.2, 15.02, 15.07, 6400.0, 13.22
2010-01-13, 15.15, 15.35, 15.08, 15.35, 7900.0, 13.46
2010-01-14, 15.43, 15.55, 15.35, 15.55, 4300.0, 13.64
2010-01-15, 15.16, 15.25, 15.03, 15.25, 191800.0, 13.37
2010-01-19, 15.25, 15.57, 15.25, 15.57, 17600.0, 13.66
2010-01-20, 15.05, 15.1, 14.85, 15.1, 5900.0, 13.24
2010-01-21, 14.98, 14.99, 14.5, 14.66, 11400.0, 12.86
2010-01-22, 14.41, 14.46, 14.1, 14.16, 16500.0, 12.42
2010-01-25, 14.4, 14.4, 14.12, 14.3, 14600.0, 12.54
2010-01-26, 14.0, 14.35, 14.0, 14.17, 11400.0, 12.43
2010-01-27, 13.9, 14.0, 13.74, 13.85, 14800.0, 12.15
2010-01-28, 14.07, 14.07, 13.7, 13.9, 221700.0, 12.19
2010-01-29, 14.16, 14.5, 14.16, 14.35, 14000.0, 12.59
2010-02-01, 14.31, 14.48, 14.3, 14.39, 8900.0, 12.62
2010-02-02, 14.32, 14.65, 14.32, 14.58, 38300.0, 12.79
2010-02-03, 14.52, 14.67, 14.34, 14.47, 139500.0, 12.69
2010-02-04, 14.11, 14.35, 13.76, 13.8, 171500.0, 12.1
2010-02-05, 13.7, 13.79, 13.4, 13.65, 112500.0, 11.97
2010-02-08, 13.4, 13.56, 13.29, 13.4, 5800.0, 11.75
2010-02-09, 13.56, 13.81, 13.42, 13.68, 16900.0, 12.0
2010-02-10, 13.58, 13.67, 13.46, 13.6, 14100.0, 11.93
2010-02-11, 13.28, 13.55, 13.28, 13.55, 8500.0, 11.88
2010-02-12, 12.86, 13.3, 12.8, 13.12, 18600.0, 11.51
2010-02-16, 13.18, 13.6, 13.18, 13.55, 21100.0, 11.88
2010-02-17, 13.5, 13.54, 13.35, 13.45, 27200.0, 11.8
2010-02-18, 13.2, 13.45, 13.2, 13.45, 25400.0, 11.8
2010-02-19, 13.48, 13.85, 13.48, 13.85, 12800.0, 12.15
2010-02-22, 13.71, 13.8, 13.62, 13.77, 6800.0, 12.08
2010-02-23, 13.42, 13.49, 13.29, 13.42, 8700.0, 11.77
2010-02-24, 13.2, 13.41, 13.17, 13.31, 12900.0, 11.67
2010-02-25, 13.07, 13.4, 13.06, 13.4, 14600.0, 11.75
2010-02-26, 13.35, 13.65, 13.35, 13.5, 20200.0, 11.84
2010-03-01, 13.56, 13.8, 13.56, 13.74, 11800.0, 12.05
2010-03-02, 14.11, 14.26, 14.06, 14.14, 11100.0, 12.4
2010-03-03, 14.2, 14.5, 14.2, 14.42, 18800.0, 12.65
2010-03-04, 14.25, 14.43, 14.2, 14.2, 13100.0, 12.45
2010-03-05, 14.48, 14.75, 14.4, 14.68, 1067100.0, 12.88
2010-03-08, 14.55, 14.6, 14.42, 14.6, 10500.0, 12.8
2010-03-09, 14.45, 14.66, 14.45, 14.58, 15200.0, 12.79
2010-03-10, 14.56, 14.71, 14.43, 14.7, 15100.0, 12.89
2010-03-11, 14.8, 14.97, 14.75, 14.95, 363200.0, 13.11
2010-03-12, 14.97, 15.05, 14.87, 15.01, 142100.0, 13.16
2010-03-15, 14.87, 15.0, 14.82, 14.95, 173500.0, 13.11
2010-03-16, 14.94, 15.14, 14.91, 15.14, 167700.0, 13.28
2010-03-17, 14.83, 15.0, 14.83, 14.95, 39200.0, 13.11
2010-03-18, 14.72, 14.72, 14.54, 14.64, 191800.0, 12.84
2010-03-19, 14.59, 14.6, 14.4, 14.54, 302100.0, 12.75
2010-03-22, 14.41, 14.72, 14.39, 14.72, 23900.0, 12.91
2010-03-23, 14.91, 15.03, 14.84, 14.94, 17300.0, 13.1
2010-03-24, 14.8, 14.85, 14.71, 14.79, 30800.0, 12.97
2010-03-25, 15.04, 15.15, 14.98, 14.98, 28400.0, 13.14
2010-03-26, 15.0, 15.32, 14.95, 15.32, 27400.0, 13.44
2010-03-29, 15.27, 15.34, 15.23, 15.29, 13600.0, 13.41
2010-03-30, 15.18, 15.25, 15.06, 15.08, 23100.0, 13.23
2010-03-31, 15.19, 15.47, 15.19, 15.37, 26500.0, 13.48
2010-04-01, 15.8, 15.91, 15.78, 15.85, 9700.0, 13.9
2010-04-05, 15.71, 15.9, 15.71, 15.88, 14300.0, 13.93
2010-04-06, 15.69, 15.86, 15.66, 15.86, 306100.0, 13.91
2010-04-07, 15.54, 15.54, 15.37, 15.4, 18900.0, 13.51
2010-04-08, 15.29, 15.45, 15.29, 15.41, 35000.0, 13.52
2010-04-09, 15.53, 15.66, 15.53, 15.63, 33800.0, 13.71
2010-04-12, 15.88, 15.92, 15.82, 15.84, 11200.0, 13.89
2010-04-13, 15.93, 16.06, 15.86, 16.01, 20600.0, 14.04
2010-04-14, 16.01, 16.2, 16.01, 16.15, 9400.0, 14.16
2010-04-15, 15.91, 16.08, 15.9, 15.95, 7800.0, 13.99
2010-04-16, 16.14, 16.28, 15.88, 16.05, 15500.0, 14.08
2010-04-19, 15.73, 16.01, 15.73, 16.01, 60300.0, 14.04
2010-04-20, 16.47, 16.55, 16.42, 16.47, 48900.0, 14.44
2010-04-21, 16.26, 16.36, 16.23, 16.33, 60500.0, 14.32
2010-04-22, 15.94, 16.15, 15.9, 16.15, 12300.0, 14.16
2010-04-23, 16.43, 16.66, 16.43, 16.66, 17800.0, 14.61
2010-04-26, 16.65, 16.8, 16.65, 16.74, 13300.0, 14.68
2010-04-27, 16.39, 16.61, 16.13, 16.14, 7200.0, 14.16
2010-04-28, 16.16, 16.25, 16.0, 16.12, 11100.0, 14.14
2010-04-29, 16.02, 16.24, 16.02, 16.19, 12300.0, 14.2
2010-04-30, 16.43, 16.47, 16.25, 16.26, 17400.0, 14.26
2010-05-03, 16.24, 16.55, 16.24, 16.43, 13100.0, 14.41
2010-05-04, 15.54, 15.63, 15.4, 15.45, 22000.0, 13.55
2010-05-05, 15.14, 15.5, 15.14, 15.35, 14900.0, 13.46
2010-05-06, 15.53, 15.65, 14.25, 14.86, 24400.0, 13.03
2010-05-07, 15.16, 15.23, 14.75, 14.95, 44800.0, 13.11
2010-05-10, 15.95, 16.15, 15.86, 16.0, 42300.0, 14.03
2010-05-11, 15.98, 16.35, 15.83, 16.21, 42800.0, 14.22
2010-05-12, 16.44, 16.57, 16.3, 16.35, 53200.0, 14.34
2010-05-13, 16.65, 16.7, 16.29, 16.43, 59900.0, 14.41
2010-05-14, 16.35, 16.44, 15.66, 15.92, 22600.0, 14.08
2010-05-17, 16.0, 16.13, 15.6, 15.93, 24300.0, 14.09
2010-05-18, 16.15, 16.27, 15.6, 15.7, 140000.0, 13.88
2010-05-19, 15.4, 15.54, 15.05, 15.34, 27700.0, 13.57
2010-05-20, 14.73, 15.15, 14.61, 14.86, 28600.0, 13.14
2010-05-21, 14.7, 15.11, 14.7, 14.99, 45800.0, 13.26
2010-05-24, 14.9, 14.94, 14.68, 14.71, 40700.0, 13.01
2010-05-25, 14.13, 14.55, 14.13, 14.45, 40700.0, 12.78
2010-05-26, 14.65, 14.78, 14.31, 14.42, 29200.0, 12.75
2010-05-27, 15.02, 15.35, 15.02, 15.26, 39800.0, 13.49
2010-05-28, 15.42, 15.6, 15.29, 15.38, 10700.0, 13.6
2010-06-01, 15.1, 15.74, 15.1, 15.5, 475300.0, 13.71
2010-06-02, 15.43, 15.85, 15.43, 15.78, 62300.0, 13.95
2010-06-03, 15.85, 16.02, 15.8, 15.9, 668000.0, 14.06
2010-06-04, 15.26, 15.4, 15.12, 15.16, 84400.0, 13.41
2010-06-07, 15.3, 15.34, 15.04, 15.11, 50600.0, 13.36
2010-06-08, 14.97, 15.18, 14.75, 15.18, 50600.0, 13.42
2010-06-09, 15.42, 15.63, 15.35, 15.35, 43700.0, 13.57
2010-06-10, 16.28, 16.5, 16.22, 16.45, 40000.0, 14.55
2010-06-11, 16.09, 16.25, 15.95, 16.25, 28400.0, 14.37
2010-06-14, 16.46, 16.46, 16.1, 16.1, 15400.0, 14.24
2010-06-15, 16.17, 16.55, 16.17, 16.55, 32700.0, 14.64
2010-06-16, 16.08, 16.08, 15.88, 16.05, 20300.0, 14.19
2010-06-17, 16.31, 16.4, 16.14, 16.3, 26400.0, 14.41
2010-06-18, 16.62, 16.79, 16.62, 16.76, 177500.0, 14.82
2010-06-21, 17.2, 17.28, 16.9, 16.95, 21000.0, 14.99
2010-06-22, 16.97, 17.08, 16.85, 16.85, 33800.0, 14.9
2010-06-23, 16.99, 17.14, 16.75, 17.0, 1816700.0, 15.03
2010-06-24, 17.07, 17.15, 16.89, 16.96, 26500.0, 15.0
2010-06-25, 16.53, 16.77, 16.45, 16.72, 753200.0, 14.79
2010-06-28, 16.81, 16.92, 16.68, 16.8, 115100.0, 14.86
2010-06-29, 16.37, 16.37, 16.09, 16.09, 33000.0, 14.23
2010-06-30, 16.18, 16.45, 16.15, 16.15, 13500.0, 14.28
2010-07-01, 16.15, 16.28, 15.8, 15.97, 29600.0, 14.12
2010-07-02, 16.1, 16.13, 15.73, 15.83, 13000.0, 14.0
2010-07-06, 16.35, 16.46, 16.2, 16.25, 23800.0, 14.37
2010-07-07, 16.48, 16.89, 16.48, 16.86, 29300.0, 14.91
2010-07-08, 16.58, 16.59, 16.33, 16.48, 15900.0, 14.57
2010-07-09, 16.33, 16.58, 16.33, 16.5, 16700.0, 14.59
2010-07-12, 16.32, 16.4, 16.25, 16.3, 11400.0, 14.41
2010-07-13, 17.46, 17.9, 17.46, 17.85, 40700.0, 15.78
2010-07-14, 17.37, 17.72, 17.37, 17.72, 134100.0, 15.67
2010-07-15, 18.13, 18.36, 17.97, 18.35, 754700.0, 16.23
2010-07-16, 18.39, 18.39, 18.03, 18.04, 229200.0, 15.95
2010-07-19, 18.01, 18.18, 17.81, 18.09, 225800.0, 16.0
2010-07-20, 17.46, 17.9, 17.46, 17.85, 264200.0, 15.78
2010-07-21, 17.5, 17.6, 17.26, 17.3, 63300.0, 15.3
2010-07-22, 18.01, 18.15, 17.96, 17.98, 30400.0, 15.9
2010-07-23, 17.81, 18.15, 17.75, 18.15, 45100.0, 16.05
2010-07-26, 17.99, 18.28, 17.92, 18.28, 39100.0, 16.17
2010-07-27, 18.03, 18.1, 17.82, 18.0, 24100.0, 15.92
2010-07-28, 17.59, 17.68, 17.43, 17.44, 61300.0, 15.42
2010-07-29, 17.79, 17.86, 17.6, 17.74, 34400.0, 15.69
2010-07-30, 17.46, 17.98, 17.46, 17.96, 568900.0, 15.88
2010-08-02, 18.2, 18.55, 18.14, 18.43, 222200.0, 16.3
2010-08-03, 18.9, 19.06, 18.85, 18.94, 319300.0, 16.75
2010-08-04, 19.09, 19.25, 19.0, 19.09, 215200.0, 16.88
2010-08-05, 19.5, 19.54, 19.4, 19.5, 29000.0, 17.24
2010-08-06, 19.28, 19.7, 19.28, 19.45, 56700.0, 17.2
2010-08-09, 19.48, 19.6, 19.39, 19.5, 23200.0, 17.24
2010-08-10, 18.93, 19.15, 18.81, 19.15, 37600.0, 16.93
2010-08-11, 18.36, 18.36, 18.08, 18.1, 53900.0, 16.01
2010-08-12, 17.53, 17.95, 17.53, 17.84, 19500.0, 15.78
2010-08-13, 17.7, 17.83, 17.67, 17.76, 15100.0, 15.71
2010-08-16, 17.69, 17.9, 17.67, 17.84, 37300.0, 15.78
2010-08-17, 18.18, 18.52, 18.18, 18.5, 28300.0, 16.36
2010-08-18, 18.61, 18.78, 18.43, 18.6, 31600.0, 16.45
2010-08-19, 18.7, 18.7, 18.15, 18.26, 47500.0, 16.15
2010-08-20, 17.8, 17.86, 17.6, 17.69, 64800.0, 15.64
2010-08-23, 17.75, 17.84, 17.52, 17.54, 39200.0, 15.51
2010-08-24, 17.43, 17.56, 17.32, 17.51, 16800.0, 15.48
2010-08-25, 17.4, 17.5, 17.25, 17.43, 41300.0, 15.41
2010-08-26, 17.6, 17.76, 17.45, 17.56, 33800.0, 15.53
2010-08-27, 17.5, 17.73, 17.26, 17.73, 19300.0, 15.68
2010-08-30, 17.32, 17.41, 17.18, 17.18, 38600.0, 15.19
2010-08-31, 17.26, 17.62, 17.15, 17.4, 103900.0, 15.39
2010-09-01, 17.92, 18.31, 17.92, 18.2, 34300.0, 16.09
2010-09-02, 18.52, 18.62, 18.51, 18.55, 55700.0, 16.4
2010-09-03, 18.92, 19.06, 18.79, 18.9, 37200.0, 16.71
2010-09-07, 18.6, 18.62, 18.42, 18.42, 37000.0, 16.29
2010-09-08, 18.82, 19.1, 18.82, 18.9, 52400.0, 16.71
2010-09-09, 19.3, 19.3, 19.08, 19.2, 84100.0, 16.98
2010-09-10, 19.59, 19.74, 19.52, 19.52, 24600.0, 17.26
2010-09-13, 19.8, 19.9, 19.78, 19.9, 31200.0, 17.6
2010-09-14, 19.97, 20.39, 19.97, 20.31, 53300.0, 17.96
2010-09-15, 20.25, 20.54, 20.25, 20.43, 46900.0, 18.07
2010-09-16, 20.4, 20.68, 20.4, 20.6, 9900.0, 18.22
2010-09-17, 20.71, 20.77, 20.45, 20.45, 18000.0, 18.08
2010-09-20, 20.95, 21.45, 20.95, 21.43, 30200.0, 18.95
2010-09-21, 21.45, 21.48, 21.08, 21.31, 31900.0, 18.84
2010-09-22, 21.49, 21.65, 21.3, 21.45, 53700.0, 18.97
2010-09-23, 21.2, 21.55, 21.07, 21.25, 52000.0, 18.79
2010-09-24, 22.3, 22.7, 22.21, 22.55, 44500.0, 19.94
2010-09-27, 22.4, 22.55, 22.4, 22.5, 20400.0, 19.9
2010-09-28, 22.57, 22.95, 22.27, 22.89, 24200.0, 20.24
2010-09-29, 23.19, 23.28, 22.95, 23.2, 89000.0, 20.52
2010-09-30, 23.29, 23.58, 23.15, 23.4, 25200.0, 20.69
2010-10-01, 23.0, 23.03, 22.45, 22.6, 36600.0, 19.99
2010-10-04, 22.0, 22.1, 21.8, 21.93, 36600.0, 19.39
2010-10-05, 22.67, 23.15, 22.56, 23.1, 75800.0, 20.43
2010-10-06, 22.76, 23.05, 22.74, 22.96, 45900.0, 20.3
2010-10-07, 23.3, 23.3, 22.96, 23.11, 35600.0, 20.44
2010-10-08, 23.14, 23.25, 22.85, 23.25, 48200.0, 20.56
2010-10-11, 23.15, 23.28, 22.94, 23.0, 31300.0, 20.34
2010-10-12, 23.2, 23.37, 23.01, 23.28, 83800.0, 20.59
2010-10-13, 23.2, 23.33, 23.15, 23.2, 25100.0, 20.52
2010-10-14, 23.3, 23.45, 23.25, 23.43, 17900.0, 20.72
2010-10-15, 23.31, 23.31, 22.85, 23.0, 71400.0, 20.34
2010-10-18, 22.69, 22.88, 22.65, 22.83, 98200.0, 20.19
2010-10-19, 22.5, 22.7, 22.25, 22.33, 25800.0, 19.75
2010-10-20, 22.61, 23.14, 22.61, 23.07, 24000.0, 20.4
2010-10-21, 23.15, 23.32, 22.96, 23.05, 20600.0, 20.38
2010-10-22, 23.05, 23.22, 23.01, 23.22, 17500.0, 20.53
2010-10-25, 23.51, 23.76, 23.47, 23.6, 24100.0, 20.87
2010-10-26, 23.15, 23.4, 23.09, 23.14, 37800.0, 20.46
2010-10-27, 23.11, 23.15, 22.74, 23.0, 23100.0, 20.34
2010-10-28, 23.25, 23.25, 23.03, 23.05, 19300.0, 20.38
2010-10-29, 23.68, 23.91, 23.66, 23.8, 23700.0, 21.05
2010-11-01, 24.45, 24.5, 24.2, 24.38, 42200.0, 21.56
2010-11-02, 24.53, 24.55, 24.36, 24.46, 42000.0, 21.63
2010-11-03, 24.24, 24.31, 23.9, 24.05, 38100.0, 21.27
2010-11-04, 25.0, 25.62, 25.0, 25.62, 203300.0, 22.66
2010-11-05, 25.33, 25.58, 25.1, 25.24, 16400.0, 22.32
2010-11-08, 24.73, 25.08, 24.6, 24.98, 141200.0, 22.09
2010-11-09, 25.35, 25.53, 24.74, 24.8, 630300.0, 21.93
2010-11-10, 24.67, 24.74, 24.24, 24.64, 363200.0, 21.79
2010-11-11, 24.64, 24.8, 24.54, 24.67, 354300.0, 21.82
2010-11-12, 25.06, 25.5, 24.85, 24.99, 262300.0, 22.1
2010-11-15, 25.59, 25.59, 25.21, 25.27, 201100.0, 22.35
2010-11-16, 25.05, 25.05, 24.4, 24.47, 23800.0, 21.64
2010-11-17, 24.3, 24.51, 24.3, 24.4, 377900.0, 21.58
2010-11-18, 25.2, 25.58, 25.2, 25.47, 31800.0, 22.52
2010-11-19, 25.55, 25.86, 25.35, 25.84, 142600.0, 22.85
2010-11-22, 26.35, 26.46, 25.89, 26.23, 34400.0, 23.2
2010-11-23, 25.8, 25.8, 25.15, 25.18, 36000.0, 22.27
2010-11-24, 26.21, 26.35, 26.07, 26.34, 26900.0, 23.29
2010-11-26, 26.07, 26.3, 26.0, 26.11, 18300.0, 23.09
2010-11-29, 25.35, 25.53, 25.1, 25.53, 106100.0, 22.58
2010-11-30, 24.86, 25.35, 24.8, 25.2, 22600.0, 22.28
2010-12-01, 26.35, 26.95, 26.33, 26.95, 29200.0, 23.83
2010-12-02, 27.21, 28.2, 27.16, 28.2, 575200.0, 24.94
2010-12-03, 28.29, 28.5, 28.24, 28.45, 38500.0, 25.16
2010-12-06, 28.3, 28.3, 27.66, 27.92, 89200.0, 24.69
2010-12-07, 28.48, 28.49, 28.15, 28.22, 309900.0, 24.96
2010-12-08, 27.65, 27.65, 27.25, 27.44, 46300.0, 24.27
2010-12-09, 26.5, 26.57, 26.31, 26.57, 379800.0, 23.5
2010-12-10, 27.5, 27.67, 27.35, 27.64, 940100.0, 24.44
2010-12-13, 28.05, 28.44, 28.0, 28.3, 103200.0, 25.03
2010-12-14, 27.78, 28.04, 27.68, 27.85, 304900.0, 24.63
2010-12-15, 27.62, 27.96, 27.37, 27.42, 28300.0, 24.25
2010-12-16, 27.65, 27.8, 27.48, 27.8, 31100.0, 24.58
2010-12-17, 27.34, 27.48, 27.01, 27.25, 383900.0, 24.1
2010-12-20, 27.6, 27.75, 27.3, 27.75, 570300.0, 24.54
2010-12-21, 28.09, 28.35, 27.95, 28.35, 339100.0, 25.07
2010-12-22, 28.25, 28.27, 28.05, 28.2, 321200.0, 24.94
2010-12-23, 27.65, 27.9, 27.5, 27.57, 255400.0, 24.38
2010-12-27, 26.29, 26.29, 25.88, 26.09, 288000.0, 23.07
2010-12-28, 25.64, 25.64, 25.3, 25.48, 146300.0, 22.53
2010-12-29, 25.64, 25.89, 25.6, 25.87, 19100.0, 22.88
2010-12-30, 26.11, 26.26, 25.9, 26.1, 32400.0, 23.08
2010-12-31, 26.0, 26.27, 26.0, 26.09, 20900.0, 23.07
2011-01-03, 26.85, 27.52, 26.85, 27.37, 70900.0, 24.2
2011-01-04, 27.29, 27.29, 26.8, 26.94, 58800.0, 23.82
2011-01-05, 26.22, 26.45, 26.07, 26.35, 22500.0, 23.3
2011-01-06, 26.44, 26.44, 25.9, 25.92, 14700.0, 22.92
2011-01-07, 25.88, 25.88, 25.45, 25.5, 29700.0, 22.55
2011-01-10, 25.35, 25.37, 25.13, 25.35, 12400.0, 22.42
2011-01-11, 25.62, 25.84, 25.62, 25.77, 21600.0, 22.79
2011-01-12, 25.77, 26.0, 25.68, 26.0, 27900.0, 22.99
2011-01-13, 25.8, 25.81, 25.53, 25.57, 14600.0, 22.61
2011-01-14, 25.92, 26.32, 25.92, 26.32, 1019200.0, 23.28
2011-01-18, 26.25, 26.4, 26.09, 26.26, 594900.0, 23.22
2011-01-19, 25.92, 25.98, 25.75, 25.75, 1215800.0, 22.77
2011-01-20, 25.01, 25.07, 24.72, 24.95, 219500.0, 22.06
2011-01-21, 25.16, 25.47, 25.15, 25.32, 41100.0, 22.39
2011-01-24, 24.7, 25.19, 24.7, 25.18, 27200.0, 22.27
2011-01-25, 25.48, 25.7, 25.4, 25.65, 18300.0, 22.68
2011-01-26, 25.85, 26.09, 25.85, 26.0, 15200.0, 22.99
2011-01-27, 26.15, 26.32, 25.91, 26.3, 126400.0, 23.26
2011-01-28, 26.6, 26.63, 25.73, 25.86, 21300.0, 22.87
2011-01-31, 25.74, 25.74, 25.56, 25.65, 411400.0, 22.68
2011-02-01, 25.72, 26.1, 25.68, 26.06, 22300.0, 23.05
2011-02-02, 25.86, 25.98, 25.78, 25.98, 48100.0, 22.97
2011-02-03, 25.94, 26.19, 25.6, 26.15, 31100.0, 23.12
2011-02-04, 25.81, 25.83, 25.51, 25.73, 242400.0, 22.75
2011-02-07, 26.0, 26.67, 26.0, 26.65, 365200.0, 23.57
2011-02-08, 27.76, 28.11, 27.71, 28.01, 1210700.0, 24.77
2011-02-09, 27.93, 28.31, 27.9, 28.1, 1336100.0, 24.85
2011-02-10, 27.57, 28.08, 27.44, 28.05, 61100.0, 24.8
2011-02-11, 28.18, 28.64, 28.18, 28.57, 260600.0, 25.26
2011-02-14, 28.27, 28.6, 28.25, 28.6, 416100.0, 25.29
2011-02-15, 28.17, 28.18, 27.82, 27.88, 514100.0, 24.65
2011-02-16, 27.84, 27.98, 27.78, 27.94, 82600.0, 24.71
2011-02-17, 27.36, 27.78, 27.23, 27.75, 357500.0, 24.54
2011-02-18, 27.41, 27.63, 27.32, 27.5, 524600.0, 24.32
2011-02-22, 27.69, 27.75, 27.17, 27.29, 30000.0, 24.13
2011-02-23, 26.77, 26.81, 26.48, 26.51, 25100.0, 23.44
2011-02-24, 26.47, 26.47, 25.9, 26.18, 34800.0, 23.15
2011-02-25, 26.82, 27.02, 26.76, 26.95, 357200.0, 23.83
2011-02-28, 27.14, 27.24, 26.95, 27.17, 253200.0, 24.03
2011-03-01, 27.69, 27.78, 27.13, 27.15, 55400.0, 24.01
2011-03-02, 26.68, 26.93, 26.65, 26.77, 62200.0, 23.67
2011-03-03, 27.25, 27.46, 26.97, 27.2, 58000.0, 24.05
2011-03-04, 27.31, 27.31, 26.7, 26.94, 241700.0, 23.82
2011-03-07, 27.21, 27.26, 26.65, 26.92, 152000.0, 23.81
2011-03-08, 26.54, 26.96, 26.41, 26.8, 21200.0, 23.7
2011-03-09, 26.94, 27.1, 26.8, 26.89, 230400.0, 23.78
2011-03-10, 26.49, 26.63, 26.07, 26.18, 44100.0, 23.15
2011-03-11, 25.9, 26.14, 25.74, 26.13, 36000.0, 23.11
2011-03-14, 25.8, 26.18, 25.8, 26.16, 214200.0, 23.13
2011-03-15, 24.65, 26.12, 24.54, 25.35, 363100.0, 22.42
2011-03-16, 25.18, 25.23, 24.05, 24.4, 29200.0, 21.58
2011-03-17, 25.43, 25.55, 25.11, 25.2, 32200.0, 22.28
2011-03-18, 26.19, 26.39, 25.9, 26.03, 23800.0, 23.02
2011-03-21, 26.24, 26.3, 25.94, 26.25, 23600.0, 23.21
2011-03-22, 25.98, 26.02, 25.68, 25.76, 19400.0, 22.78
2011-03-23, 25.84, 26.13, 25.67, 26.0, 27700.0, 22.99
2011-03-24, 26.8, 27.35, 26.8, 27.29, 24700.0, 24.13
2011-03-25, 27.11, 27.17, 26.83, 26.83, 17600.0, 23.73
2011-03-28, 26.74, 26.94, 26.74, 26.79, 37100.0, 23.69
2011-03-29, 26.73, 26.98, 26.59, 26.98, 86500.0, 23.86
2011-03-30, 27.45, 27.65, 27.32, 27.55, 30800.0, 24.36
2011-03-31, 27.77, 27.91, 27.68, 27.85, 22200.0, 24.63
2011-04-01, 28.44, 29.05, 28.29, 28.97, 1459500.0, 25.62
2011-04-04, 28.66, 29.14, 28.52, 29.0, 307200.0, 25.65
2011-04-05, 28.63, 29.0, 28.57, 28.97, 197900.0, 25.62
2011-04-06, 29.09, 29.27, 28.62, 28.72, 616500.0, 25.4
2011-04-07, 28.15, 28.39, 28.08, 28.16, 19400.0, 24.9
2011-04-08, 28.22, 28.23, 27.99, 28.1, 32400.0, 24.85
2011-04-11, 27.54, 27.68, 27.33, 27.45, 215800.0, 24.27
2011-04-12, 27.31, 27.35, 27.12, 27.25, 161100.0, 24.1
2011-04-13, 28.02, 28.04, 27.5, 27.62, 34600.0, 24.42
2011-04-14, 27.69, 28.05, 27.69, 28.03, 11100.0, 24.79
2011-04-15, 27.97, 28.06, 27.84, 27.97, 24600.0, 24.73
2011-04-18, 27.19, 27.33, 26.92, 27.13, 13500.0, 23.99
2011-04-19, 28.16, 28.26, 27.93, 28.24, 41900.0, 24.97
2011-04-20, 29.09, 29.34, 29.09, 29.34, 14600.0, 25.95
2011-04-21, 29.53, 29.67, 29.47, 29.6, 21900.0, 26.18
2011-04-25, 29.67, 29.68, 29.43, 29.54, 29700.0, 26.12
2011-04-26, 29.84, 30.23, 29.8, 30.05, 37300.0, 26.57
2011-04-27, 30.73, 30.75, 30.17, 30.75, 324100.0, 27.19
2011-04-28, 31.0, 31.23, 30.95, 31.21, 308600.0, 27.6
2011-04-29, 31.31, 31.45, 31.29, 31.35, 127400.0, 27.72
2011-05-02, 32.11, 32.23, 31.7, 31.7, 151600.0, 28.03
2011-05-03, 31.09, 31.38, 30.92, 31.28, 60600.0, 27.66
2011-05-04, 31.9, 31.9, 30.64, 30.73, 38300.0, 27.17
2011-05-05, 29.71, 30.05, 29.27, 29.55, 81400.0, 26.13
2011-05-06, 30.19, 30.39, 29.43, 29.6, 32000.0, 26.18
2011-05-09, 29.17, 29.37, 28.99, 29.22, 27200.0, 25.84
2011-05-10, 29.89, 30.19, 29.81, 30.19, 27400.0, 26.7
2011-05-11, 30.1, 30.1, 28.9, 29.1, 32100.0, 26.29
2011-05-12, 29.11, 29.62, 28.89, 29.31, 48700.0, 26.48
2011-05-13, 29.42, 29.54, 28.78, 28.99, 28300.0, 26.19
2011-05-16, 28.74, 29.26, 28.74, 28.81, 314200.0, 26.03
2011-05-17, 28.57, 28.88, 28.43, 28.8, 57900.0, 26.02
2011-05-18, 28.92, 29.29, 28.81, 29.29, 29400.0, 26.46
2011-05-19, 29.57, 29.74, 29.29, 29.61, 34700.0, 26.75
2011-05-20, 29.06, 29.1, 28.65, 28.77, 18100.0, 25.99
2011-05-23, 27.6, 27.74, 27.46, 27.6, 23400.0, 24.93
2011-05-24, 28.27, 28.44, 28.16, 28.3, 66300.0, 25.56
2011-05-25, 28.12, 28.65, 28.12, 28.5, 361900.0, 25.75
2011-05-26, 28.26, 28.4, 27.85, 28.3, 464200.0, 25.56
2011-05-27, 28.43, 28.92, 28.43, 28.88, 154700.0, 26.09
2011-05-31, 29.58, 29.64, 29.34, 29.51, 35500.0, 26.66
2011-06-01, 29.3, 29.3, 28.55, 28.55, 24700.0, 25.79
2011-06-02, 29.12, 29.29, 28.85, 29.1, 20600.0, 26.29
2011-06-03, 28.94, 29.5, 28.94, 29.41, 26300.0, 26.57
2011-06-06, 29.52, 29.57, 29.2, 29.26, 60200.0, 26.43
2011-06-07, 29.48, 29.68, 29.36, 29.42, 16300.0, 26.58
2011-06-08, 29.37, 29.65, 29.37, 29.52, 27400.0, 26.67
2011-06-09, 29.91, 30.57, 29.91, 30.45, 889100.0, 27.51
2011-06-10, 30.4, 30.42, 29.61, 29.71, 95400.0, 26.84
2011-06-13, 29.76, 30.09, 29.5, 29.6, 171700.0, 26.74
2011-06-14, 30.28, 30.62, 30.26, 30.43, 97100.0, 27.49
2011-06-15, 29.71, 29.88, 29.13, 29.27, 75900.0, 26.44
2011-06-16, 29.51, 29.87, 29.5, 29.73, 365300.0, 26.86
2011-06-17, 30.67, 30.72, 30.34, 30.47, 13800.0, 27.52
2011-06-20, 30.4, 30.6, 30.34, 30.42, 22500.0, 27.48
2011-06-21, 30.77, 31.23, 30.64, 31.21, 191400.0, 28.19
2011-06-22, 31.06, 31.5, 31.06, 31.16, 33800.0, 28.15
2011-06-23, 30.75, 31.32, 30.52, 31.32, 1361200.0, 28.29
2011-06-24, 32.04, 32.13, 31.5, 31.53, 115600.0, 28.48
2011-06-27, 31.95, 32.43, 31.8, 32.34, 38700.0, 29.21
2011-06-28, 32.47, 33.27, 32.47, 33.2, 220900.0, 29.99
2011-06-29, 32.91, 33.21, 32.59, 33.06, 26000.0, 29.86
2011-06-30, 32.57, 33.38, 32.57, 33.05, 25900.0, 29.86
2011-07-01, 32.56, 33.02, 32.5, 33.02, 47100.0, 29.83
2011-07-05, 33.19, 33.3, 32.9, 32.98, 103300.0, 29.79
2011-07-06, 32.55, 32.55, 32.28, 32.35, 23300.0, 29.22
2011-07-07, 32.63, 33.34, 32.63, 33.25, 228000.0, 30.04
2011-07-08, 32.73, 32.93, 32.37, 32.72, 30900.0, 29.56
2011-07-11, 31.28, 31.37, 30.99, 31.04, 358600.0, 28.04
2011-07-12, 31.19, 31.55, 31.1, 31.1, 181100.0, 28.09
2011-07-13, 32.41, 33.2, 32.41, 32.75, 86900.0, 29.58
2011-07-14, 33.85, 34.03, 33.13, 33.14, 590900.0, 29.94
2011-07-15, 33.95, 34.31, 33.71, 34.31, 17600.0, 30.99
2011-07-18, 33.34, 33.59, 33.11, 33.59, 34200.0, 30.34
2011-07-19, 33.79, 34.09, 33.79, 34.01, 504900.0, 30.72
2011-07-20, 33.82, 34.13, 33.68, 33.96, 65000.0, 30.68
2011-07-21, 33.88, 34.24, 33.73, 34.0, 229500.0, 30.71
2011-07-22, 34.03, 34.3, 33.7, 34.25, 20800.0, 30.94
2011-07-25, 34.78, 35.3, 34.68, 35.18, 32600.0, 31.78
2011-07-26, 34.99, 34.99, 34.45, 34.65, 498200.0, 31.3
2011-07-27, 34.56, 34.56, 33.42, 33.52, 650000.0, 30.28
2011-07-28, 32.86, 33.59, 32.86, 33.12, 475100.0, 29.92
2011-07-29, 33.2, 33.59, 33.05, 33.28, 23300.0, 30.06
2011-08-01, 33.38, 33.38, 31.91, 32.44, 34100.0, 29.3
2011-08-02, 32.2, 32.37, 30.7, 30.7, 147300.0, 27.73
2011-08-03, 31.74, 31.76, 30.62, 31.5, 274300.0, 28.46
2011-08-04, 29.82, 29.85, 28.1, 28.38, 316000.0, 25.64
2011-08-05, 29.84, 29.95, 27.92, 29.29, 179000.0, 26.46
2011-08-08, 26.32, 26.64, 25.0, 25.19, 201400.0, 22.76
2011-08-09, 27.77, 28.5, 26.38, 28.5, 60200.0, 25.75
2011-08-10, 27.18, 28.53, 25.81, 26.39, 362700.0, 23.84
2011-08-11, 26.16, 28.18, 26.11, 27.77, 575000.0, 25.09
2011-08-12, 28.25, 28.32, 27.67, 28.1, 227500.0, 25.38
2011-08-15, 28.65, 29.11, 28.49, 28.76, 14700.0, 25.98
2011-08-16, 27.82, 28.43, 27.6, 27.91, 71500.0, 25.21
2011-08-17, 28.21, 28.71, 27.9, 28.12, 18900.0, 25.4
2011-08-18, 26.42, 26.43, 25.47, 25.8, 512400.0, 23.31
2011-08-19, 24.79, 25.9, 24.67, 24.85, 170000.0, 22.45
2011-08-22, 24.89, 24.9, 23.65, 23.65, 445400.0, 21.36
2011-08-23, 24.29, 25.05, 24.14, 25.05, 49200.0, 22.63
2011-08-24, 25.69, 26.17, 25.46, 25.85, 22600.0, 23.35
2011-08-25, 26.31, 26.49, 25.42, 25.45, 101000.0, 22.99
2011-08-26, 25.46, 26.24, 25.07, 25.96, 534400.0, 23.45
2011-08-29, 26.34, 26.52, 26.21, 26.4, 231700.0, 23.85
2011-08-30, 26.02, 26.2, 25.66, 26.18, 60500.0, 23.65
2011-08-31, 26.63, 27.23, 26.54, 26.97, 50200.0, 24.36
2011-09-01, 26.7, 27.32, 26.55, 26.75, 84300.0, 24.16
2011-09-02, 25.61, 25.82, 25.36, 25.53, 28700.0, 23.06
2011-09-06, 23.57, 24.05, 23.31, 24.05, 56700.0, 21.73
2011-09-07, 25.07, 25.41, 24.77, 25.35, 32600.0, 22.9
2011-09-08, 24.62, 25.12, 24.34, 24.45, 110800.0, 22.09
2011-09-09, 23.91, 23.97, 23.29, 23.3, 38900.0, 21.05
2011-09-12, 22.57, 23.4, 22.57, 23.38, 52700.0, 21.12
2011-09-13, 23.74, 24.03, 23.47, 23.79, 36600.0, 21.49
2011-09-14, 24.9, 25.64, 24.29, 25.6, 72500.0, 23.13
2011-09-15, 26.17, 26.4, 26.0, 26.31, 40000.0, 23.77
2011-09-16, 26.25, 26.49, 26.05, 26.28, 81600.0, 23.74
2011-09-19, 25.36, 25.9, 25.16, 25.62, 19600.0, 23.14
2011-09-20, 25.96, 26.42, 25.72, 26.0, 349400.0, 23.49
2011-09-21, 25.66, 25.85, 24.93, 24.93, 216500.0, 22.52
2011-09-22, 23.54, 23.92, 23.26, 23.76, 234800.0, 21.46
2011-09-23, 22.97, 23.59, 22.83, 23.56, 165200.0, 21.28
2011-09-26, 22.8, 23.19, 22.22, 23.1, 461100.0, 20.87
2011-09-27, 24.31, 24.72, 24.02, 24.15, 389500.0, 21.82
2011-09-28, 24.61, 24.65, 23.62, 23.68, 22400.0, 21.39
2011-09-29, 24.52, 24.52, 23.42, 23.78, 366400.0, 21.48
2011-09-30, 22.08, 22.43, 22.0, 22.0, 454500.0, 19.87
2011-10-03, 20.86, 21.27, 20.3, 20.3, 168400.0, 18.34
2011-10-04, 19.35, 20.45, 19.13, 20.37, 120900.0, 18.4
2011-10-05, 20.72, 21.2, 20.6, 21.2, 55900.0, 19.15
2011-10-06, 21.21, 22.01, 21.05, 21.94, 142600.0, 19.82
2011-10-07, 22.84, 22.95, 22.43, 22.58, 131400.0, 20.4
2011-10-10, 23.4, 24.23, 23.31, 24.21, 96200.0, 21.87
2011-10-11, 23.88, 24.52, 23.82, 24.52, 56000.0, 22.15
2011-10-12, 25.21, 25.4, 25.02, 25.07, 34100.0, 22.65
2011-10-13, 25.13, 25.38, 24.9, 25.24, 68800.0, 22.8
2011-10-14, 26.21, 26.38, 25.97, 26.1, 36000.0, 23.58
2011-10-17, 25.5, 25.5, 24.65, 24.77, 23000.0, 22.38
2011-10-18, 25.12, 25.72, 24.73, 25.61, 253600.0, 23.13
2011-10-19, 25.09, 25.39, 24.79, 24.88, 10000.0, 22.48
2011-10-20, 25.12, 25.24, 24.48, 24.82, 46000.0, 22.42
2011-10-21, 25.76, 26.47, 25.76, 26.42, 49100.0, 23.87
2011-10-24, 26.24, 26.96, 26.18, 26.75, 41100.0, 24.16
2011-10-25, 27.12, 27.21, 26.48, 26.55, 30900.0, 23.98
2011-10-26, 27.58, 27.61, 26.28, 26.9, 34000.0, 24.3
2011-10-27, 28.45, 29.28, 28.35, 29.06, 39700.0, 26.25
2011-10-28, 28.87, 29.27, 28.85, 29.04, 31800.0, 26.23
2011-10-31, 27.85, 27.89, 27.01, 27.05, 32700.0, 24.44
2011-11-01, 25.24, 26.28, 25.16, 25.95, 62500.0, 23.44
2011-11-02, 26.34, 26.74, 26.14, 26.51, 23000.0, 23.95
2011-11-03, 27.14, 28.18, 26.7, 27.9, 317000.0, 25.2
2011-11-04, 27.01, 27.01, 26.33, 26.42, 62200.0, 23.87
2011-11-07, 27.01, 27.25, 26.42, 26.86, 24500.0, 24.26
2011-11-08, 27.54, 27.65, 26.7, 27.39, 51700.0, 24.74
2011-11-09, 25.65, 25.97, 25.12, 25.19, 30900.0, 22.76
2011-11-10, 26.49, 26.49, 25.69, 26.09, 25600.0, 23.57
2011-11-11, 26.49, 26.96, 26.35, 26.9, 28200.0, 24.3
2011-11-14, 26.34, 26.49, 26.04, 26.22, 24800.0, 23.69
2011-11-15, 26.08, 26.29, 25.82, 26.07, 110100.0, 23.55
2011-11-16, 24.98, 25.23, 24.65, 24.68, 71200.0, 22.29
2011-11-17, 24.8, 24.86, 23.95, 24.24, 110600.0, 21.9
2011-11-18, 24.46, 24.48, 23.93, 24.0, 292800.0, 21.68
2011-11-21, 23.34, 23.34, 22.9, 23.12, 209400.0, 20.89
2011-11-22, 23.13, 23.3, 22.8, 23.0, 92600.0, 20.78
2011-11-23, 22.54, 22.63, 21.86, 22.0, 55900.0, 19.87
2011-11-25, 21.93, 22.25, 21.84, 22.09, 28100.0, 19.95
2011-11-28, 23.52, 23.68, 23.21, 23.33, 44200.0, 21.07
2011-11-29, 23.2, 23.5, 23.17, 23.4, 110000.0, 21.14
2011-11-30, 24.97, 25.23, 24.92, 25.1, 34100.0, 22.67
2011-12-01, 24.91, 25.23, 24.51, 24.81, 88900.0, 22.41
2011-12-02, 25.43, 25.43, 24.51, 24.56, 56700.0, 22.19
2011-12-05, 25.25, 25.3, 24.74, 24.91, 33500.0, 22.5
2011-12-06, 25.03, 25.26, 24.9, 25.11, 30000.0, 22.68
2011-12-07, 24.61, 25.05, 24.37, 24.96, 28100.0, 22.55
2011-12-08, 23.98, 24.03, 23.46, 23.62, 38900.0, 21.34
2011-12-09, 23.88, 24.33, 23.85, 24.05, 47500.0, 21.73
2011-12-12, 23.39, 23.39, 22.9, 23.03, 26000.0, 20.8
2011-12-13, 23.31, 23.6, 22.51, 22.51, 126000.0, 20.33
2011-12-14, 21.98, 22.06, 21.65, 21.7, 65800.0, 19.6
2011-12-15, 22.16, 22.17, 21.74, 21.82, 46800.0, 19.71
2011-12-16, 21.86, 21.86, 21.4, 21.56, 40800.0, 19.48
2011-12-19, 22.13, 22.2, 21.39, 21.45, 45500.0, 19.38
2011-12-20, 22.63, 23.0, 22.63, 22.78, 49100.0, 20.58
2011-12-21, 22.95, 22.99, 22.68, 22.81, 34700.0, 20.61
2011-12-22, 22.8, 23.0, 22.73, 22.89, 82100.0, 20.68
2011-12-23, 22.79, 22.86, 22.67, 22.75, 53400.0, 20.55
2011-12-27, 23.05, 23.15, 22.95, 22.95, 67800.0, 20.73
2011-12-28, 22.5, 22.5, 21.93, 22.07, 181100.0, 19.94
2011-12-29, 21.94, 22.17, 21.73, 22.16, 433600.0, 20.02
2011-12-30, 22.18, 22.5, 22.15, 22.23, 36300.0, 20.08
2012-01-03, 23.75, 24.12, 23.75, 23.88, 102000.0, 21.57
2012-01-04, 24.11, 24.25, 24.01, 24.13, 42500.0, 21.8
2012-01-05, 24.01, 24.1, 23.79, 24.04, 24400.0, 21.72
2012-01-06, 23.84, 23.84, 23.32, 23.51, 14400.0, 21.24
2012-01-09, 24.28, 24.31, 23.93, 24.29, 32700.0, 21.94
2012-01-10, 24.94, 25.3, 24.81, 24.95, 45400.0, 22.54
2012-01-11, 25.03, 25.03, 24.79, 24.88, 30500.0, 22.48
2012-01-12, 25.44, 25.6, 24.99, 25.6, 15800.0, 23.13
2012-01-13, 24.36, 24.69, 23.88, 24.67, 27600.0, 22.29
2012-01-17, 26.12, 26.3, 26.1, 26.21, 158100.0, 23.68
2012-01-18, 26.27, 26.78, 26.26, 26.74, 28900.0, 24.16
2012-01-19, 27.01, 27.3, 26.68, 27.25, 40000.0, 24.62
2012-01-20, 27.5, 27.57, 27.29, 27.54, 33700.0, 24.88
2012-01-23, 27.63, 27.79, 27.55, 27.74, 51900.0, 25.06
2012-01-24, 27.18, 27.58, 27.05, 27.58, 109000.0, 24.91
2012-01-25, 27.05, 28.02, 26.95, 28.02, 77500.0, 25.31
2012-01-26, 28.64, 28.8, 28.3, 28.46, 79400.0, 25.71
2012-01-27, 28.2, 28.55, 28.14, 28.4, 201500.0, 25.65
2012-01-30, 27.94, 28.36, 27.93, 28.27, 279200.0, 25.54
2012-01-31, 29.03, 29.03, 28.36, 28.53, 50800.0, 25.77
2012-02-01, 29.49, 29.95, 29.38, 29.91, 54800.0, 27.02
2012-02-02, 29.6, 29.91, 29.48, 29.82, 39400.0, 26.94
2012-02-03, 30.12, 30.76, 30.12, 30.73, 34500.0, 27.76
2012-02-06, 30.44, 30.98, 30.42, 30.82, 66300.0, 27.84
2012-02-07, 30.36, 30.69, 30.0, 30.57, 543800.0, 27.62
2012-02-08, 30.79, 30.87, 30.29, 30.49, 598700.0, 27.54
2012-02-09, 31.99, 32.06, 31.51, 31.73, 68300.0, 28.66
2012-02-10, 30.65, 30.79, 30.43, 30.71, 230800.0, 27.74
2012-02-13, 31.11, 31.18, 30.88, 31.07, 26200.0, 28.07
2012-02-14, 30.58, 30.67, 30.24, 30.47, 47500.0, 27.52
2012-02-15, 30.81, 30.84, 30.21, 30.37, 54700.0, 27.43
2012-02-16, 30.19, 31.0, 30.18, 30.99, 32500.0, 27.99
2012-02-17, 31.5, 31.58, 31.38, 31.48, 23400.0, 28.44
2012-02-21, 31.88, 31.9, 31.49, 31.49, 25300.0, 28.45
2012-02-22, 31.25, 31.32, 31.12, 31.18, 23900.0, 28.17
2012-02-23, 30.53, 31.19, 30.38, 31.19, 26400.0, 28.18
2012-02-24, 31.31, 31.62, 31.31, 31.38, 20800.0, 28.35
2012-02-27, 30.26, 30.85, 30.24, 30.77, 26900.0, 27.8
2012-02-28, 31.08, 31.33, 30.99, 31.28, 27100.0, 28.26
2012-02-29, 31.4, 31.48, 30.69, 30.75, 44900.0, 27.78
2012-03-01, 31.36, 31.79, 31.33, 31.58, 19100.0, 28.53
2012-03-02, 31.2, 31.2, 30.87, 31.05, 32700.0, 28.05
2012-03-05, 31.2, 31.26, 30.96, 31.09, 14500.0, 28.08
2012-03-06, 29.81, 29.86, 29.06, 29.21, 661700.0, 26.39
2012-03-07, 29.39, 29.94, 29.39, 29.9, 192000.0, 27.01
2012-03-08, 29.95, 30.84, 29.83, 30.77, 33800.0, 27.8
2012-03-09, 30.57, 30.92, 30.5, 30.86, 30000.0, 27.88
2012-03-12, 31.05, 31.23, 30.91, 31.23, 79300.0, 28.21
2012-03-13, 30.8, 30.94, 30.6, 30.9, 34600.0, 27.91
2012-03-14, 31.99, 32.01, 31.7, 31.85, 16000.0, 28.77
2012-03-15, 31.61, 32.22, 31.54, 32.11, 24800.0, 29.01
2012-03-16, 32.17, 32.23, 31.95, 32.0, 19600.0, 28.91
2012-03-19, 31.43, 31.79, 31.24, 31.72, 46100.0, 28.65
2012-03-20, 30.01, 30.32, 29.85, 30.16, 77700.0, 27.24
2012-03-21, 30.28, 30.3, 29.95, 30.3, 49200.0, 27.37
2012-03-22, 29.45, 29.8, 29.38, 29.7, 130400.0, 26.83
2012-03-23, 29.48, 30.11, 29.39, 30.03, 31600.0, 27.13
2012-03-26, 30.42, 30.74, 30.37, 30.37, 162300.0, 27.43
2012-03-27, 30.7, 30.7, 30.28, 30.3, 100500.0, 27.37
2012-03-28, 30.0, 30.04, 29.51, 29.65, 56600.0, 26.78
2012-03-29, 29.17, 29.3, 28.97, 29.25, 32800.0, 26.42
2012-03-30, 29.8, 29.98, 29.54, 29.92, 22500.0, 27.03
2012-04-02, 30.01, 30.86, 29.98, 30.75, 26600.0, 27.78
2012-04-03, 30.56, 30.59, 29.75, 29.94, 40500.0, 27.05
2012-04-04, 29.08, 29.25, 28.96, 29.24, 23700.0, 26.41
2012-04-05, 28.88, 29.17, 28.8, 28.91, 43900.0, 26.12
2012-04-09, 28.95, 28.95, 28.4, 28.87, 23800.0, 26.08
2012-04-10, 28.7, 28.8, 28.05, 28.2, 36500.0, 25.47
2012-04-11, 29.19, 29.32, 29.01, 29.12, 47600.0, 26.31
2012-04-12, 29.74, 30.34, 29.65, 30.34, 26800.0, 27.41
2012-04-13, 29.9, 29.9, 29.2, 29.43, 114300.0, 26.59
2012-04-16, 29.85, 30.21, 29.62, 30.1, 52400.0, 27.19
2012-04-17, 30.34, 30.74, 30.1, 30.62, 17800.0, 27.66
2012-04-18, 30.23, 30.45, 30.2, 30.32, 15800.0, 27.39
2012-04-19, 30.1, 30.41, 29.61, 29.78, 52200.0, 26.9
2012-04-20, 30.38, 30.76, 30.38, 30.56, 14600.0, 27.61
2012-04-23, 29.3, 29.48, 29.02, 29.42, 16800.0, 26.58
2012-04-24, 29.59, 29.82, 29.48, 29.61, 14900.0, 26.75
2012-04-25, 30.44, 30.74, 30.44, 30.7, 15600.0, 27.73
2012-04-26, 30.85, 31.59, 30.8, 31.59, 14300.0, 28.54
2012-04-27, 31.81, 31.94, 31.62, 31.79, 16000.0, 28.72
2012-04-30, 31.84, 31.84, 31.57, 31.71, 20100.0, 28.65
2012-05-01, 31.56, 32.16, 31.56, 31.99, 28700.0, 28.9
2012-05-02, 31.07, 31.32, 30.81, 31.02, 159400.0, 28.02
2012-05-03, 31.65, 31.71, 31.14, 31.49, 47100.0, 28.45
2012-05-04, 30.36, 30.51, 29.99, 30.06, 34600.0, 27.15
2012-05-07, 30.41, 30.57, 30.28, 30.54, 13400.0, 27.59
2012-05-08, 29.54, 29.59, 28.94, 29.48, 44700.0, 26.63
2012-05-09, 28.8, 29.32, 28.58, 29.13, 21300.0, 26.31
2012-05-10, 28.87, 28.87, 28.43, 28.43, 23000.0, 25.68
2012-05-11, 28.64, 29.04, 28.64, 28.8, 8400.0, 26.02
2012-05-14, 27.2, 28.12, 27.2, 27.45, 14000.0, 25.69
2012-05-15, 26.98, 28.26, 26.79, 26.85, 7400.0, 25.13
2012-05-16, 28.01, 28.04, 27.02, 27.11, 38500.0, 25.37
2012-05-17, 27.0, 27.05, 26.35, 26.35, 37200.0, 24.66
2012-05-18, 26.23, 26.23, 25.75, 25.85, 25000.0, 24.19
2012-05-21, 26.26, 26.46, 26.09, 26.46, 73400.0, 24.77
2012-05-22, 26.69, 27.06, 26.48, 26.54, 42000.0, 24.84
2012-05-23, 26.35, 26.4, 25.79, 26.27, 19600.0, 24.59
2012-05-24, 26.02, 26.1, 25.61, 25.73, 26100.0, 24.08
2012-05-25, 25.66, 25.94, 25.61, 25.7, 16500.0, 24.05
2012-05-29, 26.67, 26.99, 26.46, 26.66, 21600.0, 24.95
2012-05-30, 25.85, 25.86, 25.42, 25.45, 175500.0, 23.82
2012-05-31, 25.43, 25.43, 24.92, 25.25, 19200.0, 23.63
2012-06-01, 24.19, 24.37, 24.0, 24.14, 72100.0, 22.59
2012-06-04, 24.0, 24.03, 23.52, 23.77, 402300.0, 22.25
2012-06-05, 23.54, 23.8, 23.52, 23.75, 511400.0, 22.23
2012-06-06, 24.03, 24.59, 23.99, 24.58, 109100.0, 23.01
2012-06-07, 25.5, 25.61, 24.8, 24.92, 46500.0, 23.32
2012-06-08, 24.1, 24.66, 24.09, 24.64, 37200.0, 23.06
2012-06-11, 25.11, 25.11, 24.31, 24.31, 23100.0, 22.75
2012-06-12, 24.39, 24.46, 24.0, 24.41, 17200.0, 22.85
2012-06-13, 23.83, 24.3, 23.69, 24.09, 32900.0, 22.55
2012-06-14, 23.54, 23.73, 23.45, 23.72, 1221600.0, 22.2
2012-06-15, 23.55, 23.7, 23.5, 23.64, 1634900.0, 22.13
2012-06-18, 23.81, 24.03, 23.81, 23.88, 26100.0, 22.35
2012-06-19, 24.2, 24.62, 24.15, 24.54, 24300.0, 22.97
2012-06-20, 24.46, 24.76, 24.28, 24.39, 9500.0, 22.83
2012-06-21, 24.49, 24.49, 23.72, 23.75, 21400.0, 22.23
2012-06-22, 23.82, 23.84, 23.49, 23.66, 70700.0, 22.15
2012-06-25, 23.14, 23.14, 22.76, 22.83, 21900.0, 21.37
2012-06-26, 22.3, 22.5, 22.07, 22.41, 44900.0, 20.98
2012-06-27, 22.4, 22.74, 22.32, 22.63, 63600.0, 21.18
2012-06-28, 22.37, 22.59, 22.25, 22.53, 32500.0, 21.09
2012-06-29, 23.85, 24.09, 23.72, 23.92, 33900.0, 22.39
2012-07-02, 24.21, 24.21, 23.94, 24.05, 84200.0, 22.51
2012-07-03, 24.4, 24.81, 24.4, 24.81, 28000.0, 23.22
2012-07-05, 24.24, 24.39, 24.07, 24.24, 37800.0, 22.69
2012-07-06, 23.32, 23.32, 23.01, 23.11, 20800.0, 21.63
2012-07-09, 23.04, 23.25, 23.04, 23.15, 13400.0, 21.67
2012-07-10, 23.45, 23.56, 23.15, 23.18, 11100.0, 21.7
2012-07-11, 22.99, 23.16, 22.93, 23.16, 9400.0, 21.68
2012-07-12, 22.62, 22.84, 22.5, 22.8, 22600.0, 21.34
2012-07-13, 23.4, 23.69, 23.4, 23.53, 9500.0, 22.02
2012-07-16, 23.25, 23.63, 23.22, 23.46, 6500.0, 21.96
2012-07-17, 23.7, 23.81, 23.24, 23.71, 13800.0, 22.19
2012-07-18, 23.51, 24.14, 23.51, 24.11, 13400.0, 22.57
2012-07-19, 24.3, 24.48, 24.26, 24.36, 9900.0, 22.8
2012-07-20, 24.0, 24.0, 23.56, 23.6, 11900.0, 22.09
2012-07-23, 22.65, 22.97, 22.6, 22.88, 26700.0, 21.42
2012-07-24, 22.3, 22.3, 21.81, 21.99, 32300.0, 20.58
2012-07-25, 22.73, 22.8, 22.54, 22.8, 18500.0, 21.34
2012-07-26, 23.21, 23.57, 23.17, 23.48, 28700.0, 21.98
2012-07-27, 24.14, 24.79, 23.97, 24.53, 25100.0, 22.96
2012-07-30, 24.47, 24.74, 24.47, 24.55, 19000.0, 22.98
2012-07-31, 24.83, 25.13, 24.75, 24.75, 15600.0, 23.17
2012-08-01, 24.06, 24.25, 23.77, 23.99, 43200.0, 22.45
2012-08-02, 23.32, 23.44, 22.56, 22.78, 47400.0, 21.32
2012-08-03, 23.45, 24.07, 23.45, 23.93, 20900.0, 22.4
2012-08-06, 24.56, 24.76, 24.39, 24.39, 432200.0, 22.83
2012-08-07, 25.0, 25.08, 24.82, 24.97, 44700.0, 23.37
2012-08-08, 24.61, 24.91, 24.53, 24.58, 15200.0, 23.01
2012-08-09, 24.47, 24.75, 24.41, 24.5, 20900.0, 22.93
2012-08-10, 24.23, 24.6, 24.23, 24.44, 6600.0, 22.88
2012-08-13, 24.38, 24.38, 24.17, 24.23, 10600.0, 22.68
2012-08-14, 24.41, 24.41, 24.11, 24.12, 8500.0, 22.58
2012-08-15, 24.21, 24.31, 24.06, 24.09, 11900.0, 22.55
2012-08-16, 24.53, 24.75, 24.45, 24.72, 15500.0, 23.14
2012-08-17, 25.1, 25.29, 25.02, 25.21, 17900.0, 23.6
2012-08-20, 25.09, 25.25, 24.98, 25.11, 26600.0, 23.5
2012-08-21, 25.5, 25.66, 25.39, 25.55, 25600.0, 23.91
2012-08-22, 25.36, 25.71, 25.27, 25.58, 289500.0, 23.94
2012-08-23, 25.34, 25.48, 25.19, 25.35, 542500.0, 23.73
2012-08-24, 24.76, 25.18, 24.67, 24.85, 42300.0, 23.26
2012-08-27, 25.26, 25.3, 24.88, 25.19, 100100.0, 23.58
2012-08-28, 25.12, 25.35, 25.12, 25.21, 87300.0, 23.6
2012-08-29, 24.99, 25.16, 24.92, 25.03, 30900.0, 23.43
2012-08-30, 24.24, 24.24, 23.76, 23.88, 23900.0, 22.35
2012-08-31, 24.41, 24.41, 23.97, 24.15, 46000.0, 22.6
2012-09-04, 23.27, 23.39, 22.99, 23.35, 36500.0, 21.85
2012-09-05, 22.99, 23.18, 22.74, 23.13, 38800.0, 21.65
2012-09-06, 23.55, 24.19, 23.55, 24.01, 47400.0, 22.47
2012-09-07, 24.8, 24.85, 24.63, 24.66, 29500.0, 23.08
2012-09-10, 24.93, 25.0, 24.7, 24.8, 23900.0, 23.21
2012-09-11, 25.0, 25.5, 25.0, 25.45, 8900.0, 23.82
2012-09-12, 25.99, 26.14, 25.87, 25.98, 21600.0, 24.32
2012-09-13, 25.65, 26.24, 25.6, 26.19, 9400.0, 24.51
2012-09-14, 26.88, 27.24, 26.88, 26.99, 30000.0, 25.26
2012-09-17, 27.01, 27.06, 26.69, 26.85, 20000.0, 25.13
2012-09-18, 26.17, 26.27, 26.02, 26.26, 15100.0, 24.58
2012-09-19, 26.3, 26.67, 26.3, 26.54, 4400.0, 24.84
2012-09-20, 25.31, 25.65, 25.31, 25.53, 24800.0, 23.9
2012-09-21, 25.73, 25.88, 25.7, 25.7, 5300.0, 24.05
2012-09-24, 25.53, 25.76, 25.53, 25.73, 9100.0, 24.08
2012-09-25, 25.1, 25.31, 24.97, 24.98, 19100.0, 23.38
2012-09-26, 24.67, 24.79, 24.47, 24.71, 9700.0, 23.13
2012-09-27, 24.66, 25.0, 24.53, 25.0, 11900.0, 23.4
2012-09-28, 24.66, 24.72, 24.19, 24.28, 43600.0, 22.73
2012-10-01, 24.42, 24.64, 24.31, 24.44, 17800.0, 22.88
2012-10-02, 25.18, 25.18, 24.65, 24.76, 93500.0, 23.17
2012-10-03, 24.92, 25.02, 24.71, 24.79, 124400.0, 23.2
2012-10-04, 25.87, 26.01, 25.72, 26.01, 19400.0, 24.34
2012-10-05, 26.5, 26.62, 26.25, 26.26, 7200.0, 24.58
2012-10-08, 26.02, 26.02, 25.84, 25.97, 8600.0, 24.31
2012-10-09, 26.05, 26.11, 25.51, 25.62, 13000.0, 23.98
2012-10-10, 25.61, 25.7, 25.32, 25.41, 16900.0, 23.78
2012-10-11, 26.15, 26.27, 26.08, 26.16, 25700.0, 24.49
2012-10-12, 26.26, 26.26, 25.94, 25.99, 10800.0, 24.33
2012-10-15, 26.21, 26.23, 25.96, 26.11, 8200.0, 24.44
2012-10-16, 26.33, 26.54, 26.19, 26.44, 18900.0, 24.75
2012-10-17, 26.62, 26.95, 26.62, 26.85, 7100.0, 25.13
2012-10-18, 26.91, 27.19, 26.76, 26.84, 19700.0, 25.12
2012-10-19, 27.09, 27.14, 26.73, 26.78, 35200.0, 25.07
2012-10-22, 26.6, 26.73, 26.6, 26.73, 10000.0, 25.02
2012-10-23, 26.05, 26.18, 25.98, 26.1, 39100.0, 24.43
2012-10-24, 26.1, 26.18, 25.91, 25.92, 19800.0, 24.26
2012-10-25, 26.22, 26.26, 25.88, 25.93, 22000.0, 24.27
2012-10-26, 26.06, 26.28, 26.04, 26.21, 19100.0, 24.53
2012-10-31, 27.28, 27.28, 26.25, 26.6, 30000.0, 24.9
2012-11-01, 27.2, 27.39, 27.08, 27.36, 16600.0, 25.61
2012-11-02, 27.9, 27.9, 27.55, 27.59, 19600.0, 25.82
2012-11-05, 27.33, 27.55, 27.32, 27.49, 11400.0, 25.73
2012-11-06, 27.41, 27.52, 27.37, 27.38, 12800.0, 25.63
2012-11-07, 27.7, 27.76, 27.28, 27.58, 341800.0, 25.81
2012-11-08, 27.21, 27.21, 26.86, 26.92, 24000.0, 25.2
2012-11-09, 26.93, 27.32, 26.93, 27.12, 18100.0, 25.38
2012-11-12, 26.91, 27.1, 26.8, 26.99, 17500.0, 25.26
2012-11-13, 26.52, 27.03, 26.45, 26.75, 55100.0, 25.04
2012-11-14, 26.94, 26.94, 26.57, 26.74, 24400.0, 25.03
2012-11-15, 26.62, 26.69, 26.42, 26.62, 17000.0, 24.92
2012-11-16, 26.44, 26.45, 26.13, 26.37, 11700.0, 24.68
2012-11-19, 27.52, 27.77, 27.52, 27.69, 13200.0, 25.92
2012-11-20, 27.82, 28.04, 27.77, 27.96, 7000.0, 26.17
2012-11-21, 28.06, 28.38, 28.06, 28.3, 54500.0, 26.49
2012-11-23, 28.28, 28.46, 28.23, 28.46, 8600.0, 26.64
2012-11-26, 28.54, 28.75, 28.54, 28.75, 9800.0, 26.91
2012-11-27, 28.55, 28.8, 28.39, 28.61, 16000.0, 26.78
2012-11-28, 28.54, 29.04, 28.41, 29.04, 27500.0, 27.18
2012-11-29, 29.39, 29.49, 29.19, 29.33, 61900.0, 27.45
2012-11-30, 29.52, 29.67, 29.42, 29.5, 36500.0, 27.61
2012-12-03, 29.6, 29.69, 29.43, 29.52, 59600.0, 27.63
2012-12-04, 29.65, 29.65, 29.4, 29.58, 11800.0, 27.69
2012-12-05, 29.64, 29.82, 29.47, 29.75, 20200.0, 27.85
2012-12-06, 29.65, 29.74, 29.53, 29.73, 9300.0, 27.83
2012-12-07, 29.63, 29.83, 29.56, 29.7, 13700.0, 27.8
2012-12-10, 29.75, 29.98, 29.75, 29.96, 21900.0, 28.04
2012-12-11, 30.39, 30.63, 30.38, 30.61, 28700.0, 28.65
2012-12-12, 30.84, 30.99, 30.69, 30.84, 33000.0, 28.87
2012-12-13, 30.77, 30.95, 30.68, 30.75, 25700.0, 28.78
2012-12-14, 31.25, 31.57, 31.19, 31.36, 27300.0, 29.35
2012-12-17, 31.22, 31.54, 31.22, 31.39, 36200.0, 29.38
2012-12-18, 31.37, 31.82, 31.37, 31.76, 42900.0, 29.73
2012-12-19, 31.79, 31.81, 31.63, 31.72, 21200.0, 29.69
2012-12-20, 31.88, 31.95, 31.68, 31.82, 38500.0, 29.78
2012-12-21, 31.68, 32.0, 31.67, 31.9, 41000.0, 29.86
2012-12-24, 31.9, 31.98, 31.9, 31.9, 7500.0, 29.86
2012-12-26, 32.0, 32.15, 31.78, 31.81, 47600.0, 29.77
2012-12-27, 32.42, 32.53, 32.17, 32.46, 21500.0, 30.38
2012-12-28, 32.2, 32.23, 31.75, 32.05, 19500.0, 30.0
2012-12-31, 32.06, 32.6, 32.06, 32.6, 25500.0, 30.51
2013-01-02, 33.38, 33.5, 33.15, 33.37, 14200.0, 31.23
2013-01-03, 32.87, 33.15, 32.8, 32.9, 33300.0, 30.79
2013-01-04, 32.79, 33.11, 32.75, 33.08, 46400.0, 30.96
2013-01-07, 32.9, 33.18, 32.78, 33.06, 50500.0, 30.94
2013-01-08, 32.31, 32.36, 31.76, 32.05, 18300.0, 30.0
2013-01-09, 31.47, 31.58, 31.28, 31.32, 15600.0, 29.31
2013-01-10, 32.35, 32.4, 32.01, 32.21, 13700.0, 30.15
2013-01-11, 32.49, 32.6, 32.34, 32.53, 10900.0, 30.45
2013-01-14, 32.7, 32.75, 32.48, 32.73, 8800.0, 30.63
2013-01-15, 32.23, 32.32, 32.03, 32.15, 10800.0, 30.09
2013-01-16, 32.19, 32.39, 32.16, 32.39, 8100.0, 30.32
2013-01-17, 32.84, 33.0, 32.73, 32.99, 16800.0, 30.88
2013-01-18, 32.61, 32.69, 32.45, 32.67, 9300.0, 30.58
2013-01-22, 32.79, 32.95, 32.68, 32.8, 43400.0, 30.7
2013-01-23, 33.03, 33.21, 32.84, 32.97, 5500.0, 30.86
2013-01-24, 33.03, 33.22, 32.97, 33.17, 23500.0, 31.05
2013-01-25, 33.88, 34.07, 33.77, 33.9, 19000.0, 31.73
2013-01-28, 33.9, 33.95, 33.81, 33.93, 13000.0, 31.76
2013-01-29, 33.89, 34.02, 33.85, 33.9, 7300.0, 31.73
2013-01-30, 33.94, 33.94, 33.68, 33.71, 9700.0, 31.55
2013-01-31, 33.63, 33.64, 33.42, 33.47, 49500.0, 31.33
2013-02-01, 33.65, 34.0, 33.63, 33.99, 44700.0, 31.81
2013-02-04, 32.95, 32.95, 32.31, 32.34, 16900.0, 30.27
2013-02-05, 32.4, 32.56, 32.33, 32.45, 19500.0, 30.37
2013-02-06, 32.11, 32.41, 32.02, 32.27, 19000.0, 30.2
2013-02-07, 32.39, 32.46, 31.85, 32.03, 20600.0, 29.98
2013-02-08, 32.62, 32.75, 32.6, 32.71, 8300.0, 30.62
2013-02-11, 32.24, 32.24, 31.95, 32.19, 11100.0, 30.13
2013-02-12, 31.89, 32.13, 31.89, 32.1, 22100.0, 30.04
2013-02-13, 32.6, 32.6, 32.29, 32.48, 634800.0, 30.4
2013-02-14, 31.92, 32.05, 31.83, 31.89, 127900.0, 29.85
2013-02-15, 32.0, 32.07, 31.67, 31.88, 28400.0, 29.84
2013-02-19, 31.71, 32.13, 31.71, 32.13, 36400.0, 30.07
2013-02-20, 31.75, 31.81, 31.2, 31.21, 23600.0, 29.21
2013-02-21, 30.53, 30.53, 30.19, 30.35, 35400.0, 28.41
2013-02-22, 29.97, 30.37, 29.96, 30.37, 36500.0, 28.43
2013-02-25, 31.57, 31.63, 30.08, 30.14, 31600.0, 28.21
2013-02-26, 30.7, 30.8, 30.13, 30.44, 32600.0, 28.49
2013-02-27, 30.19, 31.04, 30.19, 30.9, 27900.0, 28.92
2013-02-28, 30.69, 30.99, 30.68, 30.81, 25900.0, 28.84
2013-03-01, 29.6, 30.13, 29.5, 30.09, 34300.0, 28.16
2013-03-04, 30.06, 30.32, 30.05, 30.31, 28400.0, 28.37
2013-03-05, 30.98, 31.07, 30.9, 30.9, 47500.0, 28.92
2013-03-06, 31.31, 31.31, 30.94, 31.04, 10500.0, 29.05
2013-03-07, 31.29, 31.48, 31.29, 31.47, 25400.0, 29.46
2013-03-08, 31.56, 31.6, 31.24, 31.54, 40200.0, 29.52
2013-03-11, 31.48, 31.63, 31.44, 31.54, 25900.0, 29.52
2013-03-12, 31.47, 31.54, 31.15, 31.29, 27300.0, 29.29
2013-03-13, 30.72, 30.88, 30.52, 30.87, 15100.0, 28.89
2013-03-14, 30.73, 30.8, 30.52, 30.8, 29600.0, 28.83
2013-03-15, 30.53, 30.53, 30.2, 30.45, 16700.0, 28.5
2013-03-18, 29.9, 30.44, 29.88, 30.19, 15300.0, 28.26
2013-03-19, 30.2, 30.2, 29.39, 29.6, 27100.0, 27.7
2013-03-20, 30.12, 30.4, 29.88, 30.25, 40900.0, 28.31
2013-03-21, 29.71, 30.0, 29.65, 29.73, 21800.0, 27.83
2013-03-22, 30.25, 30.42, 30.08, 30.17, 30700.0, 28.24
2013-03-25, 30.15, 30.25, 29.73, 29.79, 19100.0, 27.88
2013-03-26, 29.88, 30.16, 29.76, 29.95, 108400.0, 28.03
2013-03-27, 29.32, 29.48, 29.16, 29.44, 23200.0, 27.56
2013-03-28, 29.0, 29.0, 28.64, 28.85, 40100.0, 27.0
2013-04-01, 28.7, 28.83, 28.61, 28.78, 18500.0, 26.94
2013-04-02, 28.95, 29.21, 28.83, 29.05, 19400.0, 27.19
2013-04-03, 29.41, 29.41, 29.13, 29.25, 16900.0, 27.38
2013-04-04, 29.11, 29.2, 28.76, 29.15, 29200.0, 27.28
2013-04-05, 28.25, 28.78, 28.25, 28.77, 35200.0, 26.93
2013-04-08, 28.69, 28.87, 28.61, 28.82, 31300.0, 26.97
2013-04-09, 28.69, 28.92, 28.51, 28.86, 33500.0, 27.01
2013-04-10, 29.34, 29.66, 29.34, 29.54, 16800.0, 27.65
2013-04-11, 30.02, 30.22, 29.97, 30.0, 28100.0, 28.08
2013-04-12, 29.23, 29.54, 29.23, 29.53, 16600.0, 27.64
2013-04-15, 28.92, 28.92, 28.49, 28.6, 23200.0, 26.77
2013-04-16, 29.5, 29.55, 29.21, 29.42, 50400.0, 27.54
2013-04-17, 28.56, 28.56, 28.07, 28.24, 25600.0, 26.43
2013-04-18, 27.85, 27.93, 27.5, 27.78, 26000.0, 26.0
2013-04-19, 28.15, 28.33, 27.98, 28.25, 22400.0, 26.44
2013-04-22, 28.4, 28.6, 28.25, 28.53, 30300.0, 26.7
2013-04-23, 28.73, 28.99, 28.73, 28.91, 14600.0, 27.06
2013-04-24, 29.36, 29.55, 29.31, 29.4, 11100.0, 27.52
2013-04-25, 29.91, 29.94, 29.71, 29.79, 28800.0, 27.88
2013-04-26, 29.51, 29.88, 29.51, 29.85, 14900.0, 27.94
2013-04-29, 30.25, 30.67, 30.25, 30.56, 18500.0, 28.6
2013-04-30, 30.64, 30.83, 30.62, 30.69, 26800.0, 28.72
2013-05-01, 30.91, 30.91, 30.45, 30.46, 10500.0, 28.51
2013-05-02, 30.41, 30.87, 30.41, 30.8, 15600.0, 28.83
2013-05-03, 31.01, 31.53, 31.01, 31.5, 15300.0, 29.48
2013-05-06, 31.21, 31.22, 31.04, 31.17, 21600.0, 29.17
2013-05-07, 31.31, 31.31, 30.88, 31.06, 29800.0, 29.07
2013-05-08, 31.0, 31.21, 31.0, 31.13, 21700.0, 29.14
2013-05-09, 30.95, 31.04, 30.7, 30.81, 31700.0, 28.84
2013-05-10, 29.95, 30.7, 29.76, 30.18, 24000.0, 29.29
2013-05-13, 30.05, 30.49, 30.05, 30.34, 18700.0, 29.44
2013-05-14, 30.82, 31.59, 30.43, 30.58, 17800.0, 29.67
2013-05-15, 30.49, 30.9, 30.49, 30.9, 28000.0, 29.98
2013-05-16, 30.57, 30.76, 30.42, 30.5, 22300.0, 29.6
2013-05-17, 30.62, 30.99, 30.59, 30.91, 68600.0, 29.99
2013-05-20, 31.56, 31.83, 31.55, 31.79, 21600.0, 30.85
2013-05-21, 31.63, 31.82, 31.42, 31.67, 16100.0, 30.73
2013-05-22, 31.3, 31.85, 31.04, 31.18, 25900.0, 30.26
2013-05-23, 30.43, 31.0, 30.43, 31.0, 22000.0, 30.08
2013-05-24, 30.4, 30.7, 30.35, 30.7, 22200.0, 29.79
2013-05-28, 31.21, 31.34, 30.89, 31.07, 53600.0, 30.15
2013-05-29, 31.13, 31.35, 31.13, 31.31, 19400.0, 30.38
2013-05-30, 31.79, 31.98, 31.71, 31.87, 12200.0, 30.93
2013-05-31, 31.74, 31.95, 31.67, 31.71, 21800.0, 30.77
2013-06-03, 31.9, 32.1, 31.89, 32.1, 22700.0, 31.15
2013-06-04, 31.88, 31.95, 31.7, 31.9, 19300.0, 30.95
2013-06-05, 31.73, 31.73, 31.42, 31.42, 17100.0, 30.49
2013-06-06, 31.58, 31.68, 31.17, 31.49, 25300.0, 30.56
2013-06-07, 31.69, 31.96, 31.41, 31.83, 54900.0, 30.89
2013-06-10, 31.92, 32.0, 31.7, 31.97, 17500.0, 31.02
2013-06-11, 31.33, 31.61, 31.27, 31.49, 16600.0, 30.56
2013-06-12, 31.3, 31.3, 30.95, 31.01, 10000.0, 30.09
2013-06-13, 30.66, 31.13, 30.58, 31.13, 13100.0, 30.21
2013-06-14, 31.05, 31.28, 30.84, 31.06, 9300.0, 30.14
2013-06-17, 31.56, 31.57, 31.16, 31.38, 13600.0, 30.45
2013-06-18, 31.04, 31.26, 31.04, 31.23, 6600.0, 30.3
2013-06-19, 31.1, 31.23, 30.49, 30.5, 10800.0, 29.6
2013-06-20, 29.65, 29.65, 28.94, 29.05, 28000.0, 28.19
2013-06-21, 28.78, 28.78, 28.01, 28.37, 30800.0, 27.53
2013-06-24, 28.0, 28.42, 27.84, 28.2, 31500.0, 27.36
2013-06-25, 28.9, 28.9, 28.62, 28.86, 24200.0, 28.0
2013-06-26, 28.9, 29.07, 28.81, 29.06, 17200.0, 28.2
2013-06-27, 29.17, 29.36, 29.14, 29.25, 64400.0, 28.38
2013-06-28, 29.0, 29.23, 28.9, 29.13, 29900.0, 28.27
2013-07-01, 29.3, 29.36, 29.13, 29.13, 21500.0, 28.27
2013-07-02, 28.61, 28.92, 28.45, 28.66, 29300.0, 27.81
2013-07-03, 28.21, 28.79, 28.21, 28.73, 7800.0, 27.88
2013-07-05, 28.64, 28.67, 28.38, 28.5, 12700.0, 27.66
2013-07-08, 29.3, 29.32, 29.03, 29.15, 13900.0, 28.29
2013-07-09, 29.66, 29.67, 29.3, 29.52, 25100.0, 28.65
2013-07-10, 29.45, 29.73, 29.32, 29.59, 13000.0, 28.71
2013-07-11, 30.5, 30.8, 30.35, 30.69, 12700.0, 29.78
2013-07-12, 30.5, 30.75, 30.5, 30.73, 15200.0, 29.82
2013-07-15, 30.67, 30.93, 30.67, 30.92, 11600.0, 30.0
2013-07-16, 30.9, 31.25, 30.9, 31.21, 15700.0, 30.29
2013-07-17, 31.28, 31.28, 30.98, 31.03, 13400.0, 30.11
2013-07-18, 31.29, 31.5, 31.2, 31.48, 16900.0, 30.55
2013-07-19, 31.39, 31.72, 31.33, 31.7, 12500.0, 30.76
2013-07-22, 31.59, 31.78, 31.59, 31.6, 12200.0, 30.66
2013-07-23, 32.0, 32.0, 31.73, 31.98, 10900.0, 31.03
2013-07-24, 32.35, 32.51, 32.26, 32.36, 22600.0, 31.4
2013-07-25, 32.41, 33.05, 32.37, 32.98, 453900.0, 32.0
2013-07-26, 32.79, 33.0, 32.61, 33.0, 348000.0, 32.02
2013-07-29, 32.64, 32.82, 32.53, 32.77, 103600.0, 31.8
2013-07-30, 33.08, 33.08, 32.83, 32.93, 28700.0, 31.95
2013-07-31, 32.4, 32.82, 32.15, 32.6, 20300.0, 31.63
2013-08-01, 32.09, 32.35, 32.05, 32.32, 43000.0, 31.36
2013-08-02, 31.96, 32.22, 31.79, 32.14, 28700.0, 31.19
2013-08-05, 31.91, 32.0, 31.75, 31.93, 15800.0, 30.98
2013-08-06, 32.0, 32.0, 31.51, 31.52, 43900.0, 30.59
2013-08-07, 31.15, 31.43, 31.15, 31.39, 21200.0, 30.46
2013-08-08, 32.04, 32.11, 31.87, 32.07, 16000.0, 31.12
2013-08-09, 32.12, 32.36, 32.05, 32.25, 17700.0, 31.29
2013-08-12, 32.11, 32.51, 32.11, 32.46, 15000.0, 31.5
2013-08-13, 32.59, 32.79, 32.42, 32.71, 19000.0, 31.74
2013-08-14, 32.74, 32.94, 32.73, 32.85, 58100.0, 31.88
2013-08-15, 32.79, 33.1, 32.46, 33.09, 61600.0, 32.11
2013-08-16, 33.44, 33.62, 33.33, 33.54, 21100.0, 32.55
2013-08-19, 33.42, 33.48, 33.23, 33.26, 38500.0, 32.27
2013-08-20, 33.04, 33.16, 32.95, 33.12, 22100.0, 32.14
2013-08-21, 32.95, 33.12, 32.73, 32.8, 55500.0, 31.83
2013-08-22, 33.27, 33.65, 33.23, 33.57, 16700.0, 32.58
2013-08-23, 33.55, 33.72, 33.47, 33.72, 56200.0, 32.72
2013-08-26, 33.68, 33.68, 33.47, 33.51, 33400.0, 32.52
2013-08-27, 32.91, 32.91, 32.33, 32.38, 72900.0, 31.42
2013-08-28, 31.38, 31.99, 31.38, 31.89, 31700.0, 30.94
2013-08-29, 31.62, 32.02, 31.62, 31.87, 23700.0, 30.93
2013-08-30, 31.42, 31.46, 31.21, 31.33, 20000.0, 30.4
2013-09-03, 31.82, 31.83, 31.48, 31.69, 24800.0, 30.75
2013-09-04, 31.18, 32.02, 31.16, 31.94, 33400.0, 30.99
2013-09-05, 33.28, 33.71, 33.28, 33.69, 20300.0, 32.69
2013-09-06, 33.99, 34.15, 33.6, 33.98, 54600.0, 32.97
2013-09-09, 34.46, 34.78, 34.46, 34.76, 31000.0, 33.73
2013-09-10, 35.01, 35.1, 34.92, 35.04, 58000.0, 34.0
2013-09-11, 35.29, 35.6, 35.22, 35.6, 434600.0, 34.54
2013-09-12, 35.11, 35.35, 35.05, 35.29, 553700.0, 34.24
2013-09-13, 35.32, 35.5, 35.11, 35.48, 271400.0, 34.43
2013-09-16, 35.88, 35.93, 35.71, 35.78, 17200.0, 34.72
2013-09-17, 35.55, 35.79, 35.55, 35.76, 35700.0, 34.7
2013-09-18, 35.56, 36.54, 35.41, 36.41, 45700.0, 35.33
2013-09-19, 36.93, 36.93, 36.52, 36.56, 31500.0, 35.48
2013-09-20, 36.32, 36.32, 36.02, 36.21, 19700.0, 35.14
2013-09-23, 36.23, 36.25, 36.02, 36.18, 15900.0, 35.11
2013-09-24, 36.35, 36.42, 36.13, 36.24, 24800.0, 35.17
2013-09-25, 36.1, 36.27, 36.03, 36.19, 51900.0, 35.12
2013-09-26, 35.98, 36.03, 35.76, 35.9, 17100.0, 34.84
2013-09-27, 35.98, 36.2, 35.98, 36.13, 17500.0, 35.06
2013-09-30, 35.61, 35.91, 35.54, 35.82, 20200.0, 34.76
2013-10-01, 36.07, 36.52, 36.06, 36.42, 24200.0, 35.34
2013-10-02, 35.95, 36.04, 35.65, 36.04, 19900.0, 34.97
2013-10-03, 36.09, 36.2, 36.0, 36.15, 17800.0, 35.08
2013-10-04, 35.87, 36.12, 35.82, 36.0, 22300.0, 34.93
2013-10-07, 35.47, 35.89, 35.47, 35.79, 25200.0, 34.73
2013-10-08, 35.68, 35.78, 35.42, 35.43, 38800.0, 34.38
2013-10-09, 35.66, 35.69, 35.32, 35.48, 47200.0, 34.43
2013-10-10, 36.28, 36.49, 36.21, 36.46, 19300.0, 35.38
2013-10-11, 36.32, 36.62, 36.32, 36.56, 131400.0, 35.48
2013-10-14, 36.31, 36.73, 36.3, 36.71, 247000.0, 35.62
2013-10-15, 37.14, 37.42, 37.14, 37.3, 163800.0, 36.19
2013-10-16, 37.12, 37.23, 36.92, 37.23, 42100.0, 36.13
2013-10-17, 36.91, 37.55, 36.91, 37.53, 61000.0, 36.42
2013-10-18, 37.28, 37.44, 37.22, 37.38, 42600.0, 36.27
2013-10-21, 37.17, 37.44, 37.17, 37.44, 37200.0, 36.33
2013-10-22, 37.61, 37.73, 37.5, 37.64, 16800.0, 36.52
2013-10-23, 37.55, 37.72, 37.48, 37.6, 44500.0, 36.49
2013-10-24, 38.34, 38.49, 38.33, 38.4, 21300.0, 37.26
2013-10-25, 38.55, 38.59, 38.45, 38.59, 20800.0, 37.45
2013-10-28, 37.75, 37.96, 37.56, 37.85, 31700.0, 36.73
2013-10-29, 37.55, 37.67, 37.42, 37.63, 24400.0, 36.51
2013-10-30, 37.83, 37.93, 37.62, 37.78, 23400.0, 36.66
2013-10-31, 37.8, 37.97, 37.67, 37.76, 29600.0, 36.64
2013-11-01, 37.36, 37.4, 37.09, 37.17, 38000.0, 36.07
2013-11-04, 37.48, 38.36, 37.42, 38.36, 67000.0, 37.22
2013-11-05, 36.55, 36.64, 36.29, 36.51, 87800.0, 35.43
2013-11-06, 36.95, 37.07, 36.89, 37.01, 25700.0, 35.91
2013-11-07, 36.61, 36.75, 36.4, 36.42, 13300.0, 35.34
2013-11-08, 36.28, 36.53, 36.27, 36.5, 59400.0, 35.42
2013-11-11, 36.59, 36.75, 36.58, 36.75, 19400.0, 35.66
2013-11-12, 36.46, 36.54, 36.37, 36.45, 16500.0, 35.37
2013-11-13, 35.85, 36.47, 35.77, 36.45, 28900.0, 35.37
2013-11-14, 36.6, 36.63, 36.48, 36.57, 32100.0, 35.49
2013-11-15, 36.44, 36.71, 36.4, 36.69, 48700.0, 35.6
2013-11-18, 37.38, 37.5, 37.17, 37.21, 31900.0, 36.11
2013-11-19, 37.41, 37.53, 37.31, 37.42, 28100.0, 36.31
2013-11-20, 37.46, 37.51, 36.96, 37.1, 38700.0, 36.0
2013-11-21, 37.3, 37.37, 37.15, 37.35, 33200.0, 36.24
2013-11-22, 37.72, 37.84, 37.68, 37.81, 39500.0, 36.69
2013-11-25, 38.05, 38.14, 37.95, 37.99, 28000.0, 36.86
2013-11-26, 38.17, 38.29, 38.02, 38.21, 32200.0, 37.08
2013-11-27, 38.31, 38.39, 38.25, 38.31, 17100.0, 37.17
2013-11-29, 38.45, 38.5, 38.25, 38.25, 27200.0, 37.12
2013-12-02, 38.45, 38.55, 38.35, 38.4, 21500.0, 37.26
2013-12-03, 38.06, 38.06, 37.65, 37.8, 64300.0, 36.68
2013-12-04, 37.02, 37.42, 37.01, 37.4, 40000.0, 36.29
2013-12-05, 37.05, 37.25, 37.0, 37.15, 23800.0, 36.05
2013-12-06, 37.49, 37.65, 37.36, 37.65, 22100.0, 36.53
2013-12-09, 37.5, 37.62, 37.38, 37.51, 18500.0, 36.4
2013-12-10, 37.14, 37.5, 36.5, 37.23, 35700.0, 36.13
2013-12-11, 37.32, 37.32, 36.74, 36.74, 56000.0, 35.65
2013-12-12, 36.48, 36.59, 36.35, 36.39, 49200.0, 35.31
2013-12-13, 36.59, 36.65, 36.45, 36.58, 152900.0, 35.5
2013-12-16, 37.0, 37.26, 36.97, 37.07, 27900.0, 35.97
2013-12-17, 37.07, 37.07, 36.74, 36.95, 17100.0, 35.85
2013-12-18, 37.37, 37.96, 37.37, 37.65, 73100.0, 36.53
2013-12-19, 37.75, 37.93, 37.62, 37.8, 38100.0, 36.68
2013-12-20, 38.09, 38.34, 38.09, 38.3, 20500.0, 37.16
2013-12-23, 38.6, 38.66, 38.48, 38.66, 53300.0, 37.51
2013-12-24, 38.7, 38.79, 38.51, 38.61, 34300.0, 37.47
2013-12-26, 38.68, 38.98, 38.68, 38.87, 19400.0, 37.72
2013-12-27, 39.31, 39.31, 38.98, 39.05, 44700.0, 37.89
2013-12-30, 39.34, 39.45, 39.24, 39.42, 26300.0, 38.25
2013-12-31, 39.08, 39.47, 39.08, 39.43, 15800.0, 38.26
2014-01-02, 38.39, 38.41, 37.92, 38.05, 37100.0, 36.92
2014-01-03, 38.18, 38.24, 37.97, 38.02, 23300.0, 36.89
2014-01-06, 37.86, 37.86, 37.68, 37.77, 28700.0, 36.65
2014-01-07, 38.03, 38.05, 37.77, 37.82, 91500.0, 36.7
2014-01-08, 38.18, 38.26, 38.07, 38.18, 40300.0, 37.05
2014-01-09, 38.46, 38.46, 37.88, 38.18, 45400.0, 37.05
2014-01-10, 37.88, 38.07, 37.84, 38.07, 262400.0, 36.94
2014-01-13, 38.11, 39.18, 38.03, 38.12, 276700.0, 36.99
2014-01-14, 38.3, 38.58, 38.04, 38.58, 47300.0, 37.44
2014-01-15, 38.62, 38.84, 38.45, 38.65, 454100.0, 37.5
2014-01-16, 38.66, 38.84, 38.48, 38.75, 263300.0, 37.6
2014-01-17, 38.87, 39.1, 38.69, 38.74, 43000.0, 37.59
2014-01-21, 38.96, 38.97, 38.7, 38.87, 28400.0, 37.72
2014-01-22, 38.95, 39.0, 38.64, 38.78, 40300.0, 37.63
2014-01-23, 38.34, 38.68, 38.29, 38.61, 40100.0, 37.47
2014-01-24, 37.71, 37.82, 37.1, 37.1, 65900.0, 36.0
2014-01-27, 37.09, 37.15, 36.41, 36.52, 59400.0, 35.44
2014-01-28, 36.99, 37.31, 36.99, 37.24, 34700.0, 36.14
2014-01-29, 36.25, 36.75, 36.19, 36.44, 48300.0, 35.36
2014-01-30, 36.66, 36.7, 36.26, 36.61, 48600.0, 35.53
2014-01-31, 35.89, 36.4, 35.77, 36.23, 41600.0, 35.16
2014-02-03, 36.26, 36.35, 35.65, 35.65, 78000.0, 34.59
2014-02-04, 36.08, 36.35, 36.05, 36.24, 20500.0, 35.17
2014-02-05, 36.04, 36.19, 35.95, 36.06, 28800.0, 34.99
2014-02-06, 36.76, 37.04, 36.76, 37.0, 67700.0, 35.9
2014-02-07, 37.13, 37.36, 36.9, 37.35, 43400.0, 36.24
2014-02-10, 37.29, 37.37, 37.2, 37.26, 25400.0, 36.16
2014-02-11, 37.96, 38.5, 37.89, 38.45, 36200.0, 37.31
2014-02-12, 38.45, 38.7, 38.38, 38.5, 35500.0, 37.36
2014-02-13, 38.31, 39.07, 38.26, 39.02, 36000.0, 37.86
2014-02-14, 39.07, 39.28, 39.01, 39.17, 27500.0, 38.01
2014-02-18, 38.69, 38.83, 38.5, 38.74, 53900.0, 37.59
2014-02-19, 38.72, 39.07, 38.52, 38.54, 26100.0, 37.4
2014-02-20, 38.24, 38.63, 38.16, 38.6, 38600.0, 37.46
2014-02-21, 38.77, 39.09, 38.61, 38.83, 50500.0, 37.68
2014-02-24, 38.69, 38.85, 38.37, 38.69, 53300.0, 37.54
2014-02-25, 38.57, 38.68, 38.23, 38.29, 46300.0, 37.16
2014-02-26, 38.42, 38.45, 38.2, 38.36, 38600.0, 37.22
2014-02-27, 37.92, 38.38, 37.87, 38.18, 39300.0, 37.05
2014-02-28, 38.25, 38.77, 38.25, 38.47, 52600.0, 37.33
2014-03-03, 37.64, 37.7, 37.25, 37.3, 56000.0, 36.19
2014-03-04, 38.0, 38.09, 37.7, 37.85, 36900.0, 36.73
2014-03-05, 37.68, 37.89, 37.65, 37.8, 17900.0, 36.68
2014-03-06, 38.35, 38.42, 38.22, 38.26, 38900.0, 37.13
2014-03-07, 38.31, 38.33, 37.75, 37.95, 48900.0, 36.83
2014-03-10, 37.58, 37.58, 36.9, 37.34, 43300.0, 36.23
2014-03-11, 37.53, 37.76, 37.27, 37.44, 69600.0, 36.33
2014-03-12, 36.77, 37.39, 36.69, 37.24, 27800.0, 36.14
2014-03-13, 38.17, 38.22, 36.61, 36.8, 52100.0, 35.71
2014-03-14, 36.25, 36.83, 36.17, 36.72, 30700.0, 35.63
2014-03-17, 36.94, 37.21, 36.52, 37.12, 235700.0, 36.02
2014-03-18, 37.26, 37.75, 37.26, 37.5, 23000.0, 36.39
2014-03-19, 40.16, 40.28, 39.43, 39.67, 133800.0, 38.49
2014-03-20, 40.1, 40.14, 39.79, 39.98, 57200.0, 38.8
2014-03-21, 40.35, 40.82, 40.28, 40.4, 38400.0, 39.2
2014-03-24, 41.0, 41.13, 40.34, 41.09, 88400.0, 39.87
2014-03-25, 41.22, 41.45, 40.83, 41.38, 53400.0, 40.15
2014-03-26, 41.83, 41.9, 41.39, 41.39, 35800.0, 40.16
2014-03-27, 41.55, 41.74, 41.29, 41.73, 41400.0, 40.49
2014-03-28, 42.25, 42.36, 42.15, 42.2, 80900.0, 40.95
2014-03-31, 42.27, 42.34, 41.9, 42.01, 46400.0, 40.77
2014-04-01, 42.42, 42.46, 42.27, 42.43, 25100.0, 41.17
2014-04-02, 42.62, 42.62, 42.3, 42.5, 26300.0, 41.24
2014-04-03, 42.64, 42.83, 42.35, 42.54, 17100.0, 41.28
2014-04-04, 42.74, 42.9, 42.41, 42.44, 26700.0, 41.18
2014-04-07, 42.13, 42.27, 41.81, 41.99, 17500.0, 40.75
2014-04-08, 41.78, 42.13, 41.72, 42.0, 57700.0, 40.76
2014-04-09, 42.14, 42.4, 41.95, 42.39, 45000.0, 41.13
2014-04-10, 42.01, 42.06, 41.25, 41.28, 34600.0, 40.06
2014-04-11, 41.42, 41.82, 41.26, 41.54, 26900.0, 40.31
2014-04-14, 41.6, 41.6, 41.2, 41.34, 22800.0, 40.11
2014-04-15, 41.42, 41.42, 40.18, 40.74, 24800.0, 39.53
2014-04-16, 41.37, 41.76, 41.32, 41.76, 25100.0, 40.52
2014-04-17, 42.31, 42.64, 42.15, 42.6, 25800.0, 41.34
2014-04-21, 42.64, 42.64, 42.5, 42.61, 18200.0, 41.35
2014-04-22, 43.06, 43.25, 42.83, 43.15, 27800.0, 41.87
2014-04-23, 43.0, 43.0, 42.61, 42.69, 14500.0, 41.42
2014-04-24, 41.74, 42.33, 41.36, 42.08, 92600.0, 40.83
2014-04-25, 41.72, 41.72, 41.1, 41.25, 22300.0, 40.03
2014-04-28, 41.54, 41.59, 41.11, 41.48, 27200.0, 40.25
2014-04-29, 41.56, 41.76, 41.47, 41.63, 35100.0, 40.4
2014-04-30, 41.59, 41.73, 41.43, 41.73, 19400.0, 40.49
2014-05-01, 41.59, 41.72, 41.53, 41.54, 28100.0, 40.31
2014-05-02, 41.12, 41.31, 40.99, 41.04, 26900.0, 39.82
2014-05-05, 40.49, 41.12, 40.41, 41.12, 24900.0, 39.9
2014-05-06, 40.85, 41.09, 40.79, 40.79, 23400.0, 39.58
2014-05-07, 41.03, 41.12, 40.66, 41.12, 31500.0, 39.9
2014-05-08, 40.75, 40.93, 40.5, 40.58, 32900.0, 39.38
2014-05-09, 40.45, 40.55, 40.29, 40.48, 19900.0, 39.28
2014-05-12, 40.51, 40.71, 40.48, 40.56, 22700.0, 39.36
2014-05-13, 39.69, 40.45, 39.62, 39.88, 81600.0, 39.88
2014-05-14, 39.95, 40.75, 39.6, 39.68, 41500.0, 39.68
2014-05-15, 39.59, 39.59, 39.1, 39.36, 43100.0, 39.36
2014-05-16, 39.29, 39.56, 39.01, 39.56, 14800.0, 39.56
2014-05-19, 40.32, 40.41, 40.25, 40.36, 23600.0, 40.36
2014-05-20, 39.29, 40.25, 39.29, 40.15, 43800.0, 40.15
2014-05-21, 40.35, 40.49, 40.16, 40.49, 34100.0, 40.49
2014-05-22, 40.64, 40.75, 40.5, 40.61, 33200.0, 40.61
2014-05-23, 40.74, 40.85, 40.63, 40.85, 30100.0, 40.85
2014-05-27, 41.61, 41.69, 41.41, 41.69, 20400.0, 41.69
2014-05-28, 41.33, 41.35, 41.1, 41.2, 74500.0, 41.2
2014-05-29, 41.53, 41.75, 41.53, 41.75, 44400.0, 41.75
2014-05-30, 41.77, 41.88, 41.74, 41.8, 18200.0, 41.8
2014-06-02, 41.61, 41.61, 41.2, 41.45, 27300.0, 41.45
2014-06-03, 41.64, 41.75, 41.63, 41.75, 16400.0, 41.75
2014-06-04, 41.28, 41.46, 41.24, 41.34, 31900.0, 41.34
2014-06-05, 41.77, 42.19, 41.6, 42.19, 40900.0, 42.19
2014-06-06, 42.19, 42.32, 42.13, 42.32, 30400.0, 42.32
2014-06-09, 41.92, 41.93, 41.67, 41.93, 19500.0, 41.93
2014-06-10, 41.52, 41.57, 41.4, 41.5, 19500.0, 41.5
2014-06-11, 41.34, 41.36, 41.21, 41.31, 26200.0, 41.31
2014-06-12, 41.15, 41.26, 41.03, 41.1, 30800.0, 41.1
2014-06-13, 40.85, 40.92, 40.71, 40.85, 21600.0, 40.85
2014-06-16, 41.02, 41.19, 41.02, 41.17, 24000.0, 41.17
2014-06-17, 41.0, 41.04, 40.88, 41.01, 24300.0, 41.01
2014-06-18, 41.59, 41.67, 41.3, 41.67, 26000.0, 41.67
2014-06-19, 41.91, 42.13, 41.9, 42.03, 24600.0, 42.03
2014-06-20, 42.23, 42.23, 41.79, 41.85, 70100.0, 41.85
2014-06-23, 41.53, 42.15, 41.47, 42.15, 129100.0, 42.15
2014-06-24, 42.52, 42.65, 42.39, 42.46, 56500.0, 42.46
2014-06-25, 42.0, 42.41, 41.96, 42.38, 37000.0, 42.38
2014-06-26, 42.02, 42.04, 41.44, 41.99, 43200.0, 41.99
2014-06-27, 41.83, 42.07, 41.8, 42.07, 20300.0, 42.07
2014-06-30, 42.11, 42.38, 42.05, 42.3, 42200.0, 42.3
2014-07-01, 42.21, 42.67, 42.21, 42.6, 50000.0, 42.6
2014-07-02, 42.55, 42.75, 42.53, 42.73, 18300.0, 42.73
2014-07-03, 42.72, 43.22, 42.72, 43.22, 31000.0, 43.22
2014-07-07, 42.79, 42.81, 42.58, 42.68, 27600.0, 42.68
2014-07-08, 42.38, 42.38, 41.96, 42.07, 58000.0, 42.07
2014-07-09, 41.87, 42.15, 41.87, 42.11, 39600.0, 42.11
2014-07-10, 41.06, 41.55, 41.06, 41.55, 27500.0, 41.55
2014-07-11, 41.74, 41.77, 41.6, 41.77, 18500.0, 41.77
2014-07-14, 42.1, 42.2, 42.05, 42.11, 14300.0, 42.11
2014-07-15, 42.28, 42.28, 41.74, 41.89, 26700.0, 41.89
2014-07-16, 42.91, 42.96, 42.63, 42.87, 31800.0, 42.87
2014-07-17, 42.83, 43.0, 42.23, 42.23, 21900.0, 42.23
2014-07-18, 42.07, 42.35, 42.07, 42.35, 14300.0, 42.35
2014-07-21, 41.82, 41.83, 41.5, 41.75, 29500.0, 41.75
2014-07-22, 42.26, 42.26, 42.06, 42.15, 33300.0, 42.15
2014-07-23, 42.63, 42.63, 42.32, 42.4, 94000.0, 42.4
2014-07-24, 42.73, 42.86, 42.53, 42.78, 27900.0, 42.78
2014-07-25, 42.41, 42.48, 42.14, 42.25, 39800.0, 42.25
2014-07-28, 41.51, 41.51, 41.09, 41.38, 42300.0, 41.38
2014-07-29, 40.92, 41.07, 40.76, 40.83, 33400.0, 40.83
2014-07-30, 40.96, 41.03, 40.44, 40.7, 25900.0, 40.7
2014-07-31, 39.98, 39.99, 39.59, 39.63, 36300.0, 39.63
2014-08-01, 39.32, 39.47, 38.95, 38.95, 29100.0, 38.95
2014-08-04, 39.78, 39.93, 39.47, 39.88, 39800.0, 39.88
2014-08-05, 39.35, 39.49, 38.98, 39.14, 29300.0, 39.14
2014-08-06, 38.48, 39.26, 38.46, 39.2, 27700.0, 39.2
2014-08-07, 39.14, 39.27, 38.1, 38.13, 59800.0, 38.13
2014-08-08, 38.56, 38.92, 38.3, 38.92, 47500.0, 38.92
2014-08-11, 39.65, 39.67, 39.34, 39.54, 55800.0, 39.54
2014-08-12, 38.88, 38.95, 38.7, 38.95, 75400.0, 38.95
2014-08-13, 38.92, 39.15, 38.84, 39.04, 26100.0, 39.04
2014-08-14, 39.46, 39.54, 39.33, 39.41, 21800.0, 39.41
2014-08-15, 39.51, 39.57, 38.41, 38.8, 32000.0, 38.8
2014-08-18, 39.19, 39.3, 39.1, 39.27, 26800.0, 39.27
2014-08-19, 39.51, 39.67, 39.46, 39.67, 22200.0, 39.67
2014-08-20, 38.91, 39.33, 38.83, 39.23, 27800.0, 39.23
2014-08-21, 39.34, 39.76, 39.33, 39.66, 38400.0, 39.66
2014-08-22, 39.51, 39.56, 39.02, 39.42, 36700.0, 39.42
2014-08-25, 39.8, 40.12, 39.77, 40.01, 19800.0, 40.01
2014-08-26, 39.91, 40.11, 39.83, 40.01, 33200.0, 40.01
2014-08-27, 39.65, 39.69, 39.49, 39.67, 18800.0, 39.67
2014-08-28, 39.04, 39.25, 38.9, 39.21, 36800.0, 39.21
2014-08-29, 38.95, 39.03, 38.54, 38.74, 17600.0, 38.74
2014-09-02, 38.58, 38.59, 38.3, 38.5, 42500.0, 38.5
2014-09-03, 39.44, 39.59, 39.29, 39.38, 24900.0, 39.38
2014-09-04, 39.53, 39.65, 39.3, 39.34, 24300.0, 39.34
2014-09-05, 39.77, 39.94, 39.67, 39.86, 24100.0, 39.86
2014-09-08, 39.61, 39.68, 39.25, 39.3, 22800.0, 39.3
2014-09-09, 39.02, 39.24, 38.92, 39.16, 17100.0, 39.16
2014-09-10, 38.72, 39.07, 38.7, 39.02, 15200.0, 39.02
2014-09-11, 38.52, 38.82, 38.5, 38.82, 24500.0, 38.82
2014-09-12, 38.51, 38.6, 38.27, 38.52, 33600.0, 38.52
2014-09-15, 38.68, 38.69, 38.53, 38.65, 206800.0, 38.65
2014-09-16, 38.38, 38.87, 38.38, 38.82, 45700.0, 38.82
2014-09-17, 38.89, 38.92, 38.5, 38.55, 48400.0, 38.55
2014-09-18, 38.82, 38.9, 38.74, 38.85, 22900.0, 38.85
2014-09-19, 38.45, 38.45, 37.92, 38.01, 26300.0, 38.01
2014-09-22, 37.05, 37.09, 36.87, 37.06, 45000.0, 37.06
2014-09-23, 36.39, 36.54, 36.2, 36.31, 35200.0, 36.31
2014-09-24, 36.55, 37.01, 36.52, 37.01, 34500.0, 37.01
2014-09-25, 36.56, 36.65, 35.96, 35.99, 39200.0, 35.99
2014-09-26, 36.39, 36.4, 36.17, 36.38, 29900.0, 36.38
2014-09-29, 35.89, 36.01, 35.74, 35.91, 73600.0, 35.91
2014-09-30, 35.49, 36.29, 35.42, 36.2, 149400.0, 36.2
2014-10-01, 35.85, 35.88, 35.42, 35.56, 73600.0, 35.56
2014-10-02, 35.84, 35.87, 35.12, 35.54, 40800.0, 35.54
2014-10-03, 35.25, 35.38, 35.1, 35.38, 72000.0, 35.38
2014-10-06, 35.05, 35.28, 34.16, 34.46, 1734000.0, 34.46
2014-10-07, 34.8, 34.92, 34.29, 34.34, 542700.0, 34.34
2014-10-08, 34.39, 35.05, 34.1, 34.96, 64300.0, 34.96
2014-10-09, 35.35, 35.35, 34.4, 34.45, 52300.0, 34.45
2014-10-10, 33.66, 33.83, 33.24, 33.25, 68100.0, 33.25
2014-10-13, 33.55, 33.71, 33.12, 33.14, 87700.0, 33.14
2014-10-14, 33.65, 33.78, 33.13, 33.24, 353600.0, 33.24
2014-10-15, 32.93, 33.29, 32.44, 33.19, 203100.0, 33.19
2014-10-16, 32.54, 33.49, 32.54, 33.21, 69900.0, 33.21
2014-10-17, 34.0, 34.26, 33.89, 34.06, 42300.0, 34.06
2014-10-20, 33.63, 33.91, 33.15, 33.52, 58600.0, 33.52
2014-10-21, 34.29, 34.75, 34.22, 34.62, 230700.0, 34.62
2014-10-22, 34.92, 34.96, 34.36, 34.36, 121700.0, 34.36
2014-10-23, 34.75, 35.15, 34.64, 34.97, 47400.0, 34.97
2014-10-24, 34.87, 34.89, 34.61, 34.76, 43900.0, 34.76
2014-10-27, 34.13, 34.64, 33.97, 34.42, 35300.0, 34.42
2014-10-28, 34.72, 35.21, 34.72, 35.2, 40900.0, 35.2
2014-10-29, 35.3, 35.37, 34.62, 34.85, 28700.0, 34.85
2014-10-30, 34.46, 35.08, 34.46, 34.95, 87400.0, 34.95
2014-10-31, 35.6, 35.76, 35.42, 35.71, 52900.0, 35.71
2014-11-03, 35.69, 35.69, 35.33, 35.54, 54200.0, 35.54
2014-11-04, 34.58, 34.91, 34.39, 34.82, 77100.0, 34.82
2014-11-05, 35.1, 35.1, 34.68, 34.9, 35600.0, 34.9
2014-11-06, 35.0, 35.2, 34.8, 34.97, 55000.0, 34.97
2014-11-07, 34.53, 34.59, 34.26, 34.45, 23900.0, 34.45
2014-11-10, 34.69, 34.84, 34.58, 34.66, 38400.0, 34.66
2014-11-11, 34.7, 35.07, 34.55, 35.02, 26800.0, 35.02
2014-11-12, 34.22, 34.42, 34.18, 34.35, 35800.0, 34.35
2014-11-13, 34.28, 34.45, 34.2, 34.4, 20300.0, 34.4
2014-11-14, 34.27, 34.67, 34.27, 34.6, 23400.0, 34.6
2014-11-17, 34.34, 34.72, 34.32, 34.66, 28200.0, 34.66
2014-11-18, 35.15, 35.45, 35.14, 35.4, 38300.0, 35.4
2014-11-19, 35.59, 35.65, 35.2, 35.54, 33000.0, 35.54
2014-11-20, 35.25, 35.5, 35.25, 35.42, 23400.0, 35.42
2014-11-21, 36.17, 36.49, 36.14, 36.35, 67400.0, 36.35
2014-11-24, 37.04, 37.2, 36.91, 37.15, 45900.0, 37.15
2014-11-25, 37.43, 37.77, 37.26, 37.63, 58700.0, 37.63
2014-11-26, 37.58, 37.82, 37.56, 37.82, 57600.0, 37.82
2014-11-28, 38.13, 38.18, 37.99, 38.01, 31900.0, 38.01
2014-12-01, 38.22, 38.34, 38.05, 38.27, 47000.0, 38.27
2014-12-02, 38.12, 38.12, 37.74, 37.8, 73000.0, 37.8
2014-12-03, 37.31, 37.54, 37.29, 37.5, 16800.0, 37.5
2014-12-04, 37.35, 37.42, 37.07, 37.17, 97600.0, 37.17
2014-12-05, 37.52, 37.88, 37.41, 37.79, 65100.0, 37.79
2014-12-08, 37.56, 37.64, 37.28, 37.41, 22300.0, 37.41
2014-12-09, 36.93, 37.11, 36.62, 36.99, 45800.0, 36.99
2014-12-10, 37.3, 37.3, 36.87, 37.01, 47400.0, 37.01
2014-12-11, 37.01, 37.43, 36.9, 36.9, 137200.0, 36.9
2014-12-12, 36.88, 37.1, 36.25, 36.29, 35000.0, 36.29
2014-12-15, 36.4, 36.42, 35.14, 35.33, 49400.0, 35.33
2014-12-16, 35.42, 36.65, 35.4, 35.99, 57300.0, 35.99
2014-12-17, 36.19, 36.74, 36.1, 36.54, 96200.0, 36.54
2014-12-18, 36.77, 37.15, 36.68, 37.11, 44500.0, 37.11
2014-12-19, 36.39, 36.9, 36.3, 36.69, 28400.0, 36.69
2014-12-22, 36.74, 36.83, 36.61, 36.76, 59300.0, 36.76
2014-12-23, 36.72, 36.85, 36.69, 36.83, 48900.0, 36.83
2014-12-24, 36.66, 36.95, 36.64, 36.87, 22300.0, 36.87
2014-12-26, 36.8, 37.0, 36.8, 36.92, 39400.0, 36.92
2014-12-29, 36.63, 36.93, 36.63, 36.73, 76400.0, 36.73
2014-12-30, 36.47, 36.47, 36.01, 36.16, 38100.0, 36.16
2014-12-31, 36.35, 36.4, 35.61, 35.62, 39000.0, 35.62
2015-01-02, 35.28, 35.34, 35.06, 35.28, 33100.0, 35.28
2015-01-05, 34.05, 34.06, 33.61, 33.85, 59300.0, 33.85
2015-01-06, 34.26, 34.5, 33.87, 33.91, 298700.0, 33.91
2015-01-07, 34.04, 34.34, 33.81, 34.24, 120400.0, 34.24
2015-01-08, 34.49, 35.26, 34.48, 35.1, 95800.0, 35.1
2015-01-09, 35.17, 35.17, 34.52, 34.9, 49200.0, 34.9
2015-01-12, 34.92, 35.01, 34.38, 34.92, 103800.0, 34.92
2015-01-13, 35.62, 35.83, 34.79, 35.21, 100100.0, 35.21
2015-01-14, 34.99, 35.2, 34.73, 35.19, 46500.0, 35.19
2015-01-15, 35.35, 35.35, 34.93, 35.13, 58500.0, 35.13
2015-01-16, 35.38, 36.57, 35.38, 36.49, 125500.0, 36.49
2015-01-20, 36.62, 36.63, 36.36, 36.57, 59600.0, 36.57
2015-01-21, 36.35, 36.74, 36.28, 36.64, 280200.0, 36.64
2015-01-22, 37.12, 37.57, 37.02, 37.41, 87500.0, 37.41
2015-01-23, 38.44, 38.65, 38.26, 38.26, 135900.0, 38.26
2015-01-26, 39.26, 39.74, 39.18, 39.72, 114300.0, 39.72
2015-01-27, 38.86, 38.87, 38.42, 38.7, 70900.0, 38.7
2015-01-28, 38.76, 39.11, 38.19, 38.33, 81900.0, 38.33
2015-01-29, 38.65, 39.19, 38.56, 39.19, 65600.0, 39.19
2015-01-30, 38.82, 39.14, 38.56, 38.71, 95900.0, 38.71
2015-02-02, 39.12, 39.58, 38.92, 39.53, 40700.0, 39.53
2015-02-03, 40.53, 40.9, 40.43, 40.9, 58400.0, 40.9
2015-02-04, 40.0, 40.58, 39.98, 40.11, 91400.0, 40.11
2015-02-05, 40.56, 40.91, 40.3, 40.88, 220700.0, 40.88
2015-02-06, 40.46, 40.48, 39.82, 39.86, 47900.0, 39.86
2015-02-09, 38.78, 38.88, 38.33, 38.45, 53600.0, 38.45
2015-02-10, 39.53, 39.67, 39.15, 39.62, 175900.0, 39.62
2015-02-11, 39.3, 39.54, 39.06, 39.4, 51500.0, 39.4
2015-02-12, 40.47, 40.72, 40.38, 40.72, 47700.0, 40.72
2015-02-13, 40.92, 40.98, 40.79, 40.86, 120100.0, 40.86
2015-02-17, 40.57, 40.74, 40.29, 40.65, 74100.0, 40.65
2015-02-18, 41.04, 41.31, 40.94, 41.3, 38500.0, 41.3
2015-02-19, 41.3, 41.55, 41.24, 41.32, 40000.0, 41.32
2015-02-20, 41.34, 42.75, 41.23, 42.63, 304400.0, 42.63
2015-02-23, 42.19, 42.2, 42.01, 42.14, 51100.0, 42.14
2015-02-24, 41.54, 41.92, 41.31, 41.91, 48600.0, 41.91
2015-02-25, 41.41, 41.6, 41.33, 41.49, 39100.0, 41.49
2015-02-26, 41.48, 41.84, 41.48, 41.78, 41200.0, 41.78
2015-02-27, 41.37, 42.2, 41.34, 42.02, 76100.0, 42.02
2015-03-02, 42.29, 42.7, 42.28, 42.65, 49500.0, 42.65
2015-03-03, 41.98, 41.98, 41.3, 41.51, 80200.0, 41.51
2015-03-04, 41.81, 41.83, 41.46, 41.8, 45500.0, 41.8
2015-03-05, 41.89, 42.17, 41.8, 42.07, 58100.0, 42.07
2015-03-06, 41.76, 42.11, 41.49, 41.6, 52100.0, 41.6
2015-03-09, 41.41, 41.52, 41.24, 41.42, 32000.0, 41.42
2015-03-10, 40.49, 40.83, 40.35, 40.52, 45300.0, 40.52
2015-03-11, 41.44, 42.17, 41.44, 41.85, 50300.0, 41.85
2015-03-12, 41.45, 42.11, 41.4, 42.11, 52200.0, 42.11
2015-03-13, 41.51, 42.12, 41.31, 42.12, 50800.0, 42.12
2015-03-16, 42.83, 43.48, 42.77, 43.32, 62800.0, 43.32
2015-03-17, 42.93, 43.17, 42.48, 42.85, 84400.0, 42.85
2015-03-18, 41.24, 41.89, 40.93, 41.7, 97800.0, 41.7
2015-03-19, 40.97, 41.43, 40.89, 41.36, 58100.0, 41.36
2015-03-20, 42.3, 42.3, 41.73, 42.05, 37100.0, 42.05
2015-03-23, 41.42, 41.59, 41.18, 41.38, 35700.0, 41.38
2015-03-24, 41.52, 42.03, 41.52, 41.79, 59300.0, 41.79
2015-03-25, 42.17, 42.17, 41.55, 41.59, 40100.0, 41.59
2015-03-26, 41.17, 42.36, 40.91, 42.28, 74500.0, 42.28
2015-03-27, 41.8, 42.29, 41.74, 42.21, 51500.0, 42.21
2015-03-30, 42.47, 42.63, 41.9, 42.09, 44200.0, 42.09
2015-03-31, 41.389999, 41.689999, 41.389999, 41.470001, 71400.0, 40.37382
2015-04-01, 41.720001, 41.720001, 41.18, 41.540001, 25400.0, 40.441969
2015-04-02, 41.5, 41.779999, 41.5, 41.709999, 42700.0, 40.607474
2015-04-06, 42.32, 42.5, 41.84, 42.220001, 51500.0, 41.103995
2015-04-07, 41.360001, 41.560001, 41.240002, 41.349998, 59500.0, 40.256989
2015-04-08, 41.080002, 41.09, 40.59, 40.799999, 36100.0, 39.721528
2015-04-09, 41.299999, 41.419998, 41.189999, 41.349998, 35800.0, 40.256989
2015-04-10, 41.59, 41.59, 41.34, 41.529999, 26400.0, 40.432232
2015-04-13, 41.32, 41.32, 40.630001, 40.779999, 32400.0, 39.702057
2015-04-14, 41.169998, 41.189999, 40.830002, 40.990002, 36200.0, 39.906508
2015-04-15, 41.040001, 41.119999, 40.700001, 41.080002, 39500.0, 39.99413
2015-04-16, 40.619999, 40.619999, 40.220001, 40.360001, 48700.0, 39.29316
2015-04-17, 39.849998, 39.849998, 39.41, 39.630001, 51600.0, 38.582457
2015-04-20, 40.09, 40.130001, 39.759998, 39.91, 45800.0, 38.855054
2015-04-21, 40.259998, 40.32, 40.029999, 40.150002, 33500.0, 39.088712
2015-04-22, 39.610001, 39.669998, 39.189999, 39.459999, 45200.0, 38.416949
2015-04-23, 39.540001, 40.150002, 39.41, 39.98, 37800.0, 38.923204
2015-04-24, 39.900002, 40.099998, 39.630001, 39.950001, 25300.0, 38.893998
2015-04-27, 40.830002, 41.130001, 40.790001, 40.810001, 24300.0, 39.731266
2015-04-28, 40.240002, 40.290001, 39.790001, 40.259998, 51100.0, 39.195801
2015-04-29, 39.790001, 39.82, 39.189999, 39.66, 53100.0, 38.611663
2015-04-30, 39.759998, 39.759998, 39.27, 39.43, 37700.0, 38.387743
2015-05-01, 39.700001, 39.900002, 39.5, 39.900002, 23800.0, 38.84532
2015-05-04, 39.970001, 39.970001, 39.540001, 39.560001, 61400.0, 38.514307
2015-05-05, 39.950001, 40.099998, 39.580002, 39.650002, 40500.0, 38.601929
2015-05-06, 39.400002, 39.450001, 38.400002, 39.200001, 42100.0, 38.163823
2015-05-07, 39.169998, 39.43, 39.080002, 39.330002, 42400.0, 38.290388
2015-05-08, 40.220001, 41.029999, 40.200001, 40.82, 36700.0, 39.741
2015-05-11, 39.369999, 40.330002, 39.369999, 39.48, 45900.0, 39.48
2015-05-12, 38.779999, 38.91, 38.299999, 38.82, 73800.0, 38.82
2015-05-13, 38.73, 38.82, 38.32, 38.57, 66800.0, 38.57
2015-05-14, 39.400002, 39.799999, 39.23, 39.799999, 29600.0, 39.799999
2015-05-15, 38.959999, 39.130001, 38.66, 39.09, 1208600.0, 39.09
2015-05-18, 38.919998, 39.060001, 38.790001, 38.919998, 537800.0, 38.919998
2015-05-19, 39.610001, 39.889999, 39.5, 39.669998, 355800.0, 39.669998
2015-05-20, 39.299999, 39.52, 39.169998, 39.380001, 39100.0, 39.380001
2015-05-21, 38.779999, 39.09, 38.759998, 39.049999, 350300.0, 39.049999
2015-05-22, 38.43, 38.57, 38.330002, 38.5, 540700.0, 38.5
2015-05-26, 37.540001, 37.709999, 37.200001, 37.57, 366500.0, 37.57
2015-05-27, 37.490002, 38.130001, 37.450001, 38.099998, 46100.0, 38.099998
2015-05-28, 37.470001, 37.619999, 37.119999, 37.549999, 46300.0, 37.549999
2015-05-29, 37.060001, 37.119999, 36.630001, 36.830002, 124700.0, 36.830002
2015-06-01, 36.880001, 36.880001, 36.41, 36.77, 29000.0, 36.77
2015-06-02, 36.919998, 37.439999, 36.779999, 37.150002, 48100.0, 37.150002
2015-06-03, 37.860001, 38.200001, 37.77, 37.880001, 76400.0, 37.880001
2015-06-04, 37.41, 38.150002, 37.150002, 37.310001, 51800.0, 37.310001
2015-06-05, 36.82, 37.150002, 36.540001, 36.830002, 39700.0, 36.830002
2015-06-08, 36.450001, 36.57, 36.16, 36.439999, 50600.0, 36.439999
2015-06-09, 36.240002, 36.860001, 36.110001, 36.650002, 82600.0, 36.650002
2015-06-10, 37.619999, 38.25, 37.41, 38.02, 40600.0, 38.02
2015-06-11, 38.200001, 38.32, 37.75, 37.93, 28800.0, 37.93
2015-06-12, 37.27, 37.560001, 36.950001, 37.450001, 68500.0, 37.450001
2015-06-15, 36.639999, 37.130001, 36.610001, 37.07, 67100.0, 37.07
2015-06-16, 36.84, 37.0, 36.66, 36.82, 34900.0, 36.82
2015-06-17, 36.57, 36.57, 36.02, 36.419998, 52700.0, 36.419998
2015-06-18, 36.450001, 37.799999, 36.450001, 37.25, 67400.0, 37.25
2015-06-19, 37.150002, 37.150002, 36.740002, 36.810001, 45600.0, 36.810001
2015-06-22, 38.669998, 38.939999, 38.490002, 38.5, 72400.0, 38.5
2015-06-23, 38.990002, 39.169998, 38.82, 38.91, 31500.0, 38.91
2015-06-24, 38.310001, 38.459999, 38.16, 38.16, 41600.0, 38.16
2015-06-25, 38.549999, 38.689999, 38.220001, 38.52, 23900.0, 38.52
2015-06-26, 38.639999, 38.700001, 38.279999, 38.57, 169000.0, 38.57
2015-06-29, 37.07, 37.279999, 36.619999, 36.740002, 128600.0, 36.740002
2015-06-30, 37.169998, 37.200001, 36.360001, 36.73, 122500.0, 36.73
2015-07-01, 37.259998, 37.490002, 36.799999, 37.0, 28400.0, 37.0
2015-07-02, 36.869999, 36.869999, 36.450001, 36.720001, 29000.0, 36.720001
2015-07-06, 35.759998, 36.209999, 35.439999, 35.68, 51300.0, 35.68
2015-07-07, 34.540001, 35.330002, 34.080002, 35.330002, 108800.0, 35.330002
2015-07-08, 33.919998, 34.060001, 33.639999, 33.869999, 70600.0, 33.869999
2015-07-09, 34.889999, 34.91, 34.41, 34.48, 66700.0, 34.48
2015-07-10, 35.450001, 35.66, 35.259998, 35.599998, 72200.0, 35.599998
2015-07-13, 34.709999, 34.939999, 34.549999, 34.84, 95900.0, 34.84
2015-07-14, 34.400002, 34.779999, 34.400002, 34.73, 46900.0, 34.73
2015-07-15, 34.34, 34.439999, 33.84, 33.939999, 56300.0, 33.939999
2015-07-16, 34.82, 34.959999, 34.709999, 34.779999, 64400.0, 34.779999
2015-07-17, 34.759998, 34.759998, 34.48, 34.599998, 26300.0, 34.599998
2015-07-20, 34.48, 34.650002, 34.459999, 34.560001, 42200.0, 34.560001
2015-07-21, 34.599998, 34.73, 34.509998, 34.580002, 72800.0, 34.580002
2015-07-22, 33.830002, 34.259998, 33.790001, 34.209999, 48500.0, 34.209999
2015-07-23, 34.220001, 34.360001, 34.049999, 34.09, 32300.0, 34.09
2015-07-24, 33.66, 33.740002, 33.119999, 33.150002, 105600.0, 33.150002
2015-07-27, 33.0, 33.060001, 32.77, 32.82, 58800.0, 32.82
2015-07-28, 33.029999, 33.369999, 32.849998, 33.310001, 56800.0, 33.310001
2015-07-29, 32.799999, 33.02, 32.73, 32.860001, 45100.0, 32.860001
2015-07-30, 32.68, 32.740002, 32.389999, 32.740002, 47100.0, 32.740002
2015-07-31, 33.580002, 33.619999, 33.349998, 33.369999, 80400.0, 33.369999
2015-08-03, 33.52, 33.66, 33.330002, 33.470001, 37800.0, 33.470001
2015-08-04, 32.869999, 33.150002, 32.869999, 32.91, 70000.0, 32.91
2015-08-05, 33.900002, 34.009998, 33.540001, 33.689999, 26700.0, 33.689999
2015-08-06, 33.619999, 33.630001, 33.360001, 33.580002, 31800.0, 33.580002
2015-08-07, 33.779999, 34.029999, 33.759998, 34.0, 32100.0, 34.0
2015-08-10, 33.740002, 34.290001, 33.740002, 34.279999, 57900.0, 34.279999
2015-08-11, 33.07, 33.119999, 32.75, 32.889999, 75100.0, 32.889999
2015-08-12, 32.09, 32.439999, 31.799999, 32.41, 289600.0, 32.41
2015-08-13, 31.99, 32.139999, 31.870001, 31.91, 361300.0, 31.91
2015-08-14, 31.9, 32.080002, 31.74, 31.99, 391600.0, 31.99
2015-08-17, 31.74, 32.099998, 31.709999, 32.060001, 33200.0, 32.060001
2015-08-18, 31.610001, 31.639999, 31.4, 31.459999, 380100.0, 31.459999
2015-08-19, 30.91, 31.26, 30.83, 31.139999, 31900.0, 31.139999
2015-08-20, 30.879999, 30.879999, 30.120001, 30.23, 60500.0, 30.23
2015-08-21, 30.370001, 30.66, 29.809999, 29.870001, 128700.0, 29.870001
2015-08-24, 29.440001, 30.58, 28.809999, 29.77, 136000.0, 29.77
2015-08-25, 31.469999, 31.48, 30.1, 30.16, 118100.0, 30.16
2015-08-26, 30.790001, 31.120001, 30.23, 31.120001, 106700.0, 31.120001
2015-08-27, 31.15, 31.27, 30.85, 31.209999, 56000.0, 31.209999
2015-08-28, 30.809999, 30.959999, 30.73, 30.92, 228600.0, 30.92
2015-08-31, 30.57, 30.83, 30.4, 30.690001, 74400.0, 30.690001
2015-09-01, 29.99, 30.02, 29.700001, 29.73, 93300.0, 29.73
2015-09-02, 29.969999, 30.040001, 29.629999, 30.040001, 49600.0, 30.040001
2015-09-03, 30.200001, 30.57, 30.139999, 30.190001, 50000.0, 30.190001
2015-09-04, 29.530001, 29.950001, 29.52, 29.809999, 55700.0, 29.809999
2015-09-08, 31.389999, 31.67, 31.23, 31.620001, 64300.0, 31.620001
2015-09-09, 32.209999, 32.279999, 31.43, 31.459999, 33700.0, 31.459999
2015-09-10, 32.080002, 32.549999, 32.080002, 32.450001, 81500.0, 32.450001
2015-09-11, 32.240002, 32.5, 32.209999, 32.5, 31100.0, 32.5
2015-09-14, 32.139999, 32.27, 32.0, 32.240002, 46400.0, 30.903059
2015-09-15, 32.700001, 33.049999, 32.619999, 32.990002, 70700.0, 31.621958
2015-09-16, 32.75, 33.0, 32.669998, 32.990002, 30800.0, 31.621958
2015-09-17, 33.220001, 33.740002, 33.110001, 33.490002, 36000.0, 32.101224
2015-09-18, 32.25, 32.599998, 32.18, 32.18, 46100.0, 30.845546
2015-09-21, 31.700001, 31.77, 31.23, 31.370001, 74900.0, 30.069136
2015-09-22, 29.799999, 29.98, 29.389999, 29.799999, 271500.0, 28.56424
2015-09-23, 29.93, 30.120001, 29.5, 29.780001, 103400.0, 28.54507
2015-09-24, 27.959999, 29.719999, 27.870001, 29.620001, 543500.0, 28.391706
2015-09-25, 29.32, 29.59, 29.07, 29.16, 219200.0, 27.95078
2015-09-28, 28.450001, 28.709999, 28.290001, 28.540001, 165100.0, 27.356492
2015-09-29, 28.620001, 28.83, 28.389999, 28.73, 145000.0, 27.538611
2015-09-30, 29.620001, 29.74, 29.17, 29.450001, 84300.0, 28.228755
2015-10-01, 29.43, 29.57, 28.969999, 29.450001, 47000.0, 28.228755
2015-10-02, 28.82, 29.610001, 28.790001, 29.540001, 126600.0, 28.315023
2015-10-05, 30.25, 30.49, 30.200001, 30.450001, 120900.0, 29.187287
2015-10-06, 30.709999, 31.0, 30.67, 30.73, 87500.0, 29.455674
2015-10-07, 32.630001, 32.66, 32.0, 32.400002, 51000.0, 31.056424
2015-10-08, 32.220001, 32.82, 32.220001, 32.810001, 34500.0, 31.449422
2015-10-09, 33.220001, 33.349998, 33.0, 33.220001, 34900.0, 31.84242
2015-10-12, 33.709999, 33.900002, 33.66, 33.900002, 43300.0, 32.494221
2015-10-13, 32.849998, 33.459999, 32.810001, 33.290001, 39400.0, 31.909516
2015-10-14, 33.689999, 33.720001, 33.07, 33.119999, 36500.0, 31.746564
2015-10-15, 33.049999, 33.330002, 32.900002, 33.220001, 31600.0, 31.84242
2015-10-16, 32.700001, 32.939999, 32.689999, 32.889999, 44600.0, 31.526102
2015-10-19, 33.099998, 33.130001, 32.93, 33.009998, 27100.0, 31.641125
2015-10-20, 32.799999, 33.049999, 32.77, 32.990002, 56400.0, 31.621958
2015-10-21, 33.41, 33.470001, 33.080002, 33.080002, 34300.0, 31.708226
2015-10-22, 33.369999, 33.869999, 33.369999, 33.75, 42700.0, 32.35044
2015-10-23, 34.490002, 34.610001, 34.139999, 34.349998, 45000.0, 32.925558
2015-10-26, 34.310001, 34.310001, 34.049999, 34.169998, 31400.0, 32.753022
2015-10-27, 34.200001, 34.200001, 33.900002, 33.98, 30400.0, 32.570902
2015-10-28, 34.119999, 34.439999, 33.779999, 34.119999, 29100.0, 32.705096
2015-10-29, 33.939999, 34.099998, 33.84, 34.049999, 62100.0, 32.637999
2015-10-30, 34.139999, 34.369999, 34.060001, 34.099998, 50700.0, 32.685925
2015-11-02, 34.540001, 34.77, 34.529999, 34.73, 52300.0, 33.289801
2015-11-03, 33.860001, 34.310001, 33.560001, 34.150002, 32900.0, 32.733854
2015-11-04, 33.470001, 33.639999, 33.23, 33.419998, 44800.0, 32.034123
2015-11-05, 33.700001, 33.75, 33.43, 33.630001, 29800.0, 32.235417
2015-11-06, 34.209999, 34.599998, 34.139999, 34.450001, 38900.0, 33.021413
2015-11-09, 34.450001, 34.5, 33.900002, 34.049999, 22700.0, 32.637999
2015-11-10, 33.919998, 34.299999, 33.919998, 34.27, 29700.0, 32.848877
2015-11-11, 34.419998, 34.5, 34.16, 34.279999, 18600.0, 32.858461
2015-11-12, 33.59, 33.990002, 33.59, 33.669998, 36000.0, 32.273756
2015-11-13, 33.799999, 33.91, 33.349998, 33.73, 38700.0, 32.331269
2015-11-16, 33.84, 34.119999, 33.740002, 34.119999, 31600.0, 32.705096
2015-11-17, 34.259998, 34.580002, 34.02, 34.099998, 26900.0, 32.685925
2015-11-18, 34.68, 34.849998, 34.490002, 34.849998, 23000.0, 33.404823
2015-11-19, 35.07, 35.330002, 35.060001, 35.25, 38700.0, 33.788237
2015-11-20, 35.369999, 35.380001, 35.040001, 35.040001, 20700.0, 33.586947
2015-11-23, 34.860001, 34.93, 34.529999, 34.68, 38500.0, 33.241875
2015-11-24, 34.369999, 34.450001, 34.189999, 34.439999, 37800.0, 33.011826
2015-11-25, 34.889999, 35.200001, 34.849998, 35.110001, 24400.0, 33.654044
2015-11-27, 35.740002, 35.939999, 35.740002, 35.790001, 23800.0, 34.305845
2015-11-30, 36.450001, 36.48, 36.200001, 36.330002, 82900.0, 34.823453
2015-12-01, 36.790001, 36.830002, 36.450001, 36.650002, 94300.0, 35.130183
2015-12-02, 36.049999, 36.290001, 35.900002, 36.040001, 33900.0, 34.545478
2015-12-03, 35.970001, 36.049999, 35.259998, 35.5, 45600.0, 34.02787
2015-12-04, 35.189999, 36.07, 35.18, 36.040001, 50000.0, 34.545478
2015-12-07, 36.23, 36.23, 36.040001, 36.23, 36000.0, 34.727598
2015-12-08, 35.16, 35.380001, 34.880001, 35.32, 58700.0, 33.855334
2015-12-09, 35.459999, 35.880001, 35.049999, 35.380001, 40800.0, 33.912848
2015-12-10, 35.41, 35.66, 35.310001, 35.439999, 43100.0, 33.970357
2015-12-11, 34.32, 34.630001, 34.169998, 34.209999, 51200.0, 32.791364
2015-12-14, 34.279999, 34.400002, 33.720001, 34.150002, 83200.0, 32.733854
2015-12-15, 34.66, 34.779999, 34.290001, 34.330002, 49900.0, 32.90639
2015-12-16, 34.98, 35.540001, 34.75, 35.43, 47000.0, 33.960773
2015-12-17, 35.869999, 35.880001, 35.380001, 35.560001, 44900.0, 34.085384
2015-12-18, 34.990002, 35.009998, 34.619999, 34.66, 44300.0, 33.222704
2015-12-21, 35.66, 35.66, 34.580002, 34.950001, 118100.0, 33.500679
2015-12-22, 35.209999, 35.5, 35.049999, 35.48, 59300.0, 34.008699
2015-12-23, 35.779999, 35.970001, 35.66, 35.950001, 57500.0, 34.45921
2015-12-24, 36.0, 36.09, 35.939999, 36.09, 18400.0, 34.593404
2015-12-28, 35.740002, 35.830002, 35.52, 35.75, 34700.0, 34.267503
2015-12-29, 35.799999, 35.950001, 35.66, 35.93, 57500.0, 34.440039
2015-12-30, 35.599998, 35.599998, 35.200001, 35.34, 35800.0, 33.874505
2015-12-31, 35.09, 35.380001, 34.77, 34.869999, 45400.0, 33.423994
2016-01-04, 33.619999, 33.68, 32.959999, 33.68, 123000.0, 32.283343
2016-01-05, 32.939999, 33.02, 32.540001, 32.939999, 46300.0, 31.574028
2016-01-06, 31.299999, 31.84, 31.209999, 31.709999, 71500.0, 30.395035
2016-01-07, 30.57, 30.959999, 30.469999, 30.57, 79500.0, 29.302309
2016-01-08, 30.700001, 30.74, 29.889999, 29.98, 55100.0, 28.736776
2016-01-11, 30.68, 30.73, 29.969999, 30.23, 56100.0, 28.976409
2016-01-12, 30.950001, 31.07, 30.58, 31.01, 95400.0, 29.724064
2016-01-13, 30.41, 30.48, 29.290001, 29.459999, 266700.0, 28.238339
2016-01-14, 29.26, 29.49, 28.74, 29.35, 76100.0, 28.132902
2016-01-15, 28.08, 28.440001, 27.93, 28.1, 64900.0, 26.934737
2016-01-19, 28.74, 28.879999, 28.02, 28.360001, 127400.0, 27.183956
2016-01-20, 27.950001, 28.209999, 27.43, 27.99, 155700.0, 26.829298
2016-01-21, 28.200001, 28.719999, 27.950001, 28.49, 93900.0, 27.308564
2016-01-22, 28.959999, 29.1, 28.610001, 28.799999, 70700.0, 27.605708
2016-01-25, 28.450001, 28.530001, 28.200001, 28.200001, 78000.0, 27.030591
2016-01-26, 28.42, 28.860001, 28.41, 28.74, 118900.0, 27.548197
2016-01-27, 28.65, 29.110001, 28.4, 28.549999, 61200.0, 27.366075
2016-01-28, 28.690001, 28.690001, 28.15, 28.41, 50200.0, 27.231881
2016-01-29, 27.700001, 27.780001, 27.299999, 27.77, 78700.0, 26.618422
2016-02-01, 27.190001, 27.530001, 26.98, 27.469999, 610800.0, 26.330861
2016-02-02, 27.18, 27.18, 26.58, 26.719999, 78600.0, 25.611963
2016-02-03, 27.09, 27.23, 26.57, 27.23, 45500.0, 26.100814
2016-02-04, 26.25, 26.809999, 26.209999, 26.58, 42000.0, 25.477769
2016-02-05, 27.139999, 27.27, 26.58, 26.68, 52600.0, 25.573622
2016-02-08, 25.870001, 25.99, 25.57, 25.809999, 115200.0, 24.739699
2016-02-09, 25.200001, 25.67, 25.16, 25.59, 105800.0, 24.528823
2016-02-10, 25.92, 26.07, 25.610001, 25.67, 53000.0, 24.605505
2016-02-11, 25.66, 25.77, 25.299999, 25.68, 52300.0, 24.615091
2016-02-12, 26.33, 26.33, 25.92, 26.290001, 82400.0, 25.199796
2016-02-16, 27.01, 27.23, 26.75, 27.200001, 79300.0, 26.072059
2016-02-17, 27.58, 28.09, 27.58, 28.02, 67100.0, 26.858055
2016-02-18, 28.08, 28.1, 27.690001, 27.809999, 30400.0, 26.656762
2016-02-19, 27.309999, 27.389999, 27.15, 27.290001, 30700.0, 26.158327
2016-02-22, 27.5, 27.610001, 27.5, 27.57, 55500.0, 26.426715
2016-02-23, 27.1, 27.110001, 26.74, 26.870001, 57100.0, 25.755744
2016-02-24, 25.610001, 26.200001, 25.35, 26.200001, 56500.0, 25.113528
2016-02-25, 26.27, 26.370001, 26.1, 26.25, 62000.0, 25.161453
2016-02-26, 26.92, 26.950001, 26.73, 26.790001, 57300.0, 25.679061
2016-02-29, 27.219999, 27.24, 26.879999, 26.969999, 117100.0, 25.851595
2016-03-01, 28.110001, 28.49, 28.07, 28.43, 90400.0, 27.251053
2016-03-02, 28.77, 29.129999, 28.68, 29.129999, 60200.0, 27.922023
2016-03-03, 29.549999, 29.799999, 29.540001, 29.76, 25200.0, 28.525899
2016-03-04, 30.139999, 30.379999, 29.99, 30.290001, 55400.0, 29.033922
2016-03-07, 29.450001, 30.08, 29.450001, 30.02, 37400.0, 28.775118
2016-03-08, 29.860001, 29.860001, 29.219999, 29.280001, 42200.0, 28.065805
2016-03-09, 28.57, 28.83, 28.299999, 28.74, 45700.0, 27.548197
2016-03-10, 29.0, 29.23, 27.889999, 28.33, 92900.0, 27.155199
2016-03-11, 29.200001, 29.42, 29.07, 29.379999, 33700.0, 28.161656
2016-03-14, 29.549999, 29.74, 29.49, 29.66, 40200.0, 28.430046
2016-03-15, 29.33, 29.48, 29.15, 29.48, 52600.0, 28.25751
2016-03-16, 30.51, 31.02, 30.42, 31.02, 71900.0, 29.733649
2016-03-17, 30.26, 30.59, 30.09, 30.57, 52400.0, 29.302309
2016-03-18, 30.67, 30.790001, 30.5, 30.540001, 43300.0, 29.273555
2016-03-21, 30.33, 30.469999, 30.290001, 30.42, 22900.0, 29.15853
2016-03-22, 30.07, 30.440001, 29.93, 30.33, 28000.0, 29.072262
2016-03-23, 30.43, 30.43, 29.93, 30.0, 36400.0, 28.755947
2016-03-24, 29.57, 29.780001, 29.530001, 29.780001, 36400.0, 28.54507
2016-03-28, 29.799999, 29.91, 29.690001, 29.82, 41900.0, 28.583411
2016-03-29, 29.76, 30.440001, 29.68, 30.440001, 194400.0, 29.177701
2016-03-30, 31.07, 31.299999, 30.9, 31.01, 40600.0, 29.724064
2016-03-31, 30.68, 30.73, 30.58, 30.58, 38100.0, 29.311895
2016-04-01, 29.559999, 29.75, 29.33, 29.639999, 40400.0, 28.410875
2016-04-04, 29.34, 29.530001, 29.200001, 29.27, 35000.0, 28.056219
2016-04-05, 28.33, 28.51, 28.200001, 28.24, 41400.0, 27.068931
2016-04-06, 27.889999, 28.620001, 27.860001, 28.620001, 39500.0, 27.433174
2016-04-07, 28.040001, 28.18, 27.690001, 27.84, 34500.0, 26.685519
2016-04-08, 28.280001, 28.33, 28.09, 28.15, 23600.0, 26.982663
2016-04-11, 28.459999, 28.620001, 28.33, 28.360001, 19600.0, 27.183956
2016-04-12, 28.469999, 28.700001, 28.18, 28.700001, 28100.0, 27.509856
2016-04-13, 29.33, 29.370001, 29.15, 29.27, 21200.0, 28.056219
2016-04-14, 29.540001, 29.73, 29.389999, 29.6, 30400.0, 28.372534
2016-04-15, 29.59, 29.59, 29.309999, 29.4, 32900.0, 28.180827
2016-04-18, 29.719999, 30.450001, 29.67, 30.35, 40800.0, 29.091433
2016-04-19, 31.120001, 31.5, 31.049999, 31.459999, 28600.0, 30.155402
2016-04-20, 31.719999, 31.83, 31.530001, 31.690001, 54400.0, 30.375866
2016-04-21, 31.9, 31.92, 31.41, 31.440001, 46500.0, 30.136233
2016-04-22, 31.08, 31.309999, 30.879999, 31.0, 29000.0, 29.714478
2016-04-25, 30.959999, 30.959999, 30.73, 30.809999, 15700.0, 29.532357
2016-04-26, 31.35, 31.35, 30.969999, 31.17, 28000.0, 29.877429
2016-04-27, 31.209999, 31.629999, 31.209999, 31.629999, 17000.0, 30.318352
2016-04-28, 31.290001, 31.67, 31.27, 31.4, 41600.0, 30.097891
2016-04-29, 31.23, 31.23, 30.700001, 30.860001, 32600.0, 29.580284
2016-05-02, 31.23, 31.27, 31.02, 31.27, 40800.0, 29.973282
2016-05-03, 30.309999, 30.309999, 29.85, 30.08, 33700.0, 28.832629
2016-05-04, 29.24, 29.5, 29.059999, 29.25, 42000.0, 28.037048
2016-05-05, 28.6, 28.790001, 28.530001, 28.610001, 39100.0, 27.423588
2016-05-06, 28.52, 28.959999, 28.52, 28.889999, 28700.0, 27.691976
2016-05-09, 29.219999, 29.379999, 28.91, 29.01, 40900.0, 27.807001
2016-05-10, 28.27, 28.74, 28.27, 28.74, 33300.0, 28.74
2016-05-11, 28.469999, 28.549999, 28.049999, 28.07, 38300.0, 28.07
2016-05-12, 28.200001, 28.200001, 27.610001, 27.75, 85500.0, 27.75
2016-05-13, 27.700001, 27.799999, 27.440001, 27.51, 32600.0, 27.51
2016-05-16, 27.690001, 27.959999, 27.690001, 27.92, 62900.0, 27.92
2016-05-17, 27.07, 27.120001, 26.74, 26.82, 81700.0, 26.82
2016-05-18, 26.52, 26.76, 26.309999, 26.48, 33000.0, 26.48
2016-05-19, 26.540001, 26.610001, 26.309999, 26.459999, 47700.0, 26.459999
2016-05-20, 26.74, 26.84, 26.67, 26.76, 26700.0, 26.76
2016-05-23, 26.309999, 26.540001, 26.280001, 26.450001, 48100.0, 26.450001
2016-05-24, 26.610001, 26.92, 26.549999, 26.879999, 80800.0, 26.879999
2016-05-25, 27.360001, 27.530001, 27.34, 27.379999, 61400.0, 27.379999
2016-05-26, 28.129999, 28.209999, 27.940001, 28.049999, 50000.0, 28.049999
2016-05-27, 27.799999, 27.870001, 27.719999, 27.809999, 40500.0, 27.809999
2016-05-31, 28.1, 28.309999, 27.98, 28.02, 25700.0, 28.02
2016-06-01, 27.559999, 27.610001, 27.379999, 27.610001, 46500.0, 27.610001
2016-06-02, 27.549999, 27.65, 27.450001, 27.58, 38800.0, 27.58
2016-06-03, 27.27, 27.389999, 27.040001, 27.34, 25100.0, 27.34
2016-06-06, 27.290001, 27.379999, 27.27, 27.34, 22800.0, 27.34
2016-06-07, 27.889999, 27.969999, 27.809999, 27.83, 41800.0, 27.83
2016-06-08, 27.75, 27.84, 27.6, 27.709999, 25800.0, 27.709999
2016-06-09, 26.9, 27.16, 26.889999, 27.120001, 50600.0, 27.120001
2016-06-10, 26.48, 26.65, 26.299999, 26.389999, 40500.0, 26.389999
2016-06-13, 26.09, 26.309999, 25.82, 25.889999, 41100.0, 25.889999
2016-06-14, 25.52, 25.59, 25.16, 25.360001, 105600.0, 25.360001
2016-06-15, 25.57, 26.219999, 25.530001, 25.6, 171800.0, 25.6
2016-06-16, 25.049999, 25.98, 24.879999, 25.84, 87200.0, 25.84
2016-06-17, 26.059999, 26.209999, 25.77, 26.1, 53000.0, 26.1
2016-06-20, 27.17, 27.35, 27.139999, 27.17, 72400.0, 27.17
2016-06-21, 27.309999, 27.629999, 27.1, 27.4, 42300.0, 27.4
2016-06-22, 27.59, 27.67, 27.15, 27.24, 70800.0, 27.24
2016-06-23, 27.93, 28.42, 27.75, 28.42, 59700.0, 28.42
2016-06-24, 25.1, 25.870001, 25.049999, 25.139999, 219700.0, 25.139999
2016-06-27, 24.379999, 24.379999, 23.780001, 24.34, 307300.0, 24.34
2016-06-28, 24.790001, 24.889999, 24.15, 24.610001, 160100.0, 24.610001
2016-06-29, 24.67, 24.74, 24.27, 24.450001, 106500.0, 24.450001
2016-06-30, 24.200001, 24.67, 24.0, 24.540001, 79200.0, 24.540001
