2007-06-20, 10.32, 10.65, 10.18, 10.2, 13700.0, 204.0
2007-06-21, 10.2, 10.35, 10.16, 10.2, 10600.0, 204.0
2007-06-22, 10.33, 10.5, 10.21, 10.3, 10700.0, 206.0
2007-06-25, 10.37, 10.65, 10.3, 10.34, 7800.0, 206.8
2007-06-26, 10.44, 10.52, 10.25, 10.4, 3000.0, 208.0
2007-06-27, 10.4, 10.44, 10.3, 10.42, 2400.0, 208.4
2007-06-28, 10.5, 10.5, 10.43, 10.43, 3600.0, 208.6
2007-06-29, 10.65, 10.65, 10.51, 10.65, 4800.0, 213.0
2007-07-02, 10.65, 10.86, 10.6, 10.76, 16800.0, 215.2
2007-07-03, 10.92, 11.97, 10.79, 11.33, 2600.0, 226.6
2007-07-05, 11.35, 11.35, 11.1, 11.17, 5400.0, 223.4
2007-07-06, 11.25, 11.25, 10.9, 10.94, 4100.0, 218.8
2007-07-09, 11.1, 11.15, 10.6, 11.0, 6200.0, 220.0
2007-07-10, 11.0, 11.1, 10.71, 10.89, 10400.0, 217.8
2007-07-11, 10.9, 10.91, 10.75, 10.81, 3300.0, 216.2
2007-07-12, 10.65, 10.9, 10.4, 10.59, 5800.0, 211.8
2007-07-13, 10.38, 10.55, 10.38, 10.44, 2600.0, 208.8
2007-07-16, 10.36, 10.38, 10.06, 10.25, 4900.0, 205.0
2007-07-17, 10.2, 10.25, 9.3, 9.8, 22100.0, 196.0
2007-07-18, 9.88, 9.88, 9.0, 9.11, 15400.0, 182.2
2007-07-19, 9.0, 9.09, 8.64, 8.91, 15900.0, 178.2
2007-07-20, 8.98, 9.36, 8.75, 9.2, 2900.0, 184.0
2007-07-23, 9.28, 9.5, 9.24, 9.4, 2800.0, 188.0
2007-07-24, 9.5, 9.5, 9.0, 9.09, 5100.0, 181.8
2007-07-25, 9.34, 9.43, 9.1, 9.12, 5400.0, 182.4
2007-07-26, 9.24, 9.24, 8.85, 8.9, 5200.0, 178.0
2007-07-27, 9.0, 9.19, 8.63, 8.76, 7700.0, 175.2
2007-07-30, 8.75, 8.98, 8.75, 8.98, 5600.0, 179.6
2007-07-31, 8.98, 9.07, 8.9, 8.94, 3900.0, 178.8
2007-08-01, 8.72, 8.86, 8.0, 8.4, 5600.0, 168.0
2007-08-02, 8.5, 8.6, 7.78, 7.96, 7400.0, 159.2
2007-08-03, 7.85, 7.93, 7.05, 7.37, 9100.0, 147.4
2007-08-06, 7.55, 7.57, 7.03, 7.3, 7500.0, 146.0
2007-08-07, 7.21, 7.89, 7.05, 7.64, 5600.0, 152.8
2007-08-08, 7.78, 8.91, 7.42, 8.38, 11600.0, 167.6
2007-08-09, 8.64, 8.88, 8.04, 8.25, 4900.0, 165.0
2007-08-10, 8.2, 8.2, 7.87, 7.96, 1500.0, 159.2
2007-08-13, 7.91, 8.4, 7.77, 7.85, 1800.0, 157.0
2007-08-14, 7.77, 7.87, 7.3, 7.38, 3100.0, 147.6
2007-08-15, 7.37, 7.49, 7.28, 7.31, 1800.0, 146.2
2007-08-16, 7.21, 7.94, 6.8, 6.98, 6300.0, 139.6
2007-08-17, 7.13, 7.25, 6.62, 6.9, 6200.0, 138.0
2007-08-20, 7.01, 7.05, 6.9, 6.97, 1000.0, 139.4
2007-08-21, 6.9, 6.96, 6.66, 6.89, 1800.0, 137.8
2007-08-22, 6.84, 6.86, 6.4, 6.63, 6600.0, 132.6
2007-08-23, 6.51, 6.6, 6.01, 6.3, 3900.0, 126.0
2007-08-24, 6.46, 6.49, 5.57, 6.11, 14100.0, 122.2
2007-08-27, 6.11, 6.29, 5.95, 6.25, 2900.0, 125.0
2007-08-28, 6.25, 6.25, 5.75, 5.9, 4400.0, 118.0
2007-08-29, 5.95, 6.14, 5.75, 6.12, 3700.0, 122.4
2007-08-30, 6.04, 6.32, 6.03, 6.14, 2500.0, 122.8
2007-08-31, 6.29, 6.4, 6.15, 6.25, 5200.0, 125.0
2007-09-04, 6.31, 6.47, 6.0, 6.31, 12700.0, 126.2
2007-09-05, 6.31, 7.65, 6.28, 7.14, 7000.0, 142.8
2007-09-06, 7.1, 7.36, 7.04, 7.18, 3700.0, 143.6
2007-09-07, 7.22, 7.33, 7.1, 7.25, 3700.0, 145.0
2007-09-10, 7.25, 7.25, 7.0, 7.03, 2000.0, 140.6
2007-09-11, 7.06, 7.2, 7.01, 7.1, 2200.0, 142.0
2007-09-12, 7.0, 7.33, 6.86, 7.15, 5100.0, 143.0
2007-09-13, 7.1, 7.4, 7.04, 7.25, 6000.0, 145.0
2007-09-14, 7.25, 7.25, 6.91, 7.05, 2500.0, 141.0
2007-09-17, 7.01, 7.02, 6.9, 6.97, 300.0, 139.4
2007-09-18, 7.1, 7.1, 6.62, 6.73, 3400.0, 134.6
2007-09-19, 6.74, 6.9, 6.74, 6.76, 900.0, 135.2
2007-09-20, 6.58, 6.61, 6.1, 6.22, 4200.0, 124.4
2007-09-21, 6.21, 6.34, 6.09, 6.15, 3200.0, 123.0
2007-09-24, 6.21, 6.23, 5.77, 5.86, 3600.0, 117.2
2007-09-25, 5.86, 5.94, 5.61, 5.66, 2600.0, 113.2
2007-09-26, 5.65, 5.66, 5.43, 5.47, 7300.0, 109.4
2007-09-27, 5.47, 5.75, 5.42, 5.72, 5000.0, 114.4
2007-09-28, 5.72, 5.79, 5.41, 5.79, 3800.0, 115.8
2007-10-01, 5.74, 5.8, 5.37, 5.53, 5400.0, 110.6
2007-10-02, 5.19, 5.53, 5.11, 5.17, 7700.0, 103.4
2007-10-03, 5.15, 5.41, 4.58, 4.61, 12500.0, 92.2
2007-10-04, 4.44, 4.5, 4.25, 4.29, 25800.0, 85.8
2007-10-05, 4.29, 4.7, 4.26, 4.7, 4900.0, 94.0
2007-10-08, 4.75, 4.76, 4.54, 4.65, 2400.0, 93.0
2007-10-09, 4.7, 4.79, 4.54, 4.62, 3800.0, 92.4
2007-10-10, 4.66, 4.66, 4.5, 4.63, 4200.0, 92.6
2007-10-11, 4.69, 4.69, 4.5, 4.63, 3800.0, 92.6
2007-10-12, 4.66, 4.66, 4.31, 4.46, 4000.0, 89.2
2007-10-15, 4.65, 5.75, 4.65, 5.24, 24800.0, 104.8
2007-10-16, 5.38, 5.45, 5.0, 5.29, 7600.0, 105.8
2007-10-17, 5.3, 5.45, 5.03, 5.03, 6400.0, 100.6
2007-10-18, 5.04, 5.53, 5.04, 5.36, 4200.0, 107.2
2007-10-19, 5.53, 5.53, 5.2, 5.38, 2600.0, 107.6
2007-10-22, 5.42, 5.42, 5.11, 5.32, 2200.0, 106.4
2007-10-23, 5.38, 5.4, 5.16, 5.29, 1400.0, 105.8
2007-10-24, 5.2, 5.24, 5.05, 5.16, 2000.0, 103.2
2007-10-25, 5.14, 5.25, 5.01, 5.05, 2700.0, 101.0
2007-10-26, 5.07, 5.21, 4.9, 5.15, 2500.0, 103.0
2007-10-29, 5.19, 5.53, 5.12, 5.29, 5000.0, 105.8
2007-10-30, 5.3, 5.6, 5.3, 5.44, 1600.0, 108.8
2007-10-31, 5.44, 5.59, 5.25, 5.49, 2600.0, 109.8
2007-11-01, 5.47, 5.54, 5.25, 5.32, 2900.0, 106.4
2007-11-02, 5.33, 5.35, 5.05, 5.21, 2500.0, 104.2
2007-11-05, 5.19, 5.31, 5.0, 5.14, 1800.0, 102.8
2007-11-06, 5.13, 5.31, 5.05, 5.2, 3700.0, 104.0
2007-11-07, 5.25, 5.31, 5.0, 5.26, 1200.0, 105.2
2007-11-08, 5.3, 5.68, 5.03, 5.54, 4200.0, 110.8
2007-11-09, 5.42, 5.42, 5.03, 5.11, 5300.0, 102.2
2007-11-12, 4.96, 5.15, 4.85, 4.89, 1800.0, 97.8
2007-11-13, 4.88, 5.15, 4.63, 4.66, 14200.0, 93.2
2007-11-14, 5.24, 5.75, 4.72, 4.95, 10100.0, 99.0
2007-11-15, 4.97, 5.31, 4.67, 4.89, 5300.0, 97.8
2007-11-16, 4.86, 5.2, 4.63, 5.0, 4200.0, 100.0
2007-11-19, 5.0, 5.02, 4.63, 4.66, 6000.0, 93.2
2007-11-20, 4.69, 4.75, 4.1, 4.3, 6000.0, 86.0
2007-11-21, 4.23, 4.27, 3.93, 4.22, 13800.0, 84.4
2007-11-23, 4.22, 4.22, 4.01, 4.04, 5600.0, 80.8
2007-11-26, 4.12, 4.3, 4.1, 4.18, 5300.0, 83.6
2007-11-27, 4.25, 4.29, 4.11, 4.26, 10700.0, 85.2
2007-11-28, 4.26, 4.48, 4.0, 4.21, 7200.0, 84.2
2007-11-29, 4.23, 4.93, 4.11, 4.84, 3400.0, 96.8
2007-11-30, 4.92, 5.1, 4.9, 4.99, 4000.0, 99.8
2007-12-03, 5.02, 5.1, 4.82, 5.1, 1700.0, 102.0
2007-12-04, 5.1, 5.47, 4.71, 5.26, 4300.0, 105.2
2007-12-05, 5.68, 5.68, 5.12, 5.33, 5400.0, 106.6
2007-12-06, 5.3, 5.4, 5.14, 5.17, 2400.0, 103.4
2007-12-07, 5.21, 5.34, 4.94, 4.98, 4400.0, 99.6
2007-12-10, 4.94, 5.34, 4.94, 5.23, 2700.0, 104.6
2007-12-11, 5.21, 5.46, 5.12, 5.38, 3900.0, 107.6
2007-12-12, 5.44, 5.58, 5.27, 5.47, 4400.0, 109.4
2007-12-13, 5.4, 5.75, 5.15, 5.66, 3600.0, 113.2
2007-12-14, 5.8, 6.2, 5.8, 6.1, 7700.0, 122.0
2007-12-17, 6.19, 6.28, 6.15, 6.24, 8100.0, 124.8
2007-12-18, 6.32, 6.41, 6.1, 6.23, 14700.0, 124.6
2007-12-19, 6.25, 6.44, 6.14, 6.35, 8300.0, 127.0
2007-12-20, 6.43, 7.25, 6.43, 6.88, 9100.0, 137.6
2007-12-21, 6.88, 7.42, 6.73, 7.09, 11100.0, 141.8
2007-12-24, 7.19, 7.29, 7.05, 7.29, 3400.0, 145.8
2007-12-26, 7.25, 7.25, 6.87, 7.1, 7700.0, 142.0
2007-12-27, 7.13, 7.13, 6.63, 6.9, 4500.0, 138.0
2007-12-28, 6.88, 6.94, 6.6, 6.83, 2400.0, 136.6
2007-12-31, 6.79, 7.05, 6.5, 7.03, 3400.0, 140.6
2008-01-02, 7.07, 7.07, 6.76, 6.98, 4700.0, 139.6
2008-01-03, 7.1, 7.25, 6.84, 7.24, 3500.0, 144.8
2008-01-04, 7.15, 7.27, 7.01, 7.21, 2100.0, 144.2
2008-01-07, 7.18, 7.44, 6.95, 7.23, 4300.0, 144.6
2008-01-08, 7.2, 7.75, 7.0, 7.28, 5800.0, 145.6
2008-01-09, 7.28, 7.28, 6.91, 6.99, 6800.0, 139.8
2008-01-10, 6.92, 7.0, 6.67, 6.98, 4400.0, 139.6
2008-01-11, 6.95, 7.01, 6.6, 6.8, 8300.0, 136.0
2008-01-14, 6.1, 6.8, 6.1, 6.73, 10000.0, 134.6
2008-01-15, 6.42, 6.65, 6.23, 6.48, 11200.0, 129.6
2008-01-16, 6.43, 6.73, 6.39, 6.6, 5200.0, 132.0
2008-01-17, 6.6, 6.78, 6.31, 6.66, 9400.0, 133.2
2008-01-18, 6.3, 6.66, 6.0, 6.39, 4600.0, 127.8
2008-01-22, 6.0, 6.57, 5.75, 6.45, 4500.0, 129.0
2008-01-23, 6.3, 6.62, 5.96, 6.39, 7000.0, 127.8
2008-01-24, 6.44, 6.48, 6.06, 6.45, 2100.0, 129.0
2008-01-25, 6.5, 6.55, 6.33, 6.5, 1500.0, 130.0
2008-01-28, 6.45, 6.5, 6.22, 6.5, 2100.0, 130.0
2008-01-29, 6.75, 6.75, 6.44, 6.49, 3900.0, 129.8
2008-01-30, 6.74, 6.74, 6.38, 6.44, 2700.0, 128.8
2008-01-31, 6.36, 6.5, 6.2, 6.45, 2200.0, 129.0
2008-02-01, 6.5, 6.5, 6.0, 6.45, 2200.0, 129.0
2008-02-04, 6.41, 6.5, 6.3, 6.33, 1400.0, 126.6
2008-02-05, 6.31, 6.38, 6.2, 6.21, 1700.0, 124.2
2008-02-06, 6.25, 6.42, 6.0, 6.2, 2200.0, 124.0
2008-02-07, 6.16, 6.39, 6.15, 6.2, 3100.0, 124.0
2008-02-08, 6.16, 6.38, 6.16, 6.27, 1600.0, 125.4
2008-02-11, 6.3, 6.33, 6.13, 6.22, 1700.0, 124.4
2008-02-12, 6.2, 6.29, 5.6, 5.6, 4600.0, 112.0
2008-02-13, 5.59, 5.65, 5.36, 5.43, 6000.0, 108.6
2008-02-14, 5.4, 5.96, 5.4, 5.65, 2600.0, 113.0
2008-02-15, 5.61, 5.96, 5.61, 5.94, 2200.0, 118.8
2008-02-19, 6.0, 6.34, 5.77, 6.34, 2600.0, 126.8
2008-02-20, 6.18, 6.31, 6.0, 6.29, 3600.0, 125.8
2008-02-21, 6.29, 6.29, 5.64, 6.03, 800.0, 120.6
2008-02-22, 5.98, 5.98, 5.65, 5.81, 1600.0, 116.2
2008-02-25, 5.82, 5.82, 5.65, 5.74, 700.0, 114.8
2008-02-26, 5.75, 5.75, 5.72, 5.75, 400.0, 115.0
2008-02-27, 5.7, 5.75, 5.62, 5.75, 1200.0, 115.0
2008-02-28, 5.75, 5.75, 5.63, 5.75, 1000.0, 115.0
2008-02-29, 5.36, 5.75, 5.36, 5.59, 900.0, 111.8
2008-03-03, 5.56, 5.56, 5.1, 5.3, 1100.0, 106.0
2008-03-04, 5.21, 5.23, 4.75, 4.81, 2600.0, 96.2
2008-03-05, 4.77, 4.89, 4.75, 4.85, 700.0, 97.0
2008-03-06, 4.88, 5.0, 4.4, 4.4, 1700.0, 88.0
2008-03-07, 4.4, 4.6, 4.08, 4.25, 2600.0, 85.0
2008-03-10, 4.3, 4.46, 4.09, 4.1, 1800.0, 82.0
2008-03-11, 4.2, 4.4, 4.19, 4.4, 700.0, 88.0
2008-03-12, 4.55, 4.55, 4.42, 4.45, 400.0, 89.0
2008-03-13, 4.4, 4.4, 4.21, 4.3, 2300.0, 86.0
2008-03-14, 4.34, 4.42, 3.88, 4.01, 1100.0, 80.2
2008-03-17, 3.95, 4.15, 3.87, 3.94, 1300.0, 78.8
2008-03-18, 3.97, 4.32, 3.97, 4.12, 1600.0, 82.4
2008-03-19, 4.18, 4.29, 3.79, 3.82, 3000.0, 76.4
2008-03-20, 3.76, 4.19, 3.76, 4.1, 2700.0, 82.0
2008-03-24, 4.17, 4.58, 4.07, 4.46, 2400.0, 89.2
2008-03-25, 4.47, 4.54, 4.45, 4.5, 2000.0, 90.0
2008-03-26, 4.49, 4.62, 4.49, 4.59, 1300.0, 91.8
2008-03-27, 4.23, 4.78, 4.23, 4.75, 1200.0, 95.0
2008-03-28, 4.83, 5.0, 4.7, 4.84, 1900.0, 96.8
2008-03-31, 4.78, 4.82, 4.54, 4.58, 800.0, 91.6
2008-04-01, 4.56, 4.75, 4.56, 4.75, 800.0, 95.0
2008-04-02, 4.89, 4.89, 4.6, 4.73, 1200.0, 94.6
2008-04-03, 4.63, 4.75, 4.63, 4.75, 500.0, 95.0
2008-04-04, 4.85, 4.85, 4.72, 4.75, 1300.0, 95.0
2008-04-07, 4.8, 4.85, 4.6, 4.73, 700.0, 94.6
2008-04-08, 4.8, 4.8, 4.58, 4.67, 1700.0, 93.4
2008-04-09, 4.62, 4.7, 4.51, 4.52, 1600.0, 90.4
2008-04-10, 4.56, 4.74, 4.5, 4.58, 600.0, 91.6
2008-04-11, 4.6, 4.6, 4.29, 4.5, 100.0, 90.0
2008-04-14, 4.21, 4.4, 4.1, 4.27, 1400.0, 85.4
2008-04-15, 4.22, 4.39, 4.15, 4.15, 400.0, 83.0
2008-04-16, 4.1, 4.19, 4.0, 4.04, 800.0, 80.8
2008-04-17, 4.04, 4.12, 4.02, 4.12, 100.0, 82.4
2008-04-18, 4.12, 4.12, 4.03, 4.12, 600.0, 82.4
2008-04-21, 4.06, 4.12, 3.96, 4.11, 1300.0, 82.2
2008-04-22, 4.03, 4.05, 3.85, 3.86, 700.0, 77.2
2008-04-23, 3.92, 4.24, 3.88, 4.15, 400.0, 83.0
2008-04-24, 4.1, 4.12, 4.05, 4.05, 500.0, 81.0
2008-04-25, 3.86, 4.2, 3.86, 4.2, 3300.0, 84.0
2008-04-28, 4.26, 4.4, 4.03, 4.05, 1300.0, 81.0
2008-04-29, 4.05, 4.05, 3.87, 3.9, 600.0, 78.0
2008-04-30, 3.95, 4.0, 3.89, 3.99, 700.0, 79.8
2008-05-01, 4.0, 4.0, 3.9, 3.98, 400.0, 79.6
2008-05-02, 3.95, 4.21, 3.78, 4.16, 400.0, 83.2
2008-05-05, 4.21, 4.25, 3.92, 3.94, 400.0, 78.8
2008-05-06, 3.92, 4.0, 3.9, 3.91, 500.0, 78.2
2008-05-07, 4.04, 4.05, 3.9, 3.94, 900.0, 78.8
2008-05-08, 4.01, 4.01, 3.77, 3.78, 2000.0, 75.6
2008-05-09, 3.82, 3.82, 3.77, 3.79, 800.0, 75.8
2008-05-12, 3.82, 3.99, 3.82, 3.82, 700.0, 76.4
2008-05-13, 3.97, 4.0, 3.86, 3.91, 1300.0, 78.2
2008-05-14, 3.97, 3.97, 3.6, 3.64, 2400.0, 72.8
2008-05-15, 3.66, 3.7, 3.27, 3.55, 2800.0, 71.0
2008-05-16, 3.6, 3.6, 3.35, 3.35, 1100.0, 67.0
2008-05-19, 3.4, 3.76, 3.39, 3.66, 9800.0, 73.2
2008-05-20, 3.7, 3.99, 3.67, 3.79, 6800.0, 75.8
2008-05-21, 3.84, 4.1, 3.75, 3.95, 5600.0, 79.0
2008-05-22, 3.91, 4.1, 3.91, 4.05, 1500.0, 81.0
2008-05-23, 4.09, 4.18, 3.81, 4.18, 4900.0, 83.6
2008-05-27, 4.2, 4.24, 4.1, 4.11, 1200.0, 82.2
2008-05-28, 4.17, 4.24, 4.1, 4.17, 1000.0, 83.4
2008-05-29, 4.22, 4.28, 4.12, 4.19, 1200.0, 83.8
2008-05-30, 4.26, 4.48, 4.2, 4.37, 1400.0, 87.4
2008-06-02, 4.31, 4.45, 4.17, 4.3, 700.0, 86.0
2008-06-03, 4.37, 5.01, 4.36, 4.96, 16800.0, 99.2
2008-06-04, 5.03, 5.09, 4.51, 4.55, 3100.0, 91.0
2008-06-05, 4.51, 4.78, 4.51, 4.69, 700.0, 93.8
2008-06-06, 4.73, 4.99, 4.73, 4.74, 2100.0, 94.8
2008-06-09, 4.74, 4.8, 4.3, 4.4, 1300.0, 88.0
2008-06-10, 4.38, 4.39, 4.05, 4.06, 2500.0, 81.2
2008-06-11, 4.08, 4.13, 3.89, 3.9, 6200.0, 78.0
2008-06-12, 3.55, 3.6, 2.91, 2.96, 9700.0, 59.2
2008-06-13, 3.18, 3.25, 3.02, 3.12, 5200.0, 62.4
2008-06-16, 3.15, 3.38, 3.05, 3.32, 3200.0, 66.4
2008-06-17, 3.3, 3.33, 3.0, 3.07, 900.0, 61.4
2008-06-18, 3.1, 3.12, 2.86, 2.93, 1800.0, 58.6
2008-06-19, 2.9, 3.09, 2.9, 3.05, 1800.0, 61.0
2008-06-20, 3.0, 3.07, 2.95, 3.06, 1400.0, 61.2
2008-06-23, 3.04, 3.09, 2.98, 3.0, 700.0, 60.0
2008-06-24, 2.95, 3.29, 2.9, 2.93, 1600.0, 58.6
2008-06-25, 2.9, 2.9, 2.62, 2.62, 2400.0, 52.4
2008-06-26, 2.85, 3.0, 2.57, 2.57, 5200.0, 51.4
2008-06-27, 2.6, 2.74, 2.6, 2.6, 1900.0, 52.0
2008-06-30, 2.64, 2.77, 2.41, 2.55, 4700.0, 51.0
2008-07-01, 2.58, 2.68, 2.5, 2.6, 2600.0, 52.0
2008-07-02, 2.64, 2.66, 2.45, 2.6, 2300.0, 52.0
2008-07-03, 2.6, 2.6, 2.53, 2.6, 1300.0, 52.0
2008-07-07, 2.61, 2.73, 2.6, 2.67, 200.0, 53.4
2008-07-08, 2.63, 2.69, 2.5, 2.66, 37200.0, 53.2
2008-07-09, 2.68, 2.68, 2.57, 2.57, 3600.0, 51.4
2008-07-10, 2.6, 2.74, 2.51, 2.52, 1200.0, 50.4
2008-07-11, 2.5, 2.74, 2.5, 2.51, 200.0, 50.2
2008-07-14, 2.5, 2.6, 2.5, 2.53, 200.0, 50.6
2008-07-15, 2.56, 2.6, 2.51, 2.52, 400.0, 50.4
2008-07-16, 2.54, 2.61, 2.5, 2.6, 1700.0, 52.0
2008-07-17, 2.6, 2.6, 2.51, 2.51, 1400.0, 50.2
2008-07-18, 2.52, 2.75, 2.52, 2.61, 3900.0, 52.2
2008-07-21, 2.6, 2.65, 2.55, 2.58, 1000.0, 51.6
2008-07-22, 2.54, 2.64, 2.53, 2.54, 1700.0, 50.8
2008-07-23, 2.62, 2.85, 2.52, 2.6, 4000.0, 52.0
2008-07-24, 2.56, 2.68, 2.52, 2.52, 900.0, 50.4
2008-07-25, 2.5, 2.7, 2.5, 2.53, 1200.0, 50.6
2008-07-28, 2.5, 2.65, 2.5, 2.56, 1100.0, 51.2
2008-07-29, 2.56, 2.63, 2.52, 2.52, 200.0, 50.4
2008-07-30, 2.59, 2.6, 2.52, 2.52, 200.0, 50.4
2008-07-31, 2.51, 2.6, 2.51, 2.57, 600.0, 51.4
2008-08-01, 2.58, 2.59, 2.54, 2.55, 100.0, 51.0
2008-08-04, 2.51, 2.56, 2.51, 2.54, 100.0, 50.8
2008-08-05, 2.59, 2.59, 2.5, 2.51, 300.0, 50.2
2008-08-06, 2.5, 2.57, 2.4, 2.51, 2800.0, 50.2
2008-08-07, 2.46, 2.58, 2.46, 2.56, 700.0, 51.2
2008-08-08, 2.61, 2.61, 2.46, 2.6, 600.0, 52.0
2008-08-11, 2.57, 2.57, 2.46, 2.52, 700.0, 50.4
2008-08-12, 2.46, 2.65, 0.9, 0.93, 36700.0, 18.6
2008-08-13, 0.99, 1.37, 0.95, 1.3, 32900.0, 26.0
2008-08-14, 1.4, 1.95, 1.38, 1.8, 37300.0, 36.0
2008-08-15, 1.8, 1.85, 1.52, 1.6, 15500.0, 32.0
2008-08-18, 1.6, 1.6, 1.28, 1.4, 7700.0, 28.0
2008-08-19, 1.41, 1.52, 1.31, 1.36, 6100.0, 27.2
2008-08-20, 1.36, 1.36, 1.22, 1.29, 4300.0, 25.8
2008-08-21, 1.18, 1.29, 1.17, 1.22, 1400.0, 24.4
2008-08-22, 1.19, 1.28, 1.19, 1.19, 1900.0, 23.8
2008-08-25, 1.2, 1.22, 1.14, 1.14, 1700.0, 22.8
2008-08-26, 1.14, 1.18, 1.1, 1.13, 2400.0, 22.6
2008-08-27, 1.1, 1.15, 1.01, 1.06, 4700.0, 21.2
2008-08-28, 1.06, 1.2, 1.06, 1.19, 2600.0, 23.8
2008-08-29, 1.22, 1.6, 1.22, 1.42, 21300.0, 28.4
2008-09-02, 1.39, 1.39, 1.25, 1.29, 6900.0, 25.8
2008-09-03, 1.29, 1.35, 1.28, 1.28, 2200.0, 25.6
2008-09-04, 1.3, 1.3, 1.2, 1.22, 1200.0, 24.4
2008-09-05, 1.15, 1.28, 1.15, 1.23, 1400.0, 24.6
2008-09-08, 1.36, 1.4, 1.22, 1.25, 2000.0, 25.0
2008-09-09, 1.22, 1.31, 1.0, 1.05, 3200.0, 21.0
2008-09-10, 1.06, 1.07, 1.0, 1.01, 1500.0, 20.2
2008-09-11, 1.0, 1.13, 0.95, 0.98, 2700.0, 19.6
2008-09-12, 0.98, 1.12, 0.98, 1.01, 1900.0, 20.2
2008-09-15, 1.0, 1.0, 0.92, 0.94, 800.0, 18.8
2008-09-16, 0.98, 1.01, 0.9, 0.91, 1200.0, 18.2
2008-09-17, 0.95, 0.95, 0.62, 0.72, 3900.0, 14.4
2008-09-18, 0.98, 0.99, 0.83, 0.88, 1400.0, 17.6
2008-09-19, 0.95, 0.97, 0.91, 0.91, 1600.0, 18.2
2008-09-22, 0.95, 0.95, 0.86, 0.86, 900.0, 17.2
2008-09-23, 0.78, 0.81, 0.77, 0.79, 2800.0, 15.8
2008-09-24, 0.82, 0.82, 0.7, 0.71, 1300.0, 14.2
2008-09-25, 0.71, 0.73, 0.68, 0.68, 3900.0, 13.6
2008-09-26, 0.7, 0.7, 0.65, 0.66, 2300.0, 13.2
2008-09-29, 0.7, 0.7, 0.52, 0.6, 1900.0, 12.0
2008-09-30, 0.67, 0.67, 0.52, 0.54, 3500.0, 10.8
2008-10-01, 0.6, 0.6, 0.54, 0.57, 1300.0, 11.4
2008-10-02, 0.61, 0.63, 0.57, 0.58, 4000.0, 11.6
2008-10-03, 0.58, 0.6, 0.45, 0.47, 14900.0, 9.4
2008-10-06, 0.5, 0.6, 0.5, 0.53, 5900.0, 10.6
2008-10-07, 0.59, 0.59, 0.52, 0.53, 3300.0, 10.6
2008-10-08, 0.55, 0.55, 0.46, 0.47, 700.0, 9.4
2008-10-09, 0.5, 0.5, 0.4, 0.41, 2100.0, 8.2
2008-10-10, 0.49, 0.49, 0.39, 0.42, 4000.0, 8.4
2008-10-13, 0.5, 0.5, 0.41, 0.44, 3000.0, 8.8
2008-10-14, 0.46, 0.5, 0.42, 0.44, 1900.0, 8.8
2008-10-15, 0.42, 0.42, 0.3, 0.38, 3300.0, 7.6
2008-10-16, 0.42, 0.42, 0.29, 0.37, 4900.0, 7.4
2008-10-17, 0.4, 0.49, 0.35, 0.38, 1300.0, 7.6
2008-10-20, 0.4, 0.42, 0.36, 0.41, 4700.0, 8.2
2008-10-21, 0.46, 0.46, 0.41, 0.42, 1100.0, 8.4
2008-10-22, 0.43, 0.48, 0.42, 0.42, 2600.0, 8.4
2008-10-23, 0.48, 0.52, 0.43, 0.51, 2600.0, 10.2
2008-10-24, 0.48, 0.5, 0.45, 0.47, 1400.0, 9.4
2008-10-27, 0.47, 0.52, 0.45, 0.45, 1200.0, 9.0
2008-10-28, 0.45, 0.6, 0.45, 0.6, 2400.0, 12.0
2008-10-29, 0.74, 0.74, 0.6, 0.64, 2200.0, 12.8
2008-10-30, 0.64, 0.64, 0.45, 0.51, 1800.0, 10.2
2008-10-31, 0.5, 0.54, 0.5, 0.52, 400.0, 10.4
2008-11-03, 0.55, 0.62, 0.5, 0.5, 2700.0, 10.0
2008-11-04, 0.58, 0.58, 0.55, 0.57, 2100.0, 11.4
2008-11-05, 0.63, 0.84, 0.6, 0.73, 8500.0, 14.6
2008-11-06, 0.73, 0.73, 0.59, 0.64, 1300.0, 12.8
2008-11-07, 0.6, 0.74, 0.55, 0.57, 1200.0, 11.4
2008-11-10, 0.65, 0.65, 0.43, 0.43, 3300.0, 8.6
2008-11-11, 0.46, 0.47, 0.41, 0.45, 800.0, 9.0
2008-11-12, 0.45, 0.45, 0.38, 0.38, 1500.0, 7.6
2008-11-13, 0.42, 0.63, 0.4, 0.46, 1200.0, 9.2
2008-11-14, 0.59, 0.59, 0.44, 0.44, 2000.0, 8.8
2008-11-17, 0.53, 0.54, 0.45, 0.45, 900.0, 9.0
2008-11-18, 0.44, 0.45, 0.29, 0.39, 4000.0, 7.8
2008-11-19, 0.39, 0.39, 0.31, 0.31, 2500.0, 6.2
2008-11-20, 0.46, 0.46, 0.3, 0.33, 600.0, 6.6
2008-11-21, 0.47, 0.47, 0.25, 0.34, 900.0, 6.8
2008-11-24, 0.53, 0.53, 0.35, 0.4, 1100.0, 8.0
2008-11-25, 0.47, 0.47, 0.38, 0.39, 700.0, 7.8
2008-11-26, 0.44, 0.44, 0.32, 0.38, 1300.0, 7.6
2008-11-28, 0.42, 0.42, 0.39, 0.42, 600.0, 8.4
2008-12-01, 0.44, 0.44, 0.32, 0.33, 900.0, 6.6
2008-12-02, 0.35, 0.43, 0.34, 0.39, 500.0, 7.8
2008-12-03, 0.45, 0.45, 0.4, 0.4, 600.0, 8.0
2008-12-04, 0.42, 0.42, 0.3, 0.34, 700.0, 6.8
2008-12-05, 0.44, 0.44, 0.37, 0.4, 200.0, 8.0
2008-12-08, 0.45, 0.45, 0.4, 0.43, 600.0, 8.6
2008-12-09, 0.45, 0.45, 0.4, 0.4, 700.0, 8.0
2008-12-10, 0.45, 0.45, 0.35, 0.43, 1300.0, 8.6
2008-12-11, 0.35, 0.45, 0.35, 0.4, 200.0, 8.0
2008-12-12, 0.43, 0.43, 0.35, 0.37, 900.0, 7.4
2008-12-15, 0.38, 0.39, 0.36, 0.36, 500.0, 7.2
2008-12-16, 0.35, 0.43, 0.35, 0.43, 700.0, 8.6
2008-12-17, 0.45, 0.45, 0.37, 0.38, 1000.0, 7.6
2008-12-18, 0.47, 0.47, 0.4, 0.42, 800.0, 8.4
2008-12-19, 0.46, 0.5, 0.41, 0.42, 3000.0, 8.4
2008-12-22, 0.51, 0.51, 0.46, 0.47, 600.0, 9.4
2008-12-23, 0.47, 0.49, 0.39, 0.41, 1000.0, 8.2
2008-12-24, 0.4, 0.4, 0.3, 0.32, 1600.0, 6.4
2008-12-26, 0.44, 0.44, 0.36, 0.41, 1200.0, 8.2
2008-12-29, 0.41, 0.43, 0.37, 0.38, 700.0, 7.6
2008-12-30, 0.31, 0.4, 0.31, 0.35, 2100.0, 7.0
2008-12-31, 0.44, 0.44, 0.35, 0.35, 2100.0, 7.0
2009-01-02, 0.4, 0.4, 0.35, 0.39, 1400.0, 7.8
2009-01-05, 0.42, 0.44, 0.38, 0.41, 1400.0, 8.2
2009-01-06, 0.42, 0.45, 0.42, 0.44, 2500.0, 8.8
2009-01-07, 0.44, 0.45, 0.42, 0.45, 1000.0, 9.0
2009-01-08, 0.45, 0.48, 0.45, 0.47, 1000.0, 9.4
2009-01-09, 0.46, 0.48, 0.45, 0.45, 800.0, 9.0
2009-01-12, 0.46, 0.48, 0.45, 0.47, 1300.0, 9.4
2009-01-13, 0.43, 0.46, 0.42, 0.46, 800.0, 9.2
2009-01-14, 0.46, 0.47, 0.37, 0.39, 800.0, 7.8
2009-01-15, 0.45, 0.47, 0.42, 0.47, 700.0, 9.4
2009-01-16, 0.47, 0.47, 0.45, 0.46, 400.0, 9.2
2009-01-20, 0.5, 0.5, 0.37, 0.39, 1200.0, 7.8
2009-01-21, 0.49, 0.49, 0.39, 0.44, 600.0, 8.8
2009-01-22, 0.44, 0.46, 0.4, 0.4, 700.0, 8.0
2009-01-23, 0.46, 0.46, 0.4, 0.41, 300.0, 8.2
2009-01-26, 0.42, 0.42, 0.37, 0.4, 1800.0, 8.0
2009-01-27, 0.4, 0.47, 0.4, 0.4, 500.0, 8.0
2009-01-28, 0.45, 0.45, 0.4, 0.4, 600.0, 8.0
2009-01-29, 0.42, 0.44, 0.4, 0.4, 600.0, 8.0
2009-01-30, 0.42, 0.42, 0.4, 0.41, 300.0, 8.2
2009-02-02, 0.45, 0.45, 0.4, 0.42, 500.0, 8.4
2009-02-03, 0.43, 0.45, 0.41, 0.41, 700.0, 8.2
2009-02-04, 0.41, 0.42, 0.4, 0.41, 200.0, 8.2
2009-02-05, 0.41, 0.45, 0.36, 0.4, 500.0, 8.0
2009-02-06, 0.43, 0.44, 0.28, 0.36, 2500.0, 7.2
2009-02-09, 0.4, 0.42, 0.36, 0.42, 700.0, 8.4
2009-02-10, 0.37, 0.43, 0.37, 0.4, 600.0, 8.0
2009-02-11, 0.43, 0.43, 0.32, 0.38, 900.0, 7.6
2009-02-12, 0.4, 0.42, 0.39, 0.41, 100.0, 8.2
2009-02-13, 0.42, 0.42, 0.4, 0.41, 300.0, 8.2
2009-02-17, 0.43, 0.43, 0.35, 0.35, 500.0, 7.0
2009-02-18, 0.39, 0.41, 0.31, 0.31, 800.0, 6.2
2009-02-19, 0.41, 0.41, 0.34, 0.4, 300.0, 8.0
2009-02-20, 0.41, 0.41, 0.37, 0.37, 200.0, 7.4
2009-02-23, 0.41, 0.41, 0.32, 0.32, 800.0, 6.4
2009-02-24, 0.37, 0.37, 0.32, 0.32, 1000.0, 6.4
2009-02-25, 0.32, 0.36, 0.32, 0.32, 100.0, 6.4
2009-02-26, 0.33, 0.37, 0.31, 0.33, 1000.0, 6.6
2009-02-27, 0.34, 0.36, 0.32, 0.32, 200.0, 6.4
2009-03-02, 0.31, 0.39, 0.31, 0.35, 500.0, 7.0
2009-03-03, 0.39, 0.39, 0.31, 0.31, 500.0, 6.2
2009-03-04, 0.31, 0.36, 0.31, 0.32, 1400.0, 6.4
2009-03-05, 0.36, 0.36, 0.31, 0.32, 200.0, 6.4
2009-03-06, 0.35, 0.35, 0.31, 0.35, 800.0, 7.0
2009-03-09, 0.31, 0.32, 0.26, 0.29, 700.0, 5.8
2009-03-10, 0.32, 0.34, 0.29, 0.29, 1000.0, 5.8
2009-03-11, 0.33, 0.33, 0.26, 0.26, 400.0, 5.2
2009-03-12, 0.27, 0.33, 0.27, 0.3, 3900.0, 6.0
2009-03-13, 0.35, 0.36, 0.3, 0.35, 1400.0, 7.0
2009-03-16, 0.36, 0.37, 0.34, 0.34, 1500.0, 6.8
2009-03-17, 0.38, 0.38, 0.25, 0.31, 2200.0, 6.2
2009-03-18, 0.33, 0.38, 0.32, 0.33, 1600.0, 6.6
2009-03-19, 0.39, 0.39, 0.33, 0.37, 1600.0, 7.4
2009-03-20, 0.39, 0.39, 0.37, 0.38, 1100.0, 7.6
2009-03-23, 0.38, 0.39, 0.34, 0.38, 3100.0, 7.6
2009-03-24, 0.38, 0.39, 0.31, 0.36, 2900.0, 7.2
2009-03-25, 0.39, 0.39, 0.3, 0.37, 2500.0, 7.4
2009-03-26, 0.39, 0.39, 0.37, 0.39, 800.0, 7.8
2009-03-27, 0.39, 0.39, 0.34, 0.38, 700.0, 7.6
2009-03-30, 0.3, 0.38, 0.3, 0.36, 3200.0, 7.2
2009-03-31, 0.38, 0.38, 0.34, 0.37, 400.0, 7.4
2009-04-01, 0.37, 0.37, 0.33, 0.34, 400.0, 6.8
2009-04-02, 0.37, 0.37, 0.34, 0.34, 1100.0, 6.8
2009-04-03, 0.37, 0.38, 0.3, 0.3, 11100.0, 6.0
2009-04-06, 0.38, 0.38, 0.31, 0.33, 8600.0, 6.6
2009-04-07, 0.31, 0.38, 0.31, 0.32, 12600.0, 6.4
2009-04-08, 0.38, 0.38, 0.29, 0.29, 2800.0, 5.8
2009-04-09, 0.35, 0.35, 0.3, 0.31, 7900.0, 6.2
2009-04-13, 0.35, 0.35, 0.31, 0.32, 4300.0, 6.4
2009-04-14, 0.32, 0.35, 0.29, 0.29, 4800.0, 5.8
2009-04-15, 0.33, 0.33, 0.31, 0.32, 600.0, 6.4
2009-04-16, 0.33, 0.33, 0.3, 0.3, 2400.0, 6.0
2009-04-17, 0.34, 0.34, 0.29, 0.3, 4100.0, 6.0
2009-04-20, 0.31, 0.31, 0.29, 0.3, 2600.0, 6.0
2009-04-21, 0.3, 0.3, 0.28, 0.29, 1200.0, 5.8
2009-04-22, 0.29, 0.29, 0.25, 0.25, 1400.0, 5.0
2009-04-23, 0.3, 0.31, 0.27, 0.31, 4300.0, 6.2
2009-04-24, 0.31, 0.31, 0.26, 0.28, 1900.0, 5.6
2009-04-27, 0.31, 0.33, 0.27, 0.32, 3800.0, 6.4
2009-04-28, 0.32, 0.32, 0.31, 0.32, 700.0, 6.4
2009-04-29, 0.32, 0.32, 0.3, 0.32, 900.0, 6.4
2009-04-30, 0.32, 0.32, 0.29, 0.31, 1700.0, 6.2
2009-05-01, 0.32, 0.32, 0.3, 0.32, 1800.0, 6.4
2009-05-04, 0.32, 0.33, 0.31, 0.31, 4100.0, 6.2
2009-05-05, 0.33, 0.47, 0.32, 0.47, 33700.0, 9.4
2009-05-06, 0.5, 0.63, 0.42, 0.63, 29800.0, 12.6
2009-05-07, 0.74, 0.79, 0.66, 0.72, 23000.0, 14.4
2009-05-08, 0.76, 1.65, 0.75, 1.21, 40900.0, 24.2
2009-05-11, 1.68, 1.74, 1.4, 1.45, 55300.0, 29.0
2009-05-12, 1.75, 1.75, 1.13, 1.19, 35000.0, 23.8
2009-05-13, 1.23, 1.23, 0.88, 0.99, 27200.0, 19.8
2009-05-14, 0.99, 0.99, 0.8, 0.8, 10000.0, 16.0
2009-05-15, 0.8, 0.9, 0.7, 0.81, 10300.0, 16.2
2009-05-18, 0.75, 0.75, 0.53, 0.68, 28000.0, 13.6
2009-05-19, 0.77, 0.78, 0.7, 0.73, 6900.0, 14.6
2009-05-20, 0.79, 0.88, 0.75, 0.8, 9400.0, 16.0
2009-05-21, 0.86, 0.86, 0.71, 0.73, 5300.0, 14.6
2009-05-22, 0.73, 0.81, 0.68, 0.68, 5000.0, 13.6
2009-05-26, 0.69, 0.77, 0.69, 0.7, 3700.0, 14.0
2009-05-27, 0.75, 0.75, 0.7, 0.72, 1800.0, 14.4
2009-05-28, 0.7, 0.76, 0.68, 0.69, 4500.0, 13.8
2009-05-29, 0.6, 0.63, 0.53, 0.6, 15500.0, 12.0
2009-06-01, 0.63, 0.7, 0.6, 0.65, 8900.0, 13.0
2009-06-02, 0.65, 0.66, 0.62, 0.62, 2600.0, 12.4
2009-06-03, 0.57, 0.62, 0.56, 0.61, 2900.0, 12.2
2009-06-04, 0.64, 0.64, 0.57, 0.61, 3400.0, 12.2
2009-06-05, 0.65, 0.65, 0.56, 0.6, 4900.0, 12.0
2009-06-08, 0.6, 0.6, 0.58, 0.6, 1400.0, 12.0
2009-06-09, 0.6, 0.68, 0.59, 0.63, 4600.0, 12.6
2009-06-10, 0.68, 0.94, 0.63, 0.72, 24300.0, 14.4
2009-06-11, 0.75, 0.93, 0.75, 0.83, 15300.0, 16.6
2009-06-12, 0.94, 0.98, 0.78, 0.84, 10100.0, 16.8
2009-06-15, 0.84, 0.84, 0.75, 0.83, 3700.0, 16.6
2009-06-16, 0.84, 0.88, 0.8, 0.8, 3100.0, 16.0
2009-06-17, 0.8, 0.8, 0.75, 0.8, 3200.0, 16.0
2009-06-18, 0.85, 0.85, 0.75, 0.8, 3800.0, 16.0
2009-06-19, 0.85, 0.85, 0.73, 0.73, 2900.0, 14.6
2009-06-22, 0.75, 0.75, 0.6, 0.65, 4400.0, 13.0
2009-06-23, 0.62, 0.72, 0.62, 0.69, 1500.0, 13.8
2009-06-24, 0.69, 0.7, 0.58, 0.58, 2600.0, 11.6
2009-06-25, 0.57, 0.67, 0.57, 0.63, 3100.0, 12.6
2009-06-26, 0.65, 0.67, 0.63, 0.65, 2300.0, 13.0
2009-06-29, 0.67, 0.68, 0.61, 0.63, 2500.0, 12.6
2009-06-30, 0.62, 0.66, 0.59, 0.63, 1200.0, 12.6
2009-07-01, 0.63, 0.8, 0.6, 0.75, 5600.0, 15.0
2009-07-02, 0.8, 0.8, 0.69, 0.72, 3700.0, 14.4
2009-07-06, 0.76, 0.76, 0.6, 0.66, 3200.0, 13.2
2009-07-07, 0.7, 0.7, 0.66, 0.67, 600.0, 13.4
2009-07-08, 0.67, 0.67, 0.62, 0.62, 1400.0, 12.4
2009-07-09, 0.6, 0.63, 0.6, 0.6, 1400.0, 12.0
2009-07-10, 0.61, 0.63, 0.6, 0.6, 1800.0, 12.0
2009-07-13, 0.6, 0.63, 0.6, 0.61, 500.0, 12.2
2009-07-14, 0.61, 0.64, 0.6, 0.63, 1400.0, 12.6
2009-07-15, 0.63, 0.65, 0.57, 0.57, 1600.0, 11.4
2009-07-16, 0.58, 0.63, 0.58, 0.59, 1600.0, 11.8
2009-07-17, 0.59, 0.63, 0.59, 0.61, 800.0, 12.2
2009-07-20, 0.65, 0.65, 0.6, 0.6, 1200.0, 12.0
2009-07-21, 0.6, 0.61, 0.58, 0.58, 700.0, 11.6
2009-07-22, 0.58, 0.59, 0.58, 0.58, 600.0, 11.6
2009-07-23, 0.58, 0.6, 0.57, 0.59, 2200.0, 11.8
2009-07-24, 0.61, 0.63, 0.57, 0.63, 2500.0, 12.6
2009-07-27, 0.6, 0.61, 0.58, 0.59, 1900.0, 11.8
2009-07-28, 0.58, 0.62, 0.58, 0.62, 1200.0, 12.4
2009-07-29, 0.62, 0.65, 0.59, 0.61, 1200.0, 12.2
2009-07-30, 0.63, 0.63, 0.58, 0.58, 1200.0, 11.6
2009-07-31, 0.62, 0.63, 0.6, 0.6, 500.0, 12.0
2009-08-03, 0.64, 0.64, 0.59, 0.6, 1800.0, 12.0
2009-08-04, 0.64, 0.64, 0.6, 0.6, 1800.0, 12.0
2009-08-05, 0.6, 0.85, 0.58, 0.6, 1400.0, 12.0
2009-08-06, 0.61, 0.62, 0.59, 0.59, 800.0, 11.8
2009-08-07, 0.59, 0.67, 0.58, 0.58, 4200.0, 11.6
2009-08-10, 0.6, 0.64, 0.6, 0.63, 1500.0, 12.6
2009-08-11, 0.65, 0.65, 0.63, 0.64, 1900.0, 12.8
2009-08-12, 0.64, 0.68, 0.64, 0.68, 2400.0, 13.6
2009-08-13, 0.75, 0.75, 0.69, 0.69, 5500.0, 13.8
2009-08-14, 0.7, 0.7, 0.65, 0.65, 3700.0, 13.0
2009-08-17, 0.65, 0.65, 0.58, 0.6, 5900.0, 12.0
2009-08-18, 0.65, 0.66, 0.6, 0.66, 2000.0, 13.2
2009-08-19, 0.62, 0.65, 0.61, 0.64, 1600.0, 12.8
2009-08-20, 0.61, 0.62, 0.61, 0.62, 900.0, 12.4
2009-08-21, 0.63, 0.71, 0.61, 0.62, 1400.0, 12.4
2009-08-24, 0.7, 0.7, 0.61, 0.68, 4400.0, 13.6
2009-08-25, 0.69, 0.69, 0.61, 0.64, 3200.0, 12.8
2009-08-26, 0.64, 0.7, 0.63, 0.64, 2500.0, 12.8
2009-08-27, 0.64, 0.65, 0.62, 0.62, 2800.0, 12.4
2009-08-28, 0.62, 0.65, 0.62, 0.62, 2400.0, 12.4
2009-08-31, 0.63, 0.64, 0.61, 0.61, 2000.0, 12.2
2009-09-01, 0.66, 0.66, 0.6, 0.64, 2700.0, 12.8
2009-09-02, 0.64, 0.64, 0.6, 0.61, 1000.0, 12.2
2009-09-03, 0.63, 0.63, 0.6, 0.62, 1400.0, 12.4
2009-09-04, 0.62, 0.63, 0.6, 0.62, 600.0, 12.4
2009-09-08, 0.6, 0.99, 0.6, 0.77, 38000.0, 15.4
2009-09-09, 0.76, 0.82, 0.7, 0.75, 4800.0, 15.0
2009-09-10, 0.75, 0.76, 0.71, 0.74, 3400.0, 14.8
2009-09-11, 0.74, 0.76, 0.71, 0.72, 3300.0, 14.4
2009-09-14, 0.73, 0.73, 0.69, 0.69, 4600.0, 13.8
2009-09-15, 0.69, 0.72, 0.64, 0.72, 3000.0, 14.4
2009-09-16, 0.72, 0.79, 0.66, 0.77, 7400.0, 15.4
2009-09-17, 0.76, 0.76, 0.72, 0.76, 4800.0, 15.2
2009-09-18, 0.76, 0.77, 0.66, 0.68, 6000.0, 13.6
2009-09-21, 0.68, 0.7, 0.65, 0.68, 2600.0, 13.6
2009-09-22, 0.73, 0.74, 0.68, 0.71, 3200.0, 14.2
2009-09-23, 0.74, 0.74, 0.67, 0.67, 900.0, 13.4
2009-09-24, 0.72, 0.72, 0.67, 0.67, 2100.0, 13.4
2009-09-25, 0.71, 0.71, 0.67, 0.68, 1900.0, 13.6
2009-09-28, 0.67, 0.71, 0.67, 0.69, 1300.0, 13.8
2009-09-29, 0.72, 0.72, 0.69, 0.72, 1300.0, 14.4
2009-09-30, 0.72, 0.73, 0.68, 0.68, 1600.0, 13.6
2009-10-01, 0.95, 1.48, 0.77, 1.02, 215500.0, 20.4
2009-10-02, 0.97, 1.05, 0.84, 1.05, 46300.0, 21.0
2009-10-05, 0.96, 1.03, 0.92, 0.92, 12500.0, 18.4
2009-10-06, 0.92, 0.96, 0.8, 0.85, 15400.0, 17.0
2009-10-07, 0.87, 0.9, 0.85, 0.85, 4300.0, 17.0
2009-10-08, 0.81, 0.85, 0.81, 0.84, 2700.0, 16.8
2009-10-09, 0.84, 1.0, 0.82, 0.93, 10500.0, 18.6
2009-10-12, 0.96, 1.05, 0.93, 1.01, 8100.0, 20.2
2009-10-13, 1.05, 1.45, 1.01, 1.23, 52800.0, 24.6
2009-10-14, 1.31, 1.4, 1.16, 1.23, 30900.0, 24.6
2009-10-15, 1.16, 1.24, 1.07, 1.16, 8400.0, 23.2
2009-10-16, 1.15, 1.2, 1.05, 1.15, 4100.0, 23.0
2009-10-19, 1.15, 1.35, 1.15, 1.25, 11700.0, 25.0
2009-10-20, 1.25, 1.38, 1.25, 1.38, 15100.0, 27.6
2009-10-21, 1.39, 1.54, 1.38, 1.5, 21300.0, 30.0
2009-10-22, 1.5, 1.53, 1.27, 1.28, 15200.0, 25.6
2009-10-23, 1.32, 1.35, 1.2, 1.25, 9600.0, 25.0
2009-10-26, 1.23, 1.34, 1.2, 1.22, 4200.0, 24.4
2009-10-27, 1.21, 1.21, 1.11, 1.14, 6800.0, 22.8
2009-10-28, 1.09, 1.14, 1.06, 1.07, 6900.0, 21.4
2009-10-29, 1.11, 1.23, 1.11, 1.17, 4400.0, 23.4
2009-10-30, 1.22, 1.31, 1.12, 1.19, 3800.0, 23.8
2009-11-02, 1.24, 1.38, 1.22, 1.25, 4200.0, 25.0
2009-11-03, 1.22, 1.35, 1.11, 1.2, 2100.0, 24.0
2009-11-04, 1.19, 1.29, 1.19, 1.24, 3300.0, 24.8
2009-11-05, 1.19, 1.31, 1.19, 1.27, 2500.0, 25.4
2009-11-06, 1.23, 1.35, 1.23, 1.34, 4400.0, 26.8
2009-11-09, 1.39, 1.48, 1.31, 1.45, 8100.0, 29.0
2009-11-10, 1.48, 1.62, 1.46, 1.51, 10500.0, 30.2
2009-11-11, 1.56, 1.65, 1.52, 1.62, 9500.0, 32.4
2009-11-12, 1.66, 1.84, 1.64, 1.81, 10900.0, 36.2
2009-11-13, 1.81, 1.81, 1.25, 1.34, 32700.0, 26.8
2009-11-16, 1.31, 1.59, 1.3, 1.48, 12900.0, 29.6
2009-11-17, 1.53, 1.55, 1.46, 1.48, 4200.0, 29.6
2009-11-18, 1.45, 1.5, 1.41, 1.43, 2800.0, 28.6
2009-11-19, 1.44, 1.44, 1.36, 1.44, 2800.0, 28.8
2009-11-20, 1.43, 1.52, 1.36, 1.52, 6000.0, 30.4
2009-11-23, 1.54, 1.55, 1.43, 1.46, 4400.0, 29.2
2009-11-24, 1.51, 1.74, 1.49, 1.66, 9700.0, 33.2
2009-11-25, 1.71, 2.05, 1.69, 2.0, 17900.0, 40.0
2009-11-27, 1.95, 2.05, 1.75, 2.04, 5700.0, 40.8
2009-11-30, 1.96, 2.04, 1.85, 1.93, 10600.0, 38.6
2009-12-01, 2.0, 2.85, 1.96, 2.66, 40100.0, 53.2
2009-12-02, 2.8, 4.13, 2.8, 3.57, 129800.0, 71.4
2009-12-03, 3.43, 3.44, 3.02, 3.13, 43100.0, 62.6
2009-12-04, 3.06, 3.37, 2.77, 2.91, 39800.0, 58.2
2009-12-07, 2.86, 3.68, 2.86, 3.39, 69400.0, 67.8
2009-12-08, 3.32, 3.49, 3.12, 3.38, 15700.0, 67.6
2009-12-09, 3.33, 3.64, 3.1, 3.56, 20600.0, 71.2
2009-12-10, 3.64, 3.96, 3.6, 3.77, 38600.0, 75.4
2009-12-11, 3.92, 3.95, 3.41, 3.64, 20700.0, 72.8
2009-12-14, 3.69, 3.74, 3.1, 3.19, 20600.0, 63.8
2009-12-15, 3.22, 3.41, 3.01, 3.3, 21000.0, 66.0
2009-12-16, 3.37, 3.48, 3.1, 3.11, 13100.0, 62.2
2009-12-17, 3.11, 3.26, 2.95, 3.22, 7200.0, 64.4
2009-12-18, 3.18, 3.32, 3.1, 3.11, 6200.0, 62.2
2009-12-21, 3.14, 3.17, 3.0, 3.07, 8200.0, 61.4
2009-12-22, 3.07, 3.18, 2.91, 2.91, 10900.0, 58.2
2009-12-23, 2.91, 2.97, 2.82, 2.92, 7800.0, 58.4
2009-12-24, 2.96, 2.97, 2.9, 2.93, 3000.0, 58.6
2009-12-28, 2.89, 2.89, 2.7, 2.75, 11300.0, 55.0
2009-12-29, 2.71, 2.87, 2.7, 2.87, 3800.0, 57.4
2009-12-30, 2.82, 2.82, 2.7, 2.76, 3000.0, 55.2
2009-12-31, 2.74, 2.85, 2.7, 2.71, 4400.0, 54.2
2010-01-04, 2.67, 2.99, 2.67, 2.99, 9700.0, 59.8
2010-01-05, 2.98, 3.49, 2.9, 3.47, 21000.0, 69.4
2010-01-06, 3.49, 3.49, 3.25, 3.49, 8500.0, 69.8
2010-01-07, 3.5, 3.53, 3.06, 3.26, 10700.0, 65.2
2010-01-08, 3.21, 3.5, 3.16, 3.42, 14800.0, 68.4
2010-01-11, 3.45, 4.15, 3.42, 4.13, 66100.0, 82.6
2010-01-12, 3.94, 4.4, 3.75, 3.8, 37400.0, 76.0
2010-01-13, 3.87, 4.25, 3.6, 3.6, 16200.0, 72.0
2010-01-14, 3.62, 3.63, 3.35, 3.35, 12500.0, 67.0
2010-01-15, 3.3, 3.5, 3.26, 3.37, 13200.0, 67.4
2010-01-19, 3.41, 3.62, 3.25, 3.35, 13300.0, 67.0
2010-01-20, 3.3, 3.34, 3.16, 3.22, 5300.0, 64.4
2010-01-21, 3.2, 3.48, 3.01, 3.33, 17600.0, 66.6
2010-01-22, 3.28, 3.3, 3.08, 3.15, 9400.0, 63.0
2010-01-25, 3.18, 3.33, 3.03, 3.03, 6400.0, 60.6
2010-01-26, 3.03, 3.19, 3.02, 3.15, 4300.0, 63.0
2010-01-27, 3.11, 3.17, 3.03, 3.09, 3800.0, 61.8
2010-01-28, 3.16, 3.16, 3.04, 3.12, 3500.0, 62.4
2010-01-29, 3.19, 3.22, 3.04, 3.08, 6800.0, 61.6
2010-02-01, 3.14, 3.18, 3.04, 3.04, 2600.0, 60.8
2010-02-02, 3.07, 3.31, 3.05, 3.3, 7400.0, 66.0
2010-02-03, 3.35, 3.64, 3.15, 3.15, 36700.0, 63.0
2010-02-04, 3.12, 3.16, 2.9, 3.06, 14200.0, 61.2
2010-02-05, 3.02, 3.02, 2.65, 2.77, 15500.0, 55.4
2010-02-08, 2.86, 2.9, 2.73, 2.84, 4400.0, 56.8
2010-02-09, 3.01, 3.02, 2.67, 3.02, 4400.0, 60.4
2010-02-10, 2.94, 2.99, 2.82, 2.82, 2600.0, 56.4
2010-02-11, 2.87, 2.87, 2.75, 2.8, 1900.0, 56.0
2010-02-12, 2.8, 2.82, 2.75, 2.76, 3100.0, 55.2
2010-02-16, 2.83, 2.91, 2.79, 2.84, 2400.0, 56.8
2010-02-17, 2.87, 2.89, 2.77, 2.8, 2100.0, 56.0
2010-02-18, 2.76, 2.82, 2.72, 2.77, 2700.0, 55.4
2010-02-19, 2.79, 2.83, 2.72, 2.78, 2200.0, 55.6
2010-02-22, 2.84, 3.12, 2.82, 2.99, 16900.0, 59.8
2010-02-23, 3.04, 3.12, 2.9, 2.95, 6800.0, 59.0
2010-02-24, 2.95, 3.05, 2.91, 2.92, 2600.0, 58.4
2010-02-25, 2.98, 2.98, 2.78, 2.82, 4200.0, 56.4
2010-02-26, 2.87, 2.96, 2.76, 2.9, 2100.0, 58.0
2010-03-01, 2.88, 2.88, 2.73, 2.76, 4000.0, 55.2
2010-03-02, 2.77, 2.92, 2.73, 2.79, 5900.0, 55.8
2010-03-03, 2.81, 2.86, 2.81, 2.83, 1600.0, 56.6
2010-03-04, 2.8, 2.86, 2.77, 2.82, 2500.0, 56.4
2010-03-05, 2.8, 2.92, 2.77, 2.92, 4200.0, 58.4
2010-03-08, 2.93, 2.99, 2.87, 2.94, 3700.0, 58.8
2010-03-09, 2.98, 2.98, 2.82, 2.82, 4400.0, 56.4
2010-03-10, 2.78, 2.9, 2.72, 2.75, 3600.0, 55.0
2010-03-11, 2.71, 2.86, 2.71, 2.86, 4000.0, 57.2
2010-03-12, 2.85, 2.99, 2.85, 2.89, 6500.0, 57.8
2010-03-15, 2.89, 2.9, 2.81, 2.85, 2400.0, 57.0
2010-03-16, 2.84, 2.9, 2.8, 2.83, 2000.0, 56.6
2010-03-17, 2.81, 2.81, 2.75, 2.8, 3800.0, 56.0
2010-03-18, 2.83, 2.85, 2.8, 2.83, 1000.0, 56.6
2010-03-19, 2.83, 2.84, 2.78, 2.83, 3800.0, 56.6
2010-03-22, 2.8, 3.05, 2.75, 2.98, 8200.0, 59.6
2010-03-23, 3.0, 3.22, 2.92, 3.19, 10800.0, 63.8
2010-03-24, 3.14, 3.18, 3.06, 3.1, 4400.0, 62.0
2010-03-25, 3.13, 3.13, 2.86, 2.95, 5600.0, 59.0
2010-03-26, 2.95, 3.02, 2.9, 2.94, 4600.0, 58.8
2010-03-29, 2.9, 3.19, 2.9, 3.08, 10000.0, 61.6
2010-03-30, 3.39, 3.84, 3.26, 3.28, 90400.0, 65.6
2010-03-31, 3.24, 3.29, 2.86, 2.94, 23900.0, 58.8
2010-04-01, 2.96, 3.07, 2.91, 2.91, 8900.0, 58.2
2010-04-05, 2.9, 3.23, 2.88, 3.14, 11200.0, 62.8
2010-04-06, 3.18, 3.22, 3.0, 3.09, 4100.0, 61.8
2010-04-07, 3.05, 3.12, 2.94, 2.98, 4700.0, 59.6
2010-04-08, 2.98, 3.06, 2.93, 3.03, 3300.0, 60.6
2010-04-09, 3.11, 3.11, 2.89, 3.0, 2900.0, 60.0
2010-04-12, 3.1, 3.13, 3.01, 3.04, 5700.0, 60.8
2010-04-13, 3.03, 3.05, 2.95, 2.98, 3900.0, 59.6
2010-04-14, 2.98, 3.05, 2.98, 2.99, 5800.0, 59.8
2010-04-15, 3.03, 3.05, 2.99, 2.99, 3300.0, 59.8
2010-04-16, 2.96, 3.03, 2.93, 2.94, 3300.0, 58.8
2010-04-19, 2.89, 3.02, 2.88, 2.97, 5500.0, 59.4
2010-04-20, 2.96, 3.07, 2.88, 2.92, 4600.0, 58.4
2010-04-21, 2.9, 2.92, 2.8, 2.85, 5700.0, 57.0
2010-04-22, 2.84, 2.93, 2.81, 2.88, 3800.0, 57.6
2010-04-23, 2.86, 2.92, 2.81, 2.92, 3700.0, 58.4
2010-04-26, 2.95, 2.96, 2.82, 2.87, 7300.0, 57.4
2010-04-27, 2.91, 2.91, 2.8, 2.82, 3900.0, 56.4
2010-04-28, 2.88, 2.88, 2.53, 2.74, 9900.0, 54.8
2010-04-29, 2.74, 2.95, 2.58, 2.72, 7500.0, 54.4
2010-04-30, 2.77, 2.77, 2.62, 2.62, 1700.0, 52.4
2010-05-03, 2.62, 2.62, 2.37, 2.37, 10700.0, 47.4
2010-05-04, 2.36, 2.37, 2.09, 2.12, 15300.0, 42.4
2010-05-05, 2.12, 2.18, 2.02, 2.08, 3600.0, 41.6
2010-05-06, 2.11, 2.14, 1.58, 1.97, 13600.0, 39.4
2010-05-07, 1.94, 2.05, 1.76, 1.99, 4700.0, 39.8
2010-05-10, 2.34, 2.64, 2.1, 2.49, 22700.0, 49.8
2010-05-11, 2.49, 2.62, 2.36, 2.4, 6500.0, 48.0
2010-05-12, 2.38, 2.59, 2.29, 2.57, 2600.0, 51.4
2010-05-13, 2.59, 2.7, 2.54, 2.6, 5200.0, 52.0
2010-05-14, 2.2, 2.45, 2.03, 2.24, 13500.0, 44.8
2010-05-17, 2.24, 2.34, 2.14, 2.2, 3800.0, 44.0
2010-05-18, 2.23, 2.31, 2.11, 2.15, 3500.0, 43.0
2010-05-19, 2.11, 2.17, 1.9, 1.96, 6700.0, 39.2
2010-05-20, 1.9, 1.91, 1.68, 1.72, 7100.0, 34.4
2010-05-21, 1.66, 1.84, 1.65, 1.81, 6900.0, 36.2
2010-05-24, 1.77, 1.83, 1.71, 1.77, 1700.0, 35.4
2010-05-25, 1.74, 1.74, 1.65, 1.66, 2000.0, 33.2
2010-05-26, 1.7, 1.83, 1.7, 1.78, 1600.0, 35.6
2010-05-27, 1.87, 2.17, 1.87, 2.15, 7400.0, 43.0
2010-05-28, 2.19, 2.2, 1.97, 2.05, 3800.0, 41.0
2010-06-01, 2.0, 2.05, 1.87, 1.89, 2200.0, 37.8
2010-06-02, 1.93, 2.0, 1.88, 1.97, 2300.0, 39.4
2010-06-03, 2.05, 2.12, 1.85, 2.0, 3800.0, 40.0
2010-06-04, 2.03, 2.03, 1.87, 1.91, 1300.0, 38.2
2010-06-07, 1.91, 1.94, 1.78, 1.78, 3100.0, 35.6
2010-06-08, 1.75, 1.75, 1.42, 1.48, 15500.0, 29.6
2010-06-09, 1.54, 1.67, 1.5, 1.55, 8900.0, 31.0
2010-06-10, 1.61, 1.72, 1.57, 1.69, 5700.0, 33.8
2010-06-11, 1.73, 1.73, 1.63, 1.65, 2300.0, 33.0
2010-06-14, 1.65, 1.73, 1.62, 1.69, 2000.0, 33.8
2010-06-15, 1.73, 1.75, 1.67, 1.7, 2400.0, 34.0
2010-06-16, 1.72, 1.74, 1.67, 1.73, 1900.0, 34.6
2010-06-17, 1.72, 1.72, 1.66, 1.67, 1000.0, 33.4
2010-06-18, 1.65, 1.67, 1.59, 1.66, 2300.0, 33.2
2010-06-21, 1.7, 1.71, 1.57, 1.58, 1900.0, 31.6
2010-06-22, 1.58, 1.74, 1.58, 1.71, 3600.0, 34.2
2010-06-23, 1.71, 1.75, 1.67, 1.73, 1800.0, 34.6
2010-06-24, 1.75, 1.75, 1.43, 1.59, 3600.0, 31.8
2010-06-25, 1.57, 1.66, 1.51, 1.55, 2000.0, 31.0
2010-06-28, 1.55, 1.56, 1.45, 1.46, 1500.0, 29.2
2010-06-29, 1.45, 1.45, 1.31, 1.36, 4300.0, 27.2
2010-06-30, 1.38, 1.47, 1.27, 1.33, 3800.0, 26.6
2010-07-01, 1.32, 1.32, 1.24, 1.26, 1600.0, 25.2
2010-07-02, 1.29, 1.29, 1.13, 1.18, 4400.0, 23.6
2010-07-06, 1.21, 1.23, 1.06, 1.1, 2400.0, 22.0
2010-07-07, 1.1, 1.26, 1.1, 1.19, 6600.0, 23.8
2010-07-08, 1.19, 1.28, 1.19, 1.24, 3400.0, 24.8
2010-07-09, 1.25, 1.32, 1.23, 1.24, 5400.0, 24.8
2010-07-12, 1.27, 1.31, 1.22, 1.25, 2700.0, 25.0
2010-07-13, 1.26, 1.3, 1.16, 1.22, 4900.0, 24.4
2010-07-14, 1.22, 1.3, 1.2, 1.2, 1900.0, 24.0
2010-07-15, 1.26, 1.58, 1.26, 1.58, 28500.0, 31.6
2010-07-16, 1.5, 1.52, 1.31, 1.47, 8500.0, 29.4
2010-07-19, 1.49, 1.49, 1.34, 1.35, 2700.0, 27.0
2010-07-20, 1.36, 1.5, 1.26, 1.45, 5100.0, 29.0
2010-07-21, 1.5, 1.5, 1.38, 1.43, 2400.0, 28.6
2010-07-22, 1.43, 1.48, 1.43, 1.45, 1300.0, 29.0
2010-07-23, 1.48, 1.72, 1.47, 1.58, 10900.0, 31.6
2010-07-26, 1.62, 1.65, 1.45, 1.46, 5000.0, 29.2
2010-07-27, 1.5, 1.57, 1.46, 1.51, 2500.0, 30.2
2010-07-28, 1.54, 1.63, 1.45, 1.56, 2300.0, 31.2
2010-07-29, 1.55, 1.65, 1.47, 1.5, 2800.0, 30.0
2010-07-30, 1.49, 1.55, 1.46, 1.55, 1300.0, 31.0
2010-08-02, 1.6, 1.6, 1.5, 1.51, 2100.0, 30.2
2010-08-03, 1.5, 1.59, 1.37, 1.37, 5700.0, 27.4
2010-08-04, 1.37, 1.53, 1.28, 1.29, 6000.0, 25.8
2010-08-05, 1.3, 1.31, 1.23, 1.3, 4500.0, 26.0
2010-08-06, 1.3, 1.3, 1.17, 1.22, 7500.0, 24.4
2010-08-09, 1.25, 1.27, 1.16, 1.23, 5600.0, 24.6
2010-08-10, 1.2, 1.22, 1.13, 1.15, 3100.0, 23.0
2010-08-11, 1.11, 1.27, 1.11, 1.27, 3800.0, 25.4
2010-08-12, 1.26, 1.31, 1.2, 1.3, 4200.0, 26.0
2010-08-13, 1.29, 1.39, 1.28, 1.35, 5600.0, 27.0
2010-08-16, 1.31, 1.33, 1.15, 1.3, 17700.0, 26.0
2010-08-17, 1.33, 1.38, 1.26, 1.27, 3300.0, 25.4
2010-08-18, 1.37, 1.37, 1.28, 1.33, 1200.0, 26.6
2010-08-19, 1.33, 1.33, 1.21, 1.3, 4300.0, 26.0
2010-08-20, 1.3, 1.31, 1.21, 1.29, 1800.0, 25.8
2010-08-23, 1.29, 1.31, 1.17, 1.3, 3200.0, 26.0
2010-08-24, 1.26, 1.29, 1.18, 1.24, 1400.0, 24.8
2010-08-25, 1.21, 1.24, 1.17, 1.21, 700.0, 24.2
2010-08-26, 1.2, 1.22, 1.15, 1.18, 2100.0, 23.6
2010-08-27, 1.18, 1.22, 1.15, 1.15, 1500.0, 23.0
2010-08-30, 1.16, 1.22, 1.15, 1.19, 900.0, 23.8
2010-08-31, 1.18, 1.2, 1.1, 1.17, 3300.0, 23.4
2010-09-01, 1.18, 1.21, 1.13, 1.19, 1100.0, 23.8
2010-09-02, 1.09, 1.22, 1.09, 1.19, 1200.0, 23.8
2010-09-03, 1.19, 1.25, 1.11, 1.21, 3100.0, 24.2
2010-09-07, 1.17, 1.29, 1.17, 1.27, 2000.0, 25.4
2010-09-08, 1.26, 1.3, 1.23, 1.25, 5100.0, 25.0
2010-09-09, 1.25, 1.25, 1.2, 1.21, 1900.0, 24.2
2010-09-10, 1.21, 1.25, 1.2, 1.24, 1400.0, 24.8
2010-09-13, 1.27, 1.29, 1.21, 1.24, 2100.0, 24.8
2010-09-14, 1.22, 1.26, 1.15, 1.23, 2200.0, 24.6
2010-09-15, 1.25, 1.25, 1.16, 1.18, 1200.0, 23.6
2010-09-16, 1.21, 1.21, 1.14, 1.17, 3900.0, 23.4
2010-09-17, 1.19, 1.2, 1.16, 1.16, 2200.0, 23.2
2010-09-20, 1.15, 1.38, 1.15, 1.34, 15500.0, 26.8
2010-09-21, 1.33, 1.99, 1.33, 1.98, 50300.0, 39.6
2010-09-22, 2.1, 2.51, 1.9, 1.99, 129300.0, 39.8
2010-09-23, 1.95, 2.08, 1.7, 1.88, 31300.0, 37.6
2010-09-24, 1.88, 1.88, 1.6, 1.68, 24900.0, 33.6
2010-09-27, 1.68, 2.65, 1.68, 2.22, 135400.0, 44.4
2010-09-28, 2.21, 2.26, 2.02, 2.05, 27300.0, 41.0
2010-09-29, 2.0, 2.11, 1.91, 1.98, 13600.0, 39.6
2010-09-30, 2.02, 2.08, 1.93, 1.99, 9500.0, 39.8
2010-10-01, 2.02, 2.11, 1.86, 1.86, 18700.0, 37.2
2010-10-04, 1.91, 2.0, 1.85, 1.95, 10400.0, 39.0
2010-10-05, 1.99, 2.58, 1.97, 2.4, 105900.0, 48.0
2010-10-06, 2.5, 2.85, 2.4, 2.83, 93800.0, 56.6
2010-10-07, 3.01, 3.15, 2.77, 2.91, 127400.0, 58.2
2010-10-08, 2.91, 2.96, 2.65, 2.77, 51000.0, 55.4
2010-10-11, 2.95, 2.95, 2.71, 2.72, 11400.0, 54.4
2010-10-12, 2.68, 2.82, 2.5, 2.8, 22100.0, 56.0
2010-10-13, 2.95, 3.0, 2.73, 2.77, 57700.0, 55.4
2010-10-14, 2.8, 2.8, 2.5, 2.62, 23900.0, 52.4
2010-10-15, 2.6, 2.71, 2.45, 2.54, 14800.0, 50.8
2010-10-18, 2.57, 2.61, 2.37, 2.38, 20200.0, 47.6
2010-10-19, 2.35, 2.35, 2.17, 2.22, 25800.0, 44.4
2010-10-20, 2.28, 2.36, 2.25, 2.26, 17000.0, 45.2
2010-10-21, 2.3, 2.36, 2.03, 2.25, 28700.0, 45.0
2010-10-22, 2.21, 2.23, 2.08, 2.13, 11200.0, 42.6
2010-10-25, 2.11, 2.15, 1.95, 2.09, 16000.0, 41.8
2010-10-26, 2.05, 2.05, 1.9, 2.02, 13900.0, 40.4
2010-10-27, 1.99, 2.25, 1.96, 2.18, 30900.0, 43.6
2010-10-28, 2.19, 2.41, 2.19, 2.32, 39700.0, 46.4
2010-10-29, 2.32, 2.48, 2.24, 2.24, 28300.0, 44.8
2010-11-01, 2.21, 2.23, 2.0, 2.05, 17600.0, 41.0
2010-11-02, 2.09, 2.1, 2.01, 2.05, 5300.0, 41.0
2010-11-03, 2.08, 2.08, 2.0, 2.03, 7500.0, 40.6
2010-11-04, 2.04, 2.29, 2.03, 2.22, 24800.0, 44.4
2010-11-05, 2.18, 2.31, 2.14, 2.17, 11000.0, 43.4
2010-11-08, 2.17, 2.23, 2.1, 2.16, 5900.0, 43.2
2010-11-09, 2.18, 2.4, 2.18, 2.24, 20500.0, 44.8
2010-11-10, 2.3, 2.3, 2.13, 2.18, 7400.0, 43.6
2010-11-11, 2.16, 2.28, 2.08, 2.21, 6700.0, 44.2
2010-11-12, 2.24, 2.24, 2.08, 2.11, 6100.0, 42.2
2010-11-15, 2.1, 2.2, 2.05, 2.11, 4600.0, 42.2
2010-11-16, 2.16, 2.16, 1.96, 2.02, 10400.0, 40.4
2010-11-17, 2.09, 2.09, 1.97, 2.02, 3600.0, 40.4
2010-11-18, 2.03, 2.07, 2.0, 2.05, 3600.0, 41.0
2010-11-19, 2.05, 2.05, 1.89, 1.91, 24300.0, 38.2
2010-11-22, 1.9, 1.98, 1.87, 1.89, 5500.0, 37.8
2010-11-23, 1.85, 1.86, 1.75, 1.75, 6800.0, 35.0
2010-11-24, 1.78, 1.81, 1.75, 1.78, 4500.0, 35.6
2010-11-26, 1.78, 1.84, 1.78, 1.83, 800.0, 36.6
2010-11-29, 1.83, 1.85, 1.76, 1.77, 2800.0, 35.4
2010-11-30, 1.77, 1.77, 1.6, 1.66, 8700.0, 33.2
2010-12-01, 1.64, 1.73, 1.6, 1.65, 5800.0, 33.0
2010-12-02, 1.67, 1.68, 1.48, 1.48, 20200.0, 29.6
2010-12-03, 1.49, 1.52, 1.38, 1.39, 13300.0, 27.8
2010-12-06, 1.41, 1.67, 1.39, 1.64, 29900.0, 32.8
2010-12-07, 1.71, 1.81, 1.6, 1.62, 22300.0, 32.4
2010-12-08, 1.64, 1.69, 1.53, 1.57, 9900.0, 31.4
2010-12-09, 1.59, 1.68, 1.52, 1.62, 12100.0, 32.4
2010-12-10, 1.69, 1.78, 1.67, 1.7, 15500.0, 34.0
2010-12-13, 1.74, 1.75, 1.62, 1.64, 15700.0, 32.8
2010-12-14, 1.65, 1.69, 1.56, 1.56, 9400.0, 31.2
2010-12-15, 1.55, 1.6, 1.52, 1.52, 4700.0, 30.4
2010-12-16, 1.54, 1.57, 1.51, 1.55, 2800.0, 31.0
2010-12-17, 1.57, 1.75, 1.57, 1.72, 14100.0, 34.4
2010-12-20, 1.74, 1.95, 1.72, 1.91, 24200.0, 38.2
2010-12-21, 1.9, 1.99, 1.83, 1.99, 15000.0, 39.8
2010-12-22, 1.58, 1.77, 1.55, 1.66, 40800.0, 33.2
2010-12-23, 1.64, 1.71, 1.62, 1.66, 7200.0, 33.2
2010-12-27, 1.65, 1.65, 1.6, 1.62, 4500.0, 32.4
2010-12-28, 1.64, 1.74, 1.6, 1.68, 5800.0, 33.6
2010-12-29, 1.69, 1.69, 1.62, 1.64, 6200.0, 32.8
2010-12-30, 1.63, 1.69, 1.6, 1.62, 8200.0, 32.4
2010-12-31, 1.62, 1.86, 1.6, 1.74, 30500.0, 34.8
2011-01-03, 1.77, 1.77, 1.63, 1.63, 15600.0, 32.6
2011-01-04, 1.64, 1.74, 1.63, 1.7, 14600.0, 34.0
2011-01-05, 1.73, 1.84, 1.68, 1.69, 22500.0, 33.8
2011-01-06, 1.69, 1.73, 1.55, 1.57, 33700.0, 31.4
2011-01-07, 1.6, 1.6, 1.5, 1.51, 18400.0, 30.2
2011-01-10, 1.5, 1.56, 1.48, 1.5, 16400.0, 30.0
2011-01-11, 1.49, 1.5, 1.42, 1.46, 22200.0, 29.2
2011-01-12, 1.46, 1.46, 1.34, 1.39, 48700.0, 27.8
2011-01-13, 1.38, 1.51, 1.36, 1.36, 41300.0, 27.2
2011-01-14, 1.35, 1.4, 1.35, 1.38, 20000.0, 27.6
2011-01-18, 1.38, 1.38, 1.3, 1.32, 31500.0, 26.4
2011-01-19, 1.3, 1.36, 1.25, 1.28, 15800.0, 25.6
2011-01-20, 1.27, 1.27, 1.1, 1.13, 49500.0, 22.6
2011-01-21, 1.2, 1.23, 1.12, 1.13, 38200.0, 22.6
2011-01-24, 1.13, 1.18, 1.07, 1.09, 22000.0, 21.8
2011-01-25, 1.12, 1.12, 1.02, 1.05, 21500.0, 21.0
2011-01-26, 1.09, 1.3, 1.05, 1.3, 99800.0, 26.0
2011-01-27, 1.31, 1.45, 1.25, 1.33, 94000.0, 26.6
2011-01-28, 1.4, 1.4, 1.2, 1.24, 41600.0, 24.8
2011-01-31, 1.25, 1.28, 1.11, 1.14, 41600.0, 22.8
2011-02-01, 1.16, 1.16, 1.08, 1.08, 55000.0, 21.6
2011-02-02, 1.13, 1.13, 1.04, 1.09, 43500.0, 21.8
2011-02-03, 1.1, 1.12, 1.04, 1.09, 42900.0, 21.8
2011-02-04, 1.09, 1.09, 0.9, 0.94, 124000.0, 18.8
2011-02-07, 0.89, 0.89, 0.68, 0.82, 189900.0, 16.4
2011-02-08, 0.82, 0.91, 0.82, 0.89, 76300.0, 17.8
2011-02-09, 0.88, 1.18, 0.88, 1.12, 465100.0, 22.4
2011-02-10, 1.1, 1.24, 1.05, 1.05, 162200.0, 21.0
2011-02-11, 1.1, 1.1, 1.0, 1.05, 61400.0, 21.0
2011-02-14, 1.05, 1.07, 0.98, 0.99, 72300.0, 19.8
2011-02-15, 1.0, 1.01, 0.9, 0.95, 62500.0, 19.0
2011-02-16, 0.95, 1.0, 0.9, 0.95, 43800.0, 19.0
2011-02-17, 0.93, 0.95, 0.88, 0.92, 36100.0, 18.4
2011-02-18, 0.93, 0.98, 0.91, 0.95, 25600.0, 19.0
2011-02-22, 0.99, 0.99, 0.92, 0.95, 40400.0, 19.0
2011-02-23, 0.95, 0.97, 0.89, 0.93, 25500.0, 18.6
2011-02-24, 0.9, 0.93, 0.89, 0.9, 13600.0, 18.0
2011-02-25, 0.89, 0.9, 0.85, 0.88, 32000.0, 17.6
2011-02-28, 0.88, 0.92, 0.86, 0.86, 17600.0, 17.2
2011-03-01, 0.87, 0.9, 0.86, 0.86, 13200.0, 17.2
2011-03-02, 0.88, 1.04, 0.86, 0.91, 138400.0, 18.2
2011-03-03, 0.92, 1.05, 0.92, 0.95, 164000.0, 19.0
2011-03-04, 0.95, 1.05, 0.93, 0.95, 78200.0, 19.0
2011-03-07, 0.96, 1.09, 0.93, 1.0, 283800.0, 20.0
2011-03-08, 1.03, 1.03, 0.95, 0.98, 88800.0, 19.6
2011-03-09, 0.97, 0.97, 0.91, 0.93, 49200.0, 18.6
2011-03-10, 0.94, 0.94, 0.87, 0.89, 50000.0, 17.8
2011-03-11, 0.89, 0.91, 0.86, 0.89, 25800.0, 17.8
2011-03-14, 0.89, 0.93, 0.84, 0.86, 27400.0, 17.2
2011-03-15, 0.85, 0.86, 0.8, 0.8, 38000.0, 16.0
2011-03-16, 0.81, 0.84, 0.8, 0.81, 31200.0, 16.2
2011-03-17, 0.85, 0.86, 0.81, 0.84, 10600.0, 16.8
2011-03-18, 0.85, 0.85, 0.8, 0.8, 13200.0, 16.0
2011-03-21, 0.83, 0.88, 0.83, 0.85, 13900.0, 17.0
2011-03-22, 0.87, 0.87, 0.84, 0.86, 9800.0, 17.2
2011-03-23, 0.87, 0.89, 0.85, 0.87, 10400.0, 17.4
2011-03-24, 0.89, 0.9, 0.82, 0.87, 19800.0, 17.4
2011-03-25, 0.86, 0.89, 0.83, 0.85, 11600.0, 17.0
2011-03-28, 0.9, 0.9, 0.85, 0.88, 24900.0, 17.6
2011-03-29, 0.81, 0.85, 0.8, 0.81, 48000.0, 16.2
2011-03-30, 0.82, 0.87, 0.82, 0.83, 64500.0, 16.6
2011-03-31, 0.84, 0.86, 0.82, 0.82, 26400.0, 16.4
2011-04-01, 0.83, 0.84, 0.82, 0.82, 27400.0, 16.4
2011-04-04, 0.83, 0.83, 0.74, 0.76, 52000.0, 15.2
2011-04-05, 0.77, 0.77, 0.72, 0.73, 22000.0, 14.6
2011-04-06, 0.73, 0.77, 0.73, 0.76, 25400.0, 15.2
2011-04-07, 0.76, 0.79, 0.73, 0.76, 20200.0, 15.2
2011-04-08, 0.77, 0.78, 0.76, 0.76, 9300.0, 15.2
2011-04-11, 0.76, 0.76, 0.71, 0.72, 16200.0, 14.4
2011-04-12, 0.71, 0.74, 0.68, 0.7, 19400.0, 14.0
2011-04-13, 0.71, 0.71, 0.68, 0.69, 12000.0, 13.8
2011-04-14, 0.68, 0.68, 0.64, 0.64, 36300.0, 12.8
2011-04-15, 0.64, 0.65, 0.63, 0.63, 20700.0, 12.6
2011-04-18, 0.63, 0.65, 0.63, 0.63, 10500.0, 12.6
2011-04-19, 0.64, 0.65, 0.63, 0.64, 7700.0, 12.8
2011-04-20, 0.64, 0.66, 0.64, 0.66, 17500.0, 13.2
2011-04-21, 0.66, 0.66, 0.64, 0.66, 7300.0, 13.2
2011-04-25, 0.65, 0.75, 0.64, 0.74, 37600.0, 14.8
2011-04-26, 0.74, 0.75, 0.69, 0.71, 14900.0, 14.2
2011-04-27, 0.72, 0.75, 0.71, 0.71, 11300.0, 14.2
2011-04-28, 0.72, 0.74, 0.7, 0.72, 11000.0, 14.4
2011-04-29, 0.73, 0.73, 0.7, 0.72, 16100.0, 14.4
2011-05-02, 0.73, 0.73, 0.71, 0.72, 14700.0, 14.4
2011-05-03, 0.73, 0.78, 0.71, 0.75, 43000.0, 15.0
2011-05-04, 0.75, 0.77, 0.74, 0.74, 19500.0, 14.8
2011-05-05, 0.74, 0.76, 0.71, 0.72, 7900.0, 14.4
2011-05-06, 0.72, 0.73, 0.71, 0.71, 5200.0, 14.2
2011-05-09, 0.71, 0.72, 0.71, 0.72, 4200.0, 14.4
2011-05-10, 0.73, 0.74, 0.7, 0.71, 13000.0, 14.2
2011-05-11, 0.72, 0.72, 0.65, 0.67, 18100.0, 13.4
2011-05-12, 0.66, 0.69, 0.57, 0.61, 60000.0, 12.2
2011-05-13, 0.62, 0.62, 0.58, 0.6, 15500.0, 12.0
2011-05-16, 0.6, 0.63, 0.56, 0.57, 11100.0, 11.4
2011-05-17, 0.57, 0.58, 0.52, 0.54, 21700.0, 10.8
2011-05-18, 0.55, 0.57, 0.54, 0.56, 9900.0, 11.2
2011-05-19, 0.57, 0.58, 0.55, 0.55, 8400.0, 11.0
2011-05-20, 0.56, 0.61, 0.55, 0.56, 4800.0, 11.2
2011-05-23, 0.55, 0.56, 0.53, 0.54, 13400.0, 10.8
2011-05-24, 0.55, 0.59, 0.52, 0.56, 11400.0, 11.2
2011-05-25, 0.55, 0.63, 0.53, 0.63, 12300.0, 12.6
2011-05-26, 0.61, 0.62, 0.57, 0.57, 7300.0, 11.4
2011-05-27, 0.58, 0.61, 0.56, 0.6, 4000.0, 12.0
2011-05-31, 0.6, 0.63, 0.6, 0.62, 8200.0, 12.4
2011-06-01, 0.62, 0.62, 0.6, 0.6, 6100.0, 12.0
2011-06-02, 0.61, 0.61, 0.58, 0.6, 2800.0, 12.0
2011-06-03, 0.6, 0.61, 0.55, 0.58, 9300.0, 11.6
2011-06-06, 0.57, 0.57, 0.55, 0.55, 8700.0, 11.0
2011-06-07, 0.57, 0.58, 0.55, 0.56, 2600.0, 11.2
2011-06-08, 0.56, 0.56, 0.52, 0.53, 3300.0, 10.6
2011-06-09, 0.54, 0.58, 0.54, 0.56, 11100.0, 11.2
2011-06-10, 0.55, 0.56, 0.53, 0.55, 8300.0, 11.0
2011-06-13, 0.55, 0.57, 0.5, 0.51, 14700.0, 10.2
2011-06-14, 0.51, 0.54, 0.5, 0.53, 4300.0, 10.6
2011-06-15, 0.53, 0.53, 0.51, 0.52, 6800.0, 10.4
2011-06-16, 0.51, 0.53, 0.5, 0.52, 6600.0, 10.4
2011-06-17, 0.51, 0.53, 0.48, 0.5, 13100.0, 10.0
2011-06-20, 0.49, 0.5, 0.46, 0.47, 9700.0, 9.4
2011-06-21, 0.47, 0.48, 0.45, 0.45, 9700.0, 9.0
2011-06-22, 0.45, 0.48, 0.45, 0.47, 4700.0, 9.4
2011-06-23, 0.47, 0.48, 0.46, 0.48, 2700.0, 9.6
2011-06-24, 0.47, 0.48, 0.43, 0.43, 11300.0, 8.6
2011-06-27, 0.42, 0.45, 0.42, 0.44, 10600.0, 8.8
2011-06-28, 0.45, 0.45, 0.4, 0.42, 14200.0, 8.4
2011-06-29, 0.41, 0.44, 0.4, 0.41, 11000.0, 8.2
2011-06-30, 0.41, 0.43, 0.41, 0.41, 7900.0, 8.2
2011-07-01, 0.41, 0.44, 0.41, 0.43, 9400.0, 8.6
2011-07-05, 0.42, 0.44, 0.42, 0.44, 3700.0, 8.8
2011-07-06, 0.44, 0.44, 0.42, 0.42, 4400.0, 8.4
2011-07-07, 0.43, 0.44, 0.41, 0.42, 8500.0, 8.4
2011-07-08, 0.42, 0.44, 0.42, 0.43, 5000.0, 8.6
2011-07-11, 0.43, 0.44, 0.42, 0.43, 5300.0, 8.6
2011-07-12, 0.44, 0.44, 0.42, 0.42, 4000.0, 8.4
2011-07-13, 0.44, 0.44, 0.42, 0.42, 6000.0, 8.4
2011-07-14, 0.42, 0.45, 0.42, 0.44, 16300.0, 8.8
2011-07-15, 0.44, 0.44, 0.37, 0.41, 32700.0, 8.2
2011-07-18, 0.41, 0.42, 0.39, 0.39, 4200.0, 7.8
2011-07-19, 0.39, 0.4, 0.37, 0.38, 11300.0, 7.6
2011-07-20, 0.37, 0.4, 0.37, 0.4, 9100.0, 8.0
2011-07-21, 0.4, 0.41, 0.38, 0.38, 15600.0, 7.6
2011-07-22, 0.41, 0.41, 0.37, 0.4, 8300.0, 8.0
2011-07-25, 0.4, 0.41, 0.37, 0.38, 7500.0, 7.6
2011-07-26, 0.4, 0.41, 0.38, 0.4, 6600.0, 8.0
2011-07-27, 0.4, 0.41, 0.38, 0.4, 8300.0, 8.0
2011-07-28, 0.4, 0.4, 0.38, 0.4, 2900.0, 8.0
2011-07-29, 0.39, 0.39, 0.37, 0.39, 11700.0, 7.8
2011-08-01, 0.37, 0.39, 0.37, 0.38, 4400.0, 7.6
2011-08-02, 0.38, 0.4, 0.37, 0.38, 7200.0, 7.6
2011-08-03, 0.4, 0.4, 0.38, 0.4, 13300.0, 8.0
2011-08-04, 0.4, 0.41, 0.35, 0.35, 14200.0, 7.0
2011-08-05, 0.35, 0.39, 0.3, 0.35, 11100.0, 7.0
2011-08-08, 0.32, 0.33, 0.28, 0.3, 23600.0, 6.0
2011-08-09, 0.3, 0.33, 0.3, 0.32, 12200.0, 6.4
2011-08-10, 0.32, 0.33, 0.3, 0.33, 11600.0, 6.6
2011-08-11, 0.33, 0.34, 0.31, 0.34, 9600.0, 6.8
2011-08-12, 0.34, 0.34, 0.3, 0.31, 9000.0, 6.2
2011-08-15, 0.33, 0.33, 0.32, 0.32, 7000.0, 6.4
2011-08-16, 0.32, 0.34, 0.32, 0.34, 15400.0, 6.8
2011-08-17, 0.33, 0.34, 0.3, 0.33, 5000.0, 6.6
2011-08-18, 0.32, 0.32, 0.3, 0.32, 4200.0, 6.4
2011-08-19, 0.34, 0.34, 0.3, 0.3, 7600.0, 6.0
2011-08-22, 0.3, 0.32, 0.3, 0.3, 3500.0, 6.0
2011-08-23, 0.3, 0.32, 0.29, 0.31, 4000.0, 6.2
2011-08-24, 0.31, 0.32, 0.3, 0.31, 8400.0, 6.2
2011-08-25, 0.31, 0.31, 0.26, 0.28, 15100.0, 5.6
2011-08-26, 0.29, 0.3, 0.26, 0.29, 8900.0, 5.8
2011-08-29, 0.29, 0.31, 0.25, 0.29, 11700.0, 5.8
2011-08-30, 0.28, 0.3, 0.28, 0.28, 6500.0, 5.6
2011-08-31, 0.3, 0.31, 0.28, 0.28, 9600.0, 5.6
2011-09-01, 0.31, 0.31, 0.28, 0.28, 2700.0, 5.6
2011-09-02, 0.28, 0.31, 0.28, 0.28, 5200.0, 5.6
2011-09-06, 0.26, 0.3, 0.26, 0.28, 4500.0, 5.6
2011-09-07, 0.28, 0.3, 0.28, 0.3, 4100.0, 6.0
2011-09-08, 0.3, 0.3, 0.28, 0.28, 4000.0, 5.6
2011-09-09, 0.28, 0.29, 0.28, 0.28, 3000.0, 5.6
2011-09-12, 0.28, 0.29, 0.28, 0.29, 4500.0, 5.8
2011-09-13, 0.27, 0.29, 0.27, 0.29, 4100.0, 5.8
2011-09-14, 0.29, 0.3, 0.27, 0.3, 7900.0, 6.0
2011-09-15, 0.3, 0.3, 0.28, 0.29, 5800.0, 5.8
2011-09-16, 0.29, 0.29, 0.26, 0.26, 4100.0, 5.2
2011-09-19, 0.29, 0.29, 0.27, 0.27, 3700.0, 5.4
2011-09-20, 0.29, 0.29, 0.26, 0.28, 13500.0, 5.6
2011-09-21, 0.28, 0.28, 0.26, 0.26, 2900.0, 5.2
2011-09-22, 0.25, 0.27, 0.24, 0.25, 7300.0, 5.0
2011-09-23, 0.24, 0.24, 0.19, 0.2, 21500.0, 4.0
2011-09-26, 0.23, 0.23, 0.19, 0.2, 11800.0, 4.0
2011-09-27, 0.22, 0.22, 0.19, 0.2, 11800.0, 4.0
2011-09-28, 0.2, 0.21, 0.2, 0.2, 4100.0, 4.0
2011-09-29, 0.21, 0.21, 0.18, 0.18, 8700.0, 3.6
2011-09-30, 0.18, 0.2, 0.16, 0.19, 10100.0, 3.8
2011-10-03, 0.2, 0.2, 0.16, 0.18, 6400.0, 3.6
2011-10-04, 0.17, 0.18, 0.15, 0.16, 11300.0, 3.2
2011-10-05, 0.19, 0.19, 0.16, 0.16, 3900.0, 3.2
2011-10-06, 0.19, 0.19, 0.17, 0.18, 5600.0, 3.6
2011-10-07, 0.2, 0.2, 0.19, 0.19, 6300.0, 3.8
2011-10-10, 0.22, 0.25, 0.2, 0.24, 8300.0, 4.8
2011-10-11, 0.25, 0.25, 0.23, 0.24, 7200.0, 4.8
2011-10-12, 0.25, 0.27, 0.24, 0.26, 11600.0, 5.2
2011-10-13, 0.26, 0.26, 0.24, 0.24, 4700.0, 4.8
2011-10-14, 0.26, 0.26, 0.24, 0.24, 4300.0, 4.8
2011-10-17, 0.24, 0.24, 0.2, 0.23, 6200.0, 4.6
2011-10-18, 0.24, 0.25, 0.21, 0.25, 1400.0, 5.0
2011-10-19, 0.25, 0.25, 0.23, 0.23, 3700.0, 4.6
2011-10-20, 0.25, 0.25, 0.23, 0.23, 8400.0, 4.6
2011-10-21, 0.23, 0.23, 0.21, 0.22, 9400.0, 4.4
2011-10-24, 0.22, 0.24, 0.21, 0.22, 14200.0, 4.4
2011-10-25, 0.23, 0.23, 0.21, 0.22, 6800.0, 4.4
2011-10-26, 0.21, 0.22, 0.21, 0.21, 12500.0, 4.2
2011-10-27, 0.23, 0.29, 0.23, 0.25, 100800.0, 5.0
2011-10-28, 0.29, 0.38, 0.25, 0.38, 51500.0, 7.6
2011-10-31, 0.48, 0.57, 0.4, 0.51, 109300.0, 10.2
2011-11-01, 0.46, 0.51, 0.4, 0.44, 38700.0, 8.8
2011-11-02, 0.5, 0.51, 0.4, 0.43, 51600.0, 8.6
2011-11-03, 0.45, 0.55, 0.45, 0.52, 97300.0, 10.4
2011-11-04, 0.57, 0.61, 0.54, 0.6, 141400.0, 12.0
2011-11-07, 0.64, 0.66, 0.53, 0.59, 181200.0, 11.8
2011-11-08, 0.6, 0.6, 0.45, 0.54, 83300.0, 10.8
2011-11-09, 0.54, 0.58, 0.48, 0.57, 88700.0, 11.4
2011-11-10, 0.63, 0.64, 0.52, 0.55, 126100.0, 11.0
2011-11-11, 0.58, 0.59, 0.53, 0.58, 95700.0, 11.6
2011-11-14, 0.58, 0.65, 0.55, 0.6, 241400.0, 12.0
2011-11-15, 0.58, 0.89, 0.56, 0.85, 708800.0, 17.0
2011-11-16, 0.92, 1.24, 0.87, 0.88, 1329100.0, 17.6
2011-11-17, 0.9, 1.1, 0.85, 0.97, 521200.0, 19.4
2011-11-18, 1.05, 1.12, 0.91, 0.98, 281600.0, 19.6
2011-11-21, 0.9, 0.9, 0.72, 0.78, 222800.0, 15.6
2011-11-22, 0.79, 0.88, 0.77, 0.8, 130100.0, 16.0
2011-11-23, 0.8, 0.84, 0.74, 0.74, 67900.0, 14.8
2011-11-25, 0.76, 0.8, 0.73, 0.76, 48000.0, 15.2
2011-11-28, 0.82, 0.84, 0.64, 0.68, 112300.0, 13.6
2011-11-29, 0.67, 0.68, 0.53, 0.59, 217800.0, 11.8
2011-11-30, 0.62, 0.63, 0.5, 0.53, 163400.0, 10.6
2011-12-01, 0.52, 0.69, 0.52, 0.65, 213400.0, 13.0
2011-12-02, 0.68, 0.81, 0.68, 0.77, 301700.0, 15.4
2011-12-05, 0.81, 0.85, 0.65, 0.69, 218200.0, 13.8
2011-12-06, 0.65, 0.72, 0.63, 0.72, 83800.0, 14.4
2011-12-07, 0.73, 0.73, 0.67, 0.7, 51900.0, 14.0
2011-12-08, 0.68, 0.75, 0.65, 0.66, 61500.0, 13.2
2011-12-09, 0.67, 0.69, 0.6, 0.62, 99300.0, 12.4
2011-12-12, 0.69, 0.69, 0.6, 0.63, 30700.0, 12.6
2011-12-13, 0.63, 0.63, 0.58, 0.59, 50300.0, 11.8
2011-12-14, 0.61, 0.61, 0.52, 0.55, 69700.0, 11.0
2011-12-15, 0.58, 0.58, 0.44, 0.46, 110600.0, 9.2
2011-12-16, 0.49, 0.6, 0.49, 0.59, 149200.0, 11.8
2011-12-19, 0.59, 0.61, 0.53, 0.56, 43900.0, 11.2
2011-12-20, 0.6, 0.62, 0.56, 0.57, 44300.0, 11.4
2011-12-21, 0.56, 0.6, 0.55, 0.59, 21800.0, 11.8
2011-12-22, 0.56, 0.58, 0.54, 0.57, 26800.0, 11.4
2011-12-23, 0.56, 0.6, 0.54, 0.6, 35900.0, 12.0
2011-12-27, 0.6, 0.65, 0.58, 0.64, 48500.0, 12.8
2011-12-28, 0.65, 0.78, 0.61, 0.74, 161100.0, 14.8
2011-12-29, 0.74, 0.8, 0.68, 0.73, 118100.0, 14.6
2011-12-30, 0.71, 0.72, 0.66, 0.68, 44100.0, 13.6
2012-01-03, 0.69, 0.72, 0.63, 0.67, 33800.0, 13.4
2012-01-04, 0.64, 0.68, 0.64, 0.64, 25800.0, 12.8
2012-01-05, 0.66, 0.7, 0.62, 0.65, 53100.0, 13.0
2012-01-06, 0.69, 0.69, 0.62, 0.62, 28000.0, 12.4
2012-01-09, 0.62, 0.66, 0.6, 0.6, 40200.0, 12.0
2012-01-10, 0.63, 0.63, 0.58, 0.6, 36600.0, 12.0
2012-01-11, 0.61, 0.63, 0.57, 0.61, 27200.0, 12.2
2012-01-12, 0.63, 0.65, 0.59, 0.63, 38500.0, 12.6
2012-01-13, 0.64, 0.7, 0.61, 0.64, 77500.0, 12.8
2012-01-17, 0.65, 0.69, 0.61, 0.61, 41000.0, 12.2
2012-01-18, 0.61, 0.63, 0.61, 0.62, 12600.0, 12.4
2012-01-19, 0.63, 0.64, 0.61, 0.61, 18400.0, 12.2
2012-01-20, 0.63, 0.66, 0.6, 0.63, 24300.0, 12.6
2012-01-23, 0.63, 0.69, 0.62, 0.69, 70000.0, 13.8
2012-01-24, 0.7, 0.7, 0.65, 0.65, 23400.0, 13.0
2012-01-25, 0.65, 0.68, 0.63, 0.65, 21000.0, 13.0
2012-01-26, 0.64, 0.67, 0.62, 0.65, 26700.0, 13.0
2012-01-27, 0.65, 0.65, 0.62, 0.63, 21100.0, 12.6
2012-01-30, 0.64, 0.64, 0.62, 0.62, 22500.0, 12.4
2012-01-31, 0.62, 0.64, 0.6, 0.61, 14700.0, 12.2
2012-02-01, 0.62, 0.68, 0.6, 0.65, 74700.0, 13.0
2012-02-02, 0.66, 0.71, 0.64, 0.67, 76200.0, 13.4
2012-02-03, 0.7, 0.7, 0.65, 0.67, 22400.0, 13.4
2012-02-06, 0.67, 0.67, 0.62, 0.65, 27400.0, 13.0
2012-02-07, 0.63, 0.64, 0.61, 0.64, 27200.0, 12.8
2012-02-08, 0.65, 0.66, 0.63, 0.64, 28500.0, 12.8
2012-02-09, 0.66, 0.73, 0.65, 0.69, 204200.0, 13.8
2012-02-10, 0.68, 0.72, 0.61, 0.63, 86900.0, 12.6
2012-02-13, 0.64, 0.68, 0.62, 0.64, 31700.0, 12.8
2012-02-14, 0.64, 0.64, 0.59, 0.6, 77300.0, 12.0
2012-02-15, 0.6, 0.63, 0.59, 0.61, 34100.0, 12.2
2012-02-16, 0.63, 0.65, 0.61, 0.62, 39100.0, 12.4
2012-02-17, 0.62, 0.66, 0.62, 0.64, 47100.0, 12.8
2012-02-21, 0.65, 0.67, 0.63, 0.64, 39600.0, 12.8
2012-02-22, 0.65, 0.67, 0.65, 0.65, 32200.0, 13.0
2012-02-23, 0.66, 0.67, 0.63, 0.66, 27300.0, 13.2
2012-02-24, 0.68, 0.82, 0.68, 0.79, 436000.0, 15.8
2012-02-27, 0.84, 0.92, 0.82, 0.85, 393500.0, 17.0
2012-02-28, 0.8, 0.8, 0.72, 0.76, 161000.0, 15.2
2012-02-29, 0.76, 0.82, 0.73, 0.76, 112000.0, 15.2
2012-03-01, 0.8, 0.8, 0.66, 0.72, 157900.0, 14.4
2012-03-02, 0.86, 0.87, 0.75, 0.77, 301500.0, 15.4
2012-03-05, 0.77, 0.78, 0.68, 0.7, 170500.0, 14.0
2012-03-06, 0.68, 0.69, 0.63, 0.64, 82000.0, 12.8
2012-03-07, 0.67, 0.71, 0.65, 0.66, 50100.0, 13.2
2012-03-08, 0.68, 0.7, 0.65, 0.65, 44300.0, 13.0
2012-03-09, 0.69, 0.69, 0.64, 0.66, 37000.0, 13.2
2012-03-12, 0.7, 0.7, 0.65, 0.66, 43200.0, 13.2
2012-03-13, 0.67, 0.68, 0.64, 0.66, 27100.0, 13.2
2012-03-14, 0.67, 0.67, 0.65, 0.67, 17600.0, 13.4
2012-03-15, 0.67, 0.67, 0.64, 0.65, 36900.0, 13.0
2012-03-16, 0.65, 0.7, 0.65, 0.69, 66700.0, 13.8
2012-03-19, 0.7, 0.72, 0.67, 0.69, 45700.0, 13.8
2012-03-20, 0.72, 0.72, 0.66, 0.68, 14400.0, 13.6
2012-03-21, 0.69, 0.69, 0.64, 0.65, 46800.0, 13.0
2012-03-22, 0.69, 0.69, 0.64, 0.64, 34500.0, 12.8
2012-03-23, 0.66, 0.67, 0.64, 0.66, 12800.0, 13.2
2012-03-26, 0.67, 0.69, 0.66, 0.67, 38000.0, 13.4
2012-03-27, 0.67, 0.7, 0.67, 0.7, 60900.0, 14.0
2012-03-28, 0.7, 0.7, 0.67, 0.68, 14200.0, 13.6
2012-03-29, 0.67, 0.68, 0.65, 0.66, 21000.0, 13.2
2012-03-30, 0.65, 0.67, 0.65, 0.65, 16100.0, 13.0
2012-04-02, 0.65, 0.65, 0.63, 0.63, 46200.0, 12.6
2012-04-03, 0.7, 0.7, 0.63, 0.63, 91000.0, 12.6
2012-04-04, 0.6, 0.6, 0.54, 0.58, 75000.0, 11.6
2012-04-05, 0.6, 0.62, 0.57, 0.59, 14700.0, 11.8
2012-04-09, 0.6, 0.63, 0.58, 0.62, 25000.0, 12.4
2012-04-10, 0.62, 0.63, 0.55, 0.56, 36800.0, 11.2
2012-04-11, 0.6, 0.6, 0.54, 0.59, 27800.0, 11.8
2012-04-12, 0.6, 0.61, 0.59, 0.59, 11000.0, 11.8
2012-04-13, 0.59, 0.6, 0.55, 0.56, 30000.0, 11.2
2012-04-16, 0.56, 0.56, 0.51, 0.55, 36400.0, 11.0
2012-04-17, 0.54, 0.56, 0.53, 0.55, 17400.0, 11.0
2012-04-18, 0.55, 0.55, 0.46, 0.52, 27000.0, 10.4
2012-04-19, 0.5, 0.53, 0.49, 0.5, 14800.0, 10.0
2012-04-20, 0.52, 0.62, 0.51, 0.58, 81300.0, 11.6
2012-04-23, 0.6, 0.6, 0.52, 0.55, 26400.0, 11.0
2012-04-24, 0.54, 0.55, 0.52, 0.55, 10100.0, 11.0
2012-04-25, 0.52, 0.57, 0.5, 0.52, 21400.0, 10.4
2012-04-26, 0.55, 0.55, 0.5, 0.5, 42400.0, 10.0
2012-04-27, 0.49, 0.5, 0.46, 0.46, 59400.0, 9.2
2012-04-30, 0.46, 0.5, 0.46, 0.46, 16700.0, 9.2
2012-05-01, 0.47, 0.48, 0.45, 0.45, 22200.0, 9.0
2012-05-02, 0.45, 0.46, 0.43, 0.43, 25900.0, 8.6
2012-05-03, 0.43, 0.47, 0.43, 0.45, 22800.0, 9.0
2012-05-04, 0.45, 0.45, 0.43, 0.43, 7800.0, 8.6
2012-05-07, 0.43, 0.45, 0.4, 0.43, 18100.0, 8.6
2012-05-08, 0.44, 0.44, 0.42, 0.43, 4200.0, 8.6
2012-05-09, 0.43, 0.48, 0.4, 0.46, 40500.0, 9.2
2012-05-10, 0.45, 0.5, 0.45, 0.49, 67000.0, 9.8
2012-05-11, 0.4, 0.43, 0.35, 0.41, 93600.0, 8.2
2012-05-14, 0.4, 0.4, 0.35, 0.36, 18300.0, 7.2
2012-05-15, 0.33, 0.38, 0.32, 0.35, 36300.0, 7.0
2012-05-16, 0.34, 0.37, 0.34, 0.35, 11800.0, 7.0
2012-05-17, 0.33, 0.36, 0.33, 0.33, 16200.0, 6.6
2012-05-18, 0.34, 0.34, 0.29, 0.31, 37100.0, 6.2
2012-05-21, 0.32, 0.32, 0.3, 0.32, 13100.0, 6.4
2012-05-22, 0.33, 0.36, 0.32, 0.34, 46300.0, 6.8
2012-05-23, 0.36, 0.36, 0.32, 0.34, 10600.0, 6.8
2012-05-24, 0.36, 0.38, 0.33, 0.35, 48000.0, 7.0
2012-05-25, 0.36, 0.36, 0.33, 0.35, 8700.0, 7.0
2012-05-29, 0.35, 0.35, 0.32, 0.33, 12000.0, 6.6
2012-05-30, 0.31, 0.31, 0.27, 0.29, 39700.0, 5.8
2012-05-31, 0.28, 0.31, 0.28, 0.3, 13500.0, 6.0
2012-06-01, 0.28, 0.3, 0.27, 0.29, 6400.0, 5.8
2012-06-04, 0.29, 0.3, 0.28, 0.3, 11100.0, 6.0
2012-06-05, 0.28, 0.3, 0.28, 0.29, 7800.0, 5.8
2012-06-06, 0.27, 0.3, 0.27, 0.3, 12700.0, 6.0
2012-06-07, 0.3, 0.3, 0.27, 0.27, 27400.0, 5.4
2012-06-08, 0.28, 0.29, 0.27, 0.28, 15500.0, 5.6
2012-06-11, 0.29, 0.29, 0.28, 0.29, 8900.0, 5.8
2012-06-12, 0.29, 0.29, 0.25, 0.26, 10100.0, 5.2
2012-06-13, 0.29, 0.29, 0.26, 0.26, 9400.0, 5.2
2012-06-14, 0.25, 0.27, 0.25, 0.25, 1400.0, 5.0
2012-06-15, 4.99, 4.99, 4.17, 4.58, 107600.0, 4.58
2012-06-18, 4.79, 4.79, 4.12, 4.49, 50400.0, 4.49
2012-06-19, 4.49, 4.83, 4.26, 4.6, 36800.0, 4.6
2012-06-20, 4.7, 5.17, 4.7, 4.9, 80900.0, 4.9
2012-06-21, 4.98, 4.98, 4.64, 4.79, 23800.0, 4.79
2012-06-22, 4.84, 4.84, 4.51, 4.65, 26300.0, 4.65
2012-06-25, 4.41, 4.62, 4.35, 4.51, 29100.0, 4.51
2012-06-26, 4.49, 4.7, 4.37, 4.52, 25400.0, 4.52
2012-06-27, 4.49, 4.49, 4.05, 4.3, 51600.0, 4.3
2012-06-28, 4.18, 4.18, 3.39, 3.65, 85800.0, 3.65
2012-06-29, 3.65, 3.86, 3.46, 3.56, 32600.0, 3.56
2012-07-02, 3.6, 3.6, 3.5, 3.54, 36600.0, 3.54
2012-07-03, 3.54, 3.64, 3.53, 3.56, 7500.0, 3.56
2012-07-05, 3.58, 3.74, 3.54, 3.6, 15300.0, 3.6
2012-07-06, 3.55, 3.6, 3.55, 3.6, 10700.0, 3.6
2012-07-09, 3.56, 3.64, 3.34, 3.55, 15400.0, 3.55
2012-07-10, 3.54, 3.54, 2.98, 3.1, 33800.0, 3.1
2012-07-11, 3.08, 3.32, 2.98, 3.08, 34900.0, 3.08
2012-07-12, 3.04, 3.04, 2.7, 2.81, 31000.0, 2.81
2012-07-13, 2.82, 2.82, 2.49, 2.49, 51300.0, 2.49
2012-07-16, 2.54, 3.5, 2.54, 2.93, 325500.0, 2.93
2012-07-17, 2.95, 3.14, 2.79, 3.03, 90800.0, 3.03
2012-07-18, 3.07, 3.07, 2.79, 2.96, 35900.0, 2.96
2012-07-19, 2.94, 2.94, 2.69, 2.7, 26400.0, 2.7
2012-07-20, 2.75, 2.8, 2.55, 2.55, 23900.0, 2.55
2012-07-23, 2.49, 2.54, 2.3, 2.35, 32700.0, 2.35
2012-07-24, 2.33, 2.38, 2.11, 2.24, 32800.0, 2.24
2012-07-25, 2.26, 3.85, 2.07, 3.15, 378400.0, 3.15
2012-07-26, 3.17, 3.56, 2.6, 2.65, 202700.0, 2.65
2012-07-27, 2.75, 2.83, 2.6, 2.69, 56600.0, 2.69
2012-07-30, 2.89, 2.98, 2.63, 2.87, 68700.0, 2.87
2012-07-31, 2.91, 2.91, 2.7, 2.78, 26800.0, 2.78
2012-08-01, 2.77, 3.39, 2.73, 3.05, 90300.0, 3.05
2012-08-02, 3.1, 3.39, 2.77, 3.14, 99200.0, 3.14
2012-08-03, 3.28, 3.28, 2.79, 3.15, 66000.0, 3.15
2012-08-06, 3.14, 3.14, 2.91, 3.09, 23600.0, 3.09
2012-08-07, 3.15, 3.47, 3.15, 3.22, 122900.0, 3.22
2012-08-08, 3.26, 3.3, 3.15, 3.3, 71700.0, 3.3
2012-08-09, 3.29, 3.29, 3.0, 3.09, 95900.0, 3.09
2012-08-10, 3.08, 3.08, 2.83, 2.94, 99500.0, 2.94
2012-08-13, 2.88, 2.95, 2.83, 2.83, 52300.0, 2.83
2012-08-14, 2.84, 3.1, 2.84, 3.01, 22200.0, 3.01
2012-08-15, 3.15, 3.19, 3.03, 3.07, 27600.0, 3.07
2012-08-16, 3.11, 3.15, 3.07, 3.09, 19600.0, 3.09
2012-08-17, 3.06, 3.09, 2.94, 3.0, 33900.0, 3.0
2012-08-20, 2.99, 3.06, 2.85, 2.95, 23500.0, 2.95
2012-08-21, 2.97, 3.19, 2.83, 3.04, 24700.0, 3.04
2012-08-22, 3.0, 3.0, 2.91, 3.0, 6200.0, 3.0
2012-08-23, 3.05, 3.16, 3.0, 3.13, 27500.0, 3.13
2012-08-24, 3.1, 3.11, 3.0, 3.1, 20500.0, 3.1
2012-08-27, 3.06, 3.44, 2.9, 2.93, 108700.0, 2.93
2012-08-28, 2.97, 3.07, 2.96, 3.02, 17000.0, 3.02
2012-08-29, 3.04, 3.16, 2.99, 3.1, 35600.0, 3.1
2012-08-30, 3.1, 3.1, 2.95, 3.01, 9700.0, 3.01
2012-08-31, 3.05, 3.09, 2.95, 3.05, 13900.0, 3.05
2012-09-04, 2.99, 3.08, 2.97, 3.08, 16900.0, 3.08
2012-09-05, 3.02, 3.05, 3.0, 3.03, 6100.0, 3.03
2012-09-06, 3.04, 3.08, 2.95, 3.0, 9800.0, 3.0
2012-09-07, 3.3, 5.89, 3.22, 4.71, 1703200.0, 4.71
2012-09-10, 4.61, 4.65, 4.08, 4.1, 269200.0, 4.1
2012-09-11, 4.1, 4.31, 3.75, 4.25, 225100.0, 4.25
2012-09-12, 4.21, 4.34, 3.91, 4.15, 211600.0, 4.15
2012-09-13, 4.22, 6.65, 4.19, 6.41, 1671200.0, 6.41
2012-09-14, 7.55, 9.89, 7.55, 8.98, 3027500.0, 8.98
2012-09-17, 9.94, 10.75, 8.76, 10.21, 2078800.0, 10.21
2012-09-18, 10.35, 10.35, 8.71, 8.9, 931000.0, 8.9
2012-09-19, 8.27, 8.4, 7.3, 7.68, 1322400.0, 7.68
2012-09-20, 7.5, 7.77, 7.0, 7.15, 670700.0, 7.15
2012-09-21, 7.35, 7.77, 7.13, 7.14, 660300.0, 7.14
2012-09-24, 7.11, 7.34, 5.85, 5.95, 665500.0, 5.95
2012-09-25, 5.68, 6.85, 5.35, 6.45, 1176800.0, 6.45
2012-09-26, 6.39, 6.39, 5.77, 5.83, 411000.0, 5.83
2012-09-27, 5.83, 5.95, 5.26, 5.3, 298800.0, 5.3
2012-09-28, 5.24, 5.25, 4.89, 5.07, 318800.0, 5.07
2012-10-01, 5.13, 6.59, 5.12, 5.89, 833200.0, 5.89
2012-10-02, 5.88, 6.25, 5.5, 5.64, 459800.0, 5.64
2012-10-03, 5.63, 5.89, 5.36, 5.53, 217800.0, 5.53
2012-10-04, 5.3, 5.47, 5.05, 5.21, 248600.0, 5.21
2012-10-05, 5.22, 5.35, 5.0, 5.16, 275600.0, 5.16
2012-10-08, 5.1, 6.48, 5.01, 6.36, 727500.0, 6.36
2012-10-09, 6.88, 7.69, 6.5, 6.58, 1883700.0, 6.58
2012-10-10, 6.66, 6.84, 6.16, 6.27, 369900.0, 6.27
2012-10-11, 6.35, 6.6, 6.07, 6.32, 271600.0, 6.32
2012-10-12, 6.38, 7.3, 6.19, 7.15, 691800.0, 7.15
2012-10-15, 7.54, 7.59, 6.85, 7.03, 353700.0, 7.03
2012-10-16, 7.11, 7.26, 6.85, 7.03, 119300.0, 7.03
2012-10-17, 7.03, 7.54, 6.8, 7.26, 436800.0, 7.26
2012-10-18, 7.25, 7.8, 7.25, 7.31, 363200.0, 7.31
2012-10-19, 7.67, 7.67, 6.6, 6.94, 256500.0, 6.94
2012-10-22, 6.88, 6.98, 6.26, 6.55, 204200.0, 6.55
2012-10-23, 6.55, 6.92, 6.41, 6.8, 125800.0, 6.8
2012-10-24, 7.0, 7.07, 6.52, 6.56, 62300.0, 6.56
2012-10-25, 6.63, 6.78, 6.4, 6.64, 108900.0, 6.64
2012-10-26, 6.62, 6.67, 6.3, 6.42, 103900.0, 6.42
2012-10-31, 6.36, 6.36, 5.85, 5.92, 151400.0, 5.92
2012-11-01, 5.97, 6.3, 5.55, 5.9, 72800.0, 5.9
2012-11-02, 5.88, 6.01, 5.69, 5.69, 55900.0, 5.69
2012-11-05, 5.65, 5.67, 5.35, 5.42, 71200.0, 5.42
2012-11-06, 5.29, 5.92, 5.29, 5.81, 175000.0, 5.81
2012-11-07, 5.73, 6.15, 5.58, 6.09, 220600.0, 6.09
2012-11-08, 6.07, 6.33, 5.96, 6.13, 95300.0, 6.13
2012-11-09, 6.07, 6.55, 6.01, 6.06, 137600.0, 6.06
2012-11-12, 6.01, 6.03, 5.5, 5.71, 72200.0, 5.71
2012-11-13, 5.74, 5.74, 5.38, 5.48, 96400.0, 5.48
2012-11-14, 5.01, 5.1, 4.59, 4.75, 255900.0, 4.75
2012-11-15, 4.88, 4.88, 4.66, 4.81, 37100.0, 4.81
2012-11-16, 4.86, 5.26, 4.58, 4.86, 125200.0, 4.86
2012-11-19, 4.91, 5.24, 4.7, 4.8, 126700.0, 4.8
2012-11-20, 4.8, 4.93, 4.7, 4.78, 58600.0, 4.78
2012-11-21, 4.75, 4.76, 4.69, 4.69, 42000.0, 4.69
2012-11-23, 4.74, 4.75, 4.7, 4.75, 26700.0, 4.75
2012-11-26, 5.0, 5.0, 4.61, 4.68, 76200.0, 4.68
2012-11-27, 4.63, 4.73, 4.5, 4.65, 32900.0, 4.65
2012-11-28, 4.7, 5.1, 4.27, 4.48, 409300.0, 4.48
2012-11-29, 4.6, 4.6, 4.28, 4.39, 98200.0, 4.39
2012-11-30, 4.36, 4.53, 4.32, 4.51, 78100.0, 4.51
2012-12-03, 4.49, 4.55, 4.34, 4.48, 55100.0, 4.48
2012-12-04, 4.49, 4.5, 4.31, 4.37, 59700.0, 4.37
2012-12-05, 4.43, 4.49, 4.3, 4.36, 31400.0, 4.36
2012-12-06, 4.33, 4.74, 4.32, 4.37, 232200.0, 4.37
2012-12-07, 4.39, 4.65, 4.33, 4.58, 128300.0, 4.58
2012-12-10, 4.51, 4.97, 4.49, 4.74, 227100.0, 4.74
2012-12-11, 4.9, 5.66, 4.71, 5.0, 704300.0, 5.0
2012-12-12, 5.0, 5.14, 4.71, 4.75, 210600.0, 4.75
2012-12-13, 4.71, 4.75, 4.55, 4.55, 89600.0, 4.55
2012-12-14, 4.6, 4.72, 4.53, 4.69, 99300.0, 4.69
2012-12-17, 4.65, 4.75, 4.53, 4.55, 82900.0, 4.55
2012-12-18, 4.56, 4.65, 4.45, 4.46, 68800.0, 4.46
2012-12-19, 4.56, 4.64, 4.42, 4.45, 68000.0, 4.45
2012-12-20, 4.44, 4.5, 4.41, 4.49, 42100.0, 4.49
2012-12-21, 4.51, 4.51, 4.14, 4.19, 134000.0, 4.19
2012-12-24, 4.11, 4.11, 3.96, 4.05, 67300.0, 4.05
2012-12-26, 4.1, 4.15, 4.0, 4.04, 45200.0, 4.04
2012-12-27, 4.04, 4.11, 3.9, 3.95, 43200.0, 3.95
2012-12-28, 3.92, 3.92, 3.76, 3.77, 59300.0, 3.77
2012-12-31, 3.75, 3.75, 3.39, 3.68, 177100.0, 3.68
2013-01-02, 4.34, 4.95, 4.21, 4.91, 693900.0, 4.91
2013-01-03, 4.95, 5.44, 4.92, 5.11, 716000.0, 5.11
2013-01-04, 5.19, 5.3, 4.62, 4.63, 303300.0, 4.63
2013-01-07, 4.6, 4.6, 4.22, 4.24, 245000.0, 4.24
2013-01-08, 4.25, 4.44, 4.21, 4.27, 82500.0, 4.27
2013-01-09, 4.33, 4.4, 4.23, 4.28, 63200.0, 4.28
2013-01-10, 4.35, 4.64, 4.11, 4.48, 209100.0, 4.48
2013-01-11, 4.53, 4.55, 4.34, 4.39, 61700.0, 4.39
2013-01-14, 4.42, 4.48, 4.2, 4.22, 55500.0, 4.22
2013-01-15, 4.25, 4.32, 4.21, 4.21, 35200.0, 4.21
2013-01-16, 4.21, 4.3, 4.21, 4.22, 43200.0, 4.22
2013-01-17, 4.22, 4.5, 4.2, 4.36, 73300.0, 4.36
2013-01-18, 4.42, 4.48, 4.21, 4.29, 35400.0, 4.29
2013-01-22, 4.26, 4.42, 4.26, 4.27, 42900.0, 4.27
2013-01-23, 4.31, 4.39, 4.26, 4.33, 75700.0, 4.33
2013-01-24, 4.39, 4.5, 4.33, 4.38, 109200.0, 4.38
2013-01-25, 4.36, 4.41, 4.25, 4.32, 57800.0, 4.32
2013-01-28, 4.33, 4.44, 4.3, 4.31, 38600.0, 4.31
2013-01-29, 4.33, 4.35, 4.25, 4.25, 79500.0, 4.25
2013-01-30, 4.3, 4.3, 4.12, 4.15, 92500.0, 4.15
2013-01-31, 4.11, 4.84, 4.03, 4.7, 559700.0, 4.7
2013-02-01, 4.68, 5.21, 4.42, 4.77, 613300.0, 4.77
2013-02-04, 4.7, 5.08, 4.45, 4.48, 484700.0, 4.48
2013-02-05, 4.56, 4.8, 4.4, 4.41, 103100.0, 4.41
2013-02-06, 4.45, 4.55, 4.36, 4.43, 37900.0, 4.43
2013-02-07, 4.45, 4.45, 4.3, 4.35, 49200.0, 4.35
2013-02-08, 4.34, 5.05, 4.31, 4.93, 651200.0, 4.93
2013-02-11, 5.19, 5.19, 4.76, 4.95, 330600.0, 4.95
2013-02-12, 4.95, 4.98, 4.63, 4.78, 121200.0, 4.78
2013-02-13, 4.76, 5.15, 4.63, 4.73, 144300.0, 4.73
2013-02-14, 4.74, 5.57, 4.7, 5.5, 548200.0, 5.5
2013-02-15, 5.68, 6.84, 5.68, 6.73, 1771200.0, 6.73
2013-02-19, 7.1, 7.25, 5.71, 5.87, 954700.0, 5.87
2013-02-20, 5.87, 5.87, 5.31, 5.42, 306500.0, 5.42
2013-02-21, 5.4, 5.4, 5.03, 5.27, 277700.0, 5.27
2013-02-22, 5.28, 5.7, 5.19, 5.34, 328300.0, 5.34
2013-02-25, 5.33, 5.47, 4.95, 4.95, 258600.0, 4.95
2013-02-26, 5.05, 5.07, 4.6, 4.63, 153400.0, 4.63
2013-02-27, 4.6, 4.89, 4.58, 4.68, 154800.0, 4.68
2013-02-28, 4.71, 5.19, 4.69, 5.05, 307700.0, 5.05
2013-03-01, 5.1, 5.65, 5.02, 5.31, 577800.0, 5.31
2013-03-04, 5.26, 5.29, 4.9, 5.13, 182800.0, 5.13
2013-03-05, 5.21, 5.21, 4.95, 5.05, 108400.0, 5.05
2013-03-06, 5.13, 5.16, 4.85, 4.93, 89100.0, 4.93
2013-03-07, 4.89, 5.45, 4.84, 5.42, 259400.0, 5.42
2013-03-08, 5.42, 5.75, 5.25, 5.27, 379500.0, 5.27
2013-03-11, 5.22, 5.28, 4.97, 5.09, 149000.0, 5.09
2013-03-12, 5.13, 5.9, 5.13, 5.6, 555400.0, 5.6
2013-03-13, 5.68, 5.85, 5.39, 5.49, 242400.0, 5.49
2013-03-14, 5.45, 5.64, 5.18, 5.29, 108300.0, 5.29
2013-03-15, 5.32, 5.48, 5.18, 5.29, 62100.0, 5.29
2013-03-18, 5.21, 5.29, 5.11, 5.21, 54200.0, 5.21
2013-03-19, 5.23, 5.69, 5.12, 5.52, 302600.0, 5.52
2013-03-20, 5.59, 6.37, 5.57, 6.03, 918900.0, 6.03
2013-03-21, 6.05, 6.27, 5.63, 5.67, 255800.0, 5.67
2013-03-22, 5.74, 5.83, 5.36, 5.37, 121600.0, 5.37
2013-03-25, 5.5, 5.76, 5.4, 5.54, 124400.0, 5.54
2013-03-26, 5.7, 5.87, 5.52, 5.64, 153300.0, 5.64
2013-03-27, 5.2, 5.39, 4.91, 5.31, 482800.0, 5.31
2013-03-28, 5.33, 5.33, 5.05, 5.11, 117800.0, 5.11
2013-04-01, 5.15, 5.15, 5.01, 5.15, 59200.0, 5.15
2013-04-02, 5.08, 5.26, 5.0, 5.04, 82800.0, 5.04
2013-04-03, 5.12, 5.12, 5.0, 5.02, 71400.0, 5.02
2013-04-04, 5.01, 5.08, 4.75, 4.93, 146500.0, 4.93
2013-04-05, 4.81, 4.9, 4.65, 4.81, 106400.0, 4.81
2013-04-08, 4.74, 4.81, 4.53, 4.55, 80400.0, 4.55
2013-04-09, 4.54, 4.54, 4.31, 4.38, 104100.0, 4.38
2013-04-10, 4.46, 4.73, 4.42, 4.73, 93700.0, 4.73
2013-04-11, 4.68, 4.79, 4.51, 4.58, 52400.0, 4.58
2013-04-12, 4.57, 4.62, 4.38, 4.42, 53900.0, 4.42
2013-04-15, 4.47, 4.47, 4.02, 4.05, 111200.0, 4.05
2013-04-16, 4.01, 4.27, 4.01, 4.13, 45000.0, 4.13
2013-04-17, 4.12, 4.18, 4.0, 4.13, 40400.0, 4.13
2013-04-18, 4.12, 4.12, 3.71, 3.86, 77400.0, 3.86
2013-04-19, 3.86, 3.97, 3.66, 3.9, 73400.0, 3.9
2013-04-22, 3.98, 4.2, 3.9, 4.1, 80000.0, 4.1
2013-04-23, 4.1, 4.23, 3.96, 4.05, 38800.0, 4.05
2013-04-24, 4.15, 4.33, 4.09, 4.29, 58000.0, 4.29
2013-04-25, 4.4, 4.66, 4.24, 4.57, 115300.0, 4.57
2013-04-26, 4.58, 4.58, 4.34, 4.45, 27500.0, 4.45
2013-04-29, 4.47, 4.47, 4.3, 4.33, 18600.0, 4.33
2013-04-30, 4.3, 4.55, 4.12, 4.32, 31400.0, 4.32
2013-05-01, 4.45, 4.46, 4.3, 4.42, 18400.0, 4.42
2013-05-02, 4.45, 4.56, 4.36, 4.44, 40100.0, 4.44
2013-05-03, 4.56, 4.59, 4.39, 4.43, 33300.0, 4.43
2013-05-06, 4.42, 4.48, 4.17, 4.3, 24900.0, 4.3
2013-05-07, 4.29, 4.4, 4.29, 4.39, 13600.0, 4.39
2013-05-08, 4.4, 4.44, 4.28, 4.31, 32500.0, 4.31
2013-05-09, 4.25, 4.38, 4.2, 4.34, 39100.0, 4.34
2013-05-10, 4.31, 4.45, 4.28, 4.31, 22300.0, 4.31
2013-05-13, 4.3, 4.42, 4.25, 4.34, 38600.0, 4.34
2013-05-14, 4.3, 4.35, 4.21, 4.32, 30300.0, 4.32
2013-05-15, 4.24, 4.41, 4.21, 4.22, 26600.0, 4.22
2013-05-16, 4.21, 4.28, 4.01, 4.19, 48500.0, 4.19
2013-05-17, 4.11, 4.21, 4.01, 4.11, 19200.0, 4.11
2013-05-20, 4.09, 4.3, 4.0, 4.16, 54200.0, 4.16
2013-05-21, 4.13, 4.9, 4.1, 4.59, 503300.0, 4.59
2013-05-22, 4.85, 5.19, 4.5, 4.78, 228900.0, 4.78
2013-05-23, 4.76, 4.76, 4.36, 4.69, 99500.0, 4.69
2013-05-24, 4.62, 4.62, 4.32, 4.37, 41400.0, 4.37
2013-05-28, 4.37, 4.51, 4.25, 4.25, 71100.0, 4.25
2013-05-29, 4.22, 4.34, 4.18, 4.32, 46500.0, 4.32
2013-05-30, 4.33, 4.35, 4.14, 4.15, 60700.0, 4.15
2013-05-31, 4.16, 4.16, 4.1, 4.1, 61000.0, 4.1
2013-06-03, 4.1, 4.12, 3.86, 4.0, 61500.0, 4.0
2013-06-04, 4.0, 4.17, 3.95, 3.95, 49300.0, 3.95
2013-06-05, 3.96, 4.03, 3.86, 3.87, 34200.0, 3.87
2013-06-06, 3.87, 3.9, 3.82, 3.82, 34500.0, 3.82
2013-06-07, 3.79, 3.99, 3.65, 3.78, 63500.0, 3.78
2013-06-10, 3.76, 3.9, 3.67, 3.88, 17100.0, 3.88
2013-06-11, 3.89, 4.0, 3.81, 3.81, 33500.0, 3.81
2013-06-12, 3.82, 3.87, 3.72, 3.75, 30200.0, 3.75
2013-06-13, 3.73, 3.87, 3.69, 3.77, 30600.0, 3.77
2013-06-14, 3.89, 3.89, 3.79, 3.8, 19000.0, 3.8
2013-06-17, 3.81, 3.81, 3.71, 3.75, 21300.0, 3.75
2013-06-18, 3.75, 3.78, 3.6, 3.68, 57300.0, 3.68
2013-06-19, 3.73, 3.73, 3.66, 3.68, 10000.0, 3.68
2013-06-20, 3.67, 3.67, 3.38, 3.42, 42600.0, 3.42
2013-06-21, 3.4, 3.41, 3.17, 3.25, 49900.0, 3.25
2013-06-24, 3.23, 3.23, 3.01, 3.08, 55200.0, 3.08
2013-06-25, 3.08, 3.25, 3.03, 3.17, 30700.0, 3.17
2013-06-26, 3.19, 3.39, 3.12, 3.14, 65000.0, 3.14
2013-06-27, 3.14, 3.75, 3.14, 3.38, 223200.0, 3.38
2013-06-28, 3.42, 3.52, 3.25, 3.34, 65300.0, 3.34
2013-07-01, 3.31, 3.92, 3.3, 3.48, 196300.0, 3.48
2013-07-02, 3.43, 3.79, 3.43, 3.71, 79000.0, 3.71
2013-07-03, 3.7, 3.84, 3.6, 3.8, 46400.0, 3.8
2013-07-05, 3.78, 3.78, 3.65, 3.68, 19400.0, 3.68
2013-07-08, 3.75, 4.12, 3.62, 3.7, 103600.0, 3.7
2013-07-09, 3.76, 3.98, 3.53, 3.57, 36200.0, 3.57
2013-07-10, 3.56, 3.71, 3.35, 3.68, 20100.0, 3.68
2013-07-11, 3.7, 3.7, 3.62, 3.69, 10900.0, 3.69
2013-07-12, 3.65, 3.69, 3.6, 3.62, 5400.0, 3.62
2013-07-15, 3.64, 3.69, 3.52, 3.54, 21800.0, 3.54
2013-07-16, 3.58, 3.64, 3.47, 3.51, 13100.0, 3.51
2013-07-17, 3.49, 3.49, 3.38, 3.47, 17400.0, 3.47
2013-07-18, 3.44, 3.55, 3.4, 3.55, 10600.0, 3.55
2013-07-19, 3.5, 3.57, 3.43, 3.49, 5800.0, 3.49
2013-07-22, 3.48, 3.64, 3.4, 3.49, 48300.0, 3.49
2013-07-23, 3.52, 3.75, 3.48, 3.71, 97900.0, 3.71
2013-07-24, 3.71, 3.99, 3.54, 3.75, 179100.0, 3.75
2013-07-25, 3.73, 3.83, 3.55, 3.63, 66700.0, 3.63
2013-07-26, 3.58, 3.66, 3.5, 3.53, 39200.0, 3.53
2013-07-29, 3.52, 3.75, 3.52, 3.69, 54300.0, 3.69
2013-07-30, 3.82, 4.04, 3.69, 4.04, 152200.0, 4.04
2013-07-31, 3.98, 4.3, 3.8, 3.9, 134800.0, 3.9
2013-08-01, 3.87, 4.04, 3.87, 3.88, 33200.0, 3.88
2013-08-02, 3.92, 3.95, 3.87, 3.91, 10600.0, 3.91
2013-08-05, 3.89, 3.98, 3.85, 3.86, 30600.0, 3.86
2013-08-06, 3.89, 4.01, 3.85, 3.94, 25100.0, 3.94
2013-08-07, 3.9, 3.9, 3.71, 3.79, 18500.0, 3.79
2013-08-08, 3.8, 3.97, 3.8, 3.93, 25600.0, 3.93
2013-08-09, 3.9, 3.93, 3.79, 3.93, 17800.0, 3.93
2013-08-12, 3.9, 3.92, 3.69, 3.92, 18500.0, 3.92
2013-08-13, 3.94, 4.05, 3.78, 3.99, 37100.0, 3.99
2013-08-14, 3.35, 3.65, 3.35, 3.45, 130600.0, 3.45
2013-08-15, 3.42, 3.51, 3.3, 3.46, 35800.0, 3.46
2013-08-16, 3.25, 3.6, 3.2, 3.35, 44100.0, 3.35
2013-08-19, 3.55, 3.64, 3.41, 3.62, 30800.0, 3.62
2013-08-20, 3.61, 3.69, 3.44, 3.48, 10000.0, 3.48
2013-08-21, 3.62, 3.62, 3.35, 3.41, 49400.0, 3.41
2013-08-22, 3.46, 3.47, 3.35, 3.38, 17600.0, 3.38
2013-08-23, 3.45, 3.47, 3.4, 3.47, 21700.0, 3.47
2013-08-26, 3.5, 3.5, 3.36, 3.37, 36100.0, 3.37
2013-08-27, 3.38, 3.4, 3.35, 3.35, 28400.0, 3.35
2013-08-28, 3.35, 4.01, 3.35, 3.93, 339400.0, 3.93
2013-08-29, 3.9, 3.96, 3.75, 3.75, 43200.0, 3.75
2013-08-30, 3.73, 4.13, 3.69, 3.9, 98700.0, 3.9
2013-09-03, 3.89, 4.03, 3.89, 3.91, 20300.0, 3.91
2013-09-04, 3.92, 4.0, 3.81, 3.96, 30200.0, 3.96
2013-09-05, 3.95, 4.0, 3.81, 3.99, 38500.0, 3.99
2013-09-06, 4.0, 4.3, 3.99, 4.23, 111900.0, 4.23
2013-09-09, 3.89, 4.25, 3.75, 3.97, 122500.0, 3.97
2013-09-10, 3.97, 4.14, 3.85, 3.97, 18500.0, 3.97
2013-09-11, 3.93, 3.95, 3.84, 3.85, 26300.0, 3.85
2013-09-12, 3.82, 3.98, 3.8, 3.83, 23300.0, 3.83
2013-09-13, 3.82, 3.94, 3.75, 3.81, 22500.0, 3.81
2013-09-16, 3.82, 3.9, 3.71, 3.83, 69000.0, 3.83
2013-09-17, 3.89, 4.08, 3.85, 3.99, 90900.0, 3.99
2013-09-18, 3.99, 4.25, 3.9, 4.04, 75400.0, 4.04
2013-09-19, 4.02, 4.1, 3.83, 3.92, 37000.0, 3.92
2013-09-20, 3.84, 4.06, 3.82, 3.86, 24400.0, 3.86
2013-09-23, 3.81, 3.92, 3.81, 3.82, 6900.0, 3.82
2013-09-24, 3.83, 3.96, 3.83, 3.86, 14000.0, 3.86
2013-09-25, 3.86, 3.95, 3.81, 3.85, 22100.0, 3.85
2013-09-26, 3.84, 3.9, 3.82, 3.82, 15800.0, 3.82
2013-09-27, 3.84, 3.84, 3.75, 3.81, 12600.0, 3.81
2013-09-30, 3.75, 3.8, 3.62, 3.65, 54800.0, 3.65
2013-10-01, 3.65, 3.8, 3.6, 3.65, 56200.0, 3.65
2013-10-02, 3.67, 3.79, 3.6, 3.63, 77600.0, 3.63
2013-10-03, 3.61, 3.69, 3.41, 3.41, 69900.0, 3.41
2013-10-04, 3.49, 3.65, 3.46, 3.46, 22800.0, 3.46
2013-10-07, 3.47, 3.59, 3.47, 3.49, 10100.0, 3.49
2013-10-08, 3.55, 3.56, 3.41, 3.45, 12400.0, 3.45
2013-10-09, 3.44, 3.54, 3.44, 3.47, 12700.0, 3.47
2013-10-10, 3.51, 3.55, 3.47, 3.5, 17100.0, 3.5
2013-10-11, 3.5, 3.65, 3.46, 3.57, 25700.0, 3.57
2013-10-14, 3.57, 3.6, 3.49, 3.56, 13900.0, 3.56
2013-10-15, 3.56, 3.56, 3.36, 3.37, 73100.0, 3.37
2013-10-16, 3.37, 3.66, 3.3, 3.49, 84800.0, 3.49
2013-10-17, 3.54, 3.55, 3.32, 3.4, 35700.0, 3.4
2013-10-18, 3.39, 3.45, 3.35, 3.45, 11400.0, 3.45
2013-10-21, 3.45, 3.59, 3.45, 3.48, 60700.0, 3.48
2013-10-22, 3.4, 3.5, 3.4, 3.49, 26900.0, 3.49
2013-10-23, 3.45, 3.45, 3.35, 3.39, 14900.0, 3.39
2013-10-24, 3.31, 3.48, 3.31, 3.45, 8600.0, 3.45
2013-10-25, 3.35, 3.42, 3.34, 3.39, 18100.0, 3.39
2013-10-28, 3.41, 3.5, 3.33, 3.33, 7700.0, 3.33
2013-10-29, 3.33, 3.5, 3.32, 3.46, 24600.0, 3.46
2013-10-30, 3.42, 3.52, 3.34, 3.48, 16100.0, 3.48
2013-10-31, 3.43, 3.49, 3.43, 3.46, 10000.0, 3.46
2013-11-01, 3.4, 3.4, 3.33, 3.34, 20100.0, 3.34
2013-11-04, 3.34, 3.39, 3.21, 3.24, 36800.0, 3.24
2013-11-05, 3.42, 3.52, 2.6, 2.66, 441900.0, 2.66
2013-11-06, 2.58, 2.65, 1.13, 1.45, 1533300.0, 1.45
2013-11-07, 1.46, 1.78, 1.26, 1.6, 382600.0, 1.6
2013-11-08, 1.58, 1.89, 1.57, 1.8, 315400.0, 1.8
2013-11-11, 1.8, 1.9, 1.7, 1.77, 106800.0, 1.77
2013-11-12, 1.74, 1.79, 1.7, 1.78, 112300.0, 1.78
2013-11-13, 1.8, 1.94, 1.73, 1.88, 125500.0, 1.88
2013-11-14, 1.92, 2.74, 1.9, 2.45, 621400.0, 2.45
2013-11-15, 2.44, 2.63, 2.18, 2.4, 269500.0, 2.4
2013-11-18, 2.41, 2.47, 2.0, 2.33, 210700.0, 2.33
2013-11-19, 2.3, 2.31, 2.15, 2.2, 48700.0, 2.2
2013-11-20, 2.14, 2.18, 1.95, 2.05, 123600.0, 2.05
2013-11-21, 2.05, 2.21, 2.05, 2.06, 73500.0, 2.06
2013-11-22, 2.08, 2.23, 1.98, 2.11, 113800.0, 2.11
2013-11-25, 2.12, 2.12, 1.98, 1.98, 144700.0, 1.98
2013-11-26, 2.0, 2.12, 1.95, 1.98, 72800.0, 1.98
2013-11-27, 1.97, 2.0, 1.81, 1.93, 150700.0, 1.93
2013-11-29, 1.97, 1.99, 1.93, 1.93, 19100.0, 1.93
2013-12-02, 1.93, 1.95, 1.85, 1.9, 38700.0, 1.9
2013-12-03, 1.88, 1.9, 1.82, 1.89, 38800.0, 1.89
2013-12-04, 1.92, 2.05, 1.82, 1.95, 178200.0, 1.95
2013-12-05, 1.94, 1.98, 1.92, 1.94, 47400.0, 1.94
2013-12-06, 1.95, 2.18, 1.92, 1.93, 378500.0, 1.93
2013-12-09, 1.93, 2.0, 1.9, 1.91, 64400.0, 1.91
2013-12-10, 1.91, 2.01, 1.9, 1.97, 175900.0, 1.97
2013-12-11, 1.97, 1.98, 1.9, 1.91, 68400.0, 1.91
2013-12-12, 1.91, 1.93, 1.83, 1.83, 55800.0, 1.83
2013-12-13, 1.83, 1.84, 1.73, 1.76, 89500.0, 1.76
2013-12-16, 1.8, 1.8, 1.73, 1.73, 34400.0, 1.73
2013-12-17, 1.71, 1.75, 1.62, 1.71, 64800.0, 1.71
2013-12-18, 1.71, 1.75, 1.69, 1.71, 51900.0, 1.71
2013-12-19, 1.7, 1.83, 1.7, 1.81, 49300.0, 1.81
2013-12-20, 1.83, 1.85, 1.7, 1.71, 45200.0, 1.71
2013-12-23, 1.73, 1.85, 1.73, 1.76, 56300.0, 1.76
2013-12-24, 1.75, 1.79, 1.72, 1.79, 26600.0, 1.79
2013-12-26, 1.78, 1.8, 1.72, 1.73, 37200.0, 1.73
2013-12-27, 1.72, 1.82, 1.72, 1.8, 132600.0, 1.8
2013-12-30, 1.8, 1.82, 1.72, 1.72, 91800.0, 1.72
2013-12-31, 1.71, 1.75, 1.62, 1.71, 68000.0, 1.71
2014-01-02, 1.71, 1.79, 1.71, 1.75, 52000.0, 1.75
2014-01-03, 1.8, 1.81, 1.72, 1.79, 57100.0, 1.79
2014-01-06, 1.77, 1.79, 1.73, 1.78, 26200.0, 1.78
2014-01-07, 1.77, 2.24, 1.77, 2.24, 675600.0, 2.24
2014-01-08, 2.24, 2.42, 1.9, 2.01, 479800.0, 2.01
2014-01-09, 2.05, 2.14, 1.97, 2.1, 200000.0, 2.1
2014-01-10, 2.13, 2.16, 2.04, 2.1, 58000.0, 2.1
2014-01-13, 2.14, 2.19, 1.95, 2.03, 101900.0, 2.03
2014-01-14, 2.03, 2.1, 2.0, 2.03, 75500.0, 2.03
2014-01-15, 2.06, 2.25, 2.0, 2.19, 211800.0, 2.19
2014-01-16, 2.17, 2.34, 2.05, 2.13, 326400.0, 2.13
2014-01-17, 2.12, 2.12, 2.03, 2.04, 45000.0, 2.04
2014-01-21, 2.06, 2.08, 2.01, 2.08, 47800.0, 2.08
2014-01-22, 2.08, 2.23, 2.08, 2.2, 87500.0, 2.2
2014-01-23, 2.21, 2.21, 2.05, 2.09, 102500.0, 2.09
2014-01-24, 2.09, 2.09, 2.01, 2.01, 79100.0, 2.01
2014-01-27, 2.0, 2.03, 1.77, 1.87, 138500.0, 1.87
2014-01-28, 1.94, 1.95, 1.91, 1.94, 69900.0, 1.94
2014-01-29, 1.93, 1.94, 1.85, 1.92, 69200.0, 1.92
2014-01-30, 1.91, 1.91, 1.85, 1.86, 32900.0, 1.86
2014-01-31, 1.86, 1.91, 1.86, 1.9, 18600.0, 1.9
2014-02-03, 1.87, 1.91, 1.84, 1.86, 38600.0, 1.86
2014-02-04, 1.86, 1.9, 1.8, 1.82, 53200.0, 1.82
2014-02-05, 1.82, 1.86, 1.75, 1.78, 47900.0, 1.78
2014-02-06, 1.81, 1.85, 1.8, 1.84, 55300.0, 1.84
2014-02-07, 1.83, 1.86, 1.81, 1.84, 40400.0, 1.84
2014-02-10, 1.8, 1.82, 1.75, 1.77, 38200.0, 1.77
2014-02-11, 1.77, 1.8, 1.75, 1.77, 18500.0, 1.77
2014-02-12, 1.77, 1.91, 1.77, 1.88, 32800.0, 1.88
2014-02-13, 1.86, 1.88, 1.81, 1.86, 15500.0, 1.86
2014-02-14, 1.85, 1.88, 1.81, 1.86, 18600.0, 1.86
2014-02-18, 1.87, 1.87, 1.79, 1.85, 15900.0, 1.85
2014-02-19, 1.86, 1.88, 1.78, 1.83, 88800.0, 1.83
2014-02-20, 1.82, 1.9, 1.82, 1.82, 26300.0, 1.82
2014-02-21, 1.82, 2.0, 1.81, 1.9, 111400.0, 1.9
2014-02-24, 1.91, 2.01, 1.8, 1.95, 128700.0, 1.95
2014-02-25, 1.96, 2.0, 1.86, 1.89, 38800.0, 1.89
2014-02-26, 1.86, 1.94, 1.85, 1.89, 25300.0, 1.89
2014-02-27, 2.1, 4.1, 2.1, 3.46, 9260600.0, 3.46
2014-02-28, 3.3, 3.44, 2.9, 2.91, 1058800.0, 2.91
2014-03-03, 2.9, 3.6, 2.75, 3.39, 1126800.0, 3.39
2014-03-04, 3.54, 3.86, 3.36, 3.58, 1890800.0, 3.58
2014-03-05, 3.45, 3.72, 3.36, 3.6, 585700.0, 3.6
2014-03-06, 3.65, 3.65, 3.05, 3.1, 571400.0, 3.1
2014-03-07, 3.11, 3.19, 2.95, 3.06, 265700.0, 3.06
2014-03-10, 3.06, 3.2, 3.02, 3.2, 258400.0, 3.2
2014-03-11, 3.32, 3.33, 3.07, 3.12, 331800.0, 3.12
2014-03-12, 3.12, 3.54, 3.05, 3.34, 550900.0, 3.34
2014-03-13, 3.33, 3.43, 3.14, 3.17, 316400.0, 3.17
2014-03-14, 3.14, 3.78, 3.14, 3.32, 1011700.0, 3.32
2014-03-17, 3.29, 3.49, 3.16, 3.2, 311900.0, 3.2
2014-03-18, 3.23, 3.67, 3.22, 3.44, 504700.0, 3.44
2014-03-19, 3.44, 3.55, 3.3, 3.4, 362200.0, 3.4
2014-03-20, 3.4, 4.15, 3.4, 4.11, 1729100.0, 4.11
2014-03-21, 3.95, 4.65, 3.59, 3.91, 2733700.0, 3.91
2014-03-24, 3.94, 4.05, 3.17, 3.48, 780200.0, 3.48
2014-03-25, 3.51, 3.71, 3.25, 3.32, 464000.0, 3.32
2014-03-26, 3.23, 3.36, 3.05, 3.05, 379300.0, 3.05
2014-03-27, 3.05, 3.07, 2.93, 2.96, 250700.0, 2.96
2014-03-28, 3.03, 3.23, 3.02, 3.14, 349700.0, 3.14
2014-03-31, 4.22, 7.8, 4.0, 7.3, 1.80889E7, 7.3
2014-04-01, 6.5, 7.33, 5.74, 5.88, 5821600.0, 5.88
2014-04-02, 6.02, 6.68, 5.74, 6.31, 1658900.0, 6.31
2014-04-03, 6.11, 6.29, 5.8, 6.01, 637800.0, 6.01
2014-04-04, 5.82, 6.33, 5.36, 5.61, 811300.0, 5.61
2014-04-07, 5.62, 5.65, 5.21, 5.26, 375700.0, 5.26
2014-04-08, 5.35, 5.53, 5.09, 5.33, 366700.0, 5.33
2014-04-09, 5.23, 6.2, 5.23, 5.74, 1786900.0, 5.74
2014-04-10, 5.62, 5.75, 5.28, 5.37, 561700.0, 5.37
2014-04-11, 5.31, 5.78, 5.13, 5.32, 541600.0, 5.32
2014-04-14, 5.51, 5.57, 5.13, 5.17, 234400.0, 5.17
2014-04-15, 5.2, 5.74, 5.1, 5.68, 520600.0, 5.68
2014-04-16, 5.71, 6.1, 5.46, 6.06, 645100.0, 6.06
2014-04-17, 6.15, 8.5, 6.14, 7.72, 7051200.0, 7.72
2014-04-21, 7.7, 8.64, 6.93, 7.15, 2317000.0, 7.15
2014-04-22, 7.15, 7.81, 6.93, 7.62, 697500.0, 7.62
2014-04-23, 7.67, 9.2, 7.5, 8.75, 3568000.0, 8.75
2014-04-24, 8.77, 9.44, 8.3, 8.79, 1503400.0, 8.79
2014-04-25, 8.67, 8.85, 8.25, 8.66, 481100.0, 8.66
2014-04-28, 8.94, 9.34, 8.52, 8.76, 913100.0, 8.76
2014-04-29, 8.77, 8.92, 7.26, 7.41, 1111300.0, 7.41
2014-04-30, 7.16, 7.74, 7.04, 7.43, 685700.0, 7.43
2014-05-01, 7.36, 7.5, 7.04, 7.23, 349700.0, 7.23
2014-05-02, 7.23, 8.39, 7.09, 7.88, 847800.0, 7.88
2014-05-05, 7.68, 8.18, 7.34, 7.7, 659200.0, 7.7
2014-05-06, 7.97, 8.08, 7.35, 7.43, 336100.0, 7.43
2014-05-07, 7.43, 7.54, 7.08, 7.41, 265300.0, 7.41
2014-05-08, 7.31, 7.5, 6.37, 6.55, 527100.0, 6.55
2014-05-09, 6.6, 6.7, 6.32, 6.35, 269100.0, 6.35
2014-05-12, 6.35, 6.45, 6.12, 6.24, 321500.0, 6.24
2014-05-13, 5.8, 6.69, 5.8, 6.21, 1064600.0, 6.21
2014-05-14, 6.15, 6.79, 6.15, 6.33, 465700.0, 6.33
2014-05-15, 6.18, 6.29, 5.63, 5.72, 300200.0, 5.72
2014-05-16, 5.7, 6.03, 5.62, 5.75, 127400.0, 5.75
2014-05-19, 5.8, 5.85, 5.62, 5.74, 77400.0, 5.74
2014-05-20, 5.65, 5.75, 5.41, 5.5, 159000.0, 5.5
2014-05-21, 5.5, 5.92, 5.47, 5.66, 187600.0, 5.66
2014-05-22, 5.67, 5.81, 5.32, 5.37, 171300.0, 5.37
2014-05-23, 5.24, 5.63, 5.24, 5.51, 78100.0, 5.51
2014-05-27, 5.43, 5.56, 5.25, 5.3, 91700.0, 5.3
2014-05-28, 5.25, 5.74, 5.25, 5.63, 167200.0, 5.63
2014-05-29, 5.5, 5.68, 5.36, 5.57, 185800.0, 5.57
2014-05-30, 5.62, 5.8, 5.42, 5.48, 154400.0, 5.48
2014-06-02, 5.51, 5.73, 5.31, 5.41, 67300.0, 5.41
2014-06-03, 5.3, 5.45, 5.25, 5.39, 54600.0, 5.39
2014-06-04, 5.39, 5.42, 5.1, 5.24, 81200.0, 5.24
2014-06-05, 5.22, 5.34, 4.9, 5.19, 138700.0, 5.19
2014-06-06, 5.14, 5.5, 5.14, 5.43, 156100.0, 5.43
2014-06-09, 5.38, 5.83, 5.31, 5.67, 157700.0, 5.67
2014-06-10, 5.58, 5.92, 5.38, 5.78, 150800.0, 5.78
2014-06-11, 7.98, 9.2, 7.34, 7.52, 5147900.0, 7.52
2014-06-12, 7.67, 7.86, 7.07, 7.21, 451700.0, 7.21
2014-06-13, 7.11, 7.13, 6.66, 6.77, 237400.0, 6.77
2014-06-16, 6.74, 7.23, 6.74, 6.89, 219400.0, 6.89
2014-06-17, 6.92, 7.42, 6.73, 7.31, 230000.0, 7.31
2014-06-18, 7.41, 7.41, 7.01, 7.26, 233600.0, 7.26
2014-06-19, 7.32, 7.39, 6.9, 7.02, 154600.0, 7.02
2014-06-20, 7.12, 7.39, 7.01, 7.2, 117200.0, 7.2
2014-06-23, 7.27, 7.41, 6.91, 7.2, 70800.0, 7.2
2014-06-24, 7.22, 7.22, 6.63, 6.65, 140500.0, 6.65
2014-06-25, 6.57, 6.75, 6.5, 6.7, 80100.0, 6.7
2014-06-26, 6.71, 6.94, 6.56, 6.91, 61900.0, 6.91
2014-06-27, 6.92, 6.98, 6.67, 6.73, 61400.0, 6.73
2014-06-30, 6.7, 7.12, 6.65, 6.87, 181300.0, 6.87
2014-07-01, 6.91, 7.1, 6.87, 6.92, 83900.0, 6.92
2014-07-02, 6.89, 7.1, 6.6, 6.62, 94600.0, 6.62
2014-07-03, 6.72, 7.12, 6.6, 6.61, 78300.0, 6.61
2014-07-07, 6.61, 6.95, 6.43, 6.49, 90700.0, 6.49
2014-07-08, 6.44, 6.51, 6.21, 6.25, 91600.0, 6.25
2014-07-09, 6.35, 6.44, 6.2, 6.32, 37100.0, 6.32
2014-07-10, 6.2, 6.21, 6.01, 6.08, 81600.0, 6.08
2014-07-11, 6.05, 6.3, 5.9, 6.23, 49200.0, 6.23
2014-07-14, 6.29, 6.93, 6.24, 6.82, 337300.0, 6.82
2014-07-15, 6.83, 7.22, 6.46, 6.61, 196200.0, 6.61
2014-07-16, 6.68, 8.23, 6.51, 7.85, 2057500.0, 7.85
2014-07-17, 8.02, 8.02, 6.75, 7.05, 432800.0, 7.05
2014-07-18, 7.18, 9.88, 7.18, 8.78, 4267900.0, 8.78
2014-07-21, 8.36, 8.78, 7.9, 7.99, 1969700.0, 7.99
2014-07-22, 7.93, 8.24, 7.7, 7.85, 472800.0, 7.85
2014-07-23, 7.83, 9.24, 7.5, 8.7, 1665900.0, 8.7
2014-07-24, 8.7, 8.95, 8.23, 8.79, 599200.0, 8.79
2014-07-25, 8.79, 9.69, 8.51, 9.15, 1530700.0, 9.15
2014-07-28, 9.03, 9.59, 8.7, 9.2, 855200.0, 9.2
2014-07-29, 9.2, 10.34, 9.05, 9.87, 1767300.0, 9.87
2014-07-30, 9.76, 10.14, 9.54, 9.6, 508600.0, 9.6
2014-07-31, 9.4, 9.47, 8.73, 8.91, 631300.0, 8.91
2014-08-01, 8.81, 9.16, 8.76, 8.91, 231200.0, 8.91
2014-08-04, 8.9, 9.4, 8.61, 9.36, 530000.0, 9.36
2014-08-05, 9.15, 9.77, 9.02, 9.38, 458500.0, 9.38
2014-08-06, 9.28, 10.0, 8.92, 9.0, 913700.0, 9.0
2014-08-07, 9.07, 9.54, 9.06, 9.26, 302500.0, 9.26
2014-08-08, 9.37, 9.37, 8.96, 9.13, 202100.0, 9.13
2014-08-11, 9.28, 9.6, 9.2, 9.44, 278500.0, 9.44
2014-08-12, 9.56, 9.75, 9.39, 9.65, 168600.0, 9.65
2014-08-13, 9.69, 10.88, 9.6, 10.54, 848100.0, 10.54
2014-08-14, 10.31, 11.6, 10.31, 11.37, 744500.0, 11.37
2014-08-15, 11.33, 11.92, 10.6, 11.24, 597800.0, 11.24
2014-08-18, 11.46, 12.0, 10.91, 10.99, 405100.0, 10.99
2014-08-19, 11.08, 11.19, 10.54, 10.79, 203600.0, 10.79
2014-08-20, 10.69, 11.1, 10.62, 10.72, 152700.0, 10.72
2014-08-21, 10.69, 11.65, 10.69, 11.05, 368100.0, 11.05
2014-08-22, 11.08, 11.28, 10.75, 11.01, 190500.0, 11.01
2014-08-25, 11.16, 11.67, 11.04, 11.13, 322700.0, 11.13
2014-08-26, 11.21, 11.32, 10.91, 10.95, 255100.0, 10.95
2014-08-27, 10.82, 11.6, 10.75, 11.22, 276200.0, 11.22
2014-08-28, 11.08, 12.4, 10.77, 12.31, 867200.0, 12.31
2014-08-29, 12.45, 13.11, 12.4, 12.61, 512800.0, 12.61
2014-09-02, 12.61, 12.75, 12.15, 12.61, 176200.0, 12.61
2014-09-03, 12.64, 12.83, 12.2, 12.31, 176500.0, 12.31
2014-09-04, 12.31, 12.55, 11.49, 11.53, 381300.0, 7.53
2014-09-05, 11.34, 11.6, 11.02, 11.48, 322300.0, 7.49
2014-09-08, 11.43, 11.78, 11.22, 11.56, 154400.0, 7.55
2014-09-09, 11.6, 11.6, 10.66, 10.83, 402300.0, 7.07
2014-09-10, 10.73, 11.0, 10.15, 10.32, 514000.0, 6.74
2014-09-11, 10.01, 11.8, 9.86, 11.39, 698400.0, 7.43
2014-09-12, 11.28, 12.34, 11.2, 11.43, 563300.0, 7.46
2014-09-15, 11.54, 11.73, 10.82, 10.84, 265200.0, 7.08
2014-09-16, 10.69, 11.11, 10.62, 11.04, 125200.0, 7.21
2014-09-17, 10.96, 11.26, 10.76, 10.77, 130100.0, 7.03
2014-09-18, 10.91, 10.91, 10.51, 10.55, 143700.0, 6.89
2014-09-19, 10.57, 10.57, 9.73, 9.91, 420200.0, 6.47
2014-09-22, 9.52, 10.01, 8.85, 8.91, 628900.0, 5.82
2014-09-23, 7.16, 9.28, 6.55, 9.07, 1652100.0, 5.92
2014-09-24, 6.59, 7.48, 6.41, 6.56, 1555000.0, 6.56
2014-09-25, 6.48, 6.6, 6.05, 6.26, 446600.0, 6.26
2014-09-26, 6.26, 6.48, 6.11, 6.25, 224700.0, 6.25
2014-09-29, 6.15, 6.74, 6.0, 6.47, 401800.0, 6.47
2014-09-30, 6.52, 6.6, 6.32, 6.38, 226900.0, 6.38
2014-10-01, 6.22, 6.38, 6.15, 6.19, 194800.0, 6.19
2014-10-02, 6.15, 6.24, 5.79, 5.91, 263500.0, 5.91
2014-10-03, 6.02, 6.03, 5.84, 5.94, 141800.0, 5.94
2014-10-06, 6.08, 6.17, 5.55, 5.63, 286200.0, 5.63
2014-10-07, 5.63, 5.73, 5.41, 5.51, 146000.0, 5.51
2014-10-08, 5.48, 5.49, 5.25, 5.33, 258600.0, 5.33
2014-10-09, 5.38, 5.77, 5.25, 5.31, 245600.0, 5.31
2014-10-10, 5.34, 5.45, 5.17, 5.22, 124800.0, 5.22
2014-10-13, 5.24, 5.35, 5.12, 5.22, 113300.0, 5.22
2014-10-14, 5.29, 5.34, 5.07, 5.17, 274900.0, 5.17
2014-10-15, 5.11, 5.95, 5.01, 5.74, 400400.0, 5.74
2014-10-16, 5.57, 5.94, 5.56, 5.58, 243200.0, 5.58
2014-10-17, 5.61, 7.15, 5.6, 6.88, 1002000.0, 6.88
2014-10-20, 6.8, 7.49, 6.4, 7.29, 809700.0, 7.29
2014-10-21, 7.2, 8.06, 7.04, 7.41, 1056500.0, 7.41
2014-10-22, 7.83, 7.95, 7.2, 7.75, 559000.0, 7.75
2014-10-23, 7.75, 8.02, 7.5, 7.62, 328300.0, 7.62
2014-10-24, 7.59, 7.59, 7.14, 7.27, 264900.0, 7.27
2014-10-27, 7.27, 7.5, 6.75, 7.28, 337300.0, 7.28
