2010-12-31, 7.6, 7.75, 7.6, 7.75, 11400.0, 6.68
2011-01-03, 7.75, 7.8, 7.72, 7.8, 5700.0, 6.72
2011-01-04, 7.75, 7.77, 7.55, 7.75, 5900.0, 6.68
2011-01-05, 7.75, 7.75, 7.6, 7.6, 39400.0, 6.55
2011-01-06, 7.6, 7.78, 7.6, 7.75, 228700.0, 6.68
2011-01-07, 7.65, 7.75, 7.65, 7.75, 27200.0, 6.68
2011-01-10, 7.65, 7.75, 7.65, 7.72, 6800.0, 6.65
2011-01-11, 7.72, 7.75, 7.52, 7.52, 15800.0, 6.48
2011-01-12, 7.6, 7.75, 7.55, 7.63, 14900.0, 6.57
2011-01-13, 7.75, 7.75, 7.65, 7.65, 5100.0, 6.59
2011-01-14, 7.68, 7.75, 7.68, 7.7, 117400.0, 6.63
2011-01-18, 7.69, 7.75, 7.65, 7.75, 65900.0, 6.68
2011-01-19, 7.65, 7.75, 7.53, 7.55, 11800.0, 6.5
2011-01-20, 7.55, 7.6, 7.4, 7.5, 29700.0, 6.46
2011-01-21, 7.5, 7.75, 7.25, 7.75, 22300.0, 6.68
2011-01-24, 7.5, 7.75, 7.5, 7.75, 6700.0, 6.68
2011-01-25, 7.75, 7.75, 7.6, 7.75, 19500.0, 6.68
2011-01-26, 7.75, 7.85, 7.6, 7.85, 25800.0, 6.76
2011-01-27, 7.55, 7.75, 7.55, 7.75, 25100.0, 6.68
2011-01-28, 7.65, 7.75, 7.65, 7.65, 1600.0, 6.59
2011-01-31, 7.7, 7.7, 7.5, 7.5, 4300.0, 6.46
2011-02-01, 7.7, 7.75, 7.55, 7.75, 76900.0, 6.68
2011-02-02, 7.75, 7.75, 7.55, 7.75, 180800.0, 6.68
2011-02-03, 7.65, 7.75, 7.6, 7.7, 33000.0, 6.63
2011-02-04, 7.7, 7.75, 7.7, 7.75, 6900.0, 6.68
2011-02-07, 7.65, 7.75, 7.65, 7.75, 6300.0, 6.68
2011-02-08, 7.75, 7.75, 7.67, 7.75, 20000.0, 6.68
2011-02-09, 7.75, 7.75, 7.7, 7.75, 17900.0, 6.68
2011-02-10, 7.75, 7.75, 7.73, 7.75, 21500.0, 6.68
2011-02-11, 7.75, 8.0, 7.67, 8.0, 15200.0, 6.89
2011-02-14, 7.86, 8.0, 7.86, 7.9, 7000.0, 6.8
2011-02-15, 8.0, 8.05, 7.9, 8.0, 29000.0, 6.89
2011-02-16, 8.0, 8.75, 8.0, 8.1, 66800.0, 6.98
2011-02-17, 8.1, 8.2, 8.1, 8.2, 3600.0, 7.06
2011-02-18, 8.1, 8.25, 8.1, 8.24, 10600.0, 7.1
2011-02-22, 8.12, 8.13, 8.0, 8.0, 5400.0, 6.89
2011-02-23, 8.0, 8.1, 8.0, 8.1, 23000.0, 6.98
2011-02-24, 8.1, 8.17, 8.1, 8.17, 12200.0, 7.04
2011-02-25, 8.2, 8.2, 8.18, 8.18, 7200.0, 7.05
2011-02-28, 8.2, 8.25, 8.15, 8.15, 17700.0, 7.02
2011-03-01, 8.25, 8.4, 8.15, 8.25, 49400.0, 7.11
2011-03-02, 8.4, 8.5, 8.25, 8.5, 45500.0, 7.32
2011-03-03, 8.5, 8.5, 8.35, 8.5, 33500.0, 7.32
2011-03-04, 8.5, 8.82, 8.3, 8.3, 70600.0, 7.15
2011-03-07, 8.3, 8.6, 8.1, 8.1, 5900.0, 6.98
2011-03-08, 8.25, 8.5, 8.25, 8.5, 14800.0, 7.32
2011-03-09, 8.5, 8.6, 8.5, 8.6, 35700.0, 7.41
2011-03-10, 8.55, 8.6, 8.25, 8.25, 9500.0, 7.11
2011-03-11, 8.15, 8.6, 8.15, 8.6, 21200.0, 7.41
2011-03-14, 8.41, 8.41, 8.4, 8.41, 9300.0, 7.24
2011-03-15, 8.4, 8.4, 8.1, 8.4, 7400.0, 7.24
2011-03-16, 8.4, 8.45, 8.25, 8.3, 26500.0, 7.15
2011-03-17, 8.45, 8.5, 8.45, 8.5, 2200.0, 7.32
2011-03-18, 8.55, 8.6, 8.5, 8.5, 41300.0, 7.32
2011-03-21, 8.4, 8.5, 8.4, 8.4, 10500.0, 7.24
2011-03-22, 8.4, 8.55, 8.4, 8.5, 28200.0, 7.32
2011-03-23, 8.5, 8.55, 8.5, 8.55, 12300.0, 7.36
2011-03-24, 8.55, 8.55, 8.5, 8.55, 14800.0, 7.36
2011-03-25, 8.55, 8.55, 8.5, 8.5, 10300.0, 7.32
2011-03-28, 8.55, 8.7, 8.5, 8.7, 9800.0, 7.49
2011-03-29, 8.55, 8.7, 8.5, 8.6, 5100.0, 7.41
2011-03-30, 8.65, 8.7, 8.5, 8.5, 4800.0, 7.32
2011-03-31, 8.75, 8.75, 8.5, 8.75, 8200.0, 7.54
2011-04-01, 8.5, 8.5, 8.31, 8.5, 5100.0, 7.32
2011-04-04, 8.6, 8.6, 8.5, 8.5, 2500.0, 7.32
2011-04-05, 8.5, 8.65, 8.5, 8.57, 2400.0, 7.38
2011-04-06, 8.6, 8.6, 8.2, 8.2, 6000.0, 7.06
2011-04-07, 8.3, 8.4, 8.1, 8.1, 23700.0, 6.98
2011-04-08, 8.25, 8.35, 8.22, 8.25, 28400.0, 7.11
2011-04-11, 8.25, 8.4, 8.25, 8.3, 11200.0, 7.15
2011-04-12, 8.3, 8.35, 8.3, 8.35, 6800.0, 7.19
2011-04-13, 8.35, 8.6, 8.25, 8.6, 54900.0, 7.41
2011-04-14, 8.35, 8.4, 8.3, 8.35, 71100.0, 7.19
2011-04-15, 8.4, 8.6, 8.38, 8.49, 143900.0, 7.31
2011-04-18, 8.49, 8.49, 8.25, 8.3, 29500.0, 7.15
2011-04-19, 8.35, 8.85, 8.2, 8.3, 85400.0, 7.15
2011-04-20, 8.35, 8.4, 8.15, 8.4, 91400.0, 7.24
2011-04-21, 8.35, 8.45, 8.33, 8.44, 77700.0, 7.27
2011-04-25, 8.4, 8.5, 8.3, 8.47, 170500.0, 7.3
2011-04-26, 8.51, 8.8, 8.3, 8.74, 326700.0, 7.53
2011-04-27, 8.8, 8.8, 8.55, 8.7, 163500.0, 7.49
2011-04-28, 8.75, 8.8, 8.68, 8.75, 110900.0, 7.54
2011-04-29, 8.75, 8.76, 8.5, 8.5, 64000.0, 7.32
2011-05-02, 8.53, 8.8, 8.53, 8.62, 41100.0, 7.42
2011-05-03, 8.6, 8.75, 8.56, 8.75, 22500.0, 7.54
2011-05-04, 8.5, 8.5, 8.2, 8.35, 52000.0, 7.19
2011-05-05, 8.32, 8.5, 8.1, 8.13, 125300.0, 7.0
2011-05-06, 8.14, 8.35, 8.14, 8.3, 17000.0, 7.15
2011-05-09, 8.3, 8.79, 8.25, 8.5, 9900.0, 7.32
2011-05-10, 8.5, 8.55, 8.3, 8.48, 50700.0, 7.3
2011-05-11, 8.5, 8.85, 8.5, 8.8, 96900.0, 7.58
2011-05-12, 8.75, 9.0, 8.65, 9.0, 91500.0, 7.75
2011-05-13, 8.9, 8.9, 8.65, 8.7, 47500.0, 7.49
2011-05-16, 8.59, 8.61, 7.77, 8.09, 68000.0, 6.97
2011-05-17, 8.0, 8.09, 7.41, 7.41, 51100.0, 6.38
2011-05-18, 7.55, 7.85, 7.38, 7.55, 77200.0, 6.5
2011-05-19, 7.6, 7.7, 7.55, 7.61, 17600.0, 6.55
2011-05-20, 7.6, 7.8, 7.6, 7.8, 9200.0, 6.72
2011-05-23, 7.77, 7.77, 7.51, 7.52, 9300.0, 6.48
2011-05-24, 7.51, 7.63, 7.36, 7.47, 20000.0, 6.43
2011-05-25, 7.46, 7.49, 6.88, 7.12, 50500.0, 6.13
2011-05-26, 7.24, 7.47, 7.14, 7.47, 23200.0, 6.43
2011-05-27, 7.44, 7.5, 7.0, 7.5, 41900.0, 6.46
2011-05-31, 7.56, 7.95, 7.08, 7.94, 18600.0, 6.84
2011-06-01, 7.83, 7.93, 7.75, 7.79, 15000.0, 6.71
2011-06-02, 7.74, 8.2, 7.51, 7.87, 19000.0, 6.78
2011-06-03, 7.9, 8.01, 7.59, 8.0, 17100.0, 6.89
2011-06-06, 8.08, 8.08, 8.0, 8.0, 12300.0, 6.89
2011-06-07, 7.9, 7.95, 7.89, 7.95, 3400.0, 6.85
2011-06-08, 7.8, 8.05, 7.8, 8.01, 2700.0, 6.9
2011-06-09, 7.54, 8.03, 7.52, 7.9, 20700.0, 6.8
2011-06-10, 7.65, 7.65, 7.6, 7.6, 2800.0, 6.55
2011-06-13, 7.68, 7.94, 7.6, 7.67, 2500.0, 6.61
2011-06-14, 7.6, 7.95, 7.6, 7.95, 600.0, 6.85
2011-06-15, 7.77, 7.99, 7.25, 7.89, 5100.0, 6.8
2011-06-16, 7.56, 7.91, 7.3, 7.79, 17300.0, 6.71
2011-06-17, 7.8, 7.8, 7.25, 7.26, 3300.0, 6.25
2011-06-20, 7.25, 7.35, 7.0, 7.25, 9400.0, 6.24
2011-06-21, 7.25, 7.51, 7.25, 7.4, 7700.0, 6.37
2011-06-22, 7.25, 7.27, 7.25, 7.25, 4000.0, 6.24
2011-06-23, 7.25, 7.33, 6.96, 7.32, 19200.0, 6.3
2011-06-24, 7.15, 7.45, 7.15, 7.45, 8000.0, 6.42
2011-06-27, 7.7, 7.99, 7.36, 7.91, 18800.0, 6.81
2011-06-28, 7.97, 8.0, 7.85, 7.9, 17800.0, 6.8
2011-06-29, 7.93, 8.05, 7.87, 8.01, 13600.0, 6.9
2011-06-30, 8.03, 8.15, 8.0, 8.05, 40000.0, 6.93
2011-07-01, 8.0, 8.0, 7.75, 7.75, 8000.0, 6.68
2011-07-05, 7.81, 8.09, 7.75, 7.75, 32600.0, 6.68
2011-07-06, 7.98, 8.05, 7.91, 8.01, 17200.0, 6.9
2011-07-07, 8.02, 8.48, 8.02, 8.25, 23000.0, 7.11
2011-07-08, 8.1, 8.16, 7.83, 8.16, 16300.0, 7.03
2011-07-11, 8.07, 8.16, 8.0, 8.16, 9400.0, 7.03
2011-07-12, 7.95, 8.13, 7.95, 8.06, 31900.0, 6.94
2011-07-13, 8.09, 8.38, 8.05, 8.11, 14100.0, 6.99
2011-07-14, 8.1, 8.5, 8.09, 8.5, 147200.0, 7.32
2011-07-15, 8.43, 8.54, 8.26, 8.27, 9100.0, 7.12
2011-07-18, 8.27, 8.33, 7.8, 8.29, 7800.0, 7.14
2011-07-19, 8.15, 8.35, 8.15, 8.21, 4800.0, 7.07
2011-07-20, 8.6, 8.84, 8.31, 8.64, 25600.0, 7.44
2011-07-21, 8.37, 8.79, 8.37, 8.59, 23600.0, 7.4
2011-07-22, 8.5, 8.75, 8.5, 8.59, 7600.0, 7.4
2011-07-25, 8.5, 8.58, 8.25, 8.27, 15500.0, 7.12
2011-07-26, 8.26, 8.35, 8.23, 8.25, 14400.0, 7.11
2011-07-27, 8.24, 8.26, 8.11, 8.23, 9400.0, 7.09
2011-07-28, 8.15, 8.5, 8.14, 8.44, 15400.0, 7.27
2011-07-29, 8.15, 8.6, 8.15, 8.31, 17200.0, 7.16
2011-08-01, 8.36, 8.5, 8.33, 8.36, 8700.0, 7.2
2011-08-02, 8.3, 8.6, 8.28, 8.48, 20100.0, 7.3
2011-08-03, 8.42, 8.5, 8.25, 8.5, 30100.0, 7.32
2011-08-04, 8.49, 8.49, 8.18, 8.18, 13300.0, 7.05
2011-08-05, 8.2, 8.2, 8.0, 8.0, 7300.0, 6.89
2011-08-08, 7.5, 7.62, 7.3, 7.33, 23400.0, 6.31
2011-08-09, 7.3, 8.0, 7.26, 7.5, 36400.0, 6.46
2011-08-10, 7.5, 8.85, 7.25, 7.69, 54300.0, 6.62
2011-08-11, 8.0, 8.1, 7.48, 8.0, 6200.0, 6.89
2011-08-12, 8.01, 8.16, 7.61, 7.61, 14100.0, 6.55
2011-08-15, 7.61, 8.06, 7.56, 8.0, 26800.0, 6.89
2011-08-16, 8.05, 8.11, 8.0, 8.04, 15700.0, 6.93
2011-08-17, 7.96, 8.06, 7.96, 8.04, 14800.0, 6.93
2011-08-18, 7.97, 7.97, 7.5, 7.83, 11400.0, 6.74
2011-08-19, 8.0, 8.0, 7.5, 7.5, 11800.0, 6.46
2011-08-22, 7.47, 9.0, 7.41, 7.52, 26900.0, 6.48
2011-08-23, 7.62, 7.83, 7.32, 7.62, 47400.0, 6.56
2011-08-24, 7.58, 7.81, 7.52, 7.52, 31200.0, 6.48
2011-08-25, 7.53, 7.61, 7.53, 7.55, 5500.0, 6.5
2011-08-26, 7.6, 7.6, 7.6, 7.6, 4500.0, 6.55
2011-08-29, 7.99, 7.99, 7.6, 7.6, 4800.0, 6.55
2011-08-30, 7.75, 7.75, 7.6, 7.6, 12400.0, 6.55
2011-08-31, 7.6, 7.65, 7.46, 7.65, 3000.0, 6.59
2011-09-01, 7.56, 7.57, 7.25, 7.35, 8000.0, 6.33
2011-09-02, 7.27, 7.49, 7.25, 7.47, 2300.0, 6.43
2011-09-06, 7.48, 7.65, 7.48, 7.6, 4500.0, 6.55
2011-09-07, 7.87, 7.87, 7.62, 7.82, 4400.0, 6.74
2011-09-08, 7.75, 7.75, 7.64, 7.64, 4300.0, 6.58
2011-09-09, 7.64, 7.64, 7.56, 7.56, 2000.0, 6.51
2011-09-12, 7.56, 7.58, 7.35, 7.35, 19200.0, 6.33
2011-09-13, 7.31, 7.31, 7.25, 7.25, 7500.0, 6.24
2011-09-14, 7.25, 7.25, 6.61, 6.94, 26500.0, 5.98
2011-09-15, 7.07, 7.76, 6.82, 7.4, 294300.0, 6.37
2011-09-16, 7.5, 7.79, 7.5, 7.76, 98500.0, 6.68
2011-09-19, 7.75, 7.83, 7.48, 7.75, 79400.0, 6.68
2011-09-20, 7.75, 7.76, 7.61, 7.64, 39800.0, 6.58
2011-09-21, 7.65, 7.76, 7.6, 7.76, 5700.0, 6.68
2011-09-22, 7.5, 7.61, 7.2, 7.2, 38700.0, 6.2
2011-09-23, 7.29, 7.3, 7.2, 7.25, 12700.0, 6.24
2011-09-26, 7.25, 7.25, 6.8, 7.0, 73200.0, 6.03
2011-09-27, 7.08, 7.26, 6.85, 7.25, 17600.0, 6.24
2011-09-28, 7.25, 7.27, 6.52, 6.95, 35600.0, 5.99
2011-09-29, 6.56, 6.74, 6.37, 6.37, 8700.0, 5.49
2011-09-30, 6.38, 6.43, 6.11, 6.25, 19400.0, 5.38
2011-10-03, 6.19, 6.21, 5.67, 5.98, 22800.0, 5.15
2011-10-04, 5.41, 5.82, 5.29, 5.75, 8000.0, 4.95
2011-10-05, 5.85, 6.74, 5.85, 6.74, 11700.0, 5.81
2011-10-06, 6.67, 6.71, 6.15, 6.25, 21900.0, 5.38
2011-10-07, 6.25, 6.26, 6.02, 6.06, 6900.0, 5.22
2011-10-10, 6.04, 6.09, 5.59, 6.04, 18500.0, 5.2
2011-10-11, 6.04, 6.11, 5.89, 5.95, 12300.0, 5.12
2011-10-12, 6.0, 6.03, 5.95, 5.95, 58000.0, 5.12
2011-10-13, 6.0, 6.08, 5.49, 5.54, 70700.0, 4.77
2011-10-14, 5.77, 5.77, 5.5, 5.52, 73600.0, 4.75
2011-10-17, 5.5, 5.98, 4.95, 5.4, 38300.0, 4.65
2011-10-18, 5.45, 6.07, 5.25, 5.69, 67600.0, 4.9
2011-10-19, 5.62, 5.7, 5.5, 5.5, 22500.0, 4.74
2011-10-20, 5.75, 5.9, 5.5, 5.5, 38400.0, 4.74
2011-10-21, 5.5, 5.8, 5.5, 5.62, 6300.0, 4.84
2011-10-24, 5.62, 6.16, 5.62, 6.16, 17900.0, 5.31
2011-10-25, 6.07, 6.27, 5.91, 6.0, 48000.0, 5.17
2011-10-26, 5.7, 6.0, 5.7, 5.84, 17500.0, 5.03
2011-10-27, 5.91, 6.26, 5.81, 6.0, 41100.0, 5.17
2011-10-28, 6.23, 6.25, 5.75, 5.75, 30200.0, 4.95
2011-10-31, 5.75, 6.23, 5.75, 6.0, 15700.0, 5.17
2011-11-01, 6.0, 6.0, 5.84, 5.84, 12600.0, 5.03
2011-11-02, 5.84, 6.02, 5.83, 5.85, 54100.0, 5.04
2011-11-03, 5.9, 6.06, 5.9, 5.96, 13100.0, 5.13
2011-11-04, 5.96, 6.33, 5.96, 6.3, 55400.0, 5.43
2011-11-07, 6.34, 6.6, 6.23, 6.6, 9900.0, 5.68
2011-11-08, 6.6, 6.9, 6.6, 6.61, 10900.0, 5.69
2011-11-09, 6.48, 6.82, 6.45, 6.48, 9800.0, 5.58
2011-11-10, 6.57, 6.79, 6.57, 6.7, 2300.0, 5.77
2011-11-11, 6.99, 6.99, 6.55, 6.6, 3500.0, 5.68
2011-11-14, 6.73, 6.8, 6.5, 6.8, 11100.0, 5.86
2011-11-15, 6.77, 6.93, 6.69, 6.69, 3100.0, 5.76
2011-11-16, 6.81, 6.82, 6.6, 6.6, 2600.0, 5.68
2011-11-17, 6.82, 6.85, 6.5, 6.57, 15400.0, 5.66
2011-11-18, 6.89, 6.92, 6.5, 6.75, 24000.0, 5.81
2011-11-21, 6.71, 6.79, 6.5, 6.79, 5500.0, 5.85
2011-11-22, 6.71, 6.71, 6.5, 6.6, 7400.0, 5.68
2011-11-23, 6.6, 6.64, 6.5, 6.64, 5100.0, 5.72
2011-11-25, 6.64, 6.64, 6.64, 6.64, 0.0, 5.72
2011-11-28, 6.7, 6.7, 6.6, 6.6, 4300.0, 5.68
2011-11-29, 6.6, 6.6, 6.25, 6.33, 20900.0, 5.45
2011-11-30, 6.91, 6.91, 6.25, 6.26, 25400.0, 5.39
2011-12-01, 6.49, 6.56, 6.15, 6.27, 18300.0, 5.4
2011-12-02, 6.32, 6.44, 6.16, 6.24, 23100.0, 5.37
2011-12-05, 6.31, 6.31, 6.2, 6.25, 19300.0, 5.38
2011-12-06, 6.37, 6.37, 6.16, 6.25, 8100.0, 5.38
2011-12-07, 6.25, 6.31, 6.17, 6.29, 15100.0, 5.42
2011-12-08, 6.27, 6.3, 6.15, 6.23, 24400.0, 5.37
2011-12-09, 6.25, 6.47, 6.06, 6.3, 39000.0, 5.43
2011-12-12, 6.3, 6.3, 6.15, 6.15, 13200.0, 5.3
2011-12-13, 6.1, 6.12, 6.0, 6.0, 34200.0, 5.17
2011-12-14, 6.0, 6.0, 5.85, 5.85, 5800.0, 5.04
2011-12-15, 5.86, 5.86, 5.7, 5.81, 14000.0, 5.0
2011-12-16, 5.85, 5.85, 5.6, 5.75, 127600.0, 4.95
2011-12-19, 5.75, 5.83, 5.6, 5.76, 77900.0, 4.96
2011-12-20, 5.85, 6.3, 5.69, 6.27, 1175200.0, 5.4
2011-12-21, 6.21, 6.44, 6.0, 6.16, 25600.0, 5.31
2011-12-22, 6.13, 6.25, 5.9, 5.95, 45900.0, 5.12
2011-12-23, 5.93, 5.93, 5.59, 5.75, 79300.0, 4.95
2011-12-27, 5.75, 5.95, 5.51, 5.75, 104300.0, 4.95
2011-12-28, 6.0, 6.06, 5.7, 5.7, 109600.0, 4.91
2011-12-29, 5.76, 5.9, 5.6, 5.86, 40200.0, 5.05
2011-12-30, 5.8, 6.53, 5.63, 6.53, 49200.0, 5.62
2012-01-03, 6.57, 6.88, 6.31, 6.6, 18600.0, 5.68
2012-01-04, 6.48, 6.9, 6.48, 6.75, 69400.0, 5.81
2012-01-05, 6.8, 6.84, 6.75, 6.75, 99700.0, 5.81
2012-01-06, 6.83, 6.89, 6.7, 6.8, 33500.0, 5.86
2012-01-09, 6.81, 7.4, 6.75, 6.79, 79800.0, 5.85
2012-01-10, 6.87, 7.0, 6.87, 7.0, 17100.0, 6.03
2012-01-11, 6.91, 7.01, 6.8, 6.85, 52100.0, 5.9
2012-01-12, 6.79, 7.08, 6.75, 7.0, 77400.0, 6.03
2012-01-13, 7.0, 7.01, 6.79, 7.0, 39100.0, 6.03
2012-01-17, 6.88, 7.05, 6.8, 7.0, 45800.0, 6.03
2012-01-18, 6.93, 7.2, 6.93, 7.13, 33100.0, 6.14
2012-01-19, 7.07, 7.28, 6.89, 7.0, 43100.0, 6.03
2012-01-20, 7.14, 7.24, 6.95, 7.0, 89300.0, 6.03
2012-01-23, 7.0, 7.08, 6.9, 6.95, 26300.0, 5.99
2012-01-24, 6.99, 7.05, 6.92, 6.99, 16200.0, 6.02
2012-01-25, 7.0, 7.13, 6.95, 6.99, 45700.0, 6.02
2012-01-26, 7.08, 7.86, 7.03, 7.13, 99100.0, 6.14
2012-01-27, 7.15, 7.54, 7.13, 7.16, 75300.0, 6.17
2012-01-30, 7.35, 7.37, 6.98, 6.99, 57700.0, 6.02
2012-01-31, 7.1, 7.11, 6.88, 6.91, 25900.0, 5.95
2012-02-01, 6.91, 7.0, 6.83, 7.0, 22200.0, 6.13
2012-02-02, 7.0, 7.0, 6.87, 6.87, 7100.0, 6.01
2012-02-03, 6.9, 7.0, 6.89, 6.9, 48800.0, 6.04
2012-02-06, 6.85, 6.95, 6.76, 6.79, 16900.0, 5.94
2012-02-07, 6.8, 7.08, 6.64, 6.7, 23900.0, 5.86
2012-02-08, 6.75, 6.76, 6.64, 6.64, 7300.0, 5.81
2012-02-09, 6.69, 6.99, 6.69, 6.99, 26000.0, 6.12
2012-02-10, 7.0, 7.0, 6.81, 6.9, 22200.0, 6.04
2012-02-13, 7.0, 7.0, 6.69, 6.7, 143500.0, 5.86
2012-02-14, 6.75, 6.75, 6.65, 6.65, 7400.0, 5.82
2012-02-15, 6.83, 7.17, 6.75, 6.92, 10000.0, 6.06
2012-02-16, 6.92, 7.15, 6.92, 7.0, 13700.0, 6.13
2012-02-17, 7.04, 7.17, 6.99, 6.99, 38600.0, 6.12
2012-02-21, 7.01, 7.03, 6.9, 7.0, 20200.0, 6.13
2012-02-22, 6.99, 7.06, 6.9, 6.9, 14300.0, 6.04
2012-02-23, 6.91, 7.0, 6.88, 7.0, 39300.0, 6.13
2012-02-24, 6.98, 7.01, 6.69, 6.7, 64800.0, 5.86
2012-02-27, 6.68, 7.0, 6.68, 7.0, 35100.0, 6.13
2012-02-28, 7.05, 7.05, 6.82, 6.88, 17600.0, 6.02
2012-02-29, 7.04, 7.05, 6.85, 6.85, 3300.0, 6.0
2012-03-01, 6.92, 7.0, 6.83, 6.83, 12700.0, 5.98
2012-03-02, 6.85, 6.85, 6.75, 6.75, 7200.0, 5.91
2012-03-05, 6.95, 7.0, 6.8, 6.97, 16500.0, 6.1
2012-03-06, 6.94, 6.94, 6.77, 6.77, 14800.0, 5.93
2012-03-07, 6.76, 6.87, 6.75, 6.76, 9700.0, 5.92
2012-03-08, 6.85, 6.95, 6.77, 6.92, 5600.0, 6.06
2012-03-09, 6.86, 6.86, 6.68, 6.7, 7200.0, 5.86
2012-03-12, 6.65, 7.21, 6.64, 7.13, 28500.0, 6.24
2012-03-13, 7.34, 7.35, 7.2, 7.25, 27600.0, 6.35
2012-03-14, 7.5, 7.68, 7.1, 7.1, 62200.0, 6.21
2012-03-15, 7.32, 7.32, 6.62, 6.65, 43100.0, 5.82
2012-03-16, 6.78, 7.06, 6.78, 6.97, 12900.0, 6.1
2012-03-19, 7.01, 7.74, 6.94, 6.94, 35100.0, 6.07
2012-03-20, 7.06, 7.6, 6.75, 6.75, 51200.0, 5.91
2012-03-21, 6.76, 7.0, 6.75, 6.85, 29200.0, 6.0
2012-03-22, 6.82, 7.01, 6.8, 6.97, 19000.0, 6.1
2012-03-23, 6.79, 6.91, 6.78, 6.78, 20300.0, 5.93
2012-03-26, 6.81, 6.81, 6.6, 6.61, 15300.0, 5.79
2012-03-27, 6.6, 6.68, 6.5, 6.5, 54700.0, 5.69
2012-03-28, 6.5, 6.53, 6.41, 6.41, 20400.0, 5.61
2012-03-29, 6.39, 6.93, 6.39, 6.7, 79300.0, 5.86
2012-03-30, 6.78, 7.0, 6.65, 6.75, 70100.0, 5.91
2012-04-02, 6.74, 6.9, 6.7, 6.71, 28100.0, 5.87
2012-04-03, 6.75, 6.75, 6.72, 6.73, 13300.0, 5.89
2012-04-04, 6.6, 7.0, 6.6, 6.8, 24800.0, 5.95
2012-04-05, 6.84, 7.01, 6.7, 7.01, 15200.0, 6.14
2012-04-09, 6.86, 7.02, 6.82, 6.9, 23100.0, 6.04
2012-04-10, 6.83, 6.99, 6.79, 6.8, 18100.0, 5.95
2012-04-11, 6.95, 6.95, 6.78, 6.8, 2400.0, 5.95
2012-04-12, 6.83, 6.94, 6.83, 6.85, 6700.0, 6.0
2012-04-13, 6.83, 7.02, 6.83, 7.0, 13100.0, 6.13
2012-04-16, 6.89, 7.0, 6.8, 6.92, 11700.0, 6.06
2012-04-17, 7.0, 7.02, 6.95, 6.97, 10400.0, 6.1
2012-04-18, 7.0, 7.0, 6.83, 6.96, 28200.0, 6.09
2012-04-19, 6.94, 7.0, 6.9, 6.94, 24000.0, 6.07
2012-04-20, 7.0, 7.0, 6.9, 6.95, 8000.0, 6.08
2012-04-23, 7.01, 7.15, 6.95, 7.08, 11200.0, 6.2
2012-04-24, 7.2, 7.2, 7.0, 7.1, 28900.0, 6.21
2012-04-25, 7.13, 7.14, 7.06, 7.1, 8000.0, 6.21
2012-04-26, 7.15, 7.15, 6.98, 7.06, 6800.0, 6.18
2012-04-27, 7.09, 7.15, 7.0, 7.07, 7300.0, 6.19
2012-04-30, 7.12, 7.12, 7.02, 7.02, 31600.0, 6.14
2012-05-01, 7.16, 7.16, 6.86, 7.09, 41000.0, 6.21
2012-05-02, 6.9, 7.18, 6.9, 6.99, 50000.0, 6.21
2012-05-03, 6.99, 7.07, 6.87, 7.0, 12200.0, 6.22
2012-05-04, 6.92, 7.0, 6.88, 7.0, 20100.0, 6.22
2012-05-07, 6.93, 7.0, 6.93, 7.0, 2600.0, 6.22
2012-05-08, 6.8, 6.95, 6.6, 6.8, 19400.0, 6.05
2012-05-09, 6.68, 7.09, 6.65, 6.9, 86000.0, 6.13
2012-05-10, 6.81, 7.12, 6.81, 7.0, 31000.0, 6.22
2012-05-11, 6.88, 7.32, 6.86, 7.1, 42000.0, 6.31
2012-05-14, 7.07, 7.07, 6.87, 7.05, 8200.0, 6.27
2012-05-15, 6.95, 7.05, 6.85, 6.99, 41100.0, 6.21
2012-05-16, 6.94, 6.95, 6.85, 6.85, 40000.0, 6.09
2012-05-17, 6.93, 6.93, 6.65, 6.7, 41200.0, 5.96
2012-05-18, 6.81, 6.85, 6.69, 6.76, 3100.0, 6.01
2012-05-21, 6.66, 6.75, 6.6, 6.69, 63800.0, 5.95
2012-05-22, 6.8, 6.84, 6.73, 6.8, 14800.0, 6.05
2012-05-23, 6.82, 6.82, 6.61, 6.8, 11300.0, 6.05
2012-05-24, 6.8, 6.96, 6.79, 6.9, 22100.0, 6.13
2012-05-25, 6.87, 6.9, 6.85, 6.87, 6500.0, 6.11
2012-05-29, 6.88, 7.05, 6.87, 6.87, 3800.0, 6.11
2012-05-30, 6.87, 6.98, 6.83, 6.98, 14800.0, 6.21
2012-05-31, 6.87, 6.94, 6.67, 6.76, 19200.0, 6.01
2012-06-01, 6.74, 6.74, 6.62, 6.7, 7600.0, 5.96
2012-06-04, 6.82, 6.82, 6.65, 6.67, 6800.0, 5.93
2012-06-05, 6.59, 6.9, 6.59, 6.66, 18700.0, 5.92
2012-06-06, 6.7, 6.9, 6.7, 6.9, 14500.0, 6.13
2012-06-07, 6.92, 6.92, 6.76, 6.84, 7400.0, 6.08
2012-06-08, 6.86, 6.95, 6.76, 6.95, 17400.0, 6.18
2012-06-11, 6.97, 6.97, 6.75, 6.76, 29100.0, 6.01
2012-06-12, 6.82, 6.89, 6.76, 6.76, 7400.0, 6.01
2012-06-13, 6.75, 6.89, 6.75, 6.75, 9300.0, 6.0
2012-06-14, 6.75, 6.75, 6.6, 6.6, 13100.0, 5.87
2012-06-15, 6.61, 6.65, 6.6, 6.65, 3300.0, 5.91
2012-06-18, 6.73, 7.0, 6.6, 6.94, 38100.0, 6.17
2012-06-19, 6.86, 7.0, 6.81, 7.0, 12900.0, 6.22
2012-06-20, 7.07, 7.1, 6.96, 6.97, 46400.0, 6.2
2012-06-21, 6.99, 7.1, 6.75, 6.76, 11600.0, 6.01
2012-06-22, 6.72, 6.95, 6.61, 6.64, 16000.0, 5.9
2012-06-25, 6.71, 6.85, 6.5, 6.67, 14100.0, 5.93
2012-06-26, 6.6, 6.9, 6.6, 6.86, 14400.0, 6.1
2012-06-27, 6.73, 6.86, 6.61, 6.76, 4400.0, 6.01
2012-06-28, 6.74, 6.85, 6.59, 6.83, 2800.0, 6.07
2012-06-29, 6.87, 6.9, 6.66, 6.66, 15900.0, 5.92
2012-07-02, 6.75, 6.83, 6.57, 6.83, 4000.0, 6.07
2012-07-03, 6.7, 6.87, 6.6, 6.7, 11100.0, 5.96
2012-07-05, 6.75, 6.84, 6.7, 6.7, 5200.0, 5.96
2012-07-06, 6.72, 6.83, 6.69, 6.75, 7600.0, 6.0
2012-07-09, 6.83, 6.83, 6.69, 6.69, 6800.0, 5.95
2012-07-10, 6.65, 6.7, 6.65, 6.7, 2300.0, 5.96
2012-07-11, 6.7, 6.7, 6.67, 6.68, 2800.0, 5.94
2012-07-12, 6.59, 6.6, 6.5, 6.52, 35200.0, 5.8
2012-07-13, 6.51, 6.69, 6.5, 6.51, 31900.0, 5.79
2012-07-16, 6.6, 6.69, 6.52, 6.52, 2800.0, 5.8
2012-07-17, 6.6, 6.74, 6.54, 6.74, 15500.0, 5.99
2012-07-18, 6.74, 6.75, 6.58, 6.74, 7200.0, 5.99
2012-07-19, 6.7, 6.7, 6.65, 6.67, 2500.0, 5.93
2012-07-20, 6.65, 6.68, 6.53, 6.58, 15800.0, 5.85
2012-07-23, 6.56, 6.7, 6.56, 6.67, 4000.0, 5.93
2012-07-24, 6.61, 6.74, 6.61, 6.67, 4900.0, 5.93
2012-07-25, 6.61, 6.65, 6.61, 6.65, 1300.0, 5.91
2012-07-26, 6.65, 6.66, 6.3, 6.45, 29300.0, 5.73
2012-07-27, 6.44, 6.75, 6.44, 6.71, 27600.0, 5.97
2012-07-30, 6.75, 6.85, 6.75, 6.8, 7500.0, 6.05
2012-07-31, 6.89, 6.89, 6.77, 6.87, 9300.0, 6.11
2012-08-01, 6.74, 6.74, 6.65, 6.73, 8000.0, 6.08
2012-08-02, 6.54, 6.7, 6.54, 6.6, 7100.0, 5.96
2012-08-03, 6.7, 6.75, 6.5, 6.52, 21000.0, 5.89
2012-08-06, 6.8, 6.8, 6.53, 6.56, 9500.0, 5.93
2012-08-07, 6.64, 6.8, 6.51, 6.65, 8800.0, 6.01
2012-08-08, 6.51, 6.69, 6.49, 6.49, 39500.0, 5.86
2012-08-09, 6.42, 6.51, 6.38, 6.48, 10900.0, 5.85
2012-08-10, 6.51, 6.71, 6.38, 6.46, 157300.0, 5.84
2012-08-13, 6.38, 6.54, 6.38, 6.45, 610100.0, 5.83
2012-08-14, 6.57, 6.6, 6.38, 6.43, 36000.0, 5.81
2012-08-15, 6.46, 6.58, 6.26, 6.55, 25000.0, 5.92
2012-08-16, 6.5, 6.7, 6.36, 6.42, 30800.0, 5.8
2012-08-17, 6.46, 6.54, 6.42, 6.49, 13700.0, 5.86
2012-08-20, 6.4, 6.53, 6.4, 6.51, 2500.0, 5.88
2012-08-21, 6.5, 6.5, 6.41, 6.41, 24400.0, 5.79
2012-08-22, 6.5, 6.5, 6.35, 6.45, 9500.0, 5.83
2012-08-23, 6.48, 6.49, 6.31, 6.42, 11800.0, 5.8
2012-08-24, 6.36, 6.44, 6.36, 6.44, 6000.0, 5.82
2012-08-27, 6.47, 6.64, 6.47, 6.56, 69900.0, 5.93
2012-08-28, 6.57, 6.57, 6.48, 6.49, 46200.0, 5.86
2012-08-29, 6.45, 6.46, 6.36, 6.46, 19900.0, 5.84
2012-08-30, 6.49, 6.49, 6.33, 6.44, 19100.0, 5.82
2012-08-31, 6.31, 6.63, 6.31, 6.56, 8900.0, 5.93
2012-09-04, 6.53, 6.55, 6.42, 6.43, 19200.0, 5.81
2012-09-05, 6.39, 6.44, 6.39, 6.41, 35900.0, 5.79
2012-09-06, 6.45, 6.55, 6.42, 6.48, 5400.0, 5.85
2012-09-07, 6.45, 6.49, 6.39, 6.41, 6400.0, 5.79
2012-09-10, 6.48, 6.5, 6.35, 6.4, 29500.0, 5.78
2012-09-11, 6.43, 6.48, 6.39, 6.45, 110300.0, 5.83
2012-09-12, 6.45, 6.45, 6.35, 6.41, 12500.0, 5.79
2012-09-13, 6.45, 6.45, 6.39, 6.41, 11300.0, 5.79
2012-09-14, 6.37, 6.42, 6.31, 6.38, 53400.0, 5.76
2012-09-17, 6.42, 6.46, 6.38, 6.44, 18000.0, 5.82
2012-09-18, 6.4, 6.42, 6.37, 6.4, 38500.0, 5.78
2012-09-19, 6.4, 6.44, 6.36, 6.4, 81400.0, 5.78
2012-09-20, 6.42, 6.42, 6.31, 6.34, 50300.0, 5.73
2012-09-21, 6.35, 6.4, 6.35, 6.37, 8500.0, 5.76
2012-09-24, 6.35, 6.46, 6.35, 6.35, 41200.0, 5.74
2012-09-25, 6.39, 6.4, 6.36, 6.36, 18300.0, 5.75
2012-09-26, 6.36, 6.36, 6.33, 6.33, 2600.0, 5.72
2012-09-27, 6.33, 6.37, 6.2, 6.22, 97000.0, 5.62
2012-09-28, 6.17, 6.27, 6.17, 6.22, 26500.0, 5.62
2012-10-01, 6.2, 6.22, 6.15, 6.16, 27300.0, 5.57
2012-10-02, 6.16, 6.28, 6.08, 6.12, 32600.0, 5.53
2012-10-03, 6.18, 6.34, 6.15, 6.28, 25900.0, 5.67
2012-10-04, 6.37, 6.6, 6.29, 6.5, 118500.0, 5.87
2012-10-05, 6.53, 6.6, 6.51, 6.56, 48000.0, 5.93
2012-10-08, 6.6, 6.7, 6.53, 6.54, 51400.0, 5.91
2012-10-09, 6.53, 6.62, 6.51, 6.56, 51300.0, 5.93
2012-10-10, 6.54, 6.67, 6.5, 6.6, 76900.0, 5.96
2012-10-11, 6.63, 6.63, 6.58, 6.59, 15400.0, 5.95
2012-10-12, 6.6, 6.6, 6.57, 6.58, 19600.0, 5.95
2012-10-15, 6.6, 6.6, 6.56, 6.58, 6000.0, 5.95
2012-10-16, 6.56, 6.65, 6.51, 6.63, 36100.0, 5.99
2012-10-17, 6.59, 6.65, 6.53, 6.59, 27200.0, 5.95
2012-10-18, 6.59, 6.64, 6.58, 6.59, 58000.0, 5.95
2012-10-19, 6.59, 6.6, 6.56, 6.57, 10300.0, 5.94
2012-10-22, 6.6, 6.6, 6.56, 6.56, 5900.0, 5.93
2012-10-23, 6.58, 6.58, 6.5, 6.53, 11100.0, 5.9
2012-10-24, 6.56, 6.6, 6.55, 6.59, 109600.0, 5.95
2012-10-25, 6.6, 6.6, 6.47, 6.53, 93900.0, 5.9
2012-10-26, 6.59, 6.61, 6.52, 6.58, 76800.0, 5.95
2012-10-31, 6.51, 6.54, 6.43, 6.51, 63700.0, 5.98
2012-11-01, 6.56, 6.56, 6.5, 6.54, 67900.0, 6.01
2012-11-02, 6.56, 6.69, 6.56, 6.62, 2600.0, 6.09
2012-11-05, 6.63, 6.65, 6.54, 6.55, 62300.0, 6.02
2012-11-06, 6.6, 6.6, 6.56, 6.6, 26600.0, 6.07
2012-11-07, 6.5, 6.57, 6.41, 6.54, 56400.0, 6.01
2012-11-08, 6.55, 6.57, 6.46, 6.54, 25200.0, 6.01
2012-11-09, 6.45, 6.54, 6.45, 6.5, 32100.0, 5.98
2012-11-12, 6.54, 6.59, 6.4, 6.5, 24200.0, 5.98
2012-11-13, 6.48, 6.52, 6.45, 6.51, 28600.0, 5.98
2012-11-14, 6.59, 6.59, 6.44, 6.51, 17000.0, 5.98
2012-11-15, 6.42, 6.53, 6.38, 6.5, 23400.0, 5.98
2012-11-16, 6.52, 6.52, 6.42, 6.5, 7300.0, 5.98
2012-11-19, 6.53, 6.6, 6.47, 6.5, 24200.0, 5.98
2012-11-20, 6.5, 6.53, 6.5, 6.5, 17500.0, 5.98
2012-11-21, 6.5, 6.55, 6.37, 6.48, 44100.0, 5.96
2012-11-23, 6.45, 6.56, 6.45, 6.47, 13500.0, 5.95
2012-11-26, 6.4, 6.46, 6.36, 6.46, 17600.0, 5.94
2012-11-27, 6.45, 6.54, 6.32, 6.45, 59200.0, 5.93
2012-11-28, 6.45, 6.45, 6.4, 6.4, 16900.0, 5.88
2012-11-29, 6.43, 6.45, 6.35, 6.41, 57500.0, 5.89
2012-11-30, 6.44, 6.49, 6.41, 6.42, 8200.0, 5.9
2012-12-03, 6.49, 6.49, 6.42, 6.44, 25100.0, 5.92
2012-12-04, 6.37, 6.45, 6.36, 6.45, 12000.0, 5.93
2012-12-05, 6.48, 6.48, 6.4, 6.43, 5700.0, 5.91
2012-12-06, 6.4, 6.47, 6.4, 6.45, 109200.0, 5.93
2012-12-07, 6.4, 6.54, 6.4, 6.49, 73200.0, 5.97
2012-12-10, 6.53, 6.53, 6.49, 6.5, 7300.0, 5.98
2012-12-11, 6.45, 6.53, 6.45, 6.52, 43100.0, 5.99
2012-12-12, 6.55, 6.59, 6.45, 6.5, 29600.0, 5.98
2012-12-13, 6.51, 6.55, 6.42, 6.5, 15600.0, 5.98
2012-12-14, 6.5, 6.51, 6.42, 6.43, 38200.0, 5.91
2012-12-17, 6.48, 6.5, 6.44, 6.5, 52400.0, 5.98
2012-12-18, 6.51, 6.51, 6.42, 6.5, 36800.0, 5.98
2012-12-19, 6.43, 6.52, 6.43, 6.52, 32600.0, 5.99
2012-12-20, 6.48, 6.65, 6.44, 6.51, 58900.0, 5.98
2012-12-21, 6.51, 6.56, 6.51, 6.56, 2800.0, 6.03
2012-12-24, 6.52, 6.54, 6.44, 6.47, 25300.0, 5.95
2012-12-26, 6.43, 6.46, 6.42, 6.44, 36500.0, 5.92
2012-12-27, 6.41, 6.46, 6.41, 6.45, 7000.0, 5.93
2012-12-28, 6.4, 6.45, 6.39, 6.41, 75400.0, 5.89
2012-12-31, 6.46, 6.6, 6.35, 6.58, 82700.0, 6.05
2013-01-02, 6.61, 6.7, 6.53, 6.7, 59700.0, 6.16
2013-01-03, 6.66, 6.73, 6.6, 6.64, 31300.0, 6.1
2013-01-04, 6.63, 6.68, 6.62, 6.66, 12500.0, 6.12
2013-01-07, 6.7, 6.79, 6.68, 6.76, 116700.0, 6.21
2013-01-08, 6.72, 6.8, 6.72, 6.77, 4300.0, 6.22
2013-01-09, 6.79, 7.22, 6.78, 7.0, 124400.0, 6.44
2013-01-10, 7.0, 7.55, 6.92, 7.0, 38400.0, 6.44
2013-01-11, 6.97, 7.2, 6.92, 7.15, 57600.0, 6.57
2013-01-14, 7.2, 7.34, 7.05, 7.05, 25100.0, 6.48
2013-01-15, 7.11, 7.11, 7.0, 7.0, 16100.0, 6.44
2013-01-16, 7.13, 7.13, 7.0, 7.1, 11900.0, 6.53
2013-01-17, 6.94, 7.19, 6.94, 7.17, 5500.0, 6.59
2013-01-18, 7.25, 7.77, 7.23, 7.63, 61400.0, 7.01
2013-01-22, 7.65, 8.07, 7.26, 7.52, 21600.0, 6.91
2013-01-23, 7.66, 7.84, 7.5, 7.57, 18900.0, 6.96
2013-01-24, 7.8, 7.88, 7.5, 7.74, 9500.0, 7.12
2013-01-25, 8.12, 8.12, 7.75, 7.85, 40200.0, 7.22
2013-01-28, 7.84, 7.85, 7.71, 7.77, 11800.0, 7.14
2013-01-29, 7.75, 7.85, 7.6, 7.8, 10700.0, 7.17
2013-01-30, 7.85, 8.22, 7.75, 8.12, 31600.0, 7.46
2013-01-31, 8.08, 8.12, 7.69, 8.06, 23400.0, 7.52
2013-02-01, 8.1, 8.31, 7.92, 8.03, 36500.0, 7.49
2013-02-04, 7.96, 8.49, 7.62, 7.72, 20200.0, 7.2
2013-02-05, 7.9, 8.08, 7.67, 7.85, 25900.0, 7.32
2013-02-06, 7.74, 8.14, 7.71, 7.86, 11500.0, 7.33
2013-02-07, 7.86, 7.86, 7.75, 7.86, 8100.0, 7.33
2013-02-08, 7.85, 7.94, 7.81, 7.9, 8700.0, 7.37
2013-02-11, 7.95, 8.22, 7.95, 8.13, 11900.0, 7.58
2013-02-12, 8.17, 8.25, 8.1, 8.25, 10500.0, 7.69
2013-02-13, 8.17, 8.17, 8.14, 8.14, 8700.0, 7.59
2013-02-14, 8.15, 8.23, 8.07, 8.08, 6600.0, 7.53
2013-02-15, 8.02, 8.05, 7.88, 8.04, 5300.0, 7.5
2013-02-19, 8.08, 8.24, 7.95, 8.0, 38600.0, 7.46
2013-02-20, 8.0, 8.07, 7.99, 7.99, 20800.0, 7.45
2013-02-21, 7.99, 8.06, 7.66, 8.06, 48900.0, 7.52
2013-02-22, 8.16, 8.16, 7.79, 7.97, 30900.0, 7.43
2013-02-25, 7.91, 7.98, 7.7, 7.7, 6200.0, 7.18
2013-02-26, 7.7, 7.88, 7.62, 7.71, 13800.0, 7.19
2013-02-27, 7.71, 7.8, 7.56, 7.69, 18600.0, 7.17
2013-02-28, 7.61, 7.86, 7.5, 7.74, 24600.0, 7.22
2013-03-01, 7.79, 7.79, 7.5, 7.7, 23500.0, 7.18
2013-03-04, 7.76, 7.93, 7.57, 7.75, 356400.0, 7.23
2013-03-05, 7.75, 7.75, 7.54, 7.6, 212700.0, 7.09
2013-03-06, 7.69, 8.69, 7.57, 8.44, 201300.0, 7.87
2013-03-07, 8.5, 9.01, 8.43, 8.76, 175700.0, 8.17
2013-03-08, 8.87, 8.87, 8.56, 8.75, 37900.0, 8.16
2013-03-11, 8.82, 8.85, 8.56, 8.78, 36400.0, 8.19
2013-03-12, 8.78, 8.8, 8.61, 8.75, 21300.0, 8.16
2013-03-13, 8.58, 8.95, 8.58, 8.8, 94600.0, 8.21
2013-03-14, 9.5, 9.5, 8.01, 8.73, 131600.0, 8.14
2013-03-15, 8.41, 8.78, 8.1, 8.23, 160000.0, 7.67
2013-03-18, 8.28, 8.36, 8.06, 8.33, 160600.0, 7.77
2013-03-19, 8.33, 8.62, 7.96, 8.03, 140400.0, 7.49
2013-03-20, 8.16, 8.3, 8.16, 8.28, 5200.0, 7.72
2013-03-21, 8.15, 8.22, 8.0, 8.21, 9100.0, 7.66
2013-03-22, 8.25, 8.39, 8.13, 8.39, 26500.0, 7.82
2013-03-25, 8.39, 8.47, 7.51, 8.31, 52900.0, 7.75
2013-03-26, 8.23, 8.71, 7.9, 8.25, 255500.0, 7.69
2013-03-27, 8.28, 8.35, 8.0, 8.13, 17900.0, 7.58
2013-03-28, 8.02, 9.03, 8.0, 8.57, 480400.0, 7.99
2013-04-01, 8.42, 8.61, 7.91, 8.21, 472900.0, 7.66
2013-04-02, 8.37, 8.84, 8.25, 8.56, 35200.0, 7.98
2013-04-03, 8.51, 8.88, 8.32, 8.59, 63400.0, 8.01
2013-04-04, 8.6, 8.68, 8.36, 8.63, 26600.0, 8.05
2013-04-05, 8.62, 8.79, 8.6, 8.75, 18000.0, 8.16
2013-04-08, 8.73, 8.73, 8.41, 8.53, 30700.0, 7.95
2013-04-09, 8.47, 8.7, 8.46, 8.63, 12900.0, 8.05
2013-04-10, 8.78, 8.78, 8.58, 8.68, 53500.0, 8.09
2013-04-11, 8.57, 8.69, 8.31, 8.56, 16100.0, 7.98
2013-04-12, 8.3, 8.71, 8.3, 8.59, 10600.0, 8.01
2013-04-15, 8.62, 8.72, 8.43, 8.66, 18400.0, 8.08
2013-04-16, 8.62, 9.2, 8.62, 8.78, 52200.0, 8.19
2013-04-17, 9.19, 9.19, 8.69, 8.74, 53000.0, 8.15
2013-04-18, 8.66, 9.06, 8.09, 8.39, 776200.0, 7.82
2013-04-19, 8.26, 8.49, 8.13, 8.49, 246700.0, 7.92
2013-04-22, 8.49, 8.7, 8.49, 8.59, 11700.0, 8.01
2013-04-23, 8.53, 8.68, 8.51, 8.51, 17100.0, 7.94
2013-04-24, 8.55, 8.95, 8.55, 8.95, 33300.0, 8.35
2013-04-25, 8.91, 8.95, 8.86, 8.94, 13400.0, 8.34
2013-04-26, 8.92, 8.98, 8.87, 8.87, 3100.0, 8.27
2013-04-29, 8.88, 8.96, 8.81, 8.85, 14800.0, 8.25
2013-04-30, 8.85, 9.0, 8.58, 8.76, 43600.0, 8.17
2013-05-01, 8.65, 8.87, 8.63, 8.83, 15000.0, 8.35
2013-05-02, 8.85, 8.96, 8.54, 8.66, 17400.0, 8.18
2013-05-03, 8.69, 8.71, 8.65, 8.67, 6200.0, 8.19
2013-05-06, 8.86, 8.86, 8.35, 8.61, 21400.0, 8.14
2013-05-07, 8.69, 8.76, 8.5, 8.76, 22300.0, 8.28
2013-05-08, 8.81, 9.1, 8.66, 8.98, 42400.0, 8.49
2013-05-09, 8.98, 9.24, 8.81, 8.81, 66500.0, 8.33
2013-05-10, 8.93, 9.04, 8.84, 8.99, 8400.0, 8.5
2013-05-13, 9.05, 9.05, 8.88, 8.9, 700.0, 8.41
2013-05-14, 9.0, 9.0, 8.75, 8.8, 4000.0, 8.32
2013-05-15, 8.78, 8.8, 8.6, 8.8, 12900.0, 8.32
2013-05-16, 8.84, 9.0, 8.72, 8.94, 10500.0, 8.45
2013-05-17, 8.98, 9.0, 8.86, 8.93, 12100.0, 8.44
2013-05-20, 8.98, 9.0, 8.7, 8.71, 11900.0, 8.23
2013-05-21, 8.81, 8.83, 8.7, 8.7, 15700.0, 8.22
2013-05-22, 8.72, 8.72, 8.66, 8.66, 8200.0, 8.18
2013-05-23, 8.7, 8.7, 8.6, 8.66, 13700.0, 8.18
2013-05-24, 8.66, 8.66, 8.5, 8.6, 9400.0, 8.13
2013-05-28, 8.71, 8.71, 8.5, 8.55, 14000.0, 8.08
2013-05-29, 8.63, 8.74, 8.5, 8.51, 42500.0, 8.04
2013-05-30, 8.5, 8.56, 8.32, 8.35, 22500.0, 7.89
2013-05-31, 8.3, 8.73, 8.3, 8.72, 11000.0, 8.24
2013-06-03, 8.73, 8.73, 8.54, 8.67, 189200.0, 8.19
2013-06-04, 8.73, 8.99, 8.65, 8.96, 43700.0, 8.47
2013-06-05, 8.94, 8.94, 8.6, 8.6, 8100.0, 8.13
2013-06-06, 8.71, 8.72, 8.51, 8.51, 4500.0, 8.04
2013-06-07, 8.58, 8.62, 8.35, 8.36, 20700.0, 7.9
2013-06-10, 8.4, 8.59, 8.35, 8.4, 9800.0, 7.94
2013-06-11, 8.38, 8.58, 8.04, 8.2, 17100.0, 7.75
2013-06-12, 8.18, 8.18, 7.8, 7.98, 8800.0, 7.54
2013-06-13, 8.04, 8.72, 8.04, 8.64, 24700.0, 8.17
2013-06-14, 8.46, 8.69, 8.1, 8.25, 11800.0, 7.8
2013-06-17, 8.3, 8.75, 8.3, 8.63, 16800.0, 8.16
2013-06-18, 8.75, 8.92, 8.34, 8.75, 28700.0, 8.27
2013-06-19, 8.34, 8.75, 8.34, 8.74, 13000.0, 8.26
2013-06-20, 8.67, 8.73, 8.11, 8.24, 14300.0, 7.79
2013-06-21, 8.38, 8.89, 8.38, 8.89, 15600.0, 8.4
2013-06-24, 8.71, 8.88, 8.07, 8.29, 26800.0, 7.84
2013-06-25, 8.6, 8.67, 8.35, 8.55, 10200.0, 8.08
2013-06-26, 8.21, 8.53, 8.2, 8.53, 3700.0, 8.06
2013-06-27, 8.51, 8.66, 8.5, 8.65, 12300.0, 8.18
2013-06-28, 8.77, 8.77, 8.77, 8.77, 300.0, 8.29
2013-07-01, 8.54, 8.67, 8.54, 8.65, 8000.0, 8.18
2013-07-02, 8.46, 8.63, 8.46, 8.5, 6500.0, 8.03
2013-07-03, 8.53, 8.9, 8.53, 8.65, 10600.0, 8.18
2013-07-05, 8.61, 8.9, 8.55, 8.8, 15100.0, 8.32
2013-07-08, 8.51, 8.79, 8.51, 8.76, 34000.0, 8.28
2013-07-09, 8.73, 8.75, 8.52, 8.54, 3500.0, 8.07
2013-07-10, 8.64, 8.89, 8.54, 8.82, 4400.0, 8.34
2013-07-11, 8.88, 8.88, 8.61, 8.8, 6300.0, 8.32
2013-07-12, 8.8, 8.8, 8.57, 8.57, 1300.0, 8.1
2013-07-15, 8.69, 8.77, 8.62, 8.74, 6800.0, 8.26
2013-07-16, 8.65, 8.75, 8.61, 8.65, 7700.0, 8.18
2013-07-17, 8.73, 8.8, 8.63, 8.63, 6800.0, 8.16
2013-07-18, 8.7, 8.76, 8.7, 8.75, 6800.0, 8.27
2013-07-19, 8.67, 8.8, 8.61, 8.8, 6600.0, 8.32
2013-07-22, 8.74, 8.74, 8.55, 8.61, 2500.0, 8.14
2013-07-23, 8.75, 8.79, 8.66, 8.72, 5000.0, 8.24
2013-07-24, 8.72, 8.79, 8.69, 8.69, 283000.0, 8.21
2013-07-25, 8.7, 8.79, 8.7, 8.75, 21100.0, 8.27
2013-07-26, 8.72, 8.8, 8.72, 8.75, 5000.0, 8.27
2013-07-29, 8.7, 8.75, 8.49, 8.68, 22500.0, 8.2
2013-07-30, 8.63, 8.66, 8.52, 8.52, 14300.0, 8.05
2013-07-31, 8.49, 8.5, 8.21, 8.49, 1400.0, 8.14
2013-08-01, 8.5, 8.64, 8.3, 8.51, 12500.0, 8.16
2013-08-02, 8.5, 8.62, 8.16, 8.49, 9500.0, 8.14
2013-08-05, 8.26, 8.65, 8.21, 8.65, 14900.0, 8.29
2013-08-06, 8.49, 8.75, 8.49, 8.71, 33500.0, 8.35
2013-08-07, 8.74, 8.93, 8.56, 8.89, 15000.0, 8.52
2013-08-08, 8.65, 8.89, 8.65, 8.67, 58000.0, 8.31
2013-08-09, 8.8, 8.8, 8.67, 8.67, 18500.0, 8.31
2013-08-12, 8.65, 8.69, 8.48, 8.68, 2400.0, 8.32
2013-08-13, 8.65, 8.65, 8.45, 8.59, 6500.0, 8.23
2013-08-14, 8.62, 8.67, 8.46, 8.48, 20600.0, 8.13
2013-08-15, 8.42, 8.5, 8.25, 8.4, 4300.0, 8.05
2013-08-16, 8.36, 8.4, 8.2, 8.34, 52800.0, 8.0
2013-08-19, 8.38, 8.38, 8.25, 8.3, 15400.0, 7.96
2013-08-20, 8.32, 8.59, 8.2, 8.25, 7000.0, 7.91
2013-08-21, 8.26, 8.3, 8.13, 8.15, 9000.0, 7.81
2013-08-22, 8.15, 8.29, 8.15, 8.21, 6100.0, 7.87
2013-08-23, 8.13, 8.52, 8.13, 8.13, 25500.0, 7.79
2013-08-26, 8.07, 8.56, 8.07, 8.53, 26700.0, 8.18
2013-08-27, 8.55, 8.55, 8.16, 8.17, 14100.0, 7.83
2013-08-28, 8.16, 8.35, 8.13, 8.28, 8700.0, 7.94
2013-08-29, 8.2, 8.45, 8.2, 8.44, 9800.0, 8.09
2013-08-30, 8.48, 8.7, 8.48, 8.57, 8400.0, 8.22
2013-09-03, 8.68, 8.68, 8.32, 8.49, 8100.0, 8.14
2013-09-04, 8.31, 8.45, 8.31, 8.36, 4000.0, 8.01
2013-09-05, 8.41, 8.41, 8.41, 8.41, 100.0, 8.06
2013-09-06, 8.33, 8.73, 8.32, 8.55, 8000.0, 8.2
2013-09-09, 8.64, 8.65, 8.33, 8.44, 7500.0, 8.09
2013-09-10, 8.45, 8.52, 8.4, 8.48, 13900.0, 8.13
2013-09-11, 8.43, 8.43, 8.2, 8.21, 14100.0, 7.87
2013-09-12, 8.24, 8.25, 8.21, 8.25, 4300.0, 7.91
2013-09-13, 8.25, 8.39, 8.25, 8.3, 7500.0, 7.96
2013-09-16, 8.4, 8.45, 8.25, 8.39, 18500.0, 8.04
2013-09-17, 8.25, 8.35, 8.21, 8.28, 9300.0, 7.94
2013-09-18, 8.25, 8.37, 8.21, 8.25, 13700.0, 7.91
2013-09-19, 8.23, 8.49, 8.23, 8.36, 5600.0, 8.01
2013-09-20, 8.28, 8.35, 8.28, 8.35, 14200.0, 8.0
2013-09-23, 8.35, 8.35, 8.27, 8.28, 4100.0, 7.94
2013-09-24, 8.32, 8.43, 8.12, 8.28, 37800.0, 7.94
2013-09-25, 8.24, 8.26, 8.21, 8.21, 12000.0, 7.87
2013-09-26, 8.25, 8.31, 8.21, 8.21, 19300.0, 7.87
2013-09-27, 8.12, 8.25, 8.11, 8.12, 7600.0, 7.78
2013-09-30, 8.12, 8.25, 8.1, 8.21, 11000.0, 7.87
2013-10-01, 8.17, 8.17, 8.1, 8.15, 6700.0, 7.81
2013-10-02, 8.15, 8.15, 8.14, 8.14, 3000.0, 7.8
2013-10-03, 8.1, 8.11, 8.1, 8.11, 3700.0, 7.77
2013-10-04, 8.13, 8.15, 8.13, 8.13, 11200.0, 7.79
2013-10-07, 8.01, 8.15, 8.0, 8.06, 32300.0, 7.73
2013-10-08, 8.1, 8.21, 8.0, 8.15, 12700.0, 7.81
2013-10-09, 8.15, 8.15, 8.01, 8.01, 43400.0, 7.68
2013-10-10, 8.21, 8.21, 8.02, 8.08, 8900.0, 7.75
2013-10-11, 8.1, 8.14, 8.08, 8.1, 7800.0, 7.77
2013-10-14, 8.1, 8.12, 8.02, 8.05, 17900.0, 7.72
2013-10-15, 8.07, 8.2, 8.06, 8.09, 40900.0, 7.76
2013-10-16, 8.2, 8.55, 8.09, 8.3, 51500.0, 7.96
2013-10-17, 8.23, 8.59, 8.23, 8.37, 38100.0, 8.02
2013-10-18, 8.5, 8.65, 8.37, 8.43, 17300.0, 8.08
2013-10-21, 8.4, 8.5, 8.28, 8.5, 15300.0, 8.15
2013-10-22, 8.43, 8.5, 8.27, 8.45, 30800.0, 8.1
2013-10-23, 8.5, 8.57, 8.4, 8.5, 10300.0, 8.15
2013-10-24, 8.4, 8.75, 8.34, 8.7, 40700.0, 8.34
2013-10-25, 8.7, 8.7, 8.45, 8.5, 8500.0, 8.15
2013-10-28, 8.52, 8.95, 8.52, 8.95, 24200.0, 8.58
2013-10-29, 8.93, 9.14, 8.7, 9.14, 25500.0, 8.76
2013-10-30, 9.09, 9.1, 8.81, 9.01, 13400.0, 8.64
2013-10-31, 8.84, 9.03, 8.84, 9.03, 16400.0, 8.78
2013-11-01, 9.03, 9.03, 8.9, 9.0, 21600.0, 8.75
2013-11-04, 9.08, 9.11, 8.57, 8.58, 13700.0, 8.34
2013-11-05, 8.57, 8.8, 8.36, 8.38, 5500.0, 8.14
2013-11-06, 8.68, 9.15, 8.61, 8.91, 109100.0, 8.66
2013-11-07, 8.86, 8.89, 8.63, 8.81, 30700.0, 8.56
2013-11-08, 9.0, 9.0, 8.58, 8.91, 48600.0, 8.66
2013-11-11, 8.95, 9.2, 8.9, 8.99, 30600.0, 8.74
2013-11-12, 9.03, 9.25, 8.71, 8.85, 24700.0, 8.6
2013-11-13, 8.98, 9.07, 8.96, 9.07, 17400.0, 8.81
2013-11-14, 9.17, 9.25, 9.01, 9.06, 9400.0, 8.8
2013-11-15, 8.98, 8.99, 8.95, 8.96, 13200.0, 8.71
2013-11-18, 9.0, 9.0, 8.67, 8.92, 33800.0, 8.67
2013-11-19, 8.97, 9.0, 8.91, 9.0, 19100.0, 8.75
2013-11-20, 9.0, 9.0, 8.77, 8.95, 31300.0, 8.7
2013-11-21, 9.0, 9.0, 8.76, 8.76, 8500.0, 8.51
2013-11-22, 8.98, 9.37, 8.82, 9.05, 54600.0, 8.79
2013-11-25, 9.04, 9.25, 8.9, 9.05, 50400.0, 8.79
2013-11-26, 8.99, 9.0, 8.86, 9.0, 10800.0, 8.75
2013-11-27, 9.0, 9.19, 8.85, 9.03, 14300.0, 8.78
2013-11-29, 9.03, 9.25, 9.03, 9.21, 22400.0, 8.95
2013-12-02, 9.21, 9.21, 8.9, 8.99, 39500.0, 8.74
2013-12-03, 8.93, 9.0, 8.75, 8.98, 57500.0, 8.73
2013-12-04, 8.98, 9.07, 8.78, 9.07, 30600.0, 8.81
2013-12-05, 9.0, 9.04, 8.9, 9.0, 5600.0, 8.75
2013-12-06, 9.0, 9.01, 8.83, 8.91, 8600.0, 8.66
2013-12-09, 8.98, 8.98, 8.65, 8.82, 39000.0, 8.57
2013-12-10, 8.77, 8.85, 8.56, 8.62, 12800.0, 8.38
2013-12-11, 8.6, 8.9, 8.55, 8.86, 38200.0, 8.61
2013-12-12, 8.77, 8.77, 8.55, 8.59, 27200.0, 8.35
2013-12-13, 8.59, 8.71, 8.43, 8.71, 20900.0, 8.46
2013-12-16, 8.67, 8.95, 8.61, 8.88, 28600.0, 8.63
2013-12-17, 8.81, 8.89, 8.61, 8.88, 22800.0, 8.63
2013-12-18, 8.66, 8.99, 8.65, 8.99, 13200.0, 8.74
2013-12-19, 8.99, 8.99, 8.61, 8.62, 181900.0, 8.38
2013-12-20, 8.64, 8.94, 8.64, 8.94, 15100.0, 8.69
2013-12-23, 8.79, 8.95, 8.79, 8.87, 260400.0, 8.62
2013-12-24, 8.83, 8.86, 8.73, 8.8, 6700.0, 8.55
2013-12-26, 8.8, 8.88, 8.72, 8.73, 9500.0, 8.48
2013-12-27, 8.79, 8.79, 8.55, 8.62, 42900.0, 8.38
2013-12-30, 8.6, 8.66, 8.52, 8.54, 33000.0, 8.3
2013-12-31, 8.51, 8.71, 8.4, 8.51, 29500.0, 8.27
2014-01-02, 8.51, 8.73, 8.27, 8.73, 54500.0, 8.48
2014-01-03, 8.58, 8.7, 8.58, 8.7, 10900.0, 8.45
2014-01-06, 8.64, 8.81, 8.6, 8.81, 15500.0, 8.56
2014-01-07, 8.54, 8.73, 8.52, 8.62, 27300.0, 8.38
2014-01-08, 8.65, 8.75, 8.65, 8.65, 13600.0, 8.41
2014-01-09, 8.69, 8.7, 8.6, 8.68, 6000.0, 8.44
2014-01-10, 8.65, 8.8, 8.54, 8.7, 25300.0, 8.45
2014-01-13, 8.65, 8.77, 8.59, 8.75, 18100.0, 8.5
2014-01-14, 8.77, 8.85, 8.77, 8.84, 6500.0, 8.59
2014-01-15, 8.75, 8.99, 8.75, 8.99, 22600.0, 8.74
2014-01-16, 8.87, 9.02, 8.87, 9.01, 41500.0, 8.76
2014-01-17, 8.95, 9.04, 8.73, 8.92, 8500.0, 8.67
2014-01-21, 8.95, 9.04, 8.8, 8.94, 7800.0, 8.69
2014-01-22, 8.94, 9.01, 8.94, 9.0, 2000.0, 8.75
2014-01-23, 8.93, 9.05, 8.93, 9.05, 25800.0, 8.79
2014-01-24, 9.05, 9.16, 8.82, 9.16, 23900.0, 8.9
2014-01-27, 9.15, 9.26, 9.0, 9.1, 26800.0, 8.84
2014-01-28, 9.12, 9.13, 8.89, 9.05, 26100.0, 8.79
2014-01-29, 9.09, 9.17, 8.78, 9.02, 23900.0, 8.77
2014-01-30, 8.78, 9.09, 8.78, 8.83, 32400.0, 8.58
2014-01-31, 8.84, 8.98, 8.83, 8.98, 9700.0, 8.85
2014-02-03, 9.02, 9.02, 8.89, 8.99, 17200.0, 8.86
2014-02-04, 8.95, 9.02, 8.9, 9.02, 20300.0, 8.89
2014-02-05, 9.02, 9.14, 8.9, 9.0, 25400.0, 8.87
2014-02-06, 8.97, 9.02, 8.87, 9.02, 17300.0, 8.89
2014-02-07, 9.12, 9.12, 8.76, 8.95, 69900.0, 8.82
2014-02-10, 9.03, 9.03, 8.95, 8.95, 32000.0, 8.82
2014-02-11, 8.91, 9.0, 8.81, 8.93, 43000.0, 8.8
2014-02-12, 8.97, 8.97, 8.88, 8.9, 29400.0, 8.78
2014-02-13, 8.92, 9.02, 8.9, 9.02, 42300.0, 8.89
2014-02-14, 9.03, 9.03, 8.94, 9.02, 17900.0, 8.89
2014-02-18, 9.01, 9.03, 8.88, 9.0, 10700.0, 8.87
2014-02-19, 9.0, 9.03, 8.9, 9.0, 12800.0, 8.87
2014-02-20, 9.01, 9.09, 8.96, 9.05, 37400.0, 8.92
2014-02-21, 9.1, 9.1, 9.0, 9.0, 23100.0, 8.87
2014-02-24, 9.05, 9.11, 8.91, 8.98, 90800.0, 8.85
2014-02-25, 8.9, 9.0, 8.9, 8.95, 7700.0, 8.82
2014-02-26, 8.96, 8.98, 8.95, 8.97, 7600.0, 8.84
2014-02-27, 8.99, 9.0, 8.96, 9.0, 13800.0, 8.87
2014-02-28, 8.99, 9.08, 8.95, 9.03, 52000.0, 8.9
2014-03-03, 9.04, 9.14, 8.75, 9.04, 54000.0, 8.91
2014-03-04, 9.04, 9.11, 8.95, 9.05, 69800.0, 8.92
2014-03-05, 9.09, 9.09, 8.96, 8.96, 51600.0, 8.83
2014-03-06, 9.0, 9.06, 8.96, 9.04, 144900.0, 8.91
2014-03-07, 9.08, 9.4, 9.08, 9.25, 99200.0, 9.12
2014-03-10, 9.3, 9.35, 8.93, 9.06, 55200.0, 8.93
2014-03-11, 9.01, 9.15, 9.0, 9.03, 18800.0, 8.9
2014-03-12, 8.93, 9.07, 8.92, 9.07, 5800.0, 8.94
2014-03-13, 9.0, 9.05, 8.86, 9.05, 24800.0, 8.92
2014-03-14, 9.03, 9.03, 8.9, 9.01, 4400.0, 8.88
2014-03-17, 9.05, 9.05, 8.86, 8.9, 18000.0, 8.78
2014-03-18, 8.95, 9.04, 8.82, 8.91, 12100.0, 8.79
2014-03-19, 8.88, 9.0, 8.82, 8.94, 103400.0, 8.81
2014-03-20, 8.88, 8.93, 8.86, 8.91, 14200.0, 8.79
2014-03-21, 8.88, 9.05, 8.88, 9.05, 19700.0, 8.92
2014-03-24, 8.96, 9.02, 8.96, 9.02, 1200.0, 8.89
2014-03-25, 8.96, 9.05, 8.96, 8.98, 53100.0, 8.85
2014-03-26, 8.9, 9.03, 8.9, 8.95, 88500.0, 8.82
2014-03-27, 8.91, 8.97, 8.82, 8.88, 17400.0, 8.76
2014-03-28, 8.85, 8.97, 8.84, 8.9, 14300.0, 8.78
2014-03-31, 8.94, 8.95, 8.9, 8.9, 7800.0, 8.78
2014-04-01, 9.0, 9.1, 8.94, 9.1, 33000.0, 8.97
2014-04-02, 9.08, 9.08, 8.89, 8.95, 92300.0, 8.82
2014-04-03, 8.96, 9.2, 8.95, 9.2, 63600.0, 9.07
2014-04-04, 9.16, 9.31, 9.05, 9.3, 15100.0, 9.17
2014-04-07, 9.38, 9.38, 9.24, 9.27, 8300.0, 9.14
2014-04-08, 9.3, 9.3, 9.04, 9.22, 6500.0, 9.09
2014-04-09, 9.22, 9.22, 9.14, 9.16, 2700.0, 9.03
2014-04-10, 9.14, 9.33, 8.89, 9.06, 11000.0, 8.93
2014-04-11, 9.07, 9.09, 8.87, 8.91, 7200.0, 8.79
2014-04-14, 8.91, 9.19, 8.91, 9.19, 4900.0, 9.06
2014-04-15, 8.93, 9.25, 8.93, 9.14, 15800.0, 9.01
2014-04-16, 9.15, 9.15, 9.09, 9.09, 1000.0, 8.96
2014-04-17, 9.29, 9.29, 9.15, 9.22, 6500.0, 9.09
2014-04-21, 9.2, 9.5, 9.16, 9.5, 22300.0, 9.37
2014-04-22, 9.44, 9.47, 9.26, 9.26, 9700.0, 9.13
2014-04-23, 9.26, 9.42, 9.26, 9.32, 11700.0, 9.19
2014-04-24, 9.41, 9.41, 9.2, 9.2, 7400.0, 9.07
2014-04-25, 9.18, 9.25, 9.1, 9.17, 6200.0, 9.04
2014-04-28, 9.14, 9.34, 9.11, 9.2, 4200.0, 9.07
2014-04-29, 9.34, 9.34, 9.1, 9.28, 2600.0, 9.15
2014-04-30, 9.06, 9.29, 9.06, 9.28, 4800.0, 9.15
2014-05-01, 9.29, 9.29, 8.94, 9.06, 100000.0, 9.06
2014-05-02, 8.96, 9.04, 8.96, 9.01, 1900.0, 9.01
2014-05-05, 9.0, 9.11, 9.0, 9.11, 23300.0, 9.11
2014-05-06, 9.1, 9.11, 9.0, 9.09, 4600.0, 9.09
2014-05-07, 9.0, 9.08, 8.82, 9.01, 36400.0, 9.01
2014-05-08, 8.94, 8.98, 8.68, 8.81, 83000.0, 8.81
2014-05-09, 8.75, 9.01, 8.65, 8.99, 36700.0, 8.99
2014-05-12, 8.9, 9.01, 8.69, 9.0, 76900.0, 9.0
2014-05-13, 9.0, 9.09, 8.76, 8.78, 33900.0, 8.78
2014-05-14, 8.85, 8.94, 8.77, 8.77, 11700.0, 8.77
2014-05-15, 8.85, 8.95, 8.79, 8.82, 7200.0, 8.82
2014-05-16, 8.8, 8.82, 8.73, 8.8, 9900.0, 8.8
2014-05-19, 8.88, 8.97, 8.82, 8.92, 10200.0, 8.92
2014-05-20, 8.95, 8.95, 8.79, 8.79, 5000.0, 8.79
2014-05-21, 8.8, 8.94, 8.72, 8.74, 45600.0, 8.74
2014-05-22, 8.8, 8.97, 8.75, 8.81, 6100.0, 8.81
2014-05-23, 8.92, 9.05, 8.85, 9.03, 42600.0, 9.03
2014-05-27, 9.07, 9.32, 9.07, 9.27, 118100.0, 9.27
2014-05-28, 9.16, 9.3, 9.14, 9.23, 26000.0, 9.23
2014-05-29, 9.18, 9.49, 9.18, 9.38, 52000.0, 9.38
2014-05-30, 9.33, 9.33, 9.19, 9.28, 16100.0, 9.28
2014-06-02, 9.25, 9.43, 8.9, 8.9, 58800.0, 8.9
2014-06-03, 8.93, 9.23, 8.91, 9.23, 12100.0, 9.23
2014-06-04, 9.21, 9.21, 8.95, 8.99, 7800.0, 8.99
2014-06-05, 8.97, 9.15, 8.97, 9.01, 13800.0, 9.01
2014-06-06, 8.93, 9.19, 8.93, 9.11, 12900.0, 9.11
2014-06-09, 9.1, 9.18, 9.0, 9.15, 19800.0, 9.15
2014-06-10, 9.18, 9.34, 9.11, 9.15, 11600.0, 9.15
2014-06-11, 9.09, 9.2, 8.92, 9.16, 23200.0, 9.16
2014-06-12, 8.92, 9.39, 8.92, 9.3, 31100.0, 9.3
2014-06-13, 9.24, 9.24, 9.03, 9.11, 1500.0, 9.11
2014-06-16, 9.16, 9.24, 8.99, 9.05, 21000.0, 9.05
2014-06-17, 9.31, 9.31, 9.06, 9.06, 16400.0, 9.06
2014-06-18, 9.1, 9.14, 9.02, 9.08, 16200.0, 9.08
2014-06-19, 9.05, 9.19, 9.05, 9.06, 4200.0, 9.06
2014-06-20, 9.12, 9.19, 9.06, 9.1, 7200.0, 9.1
2014-06-23, 9.18, 9.2, 9.06, 9.14, 11600.0, 9.14
2014-06-24, 9.17, 9.2, 9.1, 9.13, 4900.0, 9.13
2014-06-25, 9.1, 9.2, 9.02, 9.11, 12900.0, 9.11
2014-06-26, 9.1, 9.21, 9.05, 9.15, 2100.0, 9.15
2014-06-27, 9.15, 9.15, 9.05, 9.05, 700.0, 9.05
2014-06-30, 9.05, 9.23, 9.05, 9.23, 6500.0, 9.23
2014-07-01, 9.15, 9.23, 9.0, 9.17, 15700.0, 9.17
2014-07-02, 9.1, 9.32, 9.1, 9.18, 21700.0, 9.18
2014-07-03, 9.06, 9.19, 9.05, 9.05, 6700.0, 9.05
2014-07-07, 9.05, 9.18, 9.05, 9.06, 6300.0, 9.06
2014-07-08, 9.03, 9.14, 9.03, 9.05, 4400.0, 9.05
2014-07-09, 9.0, 9.12, 9.0, 9.01, 17000.0, 9.01
2014-07-10, 9.0, 9.06, 8.82, 8.89, 14100.0, 8.76
2014-07-11, 9.05, 9.05, 8.86, 8.9, 6800.0, 8.77
2014-07-14, 8.98, 8.98, 8.82, 8.84, 8500.0, 8.71
2014-07-15, 8.83, 8.89, 8.8, 8.84, 7200.0, 8.71
2014-07-16, 8.8, 8.94, 8.79, 8.86, 5400.0, 8.73
2014-07-17, 8.85, 8.87, 8.85, 8.86, 3200.0, 8.73
2014-07-18, 8.93, 8.94, 8.85, 8.9, 16300.0, 8.77
2014-07-21, 8.91, 8.97, 8.86, 8.87, 15700.0, 8.74
2014-07-22, 8.96, 8.96, 8.83, 8.83, 11200.0, 8.7
2014-07-23, 8.95, 8.95, 8.88, 8.9, 5400.0, 8.77
2014-07-24, 8.95, 9.01, 8.95, 9.01, 1100.0, 8.87
2014-07-25, 8.99, 8.99, 8.85, 8.92, 10900.0, 8.79
2014-07-28, 9.05, 9.05, 8.85, 8.91, 6500.0, 8.78
2014-07-29, 8.96, 8.98, 8.9, 8.92, 13100.0, 8.79
2014-07-30, 8.92, 8.92, 8.83, 8.84, 27700.0, 8.71
2014-07-31, 8.79, 8.79, 8.71, 8.77, 2600.0, 8.77
2014-08-01, 8.61, 9.09, 8.61, 9.09, 14800.0, 9.09
2014-08-04, 8.72, 8.97, 8.61, 8.77, 18200.0, 8.77
2014-08-05, 8.95, 8.95, 8.64, 8.64, 6800.0, 8.64
2014-08-06, 8.61, 8.7, 8.46, 8.61, 19300.0, 8.61
2014-08-07, 8.58, 8.6, 8.56, 8.6, 7100.0, 8.6
2014-08-08, 8.6, 8.6, 8.55, 8.59, 11400.0, 8.59
2014-08-11, 8.52, 8.61, 8.5, 8.54, 95400.0, 8.54
2014-08-12, 8.5, 8.55, 8.49, 8.53, 26300.0, 8.53
2014-08-13, 8.49, 8.64, 8.48, 8.53, 21300.0, 8.53
2014-08-14, 8.59, 8.65, 8.52, 8.54, 25800.0, 8.54
2014-08-15, 8.6, 8.95, 8.6, 8.74, 32200.0, 8.74
2014-08-18, 8.81, 9.0, 8.62, 8.64, 19700.0, 8.64
2014-08-19, 8.8, 8.9, 8.73, 8.82, 26700.0, 8.82
2014-08-20, 8.82, 8.85, 8.74, 8.81, 23500.0, 8.81
2014-08-21, 8.8, 8.81, 8.66, 8.75, 21800.0, 8.75
2014-08-22, 8.71, 8.79, 8.66, 8.66, 24300.0, 8.66
2014-08-25, 8.7, 8.88, 8.64, 8.68, 26300.0, 8.68
2014-08-26, 8.72, 8.75, 8.6, 8.68, 17600.0, 8.68
2014-08-27, 8.73, 8.73, 8.53, 8.65, 30700.0, 8.65
2014-08-28, 8.67, 8.67, 8.6, 8.67, 27200.0, 8.67
2014-08-29, 8.72, 8.79, 8.6, 8.75, 14200.0, 8.75
2014-09-02, 8.89, 8.89, 8.63, 8.72, 24500.0, 8.72
2014-09-03, 8.73, 8.76, 8.61, 8.63, 13500.0, 8.63
2014-09-04, 8.65, 8.7, 8.65, 8.67, 28900.0, 8.52
2014-09-05, 8.63, 8.65, 8.63, 8.63, 7700.0, 8.48
2014-09-08, 8.65, 8.66, 8.54, 8.6, 22400.0, 8.45
2014-09-09, 8.6, 8.6, 8.5, 8.58, 14000.0, 8.43
2014-09-10, 8.51, 8.63, 8.51, 8.54, 6400.0, 8.39
2014-09-11, 8.54, 8.58, 8.46, 8.46, 15800.0, 8.31
2014-09-12, 8.4, 8.55, 8.35, 8.38, 11300.0, 8.23
2014-09-15, 8.34, 8.45, 8.34, 8.45, 1400.0, 8.3
2014-09-16, 8.2, 8.2, 7.52, 7.61, 378300.0, 7.48
2014-09-17, 7.86, 8.07, 7.72, 8.0, 4454400.0, 7.86
2014-09-18, 8.0, 8.12, 7.88, 8.05, 636700.0, 7.91
2014-09-19, 7.83, 8.14, 7.62, 8.1, 331900.0, 7.96
2014-09-22, 8.14, 8.14, 7.85, 7.9, 202500.0, 7.76
2014-09-23, 7.71, 7.94, 7.65, 7.81, 163600.0, 7.67
2014-09-24, 7.8, 8.0, 7.6, 7.99, 269700.0, 7.85
2014-09-25, 7.91, 7.97, 7.81, 7.95, 129700.0, 7.81
2014-09-26, 7.95, 8.02, 7.77, 8.02, 78700.0, 7.88
2014-09-29, 8.05, 8.2, 7.84, 8.15, 208700.0, 8.01
2014-09-30, 8.25, 8.32, 8.08, 8.24, 304700.0, 8.09
2014-10-01, 8.12, 8.22, 8.03, 8.2, 215700.0, 8.05
2014-10-02, 8.19, 8.3, 8.05, 8.12, 166200.0, 7.98
2014-10-03, 8.29, 8.29, 7.63, 8.19, 394300.0, 8.04
2014-10-06, 8.11, 8.22, 7.89, 7.95, 162000.0, 7.81
2014-10-07, 7.84, 7.86, 7.68, 7.84, 68000.0, 7.7
2014-10-08, 7.8, 7.85, 7.5, 7.76, 159300.0, 7.62
2014-10-09, 7.76, 7.8, 7.57, 7.75, 78900.0, 7.61
2014-10-10, 7.79, 7.89, 7.61, 7.88, 85400.0, 7.74
2014-10-13, 7.91, 7.92, 7.55, 7.6, 129600.0, 7.47
2014-10-14, 7.57, 7.65, 6.89, 7.3, 235400.0, 7.17
2014-10-15, 7.2, 7.61, 7.07, 7.52, 170100.0, 7.39
2014-10-16, 7.44, 7.82, 7.27, 7.6, 78300.0, 7.47
2014-10-17, 7.55, 7.94, 7.33, 7.69, 86300.0, 7.55
2014-10-20, 7.66, 7.93, 7.66, 7.72, 64700.0, 7.58
2014-10-21, 7.67, 7.75, 7.43, 7.49, 119000.0, 7.36
2014-10-22, 7.47, 7.62, 7.26, 7.45, 77700.0, 7.32
2014-10-23, 7.44, 7.77, 7.32, 7.59, 73900.0, 7.46
2014-10-24, 7.61, 7.94, 7.49, 7.91, 45800.0, 7.77
2014-10-27, 7.91, 7.96, 7.59, 7.96, 39500.0, 7.82
2014-10-28, 7.86, 8.07, 7.58, 7.79, 75500.0, 7.65
2014-10-29, 7.8, 7.96, 7.57, 7.65, 50100.0, 7.51
2014-10-30, 7.57, 7.69, 7.57, 7.61, 31700.0, 7.48
2014-10-31, 7.81, 7.81, 7.46, 7.63, 98000.0, 7.63
2014-11-03, 7.67, 8.0, 7.43, 8.0, 70200.0, 8.0
2014-11-04, 7.71, 7.97, 7.42, 7.51, 71700.0, 7.51
2014-11-05, 7.43, 7.6, 7.41, 7.42, 47800.0, 7.42
2014-11-06, 7.53, 7.53, 7.0, 7.0, 77900.0, 7.0
2014-11-07, 7.04, 7.3, 7.01, 7.2, 54900.0, 7.2
2014-11-10, 7.1, 7.55, 7.07, 7.42, 114400.0, 7.42
2014-11-11, 7.4, 7.54, 7.25, 7.53, 91200.0, 7.53
2014-11-12, 7.56, 7.72, 7.26, 7.69, 59500.0, 7.69
2014-11-13, 7.52, 7.71, 7.25, 7.65, 107700.0, 7.65
2014-11-14, 7.68, 7.69, 7.4, 7.56, 76700.0, 7.56
2014-11-17, 7.47, 7.58, 7.35, 7.48, 38200.0, 7.48
2014-11-18, 7.42, 7.56, 7.23, 7.23, 70600.0, 7.23
2014-11-19, 7.3, 7.33, 6.96, 7.05, 118700.0, 7.05
2014-11-20, 6.91, 7.27, 6.8, 7.05, 99900.0, 7.05
2014-11-21, 7.19, 7.34, 7.04, 7.31, 84500.0, 7.31
2014-11-24, 7.25, 7.57, 7.19, 7.47, 71600.0, 7.47
2014-11-25, 7.49, 7.5, 7.33, 7.48, 50000.0, 7.48
2014-11-26, 7.41, 7.41, 7.26, 7.39, 37900.0, 7.39
2014-11-28, 7.42, 7.44, 7.18, 7.18, 51400.0, 7.18
2014-12-01, 7.14, 7.14, 6.12, 6.46, 281100.0, 6.46
2014-12-02, 6.35, 6.87, 6.35, 6.39, 130100.0, 6.39
2014-12-03, 6.45, 6.55, 6.26, 6.35, 128700.0, 6.35
2014-12-04, 6.6, 6.83, 6.34, 6.7, 79700.0, 6.7
2014-12-05, 6.73, 6.83, 6.55, 6.83, 82000.0, 6.83
2014-12-08, 6.75, 6.95, 6.25, 6.28, 269400.0, 6.28
2014-12-09, 6.28, 6.96, 6.28, 6.72, 206300.0, 6.72
2014-12-10, 6.75, 6.75, 6.28, 6.31, 114000.0, 6.31
2014-12-11, 6.27, 6.62, 6.27, 6.55, 76500.0, 6.55
2014-12-12, 6.43, 6.62, 6.12, 6.43, 100200.0, 6.31
2014-12-15, 6.4, 6.5, 5.79, 6.25, 155600.0, 6.13
2014-12-16, 6.12, 6.12, 5.48, 5.72, 147500.0, 5.61
2014-12-17, 5.6, 5.84, 5.49, 5.59, 248400.0, 5.48
2014-12-18, 5.68, 6.42, 5.68, 6.19, 328000.0, 6.07
2014-12-19, 6.12, 6.26, 6.05, 6.14, 109000.0, 6.02
2014-12-22, 6.0, 6.13, 5.8, 6.02, 200800.0, 5.9
2014-12-23, 5.96, 6.38, 5.9, 6.22, 177800.0, 6.1
2014-12-24, 6.11, 6.23, 5.96, 6.08, 74100.0, 5.96
2014-12-26, 6.0, 6.69, 5.95, 6.64, 126500.0, 6.51
2014-12-29, 6.62, 6.8, 6.34, 6.58, 95200.0, 6.45
2014-12-30, 6.78, 6.89, 6.38, 6.48, 106400.0, 6.36
2014-12-31, 6.39, 6.82, 6.35, 6.65, 107100.0, 6.52
2015-01-02, 6.72, 6.82, 6.71, 6.72, 12100.0, 6.59
2015-01-05, 6.72, 6.78, 6.56, 6.61, 35700.0, 6.48
2015-01-06, 6.61, 6.75, 6.4, 6.59, 188500.0, 6.46
2015-01-07, 6.66, 6.89, 6.55, 6.73, 79400.0, 6.6
2015-01-08, 6.82, 6.85, 6.56, 6.66, 69400.0, 6.53
2015-01-09, 6.71, 6.77, 6.55, 6.59, 51900.0, 6.46
2015-01-12, 6.55, 6.55, 6.35, 6.47, 58500.0, 6.35
2015-01-13, 6.48, 6.52, 6.25, 6.4, 68100.0, 6.28
2015-01-14, 6.29, 6.35, 6.12, 6.18, 49600.0, 6.06
2015-01-15, 6.07, 6.19, 6.02, 6.09, 48700.0, 5.97
2015-01-16, 5.92, 6.25, 5.91, 6.14, 41100.0, 6.02
2015-01-20, 6.16, 6.19, 6.03, 6.18, 29000.0, 6.06
2015-01-21, 6.21, 6.69, 6.18, 6.52, 70700.0, 6.4
2015-01-22, 6.61, 7.04, 6.47, 6.93, 72900.0, 6.8
2015-01-23, 6.95, 7.26, 6.86, 7.0, 78100.0, 6.87
2015-01-26, 7.02, 7.14, 6.57, 6.96, 45700.0, 6.83
2015-01-27, 6.78, 7.0, 6.78, 6.93, 60400.0, 6.8
2015-01-28, 6.97, 7.23, 6.82, 6.84, 207100.0, 6.71
2015-01-29, 7.02, 7.35, 6.95, 7.15, 117700.0, 7.01
2015-01-30, 7.0, 7.37, 7.0, 7.27, 70400.0, 7.27
2015-02-02, 7.26, 7.26, 7.12, 7.21, 15200.0, 7.21
2015-02-03, 7.25, 7.3, 7.11, 7.19, 70700.0, 7.19
2015-02-04, 7.11, 7.28, 7.11, 7.13, 56100.0, 7.13
2015-02-05, 7.21, 7.24, 7.11, 7.24, 43800.0, 7.24
2015-02-06, 7.21, 7.24, 6.8, 6.97, 62700.0, 6.97
2015-02-09, 6.97, 7.24, 6.97, 7.23, 59100.0, 7.23
2015-02-10, 7.28, 7.28, 7.1, 7.19, 21700.0, 7.19
2015-02-11, 7.25, 7.32, 7.1, 7.2, 57100.0, 7.2
2015-02-12, 7.15, 7.26, 7.11, 7.2, 37500.0, 7.2
2015-02-13, 7.25, 7.3, 7.15, 7.19, 87400.0, 7.19
2015-02-17, 7.24, 7.29, 7.15, 7.24, 41600.0, 7.24
2015-02-18, 7.23, 7.46, 7.23, 7.35, 87600.0, 7.35
2015-02-19, 7.4, 7.4, 7.23, 7.3, 27700.0, 7.3
2015-02-20, 7.3, 7.36, 7.16, 7.19, 34700.0, 7.19
2015-02-23, 7.28, 7.32, 7.15, 7.15, 47200.0, 7.15
2015-02-24, 7.19, 7.19, 7.15, 7.17, 34100.0, 7.17
2015-02-25, 7.17, 7.5, 7.15, 7.4, 76900.0, 7.4
2015-02-26, 7.36, 7.44, 7.24, 7.41, 49800.0, 7.41
2015-02-27, 7.42, 7.58, 7.42, 7.47, 21600.0, 7.47
2015-03-02, 7.43, 7.66, 7.43, 7.49, 92800.0, 7.49
2015-03-03, 7.52, 7.61, 7.45, 7.51, 44300.0, 7.51
2015-03-04, 7.54, 7.6, 7.45, 7.59, 31800.0, 7.59
2015-03-05, 7.59, 7.9, 7.57, 7.75, 59700.0, 7.75
2015-03-06, 7.75, 7.87, 7.61, 7.74, 29300.0, 7.74
2015-03-09, 7.81, 7.81, 7.59, 7.63, 23700.0, 7.63
2015-03-10, 7.6, 7.97, 7.18, 7.29, 97000.0, 7.29
2015-03-11, 7.61, 7.61, 7.26, 7.43, 62700.0, 7.43
2015-03-12, 7.52, 7.55, 7.31, 7.43, 58000.0, 7.43
2015-03-13, 7.35, 7.79, 7.33, 7.67, 185200.0, 7.67
2015-03-16, 7.71, 7.89, 7.5, 7.75, 72600.0, 7.75
2015-03-17, 7.77, 7.8, 7.65, 7.77, 27600.0, 7.77
2015-03-18, 7.76, 7.91, 7.65, 7.9, 53500.0, 7.9
2015-03-19, 8.04, 8.33, 7.81, 8.17, 294200.0, 8.17
2015-03-20, 8.3, 8.45, 8.13, 8.16, 161000.0, 8.16
2015-03-23, 8.18, 8.24, 8.12, 8.14, 93400.0, 8.14
2015-03-24, 8.23, 8.24, 8.05, 8.05, 66000.0, 8.05
2015-03-25, 8.0, 8.09, 7.9, 7.94, 69800.0, 7.94
2015-03-26, 7.95, 8.05, 7.81, 8.0, 83900.0, 8.0
2015-03-27, 8.0, 8.0, 7.36, 7.52, 178200.0, 7.52
2015-03-30, 7.62, 7.85, 7.6, 7.85, 35400.0, 7.85
2015-03-31, 7.9, 7.9, 7.67, 7.78, 50200.0, 7.649557
2015-04-01, 7.76, 7.9, 7.71, 7.77, 45100.0, 7.639724
2015-04-02, 7.82, 7.89, 7.61, 7.61, 28200.0, 7.482407
2015-04-06, 7.65, 7.74, 7.42, 7.62, 100300.0, 7.492239
2015-04-07, 7.65, 7.82, 7.65, 7.77, 47500.0, 7.639724
2015-04-08, 7.74, 7.98, 7.74, 7.82, 56600.0, 7.688886
2015-04-09, 7.84, 7.95, 7.83, 7.83, 68300.0, 7.698718
2015-04-10, 7.85, 8.01, 7.85, 7.92, 41300.0, 7.787209
2015-04-13, 7.98, 8.0, 7.95, 7.95, 70500.0, 7.816706
2015-04-14, 7.84, 8.16, 7.84, 8.04, 114500.0, 7.905197
2015-04-15, 8.14, 8.3, 8.05, 8.2, 66200.0, 8.062515
2015-04-16, 8.26, 8.3, 8.05, 8.24, 47700.0, 8.101844
2015-04-17, 8.18, 8.39, 8.15, 8.28, 45300.0, 8.141173
2015-04-20, 8.35, 8.4, 8.25, 8.35, 43800.0, 8.21
2015-04-21, 8.31, 8.36, 8.03, 8.14, 54300.0, 8.003521
2015-04-22, 8.19, 8.4, 8.14, 8.32, 30700.0, 8.180503
2015-04-23, 8.37, 8.4, 8.2, 8.35, 20900.0, 8.21
2015-04-24, 8.36, 8.36, 7.99, 8.02, 72700.0, 7.885533
2015-04-27, 8.01, 8.2, 8.01, 8.02, 24900.0, 7.885533
2015-04-28, 8.05, 8.16, 7.85, 7.97, 65300.0, 7.836371
2015-04-29, 8.01, 8.14, 8.01, 8.08, 22400.0, 7.944527
2015-04-30, 8.08, 8.35, 8.08, 8.35, 32100.0, 8.21
2015-05-01, 8.21, 8.35, 8.03, 8.3, 33400.0, 8.3
2015-05-04, 8.24, 8.39, 8.1, 8.3, 28600.0, 8.3
2015-05-05, 8.31, 8.38, 8.01, 8.2, 37100.0, 8.2
2015-05-06, 8.15, 8.34, 8.01, 8.12, 39900.0, 8.12
2015-05-07, 8.01, 8.12, 7.85, 8.04, 36300.0, 8.04
2015-05-08, 8.04, 8.29, 7.86, 8.06, 20700.0, 8.06
2015-05-11, 8.03, 8.17, 7.86, 7.91, 27500.0, 7.91
2015-05-12, 7.9, 8.04, 7.86, 7.92, 29300.0, 7.92
2015-05-13, 7.88, 8.05, 7.85, 7.86, 11400.0, 7.86
2015-05-14, 8.17, 8.17, 7.63, 7.73, 61100.0, 7.73
2015-05-15, 7.79, 7.96, 7.37, 7.75, 60900.0, 7.75
2015-05-18, 7.78, 7.85, 7.35, 7.35, 116900.0, 7.35
2015-05-19, 7.39, 7.71, 7.39, 7.62, 56700.0, 7.62
2015-05-20, 7.54, 7.97, 7.54, 7.9, 44200.0, 7.9
2015-05-21, 7.83, 7.89, 7.7, 7.75, 38900.0, 7.75
2015-05-22, 7.69, 7.96, 7.68, 7.79, 59200.0, 7.79
2015-05-26, 7.87, 8.35, 7.81, 8.09, 155800.0, 8.09
2015-05-27, 8.05, 8.05, 7.9, 8.01, 10600.0, 8.01
2015-05-28, 7.89, 7.97, 7.77, 7.9, 11800.0, 7.9
2015-05-29, 7.82, 7.98, 7.68, 7.72, 19400.0, 7.72
2015-06-01, 7.78, 7.89, 7.67, 7.68, 10400.0, 7.68
2015-06-02, 7.77, 7.9, 7.73, 7.8, 10600.0, 7.8
2015-06-03, 7.81, 7.81, 7.6, 7.6, 44100.0, 7.6
2015-06-04, 7.57, 7.77, 7.42, 7.48, 51500.0, 7.48
2015-06-05, 7.48, 7.69, 7.36, 7.55, 45100.0, 7.55
2015-06-08, 7.59, 7.66, 7.42, 7.44, 20800.0, 7.44
2015-06-09, 7.37, 7.56, 7.25, 7.56, 74100.0, 7.56
2015-06-10, 7.56, 7.73, 7.45, 7.73, 46800.0, 7.73
2015-06-11, 7.67, 7.68, 7.36, 7.39, 36300.0, 7.39
2015-06-12, 7.26, 7.76, 7.26, 7.66, 55600.0, 7.66
2015-06-15, 7.7, 8.0, 7.7, 7.93, 12900.0, 7.93
2015-06-16, 7.9, 7.91, 7.78, 7.88, 24900.0, 7.88
2015-06-17, 7.81, 7.9, 7.75, 7.85, 31400.0, 7.85
2015-06-18, 7.88, 7.99, 7.61, 7.75, 18900.0, 7.75
2015-06-19, 7.59, 7.87, 7.59, 7.73, 39400.0, 7.73
2015-06-22, 7.72, 7.72, 7.49, 7.6, 38200.0, 7.6
2015-06-23, 7.51, 7.6, 7.43, 7.5, 39700.0, 7.5
2015-06-24, 7.52, 7.52, 7.4, 7.43, 46600.0, 7.43
2015-06-25, 7.45, 7.55, 7.43, 7.55, 27700.0, 7.55
2015-06-26, 7.48, 7.53, 7.46, 7.5, 13800.0, 7.5
2015-06-29, 7.44, 7.54, 7.36, 7.43, 250900.0, 7.43
2015-06-30, 7.5, 7.5, 7.3, 7.49, 29700.0, 7.49
2015-07-01, 7.4, 7.47, 7.17, 7.22, 100300.0, 7.22
2015-07-02, 7.3, 7.44, 7.21, 7.39, 29200.0, 7.39
2015-07-06, 7.37, 7.52, 7.26, 7.29, 31600.0, 7.29
2015-07-07, 7.26, 7.28, 7.15, 7.16, 25000.0, 7.16
2015-07-08, 7.1, 7.3, 6.87, 6.98, 63000.0, 6.844383
2015-07-09, 7.05, 7.19, 6.94, 7.14, 24500.0, 7.001274
2015-07-10, 7.12, 7.41, 7.09, 7.34, 25700.0, 7.197389
2015-07-13, 7.38, 7.38, 7.15, 7.31, 19900.0, 7.167972
2015-07-14, 7.27, 7.29, 7.19, 7.2, 21500.0, 7.060109
2015-07-15, 7.2, 7.33, 7.11, 7.22, 10400.0, 7.07972
2015-07-16, 7.27, 7.52, 7.16, 7.5, 33800.0, 7.35428
2015-07-17, 7.43, 7.46, 7.29, 7.46, 14800.0, 7.315057
2015-07-20, 7.31, 7.42, 7.1, 7.17, 43900.0, 7.030692
2015-07-21, 7.23, 7.24, 7.06, 7.06, 34100.0, 6.922829
2015-07-22, 7.1, 7.25, 6.42, 7.09, 115300.0, 6.952246
2015-07-23, 7.0, 7.34, 6.64, 7.11, 53800.0, 6.971858
2015-07-24, 7.03, 7.22, 7.03, 7.15, 23900.0, 7.01108
2015-07-27, 7.07, 7.39, 6.63, 6.92, 433900.0, 6.785549
2015-07-28, 7.1, 7.34, 7.1, 7.15, 130300.0, 7.01108
2015-07-29, 7.26, 7.27, 6.97, 7.0, 28000.0, 6.863995
2015-07-30, 7.1, 7.36, 7.1, 7.36, 24400.0, 7.217
2015-07-31, 7.29, 7.34, 7.02, 7.02, 78500.0, 7.02
2015-08-03, 6.93, 7.05, 6.83, 6.99, 96000.0, 6.99
2015-08-04, 6.99, 7.02, 6.85, 6.95, 55100.0, 6.95
2015-08-05, 6.94, 7.25, 6.93, 6.99, 36600.0, 6.99
2015-08-06, 7.13, 7.13, 6.8, 7.0, 71100.0, 7.0
2015-08-07, 6.95, 7.0, 6.74, 6.86, 31400.0, 6.86
2015-08-10, 6.87, 6.94, 6.7, 6.87, 85300.0, 6.87
2015-08-11, 6.83, 6.95, 6.77, 6.94, 25900.0, 6.94
2015-08-12, 6.88, 6.95, 6.84, 6.94, 21300.0, 6.94
2015-08-13, 6.94, 6.94, 6.76, 6.86, 27100.0, 6.86
2015-08-14, 6.92, 7.0, 6.75, 6.78, 35500.0, 6.78
2015-08-17, 6.77, 7.0, 6.77, 6.95, 23000.0, 6.95
2015-08-18, 7.0, 7.1, 6.93, 6.99, 24600.0, 6.99
2015-08-19, 6.99, 7.17, 6.9, 7.15, 33100.0, 7.15
2015-08-20, 7.04, 7.04, 6.72, 6.75, 51800.0, 6.75
2015-08-21, 6.7, 6.86, 6.51, 6.62, 54400.0, 6.62
2015-08-24, 6.5, 6.58, 5.85, 6.1, 131300.0, 6.1
2015-08-25, 6.25, 6.29, 5.81, 5.84, 175900.0, 5.84
2015-08-26, 5.8, 5.96, 5.75, 5.8, 70900.0, 5.8
2015-08-27, 5.93, 6.28, 5.93, 6.27, 39500.0, 6.27
2015-08-28, 6.25, 6.43, 6.15, 6.34, 39300.0, 6.34
2015-08-31, 6.25, 6.29, 6.05, 6.2, 98100.0, 6.2
2015-09-01, 6.2, 6.27, 6.0, 6.14, 21900.0, 6.14
2015-09-02, 6.16, 6.27, 6.12, 6.24, 36200.0, 6.24
2015-09-03, 6.31, 6.56, 6.2, 6.41, 56400.0, 6.41
2015-09-04, 6.41, 6.6, 6.37, 6.41, 16200.0, 6.41
2015-09-08, 6.4, 6.6, 6.37, 6.48, 20500.0, 6.48
2015-09-09, 6.61, 6.61, 6.32, 6.43, 43000.0, 6.43
2015-09-10, 6.35, 6.4, 6.23, 6.3, 59300.0, 6.3
2015-09-11, 6.21, 6.35, 5.95, 6.14, 48800.0, 6.14
2015-09-14, 6.06, 6.06, 5.88, 5.88, 23000.0, 5.420703
2015-09-15, 5.9, 5.91, 5.67, 5.88, 61800.0, 5.420703
2015-09-16, 5.8, 5.95, 5.65, 5.82, 108000.0, 5.36539
2015-09-17, 5.82, 6.31, 5.82, 6.18, 266000.0, 5.697269
2015-09-18, 6.18, 6.3, 5.73, 6.16, 50500.0, 5.678832
2015-09-21, 6.2, 6.33, 6.04, 6.28, 33500.0, 5.789459
2015-09-22, 6.34, 6.34, 6.14, 6.23, 16700.0, 5.743364
2015-09-23, 6.45, 6.45, 6.09, 6.1, 4600.0, 5.623518
2015-09-24, 6.12, 6.13, 5.89, 5.94, 18100.0, 5.476017
2015-09-25, 5.96, 6.07, 5.96, 5.97, 16700.0, 5.503673
2015-09-28, 5.95, 6.03, 5.85, 5.88, 101700.0, 5.420703
2015-09-29, 5.94, 6.0, 5.38, 5.47, 138500.0, 5.042729
2015-09-30, 5.56, 5.99, 5.41, 5.65, 134400.0, 5.208669
2015-10-01, 5.75, 6.02, 5.63, 5.88, 200900.0, 5.420703
2015-10-02, 5.84, 5.97, 5.53, 5.91, 139400.0, 5.44836
2015-10-05, 5.96, 6.69, 5.96, 6.08, 42800.0, 5.605081
2015-10-06, 6.27, 6.31, 6.06, 6.28, 40900.0, 5.789459
2015-10-07, 6.38, 6.46, 6.23, 6.24, 56400.0, 5.752583
2015-10-08, 6.24, 6.48, 6.22, 6.31, 46500.0, 5.817115
2015-10-09, 6.31, 6.35, 6.06, 6.15, 28400.0, 5.669613
2015-10-12, 6.15, 6.15, 6.0, 6.08, 15900.0, 5.605081
2015-10-13, 5.99, 6.22, 5.9, 6.19, 25700.0, 5.706489
2015-10-14, 6.1, 6.15, 5.85, 6.06, 11600.0, 5.586643
2015-10-15, 5.98, 6.15, 5.85, 5.89, 19400.0, 5.429922
2015-10-16, 5.91, 6.41, 5.88, 5.97, 44600.0, 5.503673
2015-10-19, 5.95, 6.27, 5.65, 5.71, 45900.0, 5.263982
2015-10-20, 5.71, 5.95, 5.71, 5.93, 13100.0, 5.466797
2015-10-21, 5.84, 6.03, 5.8, 6.01, 18500.0, 5.540549
2015-10-22, 6.0, 6.18, 5.81, 6.01, 94900.0, 5.540549
2015-10-23, 6.06, 6.11, 5.87, 6.06, 27800.0, 5.586643
2015-10-26, 6.04, 6.17, 5.92, 6.02, 32200.0, 5.549767
2015-10-27, 6.04, 6.04, 5.83, 5.9, 25000.0, 5.439141
2015-10-28, 5.95, 6.06, 5.85, 6.03, 34400.0, 5.558987
2015-10-29, 6.02, 6.09, 5.92, 5.99, 24800.0, 5.522111
2015-10-30, 5.92, 6.13, 5.75, 6.06, 34300.0, 5.725234
2015-11-02, 6.05, 6.2, 5.95, 5.95, 46500.0, 5.62131
2015-11-03, 5.94, 6.37, 5.75, 6.23, 80600.0, 5.885843
2015-11-04, 6.3, 6.3, 6.07, 6.08, 11900.0, 5.744129
2015-11-05, 6.3, 6.35, 6.07, 6.07, 67000.0, 5.734682
2015-11-06, 6.0, 6.14, 5.77, 6.06, 66700.0, 5.725234
2015-11-09, 6.0, 6.09, 5.9, 6.0, 66400.0, 5.668548
2015-11-10, 5.95, 6.0, 5.8, 5.91, 63000.0, 5.58352
2015-11-11, 5.86, 5.89, 5.75, 5.8, 34300.0, 5.479597
2015-11-12, 5.78, 5.8, 5.65, 5.75, 99900.0, 5.432359
2015-11-13, 5.8, 5.91, 5.67, 5.74, 48200.0, 5.422911
2015-11-16, 5.75, 5.83, 5.65, 5.75, 56700.0, 5.432359
2015-11-17, 5.75, 5.75, 5.65, 5.68, 88500.0, 5.366226
2015-11-18, 5.67, 5.83, 5.65, 5.67, 128200.0, 5.356778
2015-11-19, 5.67, 5.72, 5.65, 5.69, 83500.0, 5.375673
2015-11-20, 5.68, 6.03, 5.67, 6.01, 95600.0, 5.677996
2015-11-23, 6.11, 6.11, 5.89, 6.1, 50200.0, 5.763024
2015-11-24, 6.07, 6.18, 6.04, 6.1, 142800.0, 5.763024
2015-11-25, 6.1, 6.17, 5.93, 6.09, 45600.0, 5.753577
2015-11-27, 6.1, 6.29, 6.05, 6.26, 20300.0, 5.914186
2015-11-30, 6.25, 6.32, 6.2, 6.2, 17700.0, 5.8575
2015-12-01, 6.15, 6.27, 6.08, 6.15, 65800.0, 5.810262
2015-12-02, 6.19, 6.25, 5.94, 5.94, 33100.0, 5.611863
2015-12-03, 5.95, 6.02, 5.72, 5.72, 37600.0, 5.404016
2015-12-04, 5.74, 5.91, 5.59, 5.75, 74500.0, 5.432359
2015-12-07, 5.67, 5.67, 5.25, 5.41, 141800.0, 5.111141
2015-12-08, 5.4, 5.84, 5.4, 5.62, 377300.0, 5.30954
2015-12-09, 5.65, 5.99, 5.54, 5.77, 212100.0, 5.451254
2015-12-10, 5.79, 5.79, 5.3, 5.45, 88000.0, 5.148931
2015-12-11, 5.42, 5.46, 5.15, 5.22, 113600.0, 4.931637
2015-12-14, 5.15, 5.51, 4.54, 4.96, 146100.0, 4.686
2015-12-15, 5.03, 5.39, 4.8, 5.24, 166700.0, 4.950532
2015-12-16, 5.25, 5.58, 5.03, 5.32, 78100.0, 5.026113
2015-12-17, 5.28, 5.28, 5.0, 5.06, 42900.0, 4.780476
2015-12-18, 5.05, 5.05, 4.9, 4.94, 108100.0, 4.667105
2015-12-21, 4.95, 5.09, 4.95, 4.96, 151800.0, 4.686
2015-12-22, 4.95, 5.5, 4.95, 5.15, 110700.0, 4.865504
2015-12-23, 5.16, 5.42, 5.05, 5.2, 116900.0, 4.912742
2015-12-24, 5.24, 5.35, 5.13, 5.32, 14700.0, 5.026113
2015-12-28, 5.29, 5.52, 5.11, 5.4, 47400.0, 5.101694
2015-12-29, 5.57, 5.75, 5.5, 5.6, 112800.0, 5.290645
2015-12-30, 5.5, 5.77, 5.3, 5.49, 70800.0, 5.186722
2015-12-31, 5.39, 5.75, 5.39, 5.62, 66200.0, 5.30954
2016-01-04, 5.61, 5.77, 5.57, 5.6, 24500.0, 5.290645
2016-01-05, 5.6, 5.68, 5.46, 5.54, 52600.0, 5.23396
2016-01-06, 5.55, 5.55, 5.35, 5.4, 31700.0, 5.101694
2016-01-07, 5.33, 5.36, 5.11, 5.11, 39600.0, 4.827714
2016-01-08, 5.24, 5.5, 5.1, 5.43, 480300.0, 5.130036
2016-01-11, 5.33, 5.58, 5.14, 5.16, 32600.0, 4.874951
2016-01-12, 5.25, 5.37, 4.77, 5.12, 77400.0, 4.837161
2016-01-13, 5.08, 5.18, 4.5, 4.7, 86100.0, 4.440363
2016-01-14, 4.52, 4.93, 4.52, 4.76, 45000.0, 4.497049
2016-01-15, 4.66, 4.73, 4.5, 4.68, 61100.0, 4.421468
2016-01-19, 4.51, 4.7, 4.38, 4.4, 95900.0, 4.156936
2016-01-20, 4.24, 5.25, 3.81, 4.36, 179500.0, 4.119145
2016-01-21, 4.36, 5.04, 4.36, 4.77, 130100.0, 4.506496
2016-01-22, 4.77, 5.63, 4.77, 5.01, 26700.0, 4.733238
2016-01-25, 5.0, 5.14, 4.92, 5.0, 31700.0, 4.72379
2016-01-26, 5.03, 5.03, 4.76, 4.84, 40400.0, 4.572629
2016-01-27, 4.82, 4.85, 4.6, 4.85, 20000.0, 4.582076
2016-01-28, 4.94, 5.04, 4.71, 4.85, 106000.0, 4.582076
2016-01-29, 4.71, 5.08, 4.71, 5.03, 304900.0, 4.898586
2016-02-01, 4.94, 5.11, 4.68, 4.9, 58100.0, 4.771982
2016-02-02, 4.7, 5.12, 4.7, 4.7, 42000.0, 4.577207
2016-02-03, 4.79, 4.88, 4.35, 4.55, 74900.0, 4.431126
2016-02-04, 4.58, 4.7, 4.52, 4.53, 18600.0, 4.411649
2016-02-05, 4.5, 4.63, 4.41, 4.63, 33800.0, 4.509036
2016-02-08, 4.55, 4.56, 4.31, 4.4, 19600.0, 4.285045
2016-02-09, 4.42, 4.48, 4.17, 4.23, 75900.0, 4.119486
2016-02-10, 4.28, 4.28, 4.03, 4.04, 58500.0, 3.93445
2016-02-11, 4.01, 4.24, 3.86, 4.18, 58600.0, 4.070793
2016-02-12, 4.27, 4.83, 4.1, 4.21, 31900.0, 4.100009
2016-02-16, 4.3, 4.38, 4.16, 4.34, 31300.0, 4.226613
2016-02-17, 4.5, 4.69, 4.4, 4.49, 80000.0, 4.372693
2016-02-18, 4.59, 4.65, 4.45, 4.65, 13900.0, 4.528514
2016-02-19, 4.53, 4.85, 4.45, 4.72, 132400.0, 4.596684
2016-02-22, 4.79, 5.0, 4.77, 4.98, 45200.0, 4.849892
2016-02-23, 4.97, 4.98, 4.85, 4.88, 4300.0, 4.752505
2016-02-24, 4.7, 4.99, 4.6, 4.85, 37300.0, 4.723288
2016-02-25, 4.8, 4.91, 4.54, 4.91, 54400.0, 4.78172
2016-02-26, 4.9, 5.01, 4.82, 4.93, 59400.0, 4.801198
2016-02-29, 5.0, 5.05, 4.89, 4.95, 40600.0, 4.820675
2016-03-01, 4.99, 5.05, 4.87, 4.98, 36200.0, 4.849892
2016-03-02, 4.97, 5.1, 4.95, 4.96, 39100.0, 4.830414
2016-03-03, 5.02, 5.19, 5.01, 5.03, 56300.0, 4.898586
2016-03-04, 5.1, 5.36, 4.95, 5.15, 117400.0, 5.01545
2016-03-07, 5.14, 5.24, 5.0, 5.0, 66700.0, 4.869369
2016-03-08, 5.15, 5.17, 4.92, 5.0, 61800.0, 4.869369
2016-03-09, 4.5, 4.82, 4.12, 4.77, 52100.0, 4.645378
2016-03-10, 4.77, 4.84, 4.59, 4.77, 42700.0, 4.645378
2016-03-11, 4.89, 5.17, 4.71, 5.07, 80800.0, 4.937541
2016-03-14, 5.09, 5.16, 4.85, 4.98, 17700.0, 4.849892
2016-03-15, 4.98, 4.98, 4.81, 4.82, 30800.0, 4.694072
2016-03-16, 4.89, 5.2, 4.87, 5.06, 104500.0, 4.927802
2016-03-17, 5.17, 5.24, 5.0, 5.18, 74400.0, 5.044666
2016-03-18, 5.23, 5.25, 5.01, 5.02, 52900.0, 4.888847
2016-03-21, 5.04, 5.14, 5.0, 5.11, 44700.0, 4.976496
2016-03-22, 5.1, 5.19, 5.0, 5.12, 39400.0, 4.986234
2016-03-23, 5.16, 5.16, 4.85, 5.03, 31600.0, 4.898586
2016-03-24, 5.0, 5.13, 4.86, 5.13, 18300.0, 4.995973
2016-03-28, 5.1, 5.1, 4.89, 4.89, 15300.0, 4.762243
2016-03-29, 4.89, 4.89, 4.75, 4.82, 37300.0, 4.694072
2016-03-30, 4.96, 4.96, 4.67, 4.75, 57200.0, 4.625901
2016-03-31, 4.77, 4.92, 4.7, 4.79, 53800.0, 4.664856
2016-04-01, 4.76, 4.86, 4.68, 4.73, 16000.0, 4.606423
2016-04-04, 4.78, 5.11, 4.61, 4.91, 61500.0, 4.78172
2016-04-05, 4.82, 4.94, 4.65, 4.71, 37900.0, 4.586946
2016-04-06, 4.87, 4.95, 4.8, 4.89, 10400.0, 4.762243
2016-04-07, 4.82, 4.92, 4.76, 4.9, 9800.0, 4.771982
2016-04-08, 4.92, 5.01, 4.67, 4.73, 54400.0, 4.606423
2016-04-11, 4.75, 4.89, 4.75, 4.78, 37300.0, 4.655117
2016-04-12, 4.91, 5.0, 4.8, 4.87, 22900.0, 4.742766
2016-04-13, 4.89, 5.0, 4.56, 4.8, 52100.0, 4.674595
2016-04-14, 4.82, 5.0, 4.71, 4.97, 39700.0, 4.840153
2016-04-15, 4.91, 4.97, 4.72, 4.75, 54700.0, 4.625901
2016-04-18, 4.79, 4.88, 4.79, 4.81, 8200.0, 4.684333
2016-04-19, 4.8, 4.96, 4.8, 4.88, 44800.0, 4.752505
2016-04-20, 4.94, 5.17, 4.93, 5.09, 140900.0, 4.957018
2016-04-21, 5.1, 5.3, 5.09, 5.28, 66000.0, 5.142054
2016-04-22, 5.3, 5.49, 5.25, 5.47, 56900.0, 5.32709
2016-04-25, 5.46, 5.55, 5.3, 5.3, 36900.0, 5.161532
2016-04-26, 5.36, 5.55, 5.24, 5.32, 45600.0, 5.181009
2016-04-27, 5.46, 5.6, 5.4, 5.49, 68700.0, 5.346567
2016-04-28, 5.55, 5.61, 5.41, 5.55, 75000.0, 5.405
2016-04-29, 5.52, 5.52, 5.28, 5.5, 48700.0, 5.5
2016-05-02, 5.55, 5.55, 5.09, 5.22, 25800.0, 5.22
2016-05-03, 5.12, 5.21, 5.03, 5.2, 18700.0, 5.2
2016-05-04, 5.17, 5.18, 4.88, 4.88, 39800.0, 4.88
2016-05-05, 5.13, 5.13, 4.89, 4.98, 23400.0, 4.98
2016-05-06, 5.08, 5.14, 4.96, 5.07, 37600.0, 5.07
2016-05-09, 5.08, 5.1, 4.98, 5.01, 57800.0, 5.01
2016-05-10, 5.07, 5.34, 5.07, 5.22, 85400.0, 5.22
2016-05-11, 5.27, 5.29, 5.17, 5.22, 38300.0, 5.22
2016-05-12, 5.29, 5.4, 5.29, 5.39, 45000.0, 5.39
2016-05-13, 5.42, 5.44, 5.13, 5.29, 56200.0, 5.29
2016-05-16, 5.37, 5.45, 5.36, 5.39, 60200.0, 5.39
2016-05-17, 5.34, 5.44, 5.26, 5.39, 29000.0, 5.39
2016-05-18, 5.34, 5.34, 5.17, 5.18, 26800.0, 5.18
2016-05-19, 5.17, 5.17, 5.03, 5.1, 94400.0, 5.1
2016-05-20, 5.08, 5.26, 5.07, 5.24, 14500.0, 5.24
2016-05-23, 5.21, 5.34, 5.21, 5.34, 15500.0, 5.34
2016-05-24, 5.29, 5.35, 5.11, 5.31, 19600.0, 5.31
2016-05-25, 5.34, 5.34, 5.2, 5.29, 33600.0, 5.29
2016-05-26, 5.26, 5.33, 5.08, 5.29, 70200.0, 5.29
2016-05-27, 5.24, 5.26, 5.12, 5.15, 647500.0, 5.15
2016-05-31, 5.13, 5.2, 5.0, 5.01, 104800.0, 5.01
2016-06-01, 5.0, 5.08, 4.79, 5.04, 58500.0, 5.04
2016-06-02, 5.0, 5.06, 4.93, 4.99, 30400.0, 4.99
2016-06-03, 4.98, 5.04, 4.91, 4.98, 45700.0, 4.98
2016-06-06, 4.99, 5.15, 4.95, 4.95, 52400.0, 4.95
2016-06-07, 5.06, 5.06, 4.98, 4.98, 49900.0, 4.98
2016-06-08, 5.02, 5.2, 4.96, 5.17, 100600.0, 5.17
2016-06-09, 5.1, 5.13, 4.96, 5.05, 32500.0, 5.05
2016-06-10, 5.01, 5.04, 4.97, 5.01, 15300.0, 5.01
2016-06-13, 4.98, 5.09, 4.95, 5.09, 35200.0, 5.09
2016-06-14, 5.04, 5.09, 4.92, 5.01, 14900.0, 5.01
2016-06-15, 4.98, 5.08, 4.9, 5.08, 27300.0, 5.08
2016-06-16, 4.94, 5.04, 4.94, 5.04, 23200.0, 5.04
2016-06-17, 5.04, 5.06, 5.01, 5.05, 20500.0, 5.05
2016-06-20, 5.1, 5.1, 5.0, 5.09, 31300.0, 5.09
2016-06-21, 5.05, 5.09, 5.0, 5.09, 28200.0, 5.09
2016-06-22, 5.06, 5.09, 4.97, 5.05, 13800.0, 5.05
2016-06-23, 5.09, 5.13, 5.01, 5.13, 31800.0, 5.13
2016-06-24, 5.0, 5.09, 5.0, 5.08, 14600.0, 5.08
2016-06-27, 5.05, 5.05, 4.96, 4.99, 24600.0, 4.99
2016-06-28, 5.06, 5.12, 4.97, 5.09, 7800.0, 5.09
2016-06-29, 5.15, 5.15, 4.99, 5.11, 19900.0, 5.11
2016-06-30, 5.09, 5.22, 5.0, 5.22, 50300.0, 5.22
2016-07-01, 5.25, 5.28, 5.13, 5.17, 18300.0, 5.17
2016-07-05, 5.18, 5.2, 5.07, 5.14, 41700.0, 5.14
2016-07-06, 5.13, 5.45, 5.13, 5.4, 104300.0, 5.4
