2012-04-20, 22.5, 23.35, 21.2, 21.3, 8743200.0, 21.3
2012-04-23, 21.05, 21.4, 20.06, 20.5, 685200.0, 20.5
2012-04-24, 20.87, 21.0, 19.66, 20.1, 445500.0, 20.1
2012-04-25, 20.24, 21.5, 19.83, 20.85, 244800.0, 20.85
2012-04-26, 21.11, 21.3, 20.52, 20.95, 269400.0, 20.95
2012-04-27, 21.2, 21.2, 20.55, 20.75, 122700.0, 20.75
2012-04-30, 20.5, 21.82, 20.4, 20.4, 144000.0, 20.4
2012-05-01, 20.47, 21.99, 20.47, 21.74, 152600.0, 21.74
2012-05-02, 21.58, 22.0, 21.16, 21.81, 140300.0, 21.81
2012-05-03, 21.6, 21.95, 21.0, 21.0, 237000.0, 21.0
2012-05-04, 21.0, 21.23, 20.55, 20.98, 182900.0, 20.98
2012-05-07, 20.83, 20.87, 20.09, 20.1, 76000.0, 20.1
2012-05-08, 20.12, 20.12, 19.0, 19.23, 144400.0, 19.23
2012-05-09, 19.0, 20.99, 18.77, 20.67, 102200.0, 20.67
2012-05-10, 20.8, 20.89, 19.86, 20.11, 91400.0, 20.11
2012-05-11, 20.11, 20.55, 19.78, 19.87, 88000.0, 19.87
2012-05-14, 19.75, 20.09, 19.2, 19.48, 165200.0, 19.48
2012-05-15, 19.57, 19.57, 18.1, 18.7, 351000.0, 18.7
2012-05-16, 18.65, 19.45, 18.28, 18.85, 50100.0, 18.85
2012-05-17, 19.05, 19.45, 18.81, 19.12, 213100.0, 19.12
2012-05-18, 19.03, 19.03, 18.0, 18.3, 269000.0, 18.3
2012-05-21, 18.42, 18.43, 16.8, 17.84, 205900.0, 17.84
2012-05-22, 17.91, 18.15, 17.48, 17.8, 272100.0, 17.8
2012-05-23, 17.55, 18.19, 17.15, 17.94, 74000.0, 17.94
2012-05-24, 18.02, 18.95, 18.02, 18.56, 192200.0, 18.56
2012-05-25, 19.25, 19.6, 18.73, 18.86, 353800.0, 18.86
2012-05-29, 19.2, 20.07, 19.03, 19.43, 325700.0, 19.43
2012-05-30, 19.17, 19.66, 18.34, 19.25, 323300.0, 19.25
2012-05-31, 19.37, 19.94, 19.06, 19.79, 65200.0, 19.79
2012-06-01, 19.42, 19.94, 18.58, 18.59, 93400.0, 18.59
2012-06-04, 18.64, 18.64, 17.87, 18.2, 47700.0, 18.2
2012-06-05, 18.05, 18.15, 17.93, 18.03, 113000.0, 18.03
2012-06-06, 18.0, 18.26, 17.63, 17.99, 63500.0, 17.99
2012-06-07, 18.14, 18.25, 17.95, 17.99, 133400.0, 17.99
2012-06-08, 17.9, 18.01, 17.71, 17.9, 111800.0, 17.9
2012-06-11, 18.32, 18.52, 17.27, 17.48, 131700.0, 17.48
2012-06-12, 17.4, 17.84, 17.4, 17.77, 39400.0, 17.77
2012-06-13, 17.55, 17.99, 17.55, 17.83, 61400.0, 17.83
2012-06-14, 17.75, 19.43, 17.72, 18.47, 90200.0, 18.47
2012-06-15, 18.4, 19.63, 18.39, 19.25, 207000.0, 19.25
2012-06-18, 19.24, 20.97, 18.85, 20.58, 134500.0, 20.58
2012-06-19, 20.63, 21.19, 19.97, 21.11, 76200.0, 21.11
2012-06-20, 21.05, 21.1, 20.48, 20.99, 70800.0, 20.99
2012-06-21, 20.88, 21.03, 19.36, 20.26, 133500.0, 20.26
2012-06-22, 20.45, 21.54, 20.03, 20.74, 1093700.0, 20.74
2012-06-25, 20.29, 20.9, 19.83, 20.79, 46800.0, 20.79
2012-06-26, 20.77, 21.48, 20.36, 20.93, 120000.0, 20.93
2012-06-27, 20.93, 21.54, 20.66, 21.43, 92500.0, 21.43
2012-06-28, 21.2, 22.0, 21.09, 21.98, 247100.0, 21.98
2012-06-29, 22.38, 22.97, 22.07, 22.93, 182600.0, 22.93
2012-07-02, 22.99, 23.22, 21.84, 22.5, 125000.0, 22.5
2012-07-03, 22.56, 22.96, 22.56, 22.67, 21000.0, 22.67
2012-07-05, 22.5, 22.58, 22.18, 22.46, 51000.0, 22.46
2012-07-06, 22.28, 22.28, 21.19, 21.29, 33500.0, 21.29
2012-07-09, 21.19, 21.32, 20.71, 21.07, 67000.0, 21.07
2012-07-10, 21.19, 21.19, 19.97, 20.2, 75500.0, 20.2
2012-07-11, 20.17, 20.17, 18.61, 19.49, 125400.0, 19.49
2012-07-12, 19.38, 20.13, 19.2, 19.89, 79700.0, 19.89
2012-07-13, 19.89, 20.62, 19.86, 20.48, 102500.0, 20.48
2012-07-16, 20.27, 21.01, 20.27, 20.57, 78400.0, 20.57
2012-07-17, 20.58, 21.11, 20.15, 20.18, 54200.0, 20.18
2012-07-18, 20.11, 20.58, 19.79, 20.53, 78700.0, 20.53
2012-07-19, 20.53, 21.56, 20.53, 21.38, 82200.0, 21.38
2012-07-20, 21.18, 21.26, 20.3, 20.4, 29900.0, 20.4
2012-07-23, 20.02, 20.14, 19.25, 19.58, 29000.0, 19.58
2012-07-24, 19.73, 20.19, 19.46, 20.03, 65100.0, 20.03
2012-07-25, 20.17, 20.47, 20.07, 20.31, 99400.0, 20.31
2012-07-26, 20.65, 20.65, 19.97, 20.29, 107000.0, 20.29
2012-07-27, 20.24, 22.08, 20.24, 21.97, 143900.0, 21.97
2012-07-30, 21.98, 21.98, 20.94, 21.03, 76500.0, 21.03
2012-07-31, 20.96, 21.28, 20.66, 21.01, 93900.0, 21.01
2012-08-01, 21.17, 21.34, 20.84, 20.84, 30000.0, 20.84
2012-08-02, 20.67, 21.37, 20.67, 21.1, 36700.0, 21.1
2012-08-03, 21.49, 22.05, 21.28, 22.01, 38200.0, 22.01
2012-08-06, 21.97, 22.34, 21.64, 21.94, 68600.0, 21.94
2012-08-07, 22.1, 22.1, 21.31, 21.42, 57500.0, 21.42
2012-08-08, 21.36, 23.0, 20.85, 21.27, 53800.0, 21.27
2012-08-09, 21.29, 21.88, 21.01, 21.8, 52600.0, 21.8
2012-08-10, 21.6, 21.82, 21.31, 21.67, 110100.0, 21.67
2012-08-13, 21.67, 22.18, 21.17, 21.93, 81100.0, 21.93
2012-08-14, 22.11, 22.21, 21.24, 21.34, 56900.0, 21.34
2012-08-15, 21.36, 21.71, 21.12, 21.28, 44700.0, 21.28
2012-08-16, 21.3, 21.59, 21.0, 21.44, 150200.0, 21.44
2012-08-17, 21.48, 21.5, 20.85, 21.31, 93300.0, 21.31
2012-08-20, 21.27, 21.6, 20.77, 21.46, 81800.0, 21.46
2012-08-21, 21.56, 21.68, 20.9, 21.43, 89000.0, 21.43
2012-08-22, 21.45, 21.49, 20.81, 21.26, 77500.0, 21.26
2012-08-23, 21.25, 21.5, 21.04, 21.32, 30500.0, 21.32
2012-08-24, 21.26, 21.89, 21.18, 21.58, 51900.0, 21.58
2012-08-27, 21.66, 21.67, 21.45, 21.63, 67500.0, 21.63
2012-08-28, 21.66, 22.03, 21.59, 21.89, 102800.0, 21.89
2012-08-29, 22.0, 22.04, 21.55, 21.65, 67700.0, 21.65
2012-08-30, 21.47, 21.87, 21.46, 21.76, 36800.0, 21.76
2012-08-31, 21.97, 22.1, 21.51, 21.79, 64000.0, 21.79
2012-09-04, 21.88, 22.53, 21.83, 22.3, 117500.0, 22.3
2012-09-05, 22.25, 22.99, 21.99, 22.54, 162600.0, 22.54
2012-09-06, 22.96, 24.15, 22.8, 23.39, 369800.0, 23.39
2012-09-07, 20.55, 21.16, 19.38, 20.75, 785700.0, 20.75
2012-09-10, 20.67, 20.67, 19.87, 20.0, 223100.0, 20.0
2012-09-11, 20.13, 20.19, 19.7, 20.12, 97500.0, 20.12
2012-09-12, 20.19, 21.67, 20.15, 21.5, 216200.0, 21.5
2012-09-13, 21.39, 22.8, 21.39, 22.58, 229800.0, 22.58
2012-09-14, 22.73, 23.58, 22.73, 23.25, 161500.0, 23.25
2012-09-17, 23.22, 23.24, 22.32, 22.82, 231000.0, 22.82
2012-09-18, 22.7, 22.7, 21.92, 22.17, 95300.0, 22.17
2012-09-19, 22.13, 22.62, 21.89, 22.59, 102100.0, 22.59
2012-09-20, 22.36, 23.48, 22.25, 23.48, 177500.0, 23.48
2012-09-21, 23.5, 24.0, 23.25, 23.9, 462500.0, 23.9
2012-09-24, 23.78, 23.94, 23.32, 23.92, 161100.0, 23.92
2012-09-25, 23.95, 24.01, 23.57, 23.65, 106400.0, 23.65
2012-09-26, 23.59, 23.92, 23.1, 23.4, 148500.0, 23.4
2012-09-27, 23.48, 23.76, 23.31, 23.4, 92600.0, 23.4
2012-09-28, 23.18, 23.5, 23.11, 23.25, 100000.0, 23.25
2012-10-01, 23.47, 23.47, 22.5, 22.75, 92500.0, 22.75
2012-10-02, 22.56, 22.56, 21.97, 22.24, 222900.0, 22.24
2012-10-03, 22.31, 22.47, 21.3, 21.38, 412500.0, 21.38
2012-10-04, 21.74, 21.79, 20.66, 20.68, 515300.0, 20.68
2012-10-05, 21.4, 21.95, 20.2, 20.5, 3302700.0, 20.5
2012-10-08, 20.38, 20.5, 20.0, 20.1, 359600.0, 20.1
2012-10-09, 20.04, 20.24, 19.98, 20.0, 392400.0, 20.0
2012-10-10, 19.96, 20.09, 19.59, 20.0, 314500.0, 20.0
2012-10-11, 20.15, 20.34, 19.99, 20.0, 187000.0, 20.0
2012-10-12, 20.0, 20.17, 19.6, 19.85, 196900.0, 19.85
2012-10-15, 19.83, 20.25, 19.75, 20.21, 290700.0, 20.21
2012-10-16, 20.27, 20.68, 19.97, 20.02, 240200.0, 20.02
2012-10-17, 19.84, 19.86, 18.46, 18.96, 1692400.0, 18.96
2012-10-18, 18.65, 18.8, 18.29, 18.6, 391300.0, 18.6
2012-10-19, 18.56, 18.61, 17.61, 17.71, 454900.0, 17.71
2012-10-22, 17.63, 18.22, 17.59, 18.06, 334200.0, 18.06
2012-10-23, 17.79, 18.2, 17.38, 17.75, 286900.0, 17.75
2012-10-24, 17.77, 17.85, 17.3, 17.84, 257200.0, 17.84
2012-10-25, 18.0, 18.05, 17.51, 17.59, 244100.0, 17.59
2012-10-26, 17.66, 17.68, 17.07, 17.22, 350200.0, 17.22
2012-10-31, 17.27, 17.27, 16.35, 16.61, 296100.0, 16.61
2012-11-01, 16.59, 16.75, 16.33, 16.64, 336600.0, 16.64
2012-11-02, 16.8, 16.98, 16.11, 16.26, 211700.0, 16.26
2012-11-05, 16.3, 16.56, 16.02, 16.42, 269000.0, 16.42
2012-11-06, 16.51, 16.61, 16.0, 16.27, 268400.0, 16.27
2012-11-07, 16.05, 16.14, 15.28, 15.37, 230900.0, 15.37
2012-11-08, 15.37, 15.49, 14.41, 14.45, 481800.0, 14.45
2012-11-09, 14.21, 14.65, 13.73, 14.5, 478900.0, 14.5
2012-11-12, 14.49, 15.21, 14.41, 15.01, 320200.0, 15.01
2012-11-13, 15.0, 15.05, 14.61, 14.92, 371700.0, 14.92
2012-11-14, 14.95, 15.06, 14.43, 14.49, 280400.0, 14.49
2012-11-15, 14.6, 15.28, 14.58, 15.19, 398100.0, 15.19
2012-11-16, 15.14, 15.41, 14.79, 15.23, 471600.0, 15.23
2012-11-19, 15.23, 15.41, 14.93, 15.34, 382300.0, 15.34
2012-11-20, 15.25, 15.3, 14.63, 14.76, 211100.0, 14.76
2012-11-21, 14.7, 15.07, 14.56, 14.94, 343300.0, 14.94
2012-11-23, 15.01, 15.11, 14.97, 15.11, 57800.0, 15.11
2012-11-26, 15.06, 15.06, 14.34, 14.6, 335800.0, 14.6
2012-11-27, 14.6, 14.74, 14.36, 14.39, 212600.0, 14.39
2012-11-28, 14.11, 14.32, 13.82, 13.95, 595900.0, 13.95
2012-11-29, 17.95, 19.2, 17.4, 18.07, 4118800.0, 18.07
2012-11-30, 18.03, 19.09, 18.03, 18.96, 2841300.0, 18.96
2012-12-03, 18.68, 18.86, 17.86, 18.11, 626900.0, 18.11
2012-12-04, 17.82, 18.22, 17.65, 18.21, 672600.0, 18.21
2012-12-05, 18.07, 18.37, 17.96, 18.0, 475300.0, 18.0
2012-12-06, 17.69, 17.97, 17.52, 17.87, 398100.0, 17.87
2012-12-07, 17.36, 17.7, 16.72, 17.31, 734400.0, 17.31
2012-12-10, 16.85, 17.46, 16.85, 17.2, 289400.0, 17.2
2012-12-11, 17.27, 17.57, 17.01, 17.52, 373300.0, 17.52
2012-12-12, 17.26, 17.67, 17.26, 17.58, 299100.0, 17.58
2012-12-13, 17.33, 17.75, 17.33, 17.67, 251500.0, 17.67
2012-12-14, 17.43, 18.1, 17.43, 18.1, 297400.0, 18.1
2012-12-17, 17.9, 18.29, 17.76, 18.25, 203000.0, 18.25
2012-12-18, 18.16, 18.96, 17.81, 18.73, 603000.0, 18.73
2012-12-19, 18.57, 18.85, 18.19, 18.58, 394900.0, 18.58
2012-12-20, 18.5, 18.62, 18.2, 18.44, 651200.0, 18.44
2012-12-21, 18.07, 18.6, 17.85, 18.45, 525500.0, 18.45
2012-12-24, 18.25, 18.26, 17.78, 18.02, 101000.0, 18.02
2012-12-26, 17.97, 18.25, 17.8, 18.03, 223200.0, 18.03
2012-12-27, 18.02, 18.18, 17.75, 18.05, 243100.0, 18.05
2012-12-28, 17.86, 18.2, 17.69, 17.7, 224900.0, 17.7
2012-12-31, 17.51, 18.16, 17.51, 17.97, 436600.0, 17.97
2013-01-02, 18.5, 18.95, 18.19, 18.85, 488600.0, 18.85
2013-01-03, 18.73, 18.83, 18.01, 18.1, 248800.0, 18.1
2013-01-04, 18.3, 18.6, 17.83, 18.35, 346500.0, 18.35
2013-01-07, 18.32, 18.74, 18.14, 18.72, 324100.0, 18.72
2013-01-08, 18.65, 19.4, 18.58, 19.2, 868800.0, 19.2
2013-01-09, 19.1, 19.3, 18.75, 18.79, 734900.0, 18.79
2013-01-10, 18.93, 19.04, 18.7, 18.86, 351500.0, 18.86
2013-01-11, 18.88, 19.2, 18.55, 19.2, 517200.0, 19.2
2013-01-14, 19.1, 19.96, 18.89, 19.92, 743400.0, 19.92
2013-01-15, 19.65, 20.0, 19.32, 19.73, 769900.0, 19.73
2013-01-16, 19.61, 19.61, 19.11, 19.23, 628300.0, 19.23
2013-01-17, 19.35, 19.75, 19.14, 19.56, 410400.0, 19.56
2013-01-18, 19.43, 19.51, 19.22, 19.41, 269900.0, 19.41
2013-01-22, 19.21, 19.23, 18.9, 19.02, 199400.0, 19.02
2013-01-23, 18.95, 19.39, 18.88, 19.16, 349400.0, 19.16
2013-01-24, 18.95, 19.46, 18.94, 19.14, 333200.0, 19.14
2013-01-25, 19.17, 19.17, 18.77, 18.83, 485700.0, 18.83
2013-01-28, 18.81, 19.36, 18.75, 19.22, 537500.0, 19.22
2013-01-29, 19.26, 19.26, 18.8, 18.97, 646500.0, 18.97
2013-01-30, 18.84, 18.94, 18.55, 18.78, 324600.0, 18.78
2013-01-31, 18.8, 19.11, 18.73, 18.85, 316800.0, 18.85
2013-02-01, 19.04, 19.26, 18.66, 18.9, 303900.0, 18.9
2013-02-04, 18.64, 19.1, 18.52, 18.63, 266500.0, 18.63
2013-02-05, 18.74, 19.1, 18.7, 18.91, 458400.0, 18.91
2013-02-06, 18.9, 18.92, 18.55, 18.6, 215200.0, 18.6
2013-02-07, 18.63, 18.91, 18.36, 18.88, 147200.0, 18.88
2013-02-08, 18.9, 18.99, 18.68, 18.79, 193300.0, 18.79
2013-02-11, 18.94, 18.94, 18.46, 18.75, 205400.0, 18.75
2013-02-12, 18.78, 19.26, 18.7, 19.0, 592400.0, 19.0
2013-02-13, 18.97, 19.07, 18.59, 18.71, 181100.0, 18.71
2013-02-14, 18.64, 19.31, 18.59, 19.16, 257700.0, 19.16
2013-02-15, 19.0, 19.25, 18.95, 19.08, 480200.0, 19.08
2013-02-19, 19.07, 19.28, 19.01, 19.24, 373600.0, 19.24
2013-02-20, 19.36, 19.92, 19.15, 19.66, 628200.0, 19.66
2013-02-21, 19.45, 19.55, 18.88, 19.15, 540200.0, 19.15
2013-02-22, 21.0, 23.0, 20.45, 22.61, 2565500.0, 22.61
2013-02-25, 22.63, 22.77, 21.6, 22.41, 579400.0, 22.41
2013-02-26, 22.28, 22.64, 21.35, 21.45, 896900.0, 21.45
2013-02-27, 21.07, 21.49, 20.62, 21.38, 618500.0, 21.38
2013-02-28, 21.07, 21.23, 20.27, 21.09, 622400.0, 21.09
2013-03-01, 20.61, 21.78, 20.25, 21.69, 1235300.0, 21.69
2013-03-04, 20.94, 21.57, 20.25, 21.52, 1301200.0, 21.52
2013-03-05, 21.16, 21.99, 20.57, 21.37, 1888500.0, 21.37
2013-03-06, 20.89, 22.25, 20.6, 21.75, 1559700.0, 21.75
2013-03-07, 21.43, 21.75, 20.96, 21.56, 1354100.0, 21.56
2013-03-08, 21.63, 21.88, 21.41, 21.61, 713800.0, 21.61
2013-03-11, 21.59, 21.78, 21.46, 21.62, 527700.0, 21.62
2013-03-12, 22.03, 22.96, 21.51, 21.98, 1200000.0, 21.98
2013-03-13, 21.98, 22.11, 21.34, 21.38, 568600.0, 21.38
2013-03-14, 21.53, 21.58, 20.9, 21.14, 535200.0, 21.14
2013-03-15, 21.16, 21.88, 20.95, 21.87, 523100.0, 21.87
2013-03-18, 21.66, 22.69, 21.3, 22.66, 1244800.0, 22.66
2013-03-19, 22.56, 22.81, 22.2, 22.26, 448100.0, 22.26
2013-03-20, 22.44, 22.93, 22.22, 22.9, 667200.0, 22.9
2013-03-21, 22.73, 22.83, 22.36, 22.47, 536900.0, 22.47
2013-03-22, 22.47, 22.48, 20.81, 21.8, 1210000.0, 21.8
2013-03-25, 21.83, 21.83, 20.74, 20.89, 516700.0, 20.89
2013-03-26, 20.78, 21.61, 20.75, 21.57, 620600.0, 21.57
2013-03-27, 21.42, 21.42, 20.98, 21.35, 323300.0, 21.35
2013-03-28, 21.37, 21.75, 21.14, 21.7, 398300.0, 21.7
2013-04-01, 21.42, 21.5, 20.89, 21.21, 380800.0, 21.21
2013-04-02, 21.31, 21.43, 20.6, 20.77, 494400.0, 20.77
2013-04-03, 21.0, 21.36, 20.77, 21.01, 516400.0, 21.01
2013-04-04, 21.01, 21.67, 20.95, 21.62, 378900.0, 21.62
2013-04-05, 21.2, 21.67, 20.98, 21.4, 691100.0, 21.4
2013-04-08, 21.33, 21.33, 20.25, 20.51, 566700.0, 20.51
2013-04-09, 20.61, 21.01, 20.56, 20.78, 338900.0, 20.78
2013-04-10, 20.89, 22.17, 20.89, 22.15, 686800.0, 22.15
2013-04-11, 22.01, 22.1, 21.57, 21.61, 447800.0, 21.61
2013-04-12, 21.47, 21.67, 20.93, 21.4, 290700.0, 21.4
2013-04-15, 21.25, 21.38, 20.53, 20.6, 385300.0, 20.6
2013-04-16, 20.86, 21.0, 20.61, 20.93, 259800.0, 20.93
2013-04-17, 20.85, 22.25, 20.63, 22.04, 781800.0, 22.04
2013-04-18, 22.0, 22.25, 21.51, 21.56, 403600.0, 21.56
2013-04-19, 21.64, 22.13, 21.49, 21.68, 354100.0, 21.68
2013-04-22, 21.68, 21.92, 21.26, 21.83, 320900.0, 21.83
2013-04-23, 21.81, 22.48, 21.81, 22.12, 377300.0, 22.12
2013-04-24, 22.02, 22.12, 21.58, 21.69, 491500.0, 21.69
2013-04-25, 21.67, 22.53, 21.55, 22.37, 594400.0, 22.37
2013-04-26, 22.19, 22.46, 21.84, 22.39, 246300.0, 22.39
2013-04-29, 22.43, 23.15, 22.25, 22.83, 667200.0, 22.83
2013-04-30, 22.77, 22.8, 21.97, 22.11, 418200.0, 22.11
2013-05-01, 21.8, 22.37, 21.65, 22.15, 370400.0, 22.15
2013-05-02, 22.3, 23.04, 22.15, 22.97, 456800.0, 22.97
2013-05-03, 23.0, 24.11, 22.96, 23.98, 860700.0, 23.98
2013-05-06, 23.89, 23.96, 23.54, 23.85, 372000.0, 23.85
2013-05-07, 23.86, 24.1, 23.02, 23.08, 450400.0, 23.08
2013-05-08, 22.89, 22.89, 20.66, 21.69, 1239600.0, 21.69
2013-05-09, 21.67, 21.89, 21.1, 21.29, 330700.0, 21.29
2013-05-10, 21.23, 21.5, 21.01, 21.11, 349200.0, 21.11
2013-05-13, 21.11, 21.18, 20.4, 20.51, 351300.0, 20.51
2013-05-14, 20.55, 20.8, 20.16, 20.7, 571500.0, 20.7
2013-05-15, 20.7, 21.61, 20.65, 21.32, 469300.0, 21.32
2013-05-16, 21.42, 21.94, 21.31, 21.82, 264300.0, 21.82
2013-05-17, 22.33, 22.5, 21.98, 22.37, 408400.0, 22.37
2013-05-20, 22.38, 22.69, 22.05, 22.42, 410600.0, 22.42
2013-05-21, 22.37, 22.55, 22.08, 22.24, 171500.0, 22.24
2013-05-22, 22.31, 22.69, 21.74, 21.94, 429100.0, 21.94
2013-05-23, 21.8, 22.19, 21.3, 22.0, 559600.0, 22.0
2013-05-24, 25.96, 25.96, 24.5, 25.19, 3980000.0, 25.19
2013-05-28, 25.3, 25.53, 24.4, 24.95, 951200.0, 24.95
2013-05-29, 24.5, 24.79, 23.86, 23.98, 1020600.0, 23.98
2013-05-30, 23.94, 24.8, 23.82, 24.71, 1095000.0, 24.71
2013-05-31, 24.57, 24.96, 24.31, 24.33, 442100.0, 24.33
2013-06-03, 24.2, 24.5, 23.83, 24.23, 518400.0, 24.23
2013-06-04, 24.16, 24.56, 23.51, 24.34, 982700.0, 24.34
2013-06-05, 24.58, 24.71, 23.95, 24.15, 512300.0, 24.15
2013-06-06, 24.23, 25.0, 24.03, 24.77, 627700.0, 24.77
2013-06-07, 25.0, 25.8, 24.8, 25.62, 710500.0, 25.62
2013-06-10, 25.75, 26.93, 25.34, 26.71, 1384800.0, 26.71
2013-06-11, 26.1, 27.84, 25.31, 27.57, 1777700.0, 27.57
2013-06-12, 27.85, 28.06, 27.35, 27.52, 1095700.0, 27.52
2013-06-13, 27.33, 27.7, 26.52, 27.04, 581400.0, 27.04
2013-06-14, 26.87, 27.43, 26.73, 27.16, 296600.0, 27.16
2013-06-17, 27.5, 28.0, 27.26, 27.5, 798400.0, 27.5
2013-06-18, 27.47, 28.4, 27.38, 27.97, 1229000.0, 27.97
2013-06-19, 28.06, 29.58, 27.91, 29.2, 1497100.0, 29.2
2013-06-20, 28.97, 29.9, 28.71, 29.53, 1128100.0, 29.53
2013-06-21, 29.09, 29.6, 28.73, 29.2, 1365900.0, 29.2
2013-06-24, 28.98, 29.42, 28.11, 29.3, 797200.0, 29.3
2013-06-25, 29.79, 29.9, 29.01, 29.68, 690700.0, 29.68
2013-06-26, 29.78, 30.12, 29.44, 29.8, 700200.0, 29.8
2013-06-27, 29.73, 30.04, 29.43, 29.93, 683500.0, 29.93
2013-06-28, 29.87, 29.98, 29.06, 29.26, 4351400.0, 29.26
2013-07-01, 29.13, 30.17, 29.0, 29.78, 1655400.0, 29.78
2013-07-02, 30.0, 30.22, 29.25, 29.4, 646400.0, 29.4
2013-07-03, 29.32, 30.0, 29.14, 29.77, 177300.0, 29.77
2013-07-05, 30.17, 30.78, 29.69, 30.76, 363700.0, 30.76
2013-07-08, 30.91, 30.91, 29.89, 30.34, 290800.0, 30.34
2013-07-09, 30.6, 31.09, 30.35, 31.03, 604800.0, 31.03
2013-07-10, 30.94, 30.97, 30.3, 30.91, 353600.0, 30.91
2013-07-11, 31.26, 31.58, 30.99, 31.47, 372600.0, 31.47
2013-07-12, 31.29, 31.65, 30.8, 30.9, 446200.0, 30.9
2013-07-15, 31.02, 31.14, 30.45, 30.76, 339900.0, 30.76
2013-07-16, 30.82, 30.82, 29.78, 30.21, 546300.0, 30.21
2013-07-17, 30.22, 30.75, 30.04, 30.57, 367300.0, 30.57
2013-07-18, 30.63, 31.29, 30.62, 30.69, 453100.0, 30.69
2013-07-19, 30.53, 30.7, 30.14, 30.21, 398500.0, 30.21
2013-07-22, 30.19, 30.31, 29.71, 30.03, 683300.0, 30.03
2013-07-23, 30.17, 31.63, 30.0, 31.59, 464000.0, 31.59
2013-07-24, 31.65, 32.68, 31.56, 32.63, 726800.0, 32.63
2013-07-25, 32.51, 33.06, 31.86, 32.62, 920500.0, 32.62
2013-07-26, 32.38, 32.57, 32.19, 32.54, 370800.0, 32.54
2013-07-29, 32.41, 32.63, 31.8, 31.89, 369100.0, 31.89
2013-07-30, 32.08, 33.23, 31.71, 33.17, 567200.0, 33.17
2013-07-31, 33.14, 33.21, 32.45, 32.7, 421000.0, 32.7
2013-08-01, 32.66, 32.89, 31.73, 32.08, 560800.0, 32.08
2013-08-02, 32.28, 32.47, 31.85, 32.18, 404900.0, 32.18
2013-08-05, 32.2, 32.95, 32.15, 32.87, 214200.0, 32.87
2013-08-06, 32.96, 33.08, 32.14, 32.27, 233800.0, 32.27
2013-08-07, 32.22, 32.34, 31.66, 31.88, 358900.0, 31.88
2013-08-08, 32.04, 32.55, 31.45, 32.34, 193600.0, 32.34
2013-08-09, 32.34, 32.37, 31.68, 31.86, 208000.0, 31.86
2013-08-12, 31.61, 33.78, 31.61, 33.7, 884200.0, 33.7
2013-08-13, 34.0, 35.05, 33.92, 34.14, 599800.0, 34.14
2013-08-14, 34.04, 34.42, 33.37, 33.37, 253500.0, 33.37
2013-08-15, 33.02, 33.21, 31.73, 32.5, 550500.0, 32.5
2013-08-16, 32.45, 33.21, 32.29, 32.65, 486900.0, 32.65
2013-08-19, 32.65, 32.78, 32.12, 32.15, 192400.0, 32.15
2013-08-20, 32.27, 32.87, 32.12, 32.59, 184100.0, 32.59
2013-08-21, 32.35, 32.82, 31.88, 32.31, 165400.0, 32.31
2013-08-22, 32.49, 33.55, 32.49, 33.55, 286300.0, 33.55
2013-08-23, 33.6, 34.25, 33.22, 33.97, 432200.0, 33.97
2013-08-26, 33.91, 34.17, 33.27, 33.73, 306800.0, 33.73
2013-08-27, 33.28, 34.37, 33.28, 33.81, 444200.0, 33.81
2013-08-28, 33.68, 33.93, 33.18, 33.37, 240400.0, 33.37
2013-08-29, 33.35, 34.79, 33.27, 34.74, 382000.0, 34.74
2013-08-30, 34.8, 35.55, 34.38, 34.9, 541500.0, 34.9
2013-09-03, 35.0, 35.93, 34.48, 35.17, 487000.0, 35.17
2013-09-04, 35.31, 35.94, 34.58, 34.85, 891000.0, 34.85
2013-09-05, 34.95, 35.54, 34.36, 35.24, 830900.0, 35.24
2013-09-06, 39.42, 41.37, 37.69, 40.69, 4182200.0, 40.69
2013-09-09, 40.92, 41.47, 40.16, 41.14, 696600.0, 41.14
2013-09-10, 41.06, 42.03, 41.06, 41.93, 1086200.0, 41.93
2013-09-11, 41.88, 43.32, 41.83, 43.09, 653200.0, 43.09
2013-09-12, 43.32, 45.5, 43.3, 44.82, 1512100.0, 44.82
2013-09-13, 44.83, 44.96, 44.26, 44.49, 529700.0, 44.49
2013-09-16, 44.97, 44.99, 41.76, 41.88, 819300.0, 41.88
2013-09-17, 41.51, 42.97, 40.99, 42.15, 767700.0, 42.15
2013-09-18, 42.15, 42.76, 41.59, 42.24, 481700.0, 42.24
2013-09-19, 42.43, 42.47, 41.59, 42.0, 495900.0, 42.0
2013-09-20, 42.17, 42.25, 40.51, 40.8, 1017400.0, 40.8
2013-09-23, 40.55, 41.06, 39.27, 40.14, 828000.0, 40.14
2013-09-24, 40.01, 41.68, 39.26, 41.08, 831900.0, 41.08
2013-09-25, 41.08, 41.72, 39.79, 39.8, 1003100.0, 39.8
2013-09-26, 40.08, 40.55, 39.57, 39.75, 740600.0, 39.75
2013-09-27, 39.71, 43.05, 39.26, 42.19, 1199400.0, 42.19
2013-09-30, 41.76, 42.57, 41.05, 41.82, 717500.0, 41.82
2013-10-01, 41.64, 42.31, 40.81, 41.99, 530400.0, 41.99
2013-10-02, 41.75, 42.93, 41.35, 42.09, 707200.0, 42.09
2013-10-03, 42.0, 42.07, 39.7, 40.52, 597800.0, 40.52
2013-10-04, 40.42, 42.15, 40.31, 41.74, 438900.0, 41.74
2013-10-07, 41.47, 41.47, 40.05, 40.07, 410400.0, 40.07
2013-10-08, 40.79, 41.99, 37.65, 38.67, 1384600.0, 38.67
2013-10-09, 38.66, 40.39, 37.26, 39.72, 1185500.0, 39.72
2013-10-10, 41.06, 41.96, 40.08, 41.21, 921200.0, 41.21
2013-10-11, 41.84, 44.79, 41.6, 44.47, 1432900.0, 44.47
2013-10-14, 44.15, 44.78, 42.86, 44.05, 906400.0, 44.05
2013-10-15, 44.05, 44.05, 42.85, 43.31, 766000.0, 43.31
2013-10-16, 43.43, 46.63, 43.01, 46.04, 1227300.0, 46.04
2013-10-17, 45.85, 47.83, 45.0, 47.12, 1166400.0, 47.12
2013-10-18, 47.55, 47.87, 46.78, 47.17, 650400.0, 47.17
2013-10-21, 47.31, 47.35, 45.7, 46.46, 729400.0, 46.46
2013-10-22, 46.73, 48.97, 45.11, 48.07, 1125600.0, 48.07
2013-10-23, 47.85, 47.9, 44.61, 45.78, 1081100.0, 45.78
2013-10-24, 46.6, 46.81, 45.36, 45.68, 508700.0, 45.68
2013-10-25, 45.92, 46.45, 44.06, 44.8, 650300.0, 44.8
2013-10-28, 44.69, 45.43, 44.12, 45.41, 421400.0, 45.41
2013-10-29, 45.47, 46.17, 43.51, 44.8, 495400.0, 44.8
2013-10-30, 44.76, 45.62, 43.54, 44.09, 676600.0, 44.09
2013-10-31, 43.96, 45.29, 43.21, 44.45, 460900.0, 44.45
2013-11-01, 44.52, 45.31, 43.0, 43.7, 500300.0, 43.7
2013-11-04, 44.0, 45.39, 43.56, 45.36, 464100.0, 45.36
2013-11-05, 45.36, 45.36, 43.77, 43.93, 442500.0, 43.93
2013-11-06, 44.2, 45.18, 43.84, 44.52, 420200.0, 44.52
2013-11-07, 44.67, 45.29, 41.95, 42.31, 904300.0, 42.31
2013-11-08, 42.23, 43.27, 41.57, 43.14, 480300.0, 43.14
2013-11-11, 42.9, 43.77, 42.22, 43.33, 257300.0, 43.33
2013-11-12, 43.31, 44.47, 42.52, 43.0, 478300.0, 43.0
2013-11-13, 42.83, 44.34, 42.58, 44.31, 701900.0, 44.31
2013-11-14, 44.31, 44.41, 42.42, 43.7, 792100.0, 43.7
2013-11-15, 43.75, 45.9, 43.74, 45.5, 910700.0, 45.5
2013-11-18, 45.84, 46.3, 42.18, 42.77, 1054200.0, 42.77
2013-11-19, 42.63, 43.0, 39.82, 41.95, 1120100.0, 41.95
2013-11-20, 42.07, 43.35, 41.42, 41.81, 682700.0, 41.81
2013-11-21, 41.93, 43.05, 41.57, 42.9, 504100.0, 42.9
2013-11-22, 43.05, 43.25, 41.49, 42.12, 538700.0, 42.12
2013-11-25, 42.12, 43.02, 42.07, 42.93, 726200.0, 42.93
2013-11-26, 43.0, 45.4, 41.72, 44.96, 2370700.0, 44.96
2013-11-27, 35.36, 35.9, 31.75, 32.08, 1.05259E7, 32.08
2013-11-29, 32.31, 32.47, 31.21, 31.78, 1925900.0, 31.78
2013-12-02, 31.69, 32.67, 30.6, 30.72, 2233300.0, 30.72
2013-12-03, 30.52, 31.24, 29.5, 30.12, 1479400.0, 30.12
2013-12-04, 29.85, 30.57, 28.95, 29.39, 1608800.0, 29.39
2013-12-05, 29.27, 31.8, 29.15, 31.68, 2027900.0, 31.68
2013-12-06, 32.05, 32.1, 30.7, 31.37, 1203200.0, 31.37
2013-12-09, 31.36, 31.43, 30.55, 30.73, 935400.0, 30.73
2013-12-10, 30.6, 30.96, 30.05, 30.22, 569800.0, 30.22
2013-12-11, 30.1, 30.66, 29.58, 30.0, 1109100.0, 30.0
2013-12-12, 29.94, 30.25, 29.51, 29.65, 442400.0, 29.65
2013-12-13, 29.75, 30.32, 29.27, 29.29, 1131300.0, 29.29
2013-12-16, 29.42, 30.63, 28.95, 30.1, 974500.0, 30.1
2013-12-17, 30.02, 30.19, 29.48, 29.81, 593700.0, 29.81
2013-12-18, 29.73, 30.57, 29.51, 30.48, 1155700.0, 30.48
2013-12-19, 30.14, 30.59, 30.09, 30.35, 620000.0, 30.35
2013-12-20, 30.46, 32.9, 30.3, 32.73, 2631700.0, 32.73
2013-12-23, 32.73, 32.97, 32.04, 32.34, 1010700.0, 32.34
2013-12-24, 32.48, 32.81, 31.75, 32.49, 677800.0, 32.49
2013-12-26, 32.52, 32.98, 31.97, 32.34, 549500.0, 32.34
2013-12-27, 32.4, 32.75, 32.0, 32.17, 394500.0, 32.17
2013-12-30, 32.18, 32.44, 31.83, 32.39, 388700.0, 32.39
2013-12-31, 32.35, 33.06, 32.0, 33.02, 618100.0, 33.02
2014-01-02, 32.8, 34.84, 32.61, 34.4, 1651100.0, 34.4
2014-01-03, 34.34, 34.72, 33.46, 34.19, 1002600.0, 34.19
2014-01-06, 34.3, 34.38, 32.79, 33.39, 849000.0, 33.39
2014-01-07, 33.41, 34.91, 33.36, 34.61, 887800.0, 34.61
2014-01-08, 34.7, 35.8, 34.34, 35.54, 1157800.0, 35.54
2014-01-09, 35.54, 35.89, 34.79, 35.44, 1067200.0, 35.44
2014-01-10, 35.82, 38.41, 35.82, 38.19, 1564900.0, 38.19
2014-01-13, 38.0, 38.27, 35.15, 35.43, 1893500.0, 35.43
2014-01-14, 35.64, 37.8, 35.17, 37.73, 1424400.0, 37.73
2014-01-15, 38.01, 38.68, 37.2, 38.13, 1078000.0, 38.13
2014-01-16, 38.22, 39.0, 38.01, 38.56, 668400.0, 38.56
2014-01-17, 38.55, 39.12, 38.0, 38.1, 605000.0, 38.1
2014-01-21, 38.0, 38.36, 37.49, 37.6, 850600.0, 37.6
2014-01-22, 37.72, 37.72, 37.25, 37.41, 479400.0, 37.41
2014-01-23, 37.25, 37.66, 36.55, 37.17, 644300.0, 37.17
2014-01-24, 37.0, 37.0, 34.95, 35.03, 1188800.0, 35.03
2014-01-27, 35.1, 35.27, 33.77, 34.09, 764900.0, 34.09
2014-01-28, 34.19, 34.92, 34.06, 34.52, 949500.0, 34.52
2014-01-29, 34.04, 35.13, 32.89, 33.7, 870600.0, 33.7
2014-01-30, 34.01, 35.35, 33.73, 34.91, 965800.0, 34.91
2014-01-31, 33.74, 35.9, 33.74, 35.08, 776100.0, 35.08
2014-02-03, 34.55, 35.15, 32.67, 33.1, 973400.0, 33.1
2014-02-04, 33.1, 33.23, 32.6, 32.97, 570700.0, 32.97
2014-02-05, 32.97, 33.49, 32.32, 33.14, 927300.0, 33.14
2014-02-06, 33.23, 33.76, 32.45, 32.56, 655900.0, 32.56
2014-02-07, 32.64, 33.72, 32.56, 33.54, 775300.0, 33.54
2014-02-10, 33.5, 33.5, 32.54, 33.14, 1327100.0, 33.14
2014-02-11, 18.54, 18.94, 17.1, 17.19, 2.72815E7, 17.19
2014-02-12, 17.77, 18.38, 17.61, 18.16, 8340100.0, 18.16
2014-02-13, 18.0, 18.88, 17.9, 18.81, 3218900.0, 18.81
2014-02-14, 18.85, 19.57, 18.45, 19.41, 2728100.0, 19.41
2014-02-18, 19.47, 19.56, 18.88, 18.94, 1723400.0, 18.94
2014-02-19, 18.79, 19.25, 18.67, 19.19, 1699100.0, 19.19
2014-02-20, 19.98, 21.42, 19.57, 21.31, 6354900.0, 21.31
2014-02-21, 21.37, 21.72, 20.73, 21.36, 2391200.0, 21.36
2014-02-24, 21.4, 22.82, 21.32, 22.63, 3182000.0, 22.63
2014-02-25, 22.9, 23.49, 22.37, 23.48, 3053500.0, 23.48
2014-02-26, 23.2, 24.06, 22.7, 23.87, 2966200.0, 23.87
2014-02-27, 23.45, 24.69, 23.45, 23.96, 3312300.0, 23.96
2014-02-28, 23.82, 24.04, 22.56, 23.08, 2173200.0, 23.08
2014-03-03, 22.55, 23.0, 22.37, 22.56, 1792500.0, 22.56
2014-03-04, 22.95, 23.94, 22.87, 23.85, 1821900.0, 23.85
2014-03-05, 23.68, 24.05, 23.25, 23.93, 897100.0, 23.93
2014-03-06, 23.82, 23.91, 23.4, 23.69, 821600.0, 23.69
2014-03-07, 23.76, 23.82, 22.92, 23.24, 1411100.0, 23.24
2014-03-10, 23.13, 23.27, 22.55, 23.0, 1748900.0, 23.0
2014-03-11, 23.5, 23.67, 22.45, 22.61, 1256400.0, 22.61
2014-03-12, 22.61, 23.94, 22.31, 23.65, 1711200.0, 23.65
2014-03-13, 23.41, 23.65, 22.71, 22.89, 1478100.0, 22.89
2014-03-14, 22.67, 23.1, 22.44, 22.74, 1158600.0, 22.74
2014-03-17, 23.47, 23.89, 22.56, 23.06, 2127600.0, 23.06
2014-03-18, 23.1, 23.27, 22.76, 23.11, 1626300.0, 23.11
2014-03-19, 23.06, 23.61, 22.5, 22.55, 1631600.0, 22.55
2014-03-20, 22.42, 22.64, 21.7, 21.74, 1785400.0, 21.74
2014-03-21, 21.93, 21.93, 20.97, 21.01, 1856100.0, 21.01
2014-03-24, 21.08, 21.08, 19.98, 20.44, 1746400.0, 20.44
2014-03-25, 20.59, 21.13, 19.9, 20.29, 1207400.0, 20.29
2014-03-26, 20.5, 20.75, 19.54, 19.55, 1200200.0, 19.55
2014-03-27, 19.8, 19.8, 18.72, 19.43, 1733700.0, 19.43
2014-03-28, 19.57, 20.46, 19.38, 19.56, 1654500.0, 19.56
2014-03-31, 19.77, 20.23, 19.5, 20.06, 1033500.0, 20.06
2014-04-01, 19.99, 20.88, 19.99, 20.75, 1165500.0, 20.75
2014-04-02, 20.89, 21.59, 20.83, 21.32, 1579200.0, 21.32
2014-04-03, 21.4, 21.4, 19.92, 20.03, 1144000.0, 20.03
2014-04-04, 20.4, 20.43, 18.84, 19.23, 1813700.0, 19.23
2014-04-07, 19.04, 19.44, 18.49, 18.83, 1294900.0, 18.83
2014-04-08, 18.9, 19.45, 18.62, 19.0, 1275800.0, 19.0
2014-04-09, 19.12, 19.87, 18.87, 19.82, 795000.0, 19.82
2014-04-10, 19.67, 19.68, 17.7, 17.89, 2825700.0, 17.89
2014-04-11, 17.65, 18.36, 17.52, 17.89, 1334700.0, 17.89
2014-04-14, 18.05, 18.21, 17.63, 17.88, 1037000.0, 17.88
2014-04-15, 18.14, 19.04, 17.65, 18.98, 1662400.0, 18.98
2014-04-16, 19.16, 19.9, 18.86, 19.89, 1405900.0, 19.89
2014-04-17, 19.86, 19.95, 19.29, 19.86, 862200.0, 19.86
2014-04-21, 19.9, 20.75, 19.52, 19.97, 1278600.0, 19.97
2014-04-22, 19.92, 20.71, 19.84, 20.41, 701300.0, 20.41
2014-04-23, 20.33, 20.56, 19.72, 20.14, 797900.0, 20.14
2014-04-24, 20.32, 20.61, 19.56, 20.56, 964500.0, 20.56
2014-04-25, 20.31, 20.31, 19.42, 19.59, 1324200.0, 19.59
2014-04-28, 19.6, 19.7, 18.08, 18.82, 1685600.0, 18.82
2014-04-29, 18.88, 19.68, 18.8, 19.26, 1146000.0, 19.26
2014-04-30, 19.09, 19.66, 18.66, 19.62, 1065600.0, 19.62
2014-05-01, 19.53, 20.09, 19.04, 19.48, 988000.0, 19.48
2014-05-02, 19.47, 19.86, 19.25, 19.6, 586200.0, 19.6
2014-05-05, 19.37, 19.6, 19.02, 19.35, 841900.0, 19.35
2014-05-06, 19.34, 19.46, 18.7, 18.81, 630700.0, 18.81
2014-05-07, 18.79, 18.79, 17.36, 17.8, 1530900.0, 17.8
2014-05-08, 17.66, 18.29, 17.46, 17.61, 763000.0, 17.61
2014-05-09, 17.47, 18.04, 17.15, 17.7, 637900.0, 17.7
2014-05-12, 17.87, 18.48, 17.76, 18.43, 594100.0, 18.43
2014-05-13, 18.7, 18.86, 18.29, 18.68, 960200.0, 18.68
2014-05-14, 18.66, 18.66, 18.07, 18.32, 384300.0, 18.32
2014-05-15, 18.26, 18.85, 17.85, 18.68, 575900.0, 18.68
2014-05-16, 18.65, 18.78, 18.38, 18.76, 403800.0, 18.76
2014-05-19, 18.71, 19.49, 18.61, 19.0, 486500.0, 19.0
2014-05-20, 18.88, 19.28, 18.65, 19.01, 593200.0, 19.01
2014-05-21, 19.03, 19.44, 19.01, 19.17, 372700.0, 19.17
2014-05-22, 19.19, 20.03, 19.19, 19.69, 523700.0, 19.69
2014-05-23, 19.62, 20.4, 19.5, 20.11, 632300.0, 20.11
2014-05-27, 20.47, 20.88, 20.11, 20.58, 674000.0, 20.58
2014-05-28, 20.49, 20.49, 19.78, 20.15, 793800.0, 20.15
2014-05-29, 20.31, 20.64, 20.01, 20.52, 2908500.0, 20.52
2014-05-30, 12.98, 13.49, 12.01, 12.96, 3.02674E7, 12.96
2014-06-02, 12.96, 12.96, 12.15, 12.48, 4715200.0, 12.48
2014-06-03, 12.41, 12.55, 12.06, 12.25, 3111600.0, 12.25
2014-06-04, 12.2, 12.45, 12.06, 12.17, 1842200.0, 12.17
2014-06-05, 12.22, 12.6, 12.11, 12.44, 2180600.0, 12.44
2014-06-06, 12.5, 12.95, 12.37, 12.88, 2314700.0, 12.88
2014-06-09, 12.87, 13.04, 12.66, 13.0, 1841500.0, 13.0
2014-06-10, 12.97, 13.28, 12.93, 13.2, 1675400.0, 13.2
2014-06-11, 13.12, 13.4, 13.01, 13.37, 925000.0, 13.37
2014-06-12, 13.36, 13.65, 13.05, 13.4, 1362800.0, 13.4
2014-06-13, 13.48, 13.62, 13.17, 13.56, 1303400.0, 13.56
2014-06-16, 13.5, 13.96, 13.35, 13.74, 1143600.0, 13.74
2014-06-17, 13.84, 13.87, 13.52, 13.68, 1483600.0, 13.68
2014-06-18, 13.71, 13.9, 13.56, 13.86, 742900.0, 13.86
2014-06-19, 13.88, 13.98, 13.35, 13.42, 1324800.0, 13.42
2014-06-20, 13.42, 13.45, 12.95, 13.02, 1885900.0, 13.02
2014-06-23, 13.1, 13.29, 12.91, 12.93, 1353100.0, 12.93
2014-06-24, 12.92, 13.06, 12.7, 12.8, 1265400.0, 12.8
2014-06-25, 12.71, 12.95, 12.67, 12.9, 796800.0, 12.9
2014-06-26, 12.9, 13.04, 12.66, 13.02, 1189700.0, 13.02
2014-06-27, 12.93, 13.23, 12.93, 13.17, 1514700.0, 13.17
2014-06-30, 13.13, 13.25, 13.01, 13.15, 883200.0, 13.15
2014-07-01, 13.22, 13.47, 13.18, 13.35, 1174700.0, 13.35
2014-07-02, 13.31, 13.4, 12.99, 13.0, 1136600.0, 13.0
2014-07-03, 13.08, 13.2, 13.0, 13.04, 975600.0, 13.04
2014-07-07, 13.02, 13.02, 12.65, 12.7, 970900.0, 12.7
2014-07-08, 12.7, 12.7, 12.21, 12.43, 1276100.0, 12.43
2014-07-09, 12.43, 12.55, 11.99, 12.12, 1482200.0, 12.12
2014-07-10, 11.92, 12.48, 11.67, 12.22, 1259000.0, 12.22
2014-07-11, 12.28, 12.28, 12.06, 12.15, 741600.0, 12.15
2014-07-14, 12.3, 12.34, 12.05, 12.25, 830300.0, 12.25
2014-07-15, 12.23, 12.3, 12.0, 12.06, 838200.0, 12.06
2014-07-16, 12.15, 12.23, 11.95, 11.99, 585600.0, 11.99
2014-07-17, 11.95, 12.1, 11.78, 11.91, 918100.0, 11.91
2014-07-18, 11.88, 12.18, 11.85, 12.16, 885900.0, 12.16
2014-07-21, 12.05, 12.24, 11.9, 12.09, 656700.0, 12.09
2014-07-22, 12.19, 12.5, 12.19, 12.32, 606800.0, 12.32
2014-07-23, 12.34, 12.48, 12.23, 12.31, 367600.0, 12.31
2014-07-24, 12.32, 12.46, 12.19, 12.32, 495800.0, 12.32
2014-07-25, 12.21, 12.39, 12.04, 12.09, 1307800.0, 12.09
2014-07-28, 12.1, 12.23, 11.98, 12.11, 602200.0, 12.11
2014-07-29, 12.12, 12.34, 12.12, 12.33, 776200.0, 12.33
2014-07-30, 12.42, 12.58, 12.31, 12.48, 480300.0, 12.48
2014-07-31, 12.3, 12.47, 12.1, 12.12, 782300.0, 12.12
2014-08-01, 12.13, 12.29, 11.78, 11.92, 948400.0, 11.92
2014-08-04, 11.95, 12.32, 11.92, 12.3, 736800.0, 12.3
2014-08-05, 12.21, 12.36, 12.14, 12.33, 570900.0, 12.33
2014-08-06, 12.19, 12.44, 12.18, 12.2, 526800.0, 12.2
2014-08-07, 12.28, 12.43, 12.14, 12.22, 415100.0, 12.22
2014-08-08, 12.19, 12.39, 12.18, 12.28, 308000.0, 12.28
2014-08-11, 12.36, 12.57, 12.22, 12.44, 419300.0, 12.44
2014-08-12, 12.37, 12.46, 12.18, 12.3, 569200.0, 12.3
2014-08-13, 12.34, 12.54, 12.24, 12.32, 413900.0, 12.32
2014-08-14, 12.35, 12.37, 12.19, 12.2, 325900.0, 12.2
2014-08-15, 12.33, 12.34, 12.09, 12.22, 449800.0, 12.22
2014-08-18, 12.28, 12.41, 12.25, 12.36, 306400.0, 12.36
2014-08-19, 12.35, 12.42, 12.24, 12.31, 368000.0, 12.31
2014-08-20, 12.24, 12.38, 12.19, 12.34, 398900.0, 12.34
2014-08-21, 12.35, 12.42, 12.21, 12.38, 243200.0, 12.38
2014-08-22, 12.37, 12.45, 12.27, 12.37, 194400.0, 12.37
2014-08-25, 12.47, 12.69, 12.4, 12.51, 473000.0, 12.51
2014-08-26, 12.55, 12.97, 12.47, 12.9, 1018600.0, 12.9
2014-08-27, 12.87, 12.96, 12.67, 12.72, 513500.0, 12.72
2014-08-28, 12.66, 12.89, 12.52, 12.69, 536400.0, 12.69
2014-08-29, 12.74, 13.48, 12.74, 13.45, 1191600.0, 13.45
2014-09-02, 13.5, 13.84, 13.25, 13.76, 1390000.0, 13.76
2014-09-03, 13.75, 14.05, 13.65, 13.74, 1574600.0, 13.74
2014-09-04, 13.77, 13.92, 13.55, 13.58, 1915900.0, 13.58
2014-09-05, 15.2, 15.44, 14.0, 14.21, 7316800.0, 14.21
2014-09-08, 14.24, 14.74, 14.03, 14.56, 1816000.0, 14.56
2014-09-09, 14.47, 14.52, 14.15, 14.17, 838700.0, 14.17
2014-09-10, 14.16, 14.68, 14.13, 14.47, 1371900.0, 14.47
2014-09-11, 14.39, 14.65, 14.25, 14.54, 1115600.0, 14.54
2014-09-12, 14.5, 14.59, 14.39, 14.53, 926600.0, 14.53
2014-09-15, 14.49, 14.54, 14.0, 14.21, 1077200.0, 14.21
2014-09-16, 14.19, 14.24, 13.83, 14.11, 1030700.0, 14.11
2014-09-17, 14.04, 14.4, 14.04, 14.09, 785500.0, 14.09
2014-09-18, 14.13, 14.24, 13.82, 13.82, 582800.0, 13.82
2014-09-19, 13.89, 14.15, 13.7, 13.79, 773600.0, 13.79
2014-09-22, 13.7, 13.71, 13.41, 13.5, 532800.0, 13.5
2014-09-23, 13.44, 13.99, 13.38, 13.74, 937500.0, 13.74
2014-09-24, 13.96, 14.21, 13.73, 14.17, 687400.0, 14.17
2014-09-25, 14.39, 14.77, 14.12, 14.48, 1510100.0, 14.48
2014-09-26, 14.49, 14.9, 14.41, 14.89, 1296200.0, 14.89
2014-09-29, 14.67, 15.06, 14.62, 15.03, 787300.0, 15.03
2014-09-30, 15.08, 15.19, 14.72, 14.75, 1050800.0, 14.75
2014-10-01, 14.73, 14.84, 14.38, 14.51, 848400.0, 14.51
2014-10-02, 14.49, 14.87, 14.11, 14.53, 1094400.0, 14.53
2014-10-03, 14.68, 15.35, 14.65, 15.28, 1073500.0, 15.28
2014-10-06, 15.34, 15.44, 14.72, 14.88, 719400.0, 14.88
2014-10-07, 14.76, 14.76, 14.36, 14.44, 1033000.0, 14.44
2014-10-08, 14.37, 15.0, 14.31, 14.95, 768800.0, 14.95
2014-10-09, 14.89, 15.13, 14.52, 14.66, 1172300.0, 14.66
2014-10-10, 14.55, 14.83, 13.81, 13.87, 1169100.0, 13.87
2014-10-13, 13.9, 14.06, 13.32, 13.64, 914800.0, 13.64
2014-10-14, 13.76, 14.2, 13.64, 14.1, 1048100.0, 14.1
2014-10-15, 13.93, 14.68, 13.67, 14.47, 1125100.0, 14.47
2014-10-16, 14.2, 14.59, 14.12, 14.15, 742300.0, 14.15
2014-10-17, 14.29, 14.29, 13.99, 14.06, 585400.0, 14.06
2014-10-20, 13.96, 14.41, 13.96, 14.37, 521700.0, 14.37
2014-10-21, 14.48, 14.88, 14.22, 14.8, 701100.0, 14.8
2014-10-22, 14.75, 14.77, 14.29, 14.46, 446900.0, 14.46
2014-10-23, 14.58, 14.95, 14.53, 14.84, 577300.0, 14.84
2014-10-24, 14.82, 15.29, 14.8, 15.25, 671400.0, 15.25
2014-10-27, 15.14, 15.28, 14.97, 14.98, 307300.0, 14.98
2014-10-28, 15.02, 15.73, 14.97, 15.66, 720100.0, 15.66
2014-10-29, 15.66, 15.74, 15.2, 15.53, 386900.0, 15.53
2014-10-30, 15.42, 15.85, 15.2, 15.69, 378700.0, 15.69
2014-10-31, 15.94, 16.34, 15.83, 16.14, 1006400.0, 16.14
2014-11-03, 16.18, 16.39, 16.06, 16.33, 753800.0, 16.33
2014-11-04, 16.26, 16.71, 16.26, 16.6, 446800.0, 16.6
2014-11-05, 16.7, 16.7, 16.03, 16.1, 602700.0, 16.1
2014-11-06, 16.04, 16.53, 16.03, 16.26, 474900.0, 16.26
2014-11-07, 16.27, 16.57, 16.15, 16.56, 634900.0, 16.56
2014-11-10, 16.54, 16.76, 16.32, 16.68, 274300.0, 16.68
2014-11-11, 16.71, 16.74, 16.38, 16.49, 483600.0, 16.49
2014-11-12, 16.39, 16.88, 16.27, 16.82, 830700.0, 16.82
2014-11-13, 16.83, 17.04, 16.37, 16.53, 460100.0, 16.53
2014-11-14, 16.5, 16.94, 16.39, 16.86, 1186800.0, 16.86
2014-11-17, 16.94, 17.34, 16.19, 16.38, 870500.0, 16.38
2014-11-18, 16.47, 16.69, 16.12, 16.24, 815100.0, 16.24
2014-11-19, 16.29, 16.3, 15.8, 15.86, 411900.0, 15.86
2014-11-20, 15.72, 16.04, 15.66, 15.98, 585000.0, 15.98
2014-11-21, 16.26, 16.72, 16.06, 16.34, 1330200.0, 16.34
2014-11-24, 16.86, 16.94, 16.32, 16.59, 1200600.0, 16.59
2014-11-25, 16.79, 17.18, 16.73, 16.89, 1756000.0, 16.89
2014-11-26, 18.42, 18.68, 17.4, 17.95, 4667200.0, 17.95
2014-11-28, 18.01, 18.4, 17.93, 18.0, 759500.0, 18.0
2014-12-01, 17.94, 18.19, 17.48, 17.99, 1117400.0, 17.99
2014-12-02, 17.96, 18.39, 17.89, 18.24, 600400.0, 18.24
2014-12-03, 18.22, 18.45, 18.05, 18.06, 580500.0, 18.06
2014-12-04, 17.98, 18.08, 17.81, 17.92, 435900.0, 17.92
2014-12-05, 17.96, 18.45, 17.95, 18.24, 767500.0, 18.24
2014-12-08, 18.15, 18.51, 18.11, 18.35, 727600.0, 18.35
2014-12-09, 18.08, 18.76, 17.77, 18.57, 677700.0, 18.57
2014-12-10, 18.52, 18.67, 17.77, 17.83, 599100.0, 17.83
2014-12-11, 17.85, 18.2, 17.69, 17.74, 518200.0, 17.74
2014-12-12, 17.48, 17.76, 17.19, 17.27, 693100.0, 17.27
2014-12-15, 17.63, 18.06, 17.23, 17.26, 745000.0, 17.26
2014-12-16, 17.15, 17.84, 16.88, 17.44, 640400.0, 17.44
2014-12-17, 17.44, 18.08, 17.41, 18.01, 636900.0, 18.01
2014-12-18, 18.78, 19.62, 18.73, 19.52, 1223100.0, 19.52
2014-12-19, 19.49, 19.99, 19.33, 19.85, 1179100.0, 19.85
2014-12-22, 19.77, 20.16, 19.71, 20.15, 770400.0, 20.15
2014-12-23, 20.27, 20.53, 20.1, 20.22, 754000.0, 20.22
2014-12-24, 20.26, 20.85, 20.17, 20.8, 431500.0, 20.8
2014-12-26, 20.8, 21.0, 20.51, 20.81, 797800.0, 20.81
2014-12-29, 20.8, 20.93, 20.42, 20.55, 564300.0, 20.55
2014-12-30, 20.52, 20.75, 20.2, 20.33, 449300.0, 20.33
2014-12-31, 20.39, 20.66, 20.21, 20.21, 523000.0, 20.21
2015-01-02, 20.24, 20.4, 19.41, 19.79, 603200.0, 19.79
2015-01-05, 19.72, 20.06, 19.21, 19.35, 708200.0, 19.35
2015-01-06, 20.01, 20.04, 19.3, 19.72, 1315100.0, 19.72
2015-01-07, 19.88, 20.76, 19.69, 20.5, 994200.0, 20.5
2015-01-08, 20.75, 20.9, 20.39, 20.89, 640300.0, 20.89
2015-01-09, 21.0, 21.48, 20.91, 20.93, 880700.0, 20.93
2015-01-12, 20.91, 21.0, 20.51, 20.86, 536900.0, 20.86
2015-01-13, 20.93, 21.4, 19.78, 20.23, 1065800.0, 20.23
2015-01-14, 19.91, 20.55, 19.72, 20.41, 731700.0, 20.41
2015-01-15, 20.56, 20.6, 19.53, 19.74, 603300.0, 19.74
2015-01-16, 19.65, 20.18, 19.64, 20.11, 668800.0, 20.11
2015-01-20, 20.3, 20.32, 19.75, 20.01, 646200.0, 20.01
2015-01-21, 19.91, 20.25, 19.44, 19.51, 462700.0, 19.51
2015-01-22, 19.71, 19.97, 18.98, 19.96, 1682700.0, 19.96
2015-01-23, 20.0, 20.28, 19.82, 19.94, 562800.0, 19.94
2015-01-26, 19.95, 20.19, 19.85, 20.0, 523100.0, 20.0
2015-01-27, 19.62, 19.86, 19.24, 19.54, 434500.0, 19.54
2015-01-28, 19.74, 19.74, 19.21, 19.26, 390400.0, 19.26
2015-01-29, 19.25, 19.35, 18.76, 19.34, 563200.0, 19.34
2015-01-30, 19.18, 19.43, 18.64, 18.67, 627100.0, 18.67
2015-02-02, 18.67, 18.93, 18.35, 18.81, 423400.0, 18.81
2015-02-03, 18.96, 19.17, 18.72, 19.15, 320100.0, 19.15
2015-02-04, 19.1, 19.61, 19.1, 19.34, 312600.0, 19.34
2015-02-05, 19.38, 19.68, 19.31, 19.47, 335000.0, 19.47
2015-02-06, 19.47, 19.47, 18.84, 19.02, 801600.0, 19.02
2015-02-09, 18.9, 19.2, 18.65, 18.75, 521900.0, 18.75
2015-02-10, 18.94, 18.96, 18.56, 18.83, 689800.0, 18.83
2015-02-11, 18.84, 19.63, 18.81, 19.18, 535700.0, 19.18
2015-02-12, 19.4, 19.88, 19.31, 19.67, 785500.0, 19.67
2015-02-13, 19.74, 20.5, 19.66, 20.49, 926900.0, 20.49
2015-02-17, 20.5, 20.8, 20.34, 20.47, 529600.0, 20.47
2015-02-18, 20.49, 20.69, 20.19, 20.47, 698900.0, 20.47
2015-02-19, 20.52, 20.79, 20.33, 20.46, 405700.0, 20.46
2015-02-20, 20.46, 21.25, 20.41, 21.0, 738000.0, 21.0
2015-02-23, 21.05, 21.1, 20.2, 20.73, 627700.0, 20.73
2015-02-24, 20.8, 21.36, 20.75, 21.02, 727900.0, 21.02
2015-02-25, 21.04, 21.04, 20.53, 20.74, 650900.0, 20.74
2015-02-26, 20.74, 21.41, 20.67, 21.23, 1469700.0, 21.23
2015-02-27, 24.53, 25.0, 22.58, 23.25, 3728900.0, 23.25
2015-03-02, 23.25, 24.6, 23.25, 24.48, 1760500.0, 24.48
2015-03-03, 24.35, 24.94, 24.05, 24.18, 1135100.0, 24.18
2015-03-04, 23.99, 24.31, 23.52, 24.05, 561500.0, 24.05
2015-03-05, 24.03, 24.53, 23.76, 24.28, 611400.0, 24.28
2015-03-06, 24.19, 24.46, 24.01, 24.18, 526900.0, 24.18
2015-03-09, 24.26, 24.56, 23.78, 23.92, 491200.0, 23.92
2015-03-10, 23.66, 23.89, 23.34, 23.68, 474200.0, 23.68
2015-03-11, 23.71, 23.96, 23.48, 23.5, 368600.0, 23.5
2015-03-12, 23.57, 24.0, 23.51, 23.9, 617400.0, 23.9
2015-03-13, 23.83, 24.18, 23.19, 23.7, 527200.0, 23.7
2015-03-16, 23.79, 23.83, 23.45, 23.8, 408500.0, 23.8
2015-03-17, 23.64, 24.18, 23.64, 23.93, 382900.0, 23.93
2015-03-18, 23.97, 24.65, 23.75, 24.44, 685200.0, 24.44
2015-03-19, 24.43, 25.05, 24.4, 25.02, 425100.0, 25.02
2015-03-20, 25.16, 25.29, 24.47, 24.56, 533300.0, 24.56
2015-03-23, 24.53, 24.9, 24.32, 24.68, 382700.0, 24.68
2015-03-24, 24.64, 24.73, 24.18, 24.63, 478400.0, 24.63
2015-03-25, 24.64, 24.74, 23.36, 23.54, 507300.0, 23.54
2015-03-26, 23.45, 24.2, 23.01, 23.82, 373100.0, 23.82
2015-03-27, 24.24, 24.48, 23.75, 23.98, 455100.0, 23.98
2015-03-30, 24.13, 24.31, 24.02, 24.11, 335700.0, 24.11
2015-03-31, 24.0, 24.25, 23.82, 23.870001, 442200.0, 23.870001
2015-04-01, 23.77, 23.9, 23.25, 23.610001, 585100.0, 23.610001
2015-04-02, 23.68, 23.9, 23.43, 23.440001, 374900.0, 23.440001
2015-04-06, 23.219999, 23.67, 23.209999, 23.59, 451300.0, 23.59
2015-04-07, 23.620001, 23.74, 23.389999, 23.4, 502900.0, 23.4
2015-04-08, 23.559999, 23.85, 23.360001, 23.51, 589300.0, 23.51
2015-04-09, 23.48, 23.66, 23.209999, 23.35, 551500.0, 23.35
2015-04-10, 23.35, 23.549999, 23.23, 23.440001, 539800.0, 23.440001
2015-04-13, 23.41, 23.75, 23.41, 23.620001, 322700.0, 23.620001
2015-04-14, 23.65, 23.75, 23.32, 23.559999, 258100.0, 23.559999
2015-04-15, 23.6, 24.0, 23.58, 23.799999, 356800.0, 23.799999
2015-04-16, 23.780001, 23.969999, 23.59, 23.879999, 304800.0, 23.879999
2015-04-17, 23.610001, 23.709999, 23.01, 23.27, 590600.0, 23.27
2015-04-20, 23.360001, 24.09, 23.360001, 23.98, 372800.0, 23.98
2015-04-21, 24.15, 24.52, 23.959999, 24.139999, 385700.0, 24.139999
2015-04-22, 24.25, 24.450001, 23.940001, 24.25, 426400.0, 24.25
2015-04-23, 24.219999, 24.469999, 24.049999, 24.290001, 307300.0, 24.290001
2015-04-24, 24.42, 24.75, 24.1, 24.52, 404500.0, 24.52
2015-04-27, 24.629999, 24.92, 24.280001, 24.440001, 524300.0, 24.440001
2015-04-28, 24.49, 24.940001, 24.190001, 24.6, 344800.0, 24.6
2015-04-29, 24.5, 24.780001, 24.120001, 24.469999, 401500.0, 24.469999
2015-04-30, 24.23, 24.379999, 23.379999, 23.559999, 608500.0, 23.559999
2015-05-01, 23.629999, 24.1, 23.35, 23.469999, 407300.0, 23.469999
2015-05-04, 23.469999, 23.950001, 23.469999, 23.59, 233300.0, 23.59
2015-05-05, 23.5, 23.52, 22.83, 23.049999, 393800.0, 23.049999
2015-05-06, 23.18, 23.25, 22.780001, 23.200001, 336000.0, 23.200001
2015-05-07, 23.219999, 23.549999, 23.120001, 23.309999, 286100.0, 23.309999
2015-05-08, 23.35, 24.24, 23.26, 24.190001, 523400.0, 24.190001
2015-05-11, 24.219999, 24.889999, 24.0, 24.639999, 489600.0, 24.639999
2015-05-12, 24.51, 24.790001, 24.040001, 24.52, 352700.0, 24.52
2015-05-13, 24.65, 24.76, 24.299999, 24.530001, 328500.0, 24.530001
2015-05-14, 24.77, 24.85, 24.370001, 24.68, 368700.0, 24.68
2015-05-15, 24.73, 24.73, 24.299999, 24.559999, 273300.0, 24.559999
2015-05-18, 24.549999, 25.530001, 24.299999, 25.49, 869800.0, 25.49
2015-05-19, 25.540001, 25.870001, 25.09, 25.200001, 680800.0, 25.200001
2015-05-20, 25.27, 25.35, 25.059999, 25.139999, 411000.0, 25.139999
2015-05-21, 25.25, 25.719999, 25.1, 25.700001, 565700.0, 25.700001
2015-05-22, 25.74, 26.110001, 25.35, 25.42, 550400.0, 25.42
2015-05-26, 25.370001, 25.440001, 24.799999, 25.23, 505400.0, 25.23
2015-05-27, 25.35, 26.200001, 25.26, 26.059999, 1148000.0, 26.059999
2015-05-28, 25.940001, 26.48, 25.34, 26.32, 1556000.0, 26.32
2015-05-29, 26.34, 26.99, 25.540001, 25.99, 2019300.0, 25.99
2015-06-01, 26.17, 26.879999, 25.83, 26.75, 951200.0, 26.75
2015-06-02, 26.799999, 26.82, 25.940001, 26.040001, 1050500.0, 26.040001
2015-06-03, 26.129999, 26.48, 26.1, 26.190001, 1077600.0, 26.190001
2015-06-04, 26.120001, 26.48, 26.1, 26.32, 695900.0, 26.32
2015-06-05, 26.4, 27.549999, 26.299999, 27.51, 1485100.0, 27.51
2015-06-08, 27.52, 27.690001, 26.82, 26.860001, 693300.0, 26.860001
2015-06-09, 26.870001, 27.030001, 26.309999, 26.809999, 775300.0, 26.809999
2015-06-10, 26.969999, 27.559999, 26.76, 27.360001, 777500.0, 27.360001
2015-06-11, 27.49, 27.52, 27.139999, 27.200001, 501200.0, 27.200001
2015-06-12, 27.1, 27.190001, 26.93, 27.059999, 384800.0, 27.059999
2015-06-15, 26.85, 27.25, 26.559999, 27.17, 575800.0, 27.17
2015-06-16, 27.1, 27.33, 26.879999, 27.17, 576500.0, 27.17
2015-06-17, 27.35, 27.450001, 27.049999, 27.25, 798600.0, 27.25
2015-06-18, 27.4, 27.5, 27.26, 27.290001, 936000.0, 27.290001
2015-06-19, 27.360001, 27.360001, 26.93, 27.23, 1680500.0, 27.23
2015-06-22, 27.389999, 27.4, 26.82, 27.32, 723300.0, 27.32
2015-06-23, 27.26, 27.98, 27.26, 27.940001, 2062600.0, 27.940001
2015-06-24, 27.4, 27.790001, 27.299999, 27.75, 808800.0, 27.75
2015-06-25, 27.93, 28.030001, 27.459999, 27.74, 582600.0, 27.74
2015-06-26, 27.74, 27.76, 26.85, 27.219999, 773100.0, 27.219999
2015-06-29, 26.82, 26.98, 26.040001, 26.129999, 742900.0, 26.129999
2015-06-30, 26.309999, 26.450001, 25.690001, 26.209999, 913200.0, 26.209999
2015-07-01, 26.49, 26.629999, 26.17, 26.42, 495500.0, 26.42
2015-07-02, 26.5, 26.57, 25.9, 25.959999, 535600.0, 25.959999
2015-07-06, 25.5, 26.01, 25.280001, 25.709999, 434600.0, 25.709999
2015-07-07, 25.73, 25.73, 24.860001, 25.32, 859100.0, 25.32
2015-07-08, 25.02, 25.879999, 25.02, 25.799999, 678100.0, 25.799999
2015-07-09, 26.190001, 26.58, 26.08, 26.4, 613000.0, 26.4
2015-07-10, 26.719999, 26.74, 25.969999, 26.040001, 582700.0, 26.040001
2015-07-13, 26.280001, 26.48, 25.870001, 25.889999, 416800.0, 25.889999
2015-07-14, 25.85, 26.200001, 25.85, 26.07, 554200.0, 26.07
2015-07-15, 26.110001, 26.18, 25.65, 25.780001, 482400.0, 25.780001
2015-07-16, 25.950001, 26.27, 25.74, 25.85, 523000.0, 25.85
2015-07-17, 25.940001, 26.190001, 25.450001, 25.879999, 551800.0, 25.879999
2015-07-20, 25.98, 26.049999, 25.690001, 25.719999, 376500.0, 25.719999
2015-07-21, 25.690001, 25.950001, 25.43, 25.9, 540100.0, 25.9
2015-07-22, 25.799999, 26.0, 25.27, 25.360001, 747300.0, 25.360001
2015-07-23, 25.49, 26.280001, 25.43, 25.639999, 698800.0, 25.639999
2015-07-24, 25.860001, 25.9, 25.049999, 25.08, 410000.0, 25.08
2015-07-27, 24.93, 24.93, 23.940001, 24.049999, 614400.0, 24.049999
2015-07-28, 24.139999, 24.139999, 23.469999, 23.959999, 649200.0, 23.959999
2015-07-29, 23.91, 23.91, 22.879999, 22.950001, 1134400.0, 22.950001
2015-07-30, 22.950001, 23.58, 22.639999, 23.360001, 747000.0, 23.360001
2015-07-31, 23.32, 23.66, 23.25, 23.5, 455900.0, 23.5
2015-08-03, 23.459999, 23.51, 23.059999, 23.18, 551800.0, 23.18
2015-08-04, 23.15, 23.440001, 23.02, 23.1, 389500.0, 23.1
2015-08-05, 23.219999, 23.700001, 23.219999, 23.309999, 423500.0, 23.309999
2015-08-06, 23.32, 23.68, 22.639999, 22.9, 638800.0, 22.9
2015-08-07, 22.92, 23.110001, 22.450001, 22.99, 701300.0, 22.99
2015-08-10, 23.09, 23.389999, 22.870001, 23.209999, 526900.0, 23.209999
2015-08-11, 23.01, 23.83, 22.940001, 23.219999, 671100.0, 23.219999
2015-08-12, 22.969999, 23.33, 22.5, 23.09, 469500.0, 23.09
2015-08-13, 23.27, 23.65, 23.25, 23.370001, 527400.0, 23.370001
2015-08-14, 23.299999, 23.860001, 23.059999, 23.85, 371500.0, 23.85
2015-08-17, 23.700001, 24.25, 23.35, 24.15, 603500.0, 24.15
2015-08-18, 24.15, 24.34, 23.34, 23.360001, 532900.0, 23.360001
2015-08-19, 23.200001, 23.459999, 23.0, 23.110001, 348900.0, 23.110001
2015-08-20, 22.99, 23.030001, 21.32, 21.360001, 839900.0, 21.360001
2015-08-21, 20.6, 21.309999, 20.540001, 21.040001, 1699100.0, 21.040001
2015-08-24, 19.67, 21.530001, 19.469999, 20.98, 1051900.0, 20.98
2015-08-25, 21.58, 21.58, 20.530001, 20.540001, 864900.0, 20.540001
2015-08-26, 21.0, 21.26, 20.440001, 21.209999, 624500.0, 21.209999
2015-08-27, 21.200001, 21.51, 19.530001, 19.92, 2288100.0, 19.92
2015-08-28, 19.85, 20.040001, 19.59, 19.91, 1256500.0, 19.91
2015-08-31, 19.83, 20.01, 19.219999, 19.24, 624100.0, 19.24
2015-09-01, 19.290001, 19.940001, 18.9, 18.98, 1725200.0, 18.98
2015-09-02, 19.43, 20.18, 19.219999, 20.02, 838200.0, 20.02
2015-09-03, 20.059999, 20.309999, 19.49, 19.870001, 1274500.0, 19.870001
2015-09-04, 19.17, 19.459999, 17.68, 18.280001, 5210200.0, 18.280001
2015-09-08, 18.4, 18.549999, 18.02, 18.51, 1459400.0, 18.51
2015-09-09, 18.6, 18.67, 18.1, 18.139999, 862600.0, 18.139999
2015-09-10, 18.209999, 18.25, 17.92, 18.030001, 582900.0, 18.030001
2015-09-11, 17.860001, 18.09, 17.67, 17.93, 730900.0, 17.93
2015-09-14, 17.91, 18.02, 17.719999, 17.889999, 538600.0, 17.889999
2015-09-15, 17.85, 17.93, 17.58, 17.809999, 632200.0, 17.809999
2015-09-16, 17.82, 17.82, 17.34, 17.65, 1074000.0, 17.65
2015-09-17, 17.66, 18.25, 17.41, 18.07, 842500.0, 18.07
2015-09-18, 17.85, 18.26, 17.799999, 18.110001, 979700.0, 18.110001
2015-09-21, 18.200001, 18.299999, 17.73, 17.76, 667000.0, 17.76
2015-09-22, 17.18, 17.469999, 16.889999, 17.190001, 1089800.0, 17.190001
2015-09-23, 17.219999, 17.24, 17.0, 17.07, 464100.0, 17.07
2015-09-24, 17.040001, 17.200001, 16.77, 17.059999, 590900.0, 17.059999
2015-09-25, 17.290001, 17.33, 16.42, 16.620001, 646600.0, 16.620001
2015-09-28, 16.6, 16.6, 15.91, 16.02, 984000.0, 16.02
2015-09-29, 15.86, 16.049999, 15.63, 15.8, 962000.0, 15.8
2015-09-30, 16.0, 16.049999, 15.42, 15.98, 1096200.0, 15.98
2015-10-01, 16.0, 16.360001, 15.76, 16.1, 962000.0, 16.1
2015-10-02, 15.95, 16.4, 15.68, 16.4, 833900.0, 16.4
2015-10-05, 16.440001, 16.629999, 16.299999, 16.450001, 611300.0, 16.450001
2015-10-06, 16.42, 16.530001, 15.93, 15.95, 738900.0, 15.95
2015-10-07, 16.07, 16.219999, 15.54, 16.01, 1590000.0, 16.01
2015-10-08, 16.02, 16.07, 15.7, 15.93, 761100.0, 15.93
2015-10-09, 15.93, 16.139999, 15.87, 16.049999, 557700.0, 16.049999
2015-10-12, 16.02, 16.02, 15.54, 15.81, 587800.0, 15.81
2015-10-13, 15.74, 15.93, 15.59, 15.71, 597000.0, 15.71
2015-10-14, 15.7, 15.87, 15.26, 15.62, 536400.0, 15.62
2015-10-15, 15.63, 16.15, 15.63, 16.129999, 362500.0, 16.129999
2015-10-16, 16.9, 17.07, 16.360001, 17.02, 1207100.0, 17.02
2015-10-19, 16.98, 17.0, 16.25, 16.469999, 1149500.0, 16.469999
2015-10-20, 16.459999, 16.84, 16.389999, 16.66, 498700.0, 16.66
2015-10-21, 16.73, 16.799999, 16.08, 16.15, 661800.0, 16.15
2015-10-22, 16.200001, 16.309999, 15.84, 16.200001, 1285100.0, 16.200001
2015-10-23, 16.299999, 16.459999, 16.0, 16.389999, 565000.0, 16.389999
2015-10-26, 16.34, 16.41, 16.02, 16.219999, 449800.0, 16.219999
2015-10-27, 16.129999, 16.299999, 16.040001, 16.23, 446100.0, 16.23
2015-10-28, 16.23, 16.49, 16.15, 16.48, 531200.0, 16.48
2015-10-29, 16.450001, 16.540001, 16.1, 16.25, 467200.0, 16.25
2015-10-30, 16.26, 16.35, 16.0, 16.309999, 608100.0, 16.309999
2015-11-02, 16.299999, 17.0, 16.219999, 16.57, 736700.0, 16.57
2015-11-03, 16.549999, 16.700001, 16.34, 16.549999, 610300.0, 16.549999
2015-11-04, 16.610001, 16.780001, 16.379999, 16.66, 386000.0, 16.66
2015-11-05, 16.58, 16.709999, 16.34, 16.51, 453000.0, 16.51
2015-11-06, 16.49, 16.719999, 16.33, 16.700001, 408400.0, 16.700001
2015-11-09, 16.700001, 16.77, 16.42, 16.57, 386200.0, 16.57
2015-11-10, 16.49, 16.49, 16.059999, 16.35, 384200.0, 16.35
2015-11-11, 16.35, 16.42, 15.99, 16.040001, 570600.0, 16.040001
2015-11-12, 15.92, 16.030001, 15.73, 15.81, 402600.0, 15.81
2015-11-13, 15.76, 15.83, 15.53, 15.7, 383400.0, 15.7
2015-11-16, 15.64, 15.88, 15.53, 15.8, 578300.0, 15.8
2015-11-17, 15.83, 15.88, 15.51, 15.6, 273200.0, 15.6
2015-11-18, 15.65, 15.68, 15.42, 15.61, 409400.0, 15.61
2015-11-19, 15.61, 15.94, 15.6, 15.8, 372000.0, 15.8
2015-11-20, 15.87, 16.190001, 15.77, 15.95, 358200.0, 15.95
2015-11-23, 15.92, 15.92, 15.73, 15.74, 250600.0, 15.74
2015-11-24, 14.5, 14.51, 13.22, 14.06, 4904100.0, 14.06
2015-11-25, 14.09, 15.1, 13.88, 14.55, 1219300.0, 14.55
2015-11-27, 14.54, 15.09, 14.53, 14.98, 383700.0, 14.98
2015-11-30, 15.03, 15.33, 14.64, 15.04, 1297500.0, 15.04
2015-12-01, 18.51, 18.690001, 17.66, 18.35, 6628600.0, 18.35
2015-12-02, 18.35, 18.799999, 18.18, 18.52, 1700400.0, 18.52
2015-12-03, 18.57, 18.700001, 18.09, 18.24, 761200.0, 18.24
2015-12-04, 18.42, 19.219999, 18.27, 18.98, 1582300.0, 18.98
2015-12-07, 19.049999, 19.139999, 18.76, 19.0, 945600.0, 19.0
2015-12-08, 18.879999, 19.25, 18.67, 18.870001, 1125300.0, 18.870001
2015-12-09, 18.780001, 19.25, 18.559999, 18.77, 850200.0, 18.77
2015-12-10, 18.780001, 19.0, 18.35, 18.42, 637500.0, 18.42
2015-12-11, 18.24, 18.5, 18.139999, 18.290001, 546300.0, 18.290001
2015-12-14, 18.4, 18.57, 18.25, 18.440001, 615400.0, 18.440001
2015-12-15, 18.530001, 19.08, 18.48, 18.85, 696700.0, 18.85
2015-12-16, 19.25, 19.33, 18.299999, 18.700001, 804300.0, 18.700001
2015-12-17, 18.84, 19.129999, 18.67, 18.9, 547600.0, 18.9
2015-12-18, 18.780001, 18.950001, 18.66, 18.700001, 1134300.0, 18.700001
2015-12-21, 18.809999, 18.940001, 18.530001, 18.67, 512100.0, 18.67
2015-12-22, 18.719999, 19.110001, 18.52, 19.01, 454800.0, 19.01
2015-12-23, 19.040001, 19.190001, 18.93, 19.059999, 533500.0, 19.059999
2015-12-24, 19.02, 19.15, 18.950001, 19.0, 137500.0, 19.0
2015-12-28, 18.950001, 19.15, 18.620001, 19.1, 494600.0, 19.1
2015-12-29, 19.139999, 19.309999, 18.68, 18.940001, 354200.0, 18.940001
2015-12-30, 18.940001, 19.02, 18.620001, 18.639999, 339500.0, 18.639999
2015-12-31, 18.639999, 18.860001, 18.370001, 18.389999, 474500.0, 18.389999
2016-01-04, 18.15, 18.370001, 17.76, 18.280001, 685100.0, 18.280001
2016-01-05, 18.33, 18.360001, 17.790001, 17.82, 564100.0, 17.82
2016-01-06, 17.620001, 17.74, 17.4, 17.48, 542700.0, 17.48
2016-01-07, 17.129999, 17.4, 16.93, 17.16, 731300.0, 17.16
2016-01-08, 17.18, 17.33, 16.6, 16.73, 945100.0, 16.73
2016-01-11, 16.76, 16.860001, 16.15, 16.48, 512000.0, 16.48
2016-01-12, 16.49, 16.65, 15.88, 16.17, 650800.0, 16.17
2016-01-13, 16.17, 16.5, 15.26, 15.46, 1063600.0, 15.46
2016-01-14, 15.48, 16.059999, 15.11, 15.89, 1057200.0, 15.89
2016-01-15, 15.39, 15.69, 14.95, 15.51, 630400.0, 15.51
2016-01-19, 15.57, 15.73, 15.04, 15.26, 624500.0, 15.26
2016-01-20, 14.99, 15.9, 14.2, 15.67, 1473100.0, 15.67
2016-01-21, 15.76, 15.94, 15.39, 15.46, 451000.0, 15.46
2016-01-22, 15.73, 16.09, 15.64, 15.84, 417300.0, 15.84
2016-01-25, 15.79, 16.32, 15.68, 16.030001, 976000.0, 16.030001
2016-01-26, 16.01, 16.309999, 15.76, 16.129999, 582000.0, 16.129999
2016-01-27, 16.0, 16.129999, 15.72, 15.85, 1254600.0, 15.85
2016-01-28, 15.95, 16.190001, 15.66, 15.81, 449500.0, 15.81
2016-01-29, 15.87, 16.41, 15.87, 16.139999, 486000.0, 16.139999
2016-02-01, 16.02, 16.43, 15.7, 16.120001, 345300.0, 16.120001
2016-02-02, 15.97, 16.280001, 15.69, 15.9, 1265300.0, 15.9
2016-02-03, 15.98, 16.290001, 15.67, 15.93, 459200.0, 15.93
2016-02-04, 15.84, 16.219999, 15.51, 15.89, 542200.0, 15.89
2016-02-05, 15.78, 15.92, 15.03, 15.21, 1193500.0, 15.21
2016-02-08, 14.97, 14.97, 14.35, 14.79, 615900.0, 14.79
2016-02-09, 15.21, 15.48, 14.61, 14.86, 1149500.0, 14.86
2016-02-10, 14.96, 15.29, 14.66, 14.72, 1010600.0, 14.72
2016-02-11, 14.5, 14.94, 14.36, 14.7, 596400.0, 14.7
2016-02-12, 14.81, 15.52, 14.4, 15.34, 945300.0, 15.34
2016-02-16, 15.47, 15.7, 15.35, 15.5, 761600.0, 15.5
2016-02-17, 15.62, 15.87, 15.58, 15.72, 860700.0, 15.72
2016-02-18, 15.75, 15.91, 15.56, 15.57, 521400.0, 15.57
2016-02-19, 15.56, 15.69, 15.39, 15.53, 565900.0, 15.53
2016-02-22, 15.68, 16.0, 15.59, 15.87, 440300.0, 15.87
2016-02-23, 15.77, 15.94, 15.66, 15.78, 306400.0, 15.78
2016-02-24, 15.55, 16.530001, 15.53, 16.25, 546800.0, 16.25
2016-02-25, 16.309999, 16.43, 15.65, 16.24, 876200.0, 16.24
2016-02-26, 14.99, 16.18, 14.77, 15.56, 1461300.0, 15.56
2016-02-29, 15.55, 16.09, 15.46, 15.48, 945000.0, 15.48
2016-03-01, 15.59, 15.82, 15.27, 15.77, 643600.0, 15.77
2016-03-02, 15.69, 16.030001, 15.67, 16.0, 397700.0, 16.0
2016-03-03, 15.97, 16.120001, 15.86, 15.95, 423600.0, 15.95
2016-03-04, 15.99, 16.16, 15.81, 15.92, 450300.0, 15.92
2016-03-07, 15.88, 16.25, 15.83, 16.16, 464400.0, 16.16
2016-03-08, 16.07, 16.18, 15.87, 15.89, 361000.0, 15.89
2016-03-09, 15.99, 16.08, 15.44, 15.52, 504200.0, 15.52
2016-03-10, 15.52, 15.72, 14.99, 15.35, 759800.0, 15.35
2016-03-11, 15.49, 15.67, 15.2, 15.62, 578900.0, 15.62
2016-03-14, 15.59, 15.74, 15.51, 15.53, 371900.0, 15.53
2016-03-15, 15.5, 15.66, 15.12, 15.41, 576900.0, 15.41
2016-03-16, 15.3, 15.55, 15.05, 15.5, 767100.0, 15.5
2016-03-17, 15.47, 16.129999, 15.47, 16.040001, 835800.0, 16.040001
2016-03-18, 16.18, 16.360001, 15.98, 16.25, 983100.0, 16.25
2016-03-21, 16.190001, 16.43, 16.08, 16.26, 656200.0, 16.26
2016-03-22, 16.17, 16.92, 16.1, 16.709999, 984500.0, 16.709999
2016-03-23, 16.68, 17.09, 16.5, 16.549999, 833400.0, 16.549999
2016-03-24, 16.43, 16.58, 16.110001, 16.32, 868300.0, 16.32
2016-03-28, 16.35, 16.66, 16.0, 16.48, 750900.0, 16.48
2016-03-29, 16.48, 17.280001, 16.459999, 17.129999, 1034500.0, 17.129999
2016-03-30, 17.15, 17.299999, 16.799999, 17.059999, 601100.0, 17.059999
2016-03-31, 17.049999, 17.129999, 16.860001, 17.1, 618000.0, 17.1
2016-04-01, 16.969999, 17.1, 16.719999, 16.969999, 479200.0, 16.969999
2016-04-04, 16.99, 17.139999, 16.940001, 17.01, 576800.0, 17.01
2016-04-05, 16.85, 16.99, 16.77, 16.82, 414700.0, 16.82
2016-04-06, 15.95, 16.0, 15.1, 15.83, 1750100.0, 15.83
2016-04-07, 15.64, 15.92, 15.29, 15.39, 514300.0, 15.39
2016-04-08, 15.46, 15.61, 14.77, 14.8, 1145100.0, 14.8
2016-04-11, 14.84, 14.84, 14.07, 14.2, 2023400.0, 14.2
2016-04-12, 14.17, 14.34, 13.87, 14.21, 2348600.0, 14.21
2016-04-13, 14.0, 14.7, 13.9, 14.64, 8383500.0, 14.64
2016-04-14, 14.69, 15.37, 14.66, 15.14, 3250400.0, 15.14
2016-04-15, 15.1, 15.26, 14.68, 14.71, 1930700.0, 14.71
2016-04-18, 14.67, 15.07, 14.57, 14.99, 1813500.0, 14.99
2016-04-19, 15.01, 15.18, 14.75, 14.89, 1403700.0, 14.89
2016-04-20, 14.91, 15.59, 14.91, 15.36, 1220000.0, 15.36
2016-04-21, 15.43, 15.62, 15.04, 15.14, 1069300.0, 15.14
2016-04-22, 15.11, 15.51, 15.11, 15.37, 1028000.0, 15.37
2016-04-25, 16.07, 16.57, 15.89, 16.23, 3201100.0, 16.23
2016-04-26, 16.25, 16.860001, 16.07, 16.809999, 2370600.0, 16.809999
2016-04-27, 16.790001, 17.02, 16.5, 16.85, 1192100.0, 16.85
2016-04-28, 16.82, 17.08, 16.639999, 16.799999, 498900.0, 16.799999
2016-04-29, 16.82, 16.9, 16.610001, 16.73, 659400.0, 16.73
2016-05-02, 16.77, 17.01, 16.67, 16.99, 691600.0, 16.99
2016-05-03, 16.860001, 17.0, 16.58, 16.629999, 494200.0, 16.629999
2016-05-04, 16.549999, 16.66, 16.4, 16.48, 720600.0, 16.48
2016-05-05, 16.48, 16.5, 16.02, 16.059999, 712500.0, 16.059999
2016-05-06, 15.94, 15.94, 15.39, 15.6, 838800.0, 15.6
2016-05-09, 15.55, 15.87, 15.14, 15.52, 1536100.0, 15.52
2016-05-10, 14.74, 15.55, 14.5, 15.44, 3045300.0, 15.44
2016-05-11, 15.48, 15.93, 15.3, 15.31, 1040900.0, 15.31
2016-05-12, 18.15, 19.370001, 18.0, 19.040001, 5628600.0, 19.040001
2016-05-13, 18.959999, 18.99, 18.43, 18.469999, 1396400.0, 18.469999
2016-05-16, 18.02, 18.450001, 18.02, 18.27, 1000400.0, 18.27
2016-05-17, 18.280001, 18.84, 18.1, 18.200001, 713100.0, 18.200001
2016-05-18, 18.15, 18.469999, 18.09, 18.32, 707300.0, 18.32
2016-05-19, 18.25, 18.6, 18.1, 18.26, 550200.0, 18.26
2016-05-20, 18.309999, 18.41, 18.18, 18.389999, 456100.0, 18.389999
2016-05-23, 18.389999, 18.639999, 18.25, 18.469999, 467700.0, 18.469999
2016-05-24, 18.52, 18.92, 18.25, 18.469999, 839700.0, 18.469999
2016-05-25, 18.5, 18.719999, 18.299999, 18.629999, 632600.0, 18.629999
2016-05-26, 19.32, 20.049999, 18.440001, 18.48, 735900.0, 18.48
2016-05-27, 18.42, 18.9, 18.27, 18.65, 555400.0, 18.65
2016-05-31, 18.700001, 19.01, 18.610001, 18.809999, 602500.0, 18.809999
2016-06-01, 18.790001, 19.879999, 18.200001, 19.540001, 2750000.0, 19.540001
2016-06-02, 19.469999, 19.93, 19.389999, 19.75, 923400.0, 19.75
2016-06-03, 19.690001, 19.77, 19.379999, 19.41, 455900.0, 19.41
2016-06-06, 19.360001, 19.629999, 19.299999, 19.450001, 557200.0, 19.450001
2016-06-07, 19.440001, 19.49, 19.08, 19.219999, 542800.0, 19.219999
2016-06-08, 19.219999, 19.549999, 19.15, 19.52, 583200.0, 19.52
2016-06-09, 19.43, 19.629999, 18.799999, 18.809999, 620800.0, 18.809999
2016-06-10, 18.66, 18.74, 18.43, 18.629999, 974100.0, 18.629999
2016-06-13, 18.549999, 18.68, 18.23, 18.33, 764700.0, 18.33
2016-06-14, 18.25, 18.52, 18.219999, 18.370001, 759700.0, 18.370001
2016-06-15, 18.35, 18.67, 18.25, 18.620001, 631000.0, 18.620001
2016-06-16, 18.469999, 18.969999, 18.280001, 18.9, 1052200.0, 18.9
2016-06-17, 18.9, 18.959999, 18.48, 18.68, 1091700.0, 18.68
2016-06-20, 18.84, 19.02, 18.700001, 18.73, 602400.0, 18.73
2016-06-21, 18.67, 18.68, 18.35, 18.610001, 797900.0, 18.610001
2016-06-22, 18.610001, 18.799999, 18.43, 18.48, 473000.0, 18.48
2016-06-23, 18.540001, 19.02, 18.540001, 19.0, 585100.0, 19.0
2016-06-24, 18.209999, 18.469999, 18.049999, 18.059999, 1045300.0, 18.059999
2016-06-27, 17.93, 17.98, 17.309999, 17.450001, 930100.0, 17.450001
2016-06-28, 17.700001, 17.950001, 17.48, 17.51, 840600.0, 17.51
2016-06-29, 17.709999, 18.200001, 17.68, 18.07, 640800.0, 18.07
2016-06-30, 18.17, 18.76, 18.15, 18.76, 514900.0, 18.76
2016-07-01, 18.719999, 19.030001, 18.66, 18.75, 414400.0, 18.75
2016-07-05, 18.65, 18.74, 18.42, 18.5, 409600.0, 18.5
2016-07-06, 18.35, 18.690001, 18.16, 18.48, 370000.0, 18.48
