2010-01-20, 16.65, 16.65, 16.65, 16.65, 0.0, 11.0
2010-01-21, 16.65, 16.65, 16.65, 16.65, 0.0, 11.0
2010-01-22, 16.65, 16.65, 16.65, 16.65, 0.0, 11.0
2010-01-25, 16.65, 16.65, 16.65, 16.65, 0.0, 11.0
2010-01-26, 16.65, 16.65, 16.65, 16.65, 0.0, 11.0
2010-01-27, 16.65, 16.65, 16.65, 16.65, 0.0, 11.0
2010-01-28, 16.65, 16.65, 16.65, 16.65, 0.0, 11.0
2010-01-29, 16.65, 16.65, 16.65, 16.65, 0.0, 11.0
2010-02-01, 16.65, 16.65, 16.65, 16.65, 0.0, 11.0
2010-02-02, 16.65, 16.65, 16.65, 16.65, 0.0, 11.0
2010-02-03, 16.65, 16.65, 16.65, 16.65, 0.0, 11.0
2010-02-04, 16.65, 16.65, 16.65, 16.65, 0.0, 11.0
2010-02-05, 16.65, 16.65, 16.65, 16.65, 0.0, 11.0
2010-02-08, 16.65, 16.65, 16.65, 16.65, 0.0, 11.0
2010-02-09, 16.65, 16.65, 16.65, 16.65, 0.0, 11.0
2010-02-10, 16.65, 16.65, 16.65, 16.65, 0.0, 11.0
2010-02-11, 16.65, 16.65, 16.65, 16.65, 0.0, 11.0
2010-02-12, 16.65, 16.65, 16.65, 16.65, 0.0, 11.0
2010-02-16, 16.65, 16.65, 16.65, 16.65, 0.0, 11.0
2010-02-17, 16.65, 16.65, 16.65, 16.65, 0.0, 11.0
2010-02-18, 16.65, 16.65, 16.65, 16.65, 0.0, 11.0
2010-02-19, 14.5, 14.5, 14.25, 14.25, 500.0, 9.41
2010-02-22, 14.25, 14.25, 14.25, 14.25, 0.0, 9.41
2010-02-23, 14.25, 14.25, 14.25, 14.25, 0.0, 9.41
2010-02-24, 14.25, 14.25, 14.25, 14.25, 0.0, 9.41
2010-02-25, 14.25, 14.25, 14.25, 14.25, 0.0, 9.41
2010-02-26, 14.25, 14.25, 14.25, 14.25, 0.0, 9.41
2010-03-01, 14.25, 14.25, 14.25, 14.25, 0.0, 9.41
2010-03-02, 13.25, 13.25, 13.25, 13.25, 200.0, 8.75
2010-03-03, 13.25, 13.25, 13.25, 13.25, 0.0, 8.75
2010-03-04, 13.25, 13.25, 13.25, 13.25, 0.0, 8.75
2010-03-05, 13.25, 13.25, 13.25, 13.25, 0.0, 8.75
2010-03-08, 13.55, 13.55, 13.55, 13.55, 600.0, 8.95
2010-03-09, 13.55, 13.55, 13.55, 13.55, 0.0, 8.95
2010-03-10, 13.55, 13.55, 13.55, 13.55, 0.0, 8.95
2010-03-11, 13.55, 13.55, 13.55, 13.55, 0.0, 8.95
2010-03-12, 13.55, 13.55, 13.55, 13.55, 0.0, 8.95
2010-03-15, 13.55, 13.55, 13.55, 13.55, 0.0, 8.95
2010-03-16, 13.55, 13.55, 13.55, 13.55, 0.0, 8.95
2010-03-17, 13.55, 13.55, 13.55, 13.55, 0.0, 8.95
2010-03-18, 13.5, 13.5, 13.5, 13.5, 400.0, 8.92
2010-03-19, 13.5, 13.5, 13.5, 13.5, 0.0, 8.92
2010-03-22, 13.5, 13.5, 13.5, 13.5, 0.0, 8.92
2010-03-23, 13.5, 13.5, 13.5, 13.5, 0.0, 8.92
2010-03-24, 13.5, 13.5, 13.5, 13.5, 0.0, 8.92
2010-03-25, 13.5, 13.5, 13.5, 13.5, 0.0, 8.92
2010-03-26, 13.5, 13.5, 13.5, 13.5, 0.0, 8.92
2010-03-29, 13.5, 13.5, 13.5, 13.5, 0.0, 8.92
2010-03-30, 13.5, 13.5, 13.5, 13.5, 0.0, 8.92
2010-03-31, 13.6, 13.6, 13.6, 13.6, 1200.0, 8.99
2010-04-01, 13.6, 13.6, 13.6, 13.6, 0.0, 8.99
2010-04-05, 13.6, 13.6, 13.6, 13.6, 0.0, 8.99
2010-04-06, 13.6, 13.6, 13.6, 13.6, 0.0, 8.99
2010-04-07, 14.1, 14.1, 14.1, 14.1, 500.0, 9.32
2010-04-08, 14.1, 14.1, 14.1, 14.1, 0.0, 9.32
2010-04-09, 14.1, 14.1, 14.1, 14.1, 0.0, 9.32
2010-04-12, 14.1, 14.1, 14.1, 14.1, 0.0, 9.32
2010-04-13, 14.1, 14.1, 14.1, 14.1, 0.0, 9.32
2010-04-14, 14.1, 14.1, 14.1, 14.1, 0.0, 9.32
2010-04-15, 14.1, 14.1, 14.1, 14.1, 0.0, 9.32
2010-04-16, 14.1, 14.1, 14.1, 14.1, 0.0, 9.32
2010-04-19, 14.1, 14.1, 14.1, 14.1, 0.0, 9.32
2010-04-20, 14.1, 14.1, 14.1, 14.1, 0.0, 9.32
2010-04-21, 14.1, 14.1, 14.1, 14.1, 0.0, 9.32
2010-04-22, 14.1, 14.1, 14.1, 14.1, 0.0, 9.32
2010-04-23, 14.1, 14.1, 14.1, 14.1, 0.0, 9.32
2010-04-26, 14.1, 14.1, 14.1, 14.1, 0.0, 9.32
2010-04-27, 14.1, 14.1, 14.1, 14.1, 0.0, 9.32
2010-04-28, 14.1, 14.1, 14.1, 14.1, 0.0, 9.32
2010-04-29, 14.1, 14.1, 14.1, 14.1, 0.0, 9.32
2010-04-30, 14.1, 14.1, 14.1, 14.1, 0.0, 9.32
2010-05-03, 14.1, 14.1, 14.1, 14.1, 0.0, 9.32
2010-05-04, 14.1, 14.1, 14.1, 14.1, 0.0, 9.59
2010-05-05, 12.8, 12.8, 12.8, 12.8, 800.0, 8.71
2010-05-06, 12.8, 12.8, 12.8, 12.8, 0.0, 8.71
2010-05-07, 12.75, 12.75, 12.75, 12.75, 400.0, 8.67
2010-05-10, 12.75, 12.75, 12.75, 12.75, 0.0, 8.67
2010-05-11, 12.75, 12.75, 12.75, 12.75, 0.0, 8.67
2010-05-12, 12.75, 12.75, 12.75, 12.75, 0.0, 8.67
2010-05-13, 12.75, 12.75, 12.75, 12.75, 0.0, 8.67
2010-05-14, 12.75, 12.75, 12.75, 12.75, 0.0, 8.67
2010-05-17, 12.75, 12.75, 12.75, 12.75, 0.0, 8.67
2010-05-18, 12.75, 12.75, 12.75, 12.75, 0.0, 8.83
2010-05-19, 12.75, 12.75, 12.75, 12.75, 0.0, 8.83
2010-05-20, 12.75, 12.75, 12.75, 12.75, 0.0, 8.83
2010-05-21, 12.75, 12.75, 12.75, 12.75, 0.0, 8.83
2010-05-24, 12.75, 12.75, 12.75, 12.75, 0.0, 8.83
2010-05-25, 12.75, 12.75, 12.75, 12.75, 0.0, 8.83
2010-05-26, 10.5, 10.5, 10.5, 10.5, 600.0, 7.27
2010-05-27, 10.5, 10.5, 10.5, 10.5, 0.0, 7.27
2010-05-28, 10.5, 10.5, 10.5, 10.5, 0.0, 7.27
2010-06-01, 10.5, 10.5, 10.5, 10.5, 0.0, 7.27
2010-06-02, 10.5, 10.5, 10.5, 10.5, 0.0, 7.27
2010-06-03, 10.5, 10.5, 10.5, 10.5, 0.0, 7.27
2010-06-04, 10.5, 10.5, 10.5, 10.5, 0.0, 7.27
2010-06-07, 10.5, 10.5, 10.5, 10.5, 0.0, 7.27
2010-06-08, 10.5, 10.5, 10.5, 10.5, 0.0, 7.27
2010-06-09, 10.5, 10.5, 10.5, 10.5, 0.0, 7.27
2010-06-10, 10.5, 10.5, 10.5, 10.5, 0.0, 7.27
2010-06-11, 10.5, 10.5, 10.5, 10.5, 0.0, 7.27
2010-06-14, 10.5, 10.5, 10.5, 10.5, 0.0, 7.27
2010-06-15, 10.5, 10.5, 10.5, 10.5, 0.0, 7.27
2010-06-16, 10.5, 10.5, 10.5, 10.5, 0.0, 7.27
2010-06-17, 10.5, 10.5, 10.5, 10.5, 0.0, 7.27
2010-06-18, 10.5, 10.5, 10.5, 10.5, 0.0, 7.27
2010-06-21, 10.5, 10.5, 10.5, 10.5, 0.0, 7.27
2010-06-22, 10.5, 10.5, 10.5, 10.5, 0.0, 7.27
2010-06-23, 10.5, 10.5, 10.5, 10.5, 0.0, 7.27
2010-06-24, 10.5, 10.5, 10.5, 10.5, 0.0, 7.27
2010-06-25, 12.1, 12.1, 12.1, 12.1, 200.0, 8.38
2010-06-28, 12.1, 12.1, 12.1, 12.1, 0.0, 8.38
2010-06-29, 12.1, 12.1, 12.1, 12.1, 0.0, 8.38
2010-06-30, 12.1, 12.1, 12.1, 12.1, 0.0, 8.38
2010-07-01, 12.1, 12.1, 12.1, 12.1, 0.0, 8.38
2010-07-02, 12.1, 12.1, 12.1, 12.1, 0.0, 8.38
2010-07-06, 12.1, 12.1, 12.1, 12.1, 0.0, 8.38
2010-07-07, 12.1, 12.1, 12.1, 12.1, 0.0, 8.38
2010-07-08, 12.1, 12.1, 12.1, 12.1, 0.0, 8.38
2010-07-09, 12.1, 12.1, 12.1, 12.1, 0.0, 8.38
2010-07-12, 12.1, 12.1, 12.1, 12.1, 0.0, 8.38
2010-07-13, 12.1, 12.1, 12.1, 12.1, 0.0, 8.38
2010-07-14, 12.1, 12.1, 12.1, 12.1, 0.0, 8.38
2010-07-15, 12.1, 12.1, 12.1, 12.1, 0.0, 8.38
2010-07-16, 12.1, 12.1, 12.1, 12.1, 0.0, 8.38
2010-07-19, 12.1, 12.1, 12.1, 12.1, 0.0, 8.38
2010-07-20, 13.0, 13.0, 13.0, 13.0, 300.0, 9.01
2010-07-21, 13.0, 13.0, 13.0, 13.0, 0.0, 9.01
2010-07-22, 13.0, 13.0, 13.0, 13.0, 0.0, 9.01
2010-07-23, 13.0, 13.0, 13.0, 13.0, 0.0, 9.01
2010-07-26, 13.0, 13.0, 13.0, 13.0, 0.0, 9.01
2010-07-27, 13.0, 13.0, 13.0, 13.0, 0.0, 9.01
2010-07-28, 13.0, 13.0, 13.0, 13.0, 0.0, 9.01
2010-07-29, 13.0, 13.0, 13.0, 13.0, 0.0, 9.01
2010-07-30, 13.0, 13.0, 13.0, 13.0, 0.0, 9.01
2010-08-02, 13.0, 13.0, 13.0, 13.0, 0.0, 9.01
2010-08-03, 13.0, 13.0, 13.0, 13.0, 0.0, 9.01
2010-08-04, 13.0, 13.0, 13.0, 13.0, 0.0, 9.01
2010-08-05, 13.0, 13.0, 13.0, 13.0, 0.0, 9.01
2010-08-06, 13.0, 13.0, 13.0, 13.0, 0.0, 9.01
2010-08-09, 13.0, 13.0, 13.0, 13.0, 0.0, 9.01
2010-08-10, 13.0, 13.0, 13.0, 13.0, 0.0, 9.01
2010-08-11, 13.0, 13.0, 13.0, 13.0, 0.0, 9.01
2010-08-12, 13.0, 13.0, 13.0, 13.0, 0.0, 9.01
2010-08-13, 13.0, 13.0, 13.0, 13.0, 0.0, 9.01
2010-08-16, 13.0, 13.0, 13.0, 13.0, 0.0, 9.01
2010-08-17, 13.0, 13.0, 13.0, 13.0, 0.0, 9.01
2010-08-18, 13.0, 13.0, 13.0, 13.0, 0.0, 9.01
2010-08-19, 13.0, 13.0, 13.0, 13.0, 0.0, 9.01
2010-08-20, 13.0, 13.0, 13.0, 13.0, 0.0, 9.01
2010-08-23, 13.0, 13.0, 13.0, 13.0, 0.0, 9.01
2010-08-24, 13.0, 13.0, 13.0, 13.0, 0.0, 9.01
2010-08-25, 13.0, 13.0, 13.0, 13.0, 0.0, 9.01
2010-08-26, 13.0, 13.0, 13.0, 13.0, 0.0, 9.01
2010-08-27, 13.0, 13.0, 13.0, 13.0, 0.0, 9.01
2010-08-30, 13.0, 13.0, 13.0, 13.0, 0.0, 9.01
2010-08-31, 13.0, 13.0, 13.0, 13.0, 0.0, 9.01
2010-09-01, 13.0, 13.0, 13.0, 13.0, 0.0, 9.01
2010-09-02, 13.0, 13.0, 13.0, 13.0, 0.0, 9.01
2010-09-03, 13.0, 13.0, 13.0, 13.0, 0.0, 9.01
2010-09-07, 13.0, 13.0, 13.0, 13.0, 0.0, 9.19
2010-09-08, 13.0, 13.0, 13.0, 13.0, 0.0, 9.19
2010-09-09, 13.0, 13.0, 13.0, 13.0, 0.0, 9.19
2010-09-10, 13.0, 13.0, 13.0, 13.0, 0.0, 9.19
2010-09-13, 13.0, 13.0, 13.0, 13.0, 0.0, 9.19
2010-09-14, 13.0, 13.0, 13.0, 13.0, 0.0, 9.19
2010-09-15, 13.0, 13.0, 13.0, 13.0, 0.0, 9.19
2010-09-16, 13.0, 13.0, 13.0, 13.0, 0.0, 9.19
2010-09-17, 13.0, 13.0, 13.0, 13.0, 0.0, 9.19
2010-09-20, 13.0, 13.0, 13.0, 13.0, 0.0, 9.19
2010-09-21, 13.0, 13.0, 13.0, 13.0, 0.0, 9.19
2010-09-22, 13.0, 13.0, 13.0, 13.0, 0.0, 9.19
2010-09-23, 13.0, 13.0, 13.0, 13.0, 0.0, 9.19
2010-09-24, 13.0, 13.0, 13.0, 13.0, 0.0, 9.19
2010-09-27, 13.0, 13.0, 13.0, 13.0, 0.0, 9.19
2010-09-28, 14.0, 14.0, 14.0, 14.0, 200.0, 9.9
2010-09-29, 14.0, 14.0, 14.0, 14.0, 0.0, 9.9
2010-09-30, 14.0, 14.0, 14.0, 14.0, 0.0, 9.9
2010-10-01, 14.0, 14.0, 14.0, 14.0, 0.0, 9.9
2010-10-04, 14.0, 14.0, 14.0, 14.0, 0.0, 9.9
2010-10-05, 14.0, 14.0, 14.0, 14.0, 0.0, 9.9
2010-10-06, 14.0, 14.0, 14.0, 14.0, 0.0, 9.9
2010-10-07, 14.0, 14.0, 14.0, 14.0, 0.0, 9.9
2010-10-08, 14.0, 14.0, 14.0, 14.0, 0.0, 9.9
2010-10-11, 14.0, 14.0, 14.0, 14.0, 0.0, 9.9
2010-10-12, 14.0, 14.0, 14.0, 14.0, 0.0, 9.9
2010-10-13, 14.0, 14.0, 14.0, 14.0, 0.0, 9.9
2010-10-14, 14.0, 14.0, 14.0, 14.0, 0.0, 9.9
2010-10-15, 14.0, 14.0, 14.0, 14.0, 0.0, 9.9
2010-10-18, 14.0, 14.0, 14.0, 14.0, 0.0, 9.9
2010-10-19, 14.0, 14.0, 14.0, 14.0, 0.0, 9.9
2010-10-20, 14.0, 14.0, 14.0, 14.0, 0.0, 9.9
2010-10-21, 14.0, 14.0, 14.0, 14.0, 0.0, 9.9
2010-10-22, 14.0, 14.0, 14.0, 14.0, 0.0, 9.9
2010-10-25, 14.0, 14.0, 14.0, 14.0, 0.0, 9.9
2010-10-26, 14.0, 14.0, 14.0, 14.0, 0.0, 9.9
2010-10-27, 14.0, 14.0, 14.0, 14.0, 0.0, 9.9
2010-10-28, 14.0, 14.0, 14.0, 14.0, 0.0, 9.9
2010-10-29, 14.0, 14.0, 14.0, 14.0, 0.0, 9.9
2010-11-01, 14.0, 14.0, 14.0, 14.0, 0.0, 9.9
2010-11-02, 14.0, 14.0, 14.0, 14.0, 0.0, 9.9
2010-11-03, 14.0, 14.0, 14.0, 14.0, 0.0, 9.9
2010-11-04, 14.0, 14.0, 14.0, 14.0, 0.0, 9.9
2010-11-05, 14.0, 14.0, 14.0, 14.0, 0.0, 9.9
2010-11-08, 14.0, 14.0, 14.0, 14.0, 0.0, 9.9
2010-11-09, 14.0, 14.0, 14.0, 14.0, 0.0, 9.9
2010-11-10, 13.45, 13.45, 13.45, 13.45, 400.0, 9.51
2010-11-11, 13.45, 13.45, 13.45, 13.45, 0.0, 9.51
2010-11-12, 13.45, 13.45, 13.45, 13.45, 0.0, 9.51
2010-11-15, 13.4, 13.4, 13.4, 13.4, 700.0, 9.48
2010-11-16, 13.4, 13.4, 13.4, 13.4, 0.0, 9.48
2010-11-17, 13.4, 13.4, 13.4, 13.4, 0.0, 9.48
2010-11-18, 13.4, 13.4, 13.4, 13.4, 0.0, 9.48
2010-11-19, 13.5, 13.5, 13.5, 13.5, 100.0, 9.55
2010-11-22, 13.5, 13.5, 13.5, 13.5, 0.0, 9.55
2010-11-23, 13.5, 13.5, 13.5, 13.5, 0.0, 9.55
2010-11-24, 13.5, 13.5, 13.5, 13.5, 0.0, 9.55
2010-11-26, 13.5, 13.5, 13.5, 13.5, 0.0, 9.55
2010-11-29, 13.5, 13.5, 13.5, 13.5, 0.0, 9.55
2010-11-30, 11.75, 11.85, 11.75, 11.85, 400.0, 8.38
2010-12-01, 11.85, 11.85, 11.85, 11.85, 0.0, 8.38
2010-12-02, 12.15, 12.15, 12.15, 12.15, 100.0, 8.59
2010-12-03, 12.15, 12.15, 12.15, 12.15, 0.0, 8.59
2010-12-06, 12.65, 12.65, 12.65, 12.65, 100.0, 8.95
2010-12-07, 11.75, 11.75, 11.75, 11.75, 500.0, 8.31
2010-12-08, 11.75, 11.75, 11.75, 11.75, 0.0, 8.31
2010-12-09, 12.5, 12.5, 12.5, 12.5, 200.0, 8.84
2010-12-10, 12.5, 12.5, 12.5, 12.5, 0.0, 8.84
2010-12-13, 12.5, 12.5, 12.5, 12.5, 0.0, 8.84
2010-12-14, 12.5, 12.5, 12.5, 12.5, 0.0, 8.84
2010-12-15, 12.5, 12.5, 12.5, 12.5, 0.0, 8.84
2010-12-16, 12.5, 12.5, 12.5, 12.5, 0.0, 8.84
2010-12-17, 12.5, 12.5, 12.5, 12.5, 0.0, 8.84
2010-12-20, 12.5, 12.5, 12.5, 12.5, 0.0, 8.84
2010-12-21, 12.5, 12.5, 12.5, 12.5, 0.0, 8.84
2010-12-22, 12.5, 12.5, 12.5, 12.5, 300.0, 9.13
2010-12-23, 12.5, 12.5, 12.5, 12.5, 0.0, 9.13
2010-12-27, 12.5, 12.5, 12.5, 12.5, 0.0, 9.13
2010-12-28, 11.35, 11.35, 11.35, 11.35, 700.0, 8.29
2010-12-29, 11.35, 11.35, 11.35, 11.35, 0.0, 8.29
2010-12-30, 11.35, 11.35, 11.35, 11.35, 0.0, 8.29
2010-12-31, 11.35, 11.35, 11.35, 11.35, 0.0, 8.29
2011-01-03, 11.35, 11.35, 11.35, 11.35, 0.0, 8.29
2011-01-04, 11.35, 11.35, 11.35, 11.35, 0.0, 8.29
2011-01-05, 11.35, 11.35, 11.35, 11.35, 0.0, 8.29
2011-01-06, 11.4, 11.4, 11.4, 11.4, 200.0, 8.33
2011-01-07, 11.4, 11.4, 11.4, 11.4, 0.0, 8.33
2011-01-10, 11.4, 11.4, 11.4, 11.4, 0.0, 8.33
2011-01-11, 11.4, 11.4, 11.4, 11.4, 0.0, 8.33
2011-01-12, 11.4, 11.4, 11.4, 11.4, 0.0, 8.33
2011-01-13, 12.35, 12.35, 12.35, 12.35, 500.0, 9.02
2011-01-14, 12.35, 12.35, 12.35, 12.35, 0.0, 9.02
2011-01-18, 12.35, 12.35, 12.35, 12.35, 0.0, 9.02
2011-01-19, 12.35, 12.35, 12.35, 12.35, 0.0, 9.02
2011-01-20, 12.35, 12.35, 12.35, 12.35, 0.0, 9.02
2011-01-21, 12.35, 12.35, 12.35, 12.35, 0.0, 9.02
2011-01-24, 12.35, 12.35, 12.35, 12.35, 0.0, 9.02
2011-01-25, 12.35, 12.35, 12.35, 12.35, 0.0, 9.02
2011-01-26, 12.35, 12.35, 12.35, 12.35, 0.0, 9.02
2011-01-27, 12.35, 12.35, 12.35, 12.35, 0.0, 9.02
2011-01-28, 12.35, 12.35, 12.35, 12.35, 0.0, 9.02
2011-01-31, 12.35, 12.35, 12.35, 12.35, 0.0, 9.02
2011-02-01, 12.35, 12.35, 12.35, 12.35, 0.0, 9.02
2011-02-02, 12.35, 12.35, 12.35, 12.35, 0.0, 9.02
2011-02-03, 12.35, 12.35, 12.35, 12.35, 0.0, 9.02
2011-02-04, 12.35, 12.35, 12.35, 12.35, 0.0, 9.02
2011-02-07, 12.35, 12.35, 12.35, 12.35, 0.0, 9.02
2011-02-08, 12.35, 12.35, 12.35, 12.35, 0.0, 9.02
2011-02-09, 12.35, 12.35, 12.35, 12.35, 0.0, 9.02
2011-02-10, 12.35, 12.35, 12.35, 12.35, 0.0, 9.02
2011-02-11, 12.35, 12.35, 12.35, 12.35, 0.0, 9.02
2011-02-14, 12.35, 12.35, 12.35, 12.35, 0.0, 9.02
2011-02-15, 15.8, 15.8, 15.8, 15.8, 200.0, 11.54
2011-02-16, 15.8, 15.8, 15.8, 15.8, 0.0, 11.54
2011-02-17, 15.8, 15.8, 15.8, 15.8, 0.0, 11.54
2011-02-18, 15.8, 15.8, 15.8, 15.8, 0.0, 11.54
2011-02-22, 15.8, 15.8, 15.8, 15.8, 0.0, 11.54
2011-02-23, 15.8, 15.8, 15.8, 15.8, 0.0, 11.54
2011-02-24, 15.8, 15.8, 15.8, 15.8, 0.0, 11.54
2011-02-25, 15.8, 15.8, 15.8, 15.8, 0.0, 11.54
2011-02-28, 15.8, 15.8, 15.8, 15.8, 0.0, 11.54
2011-03-01, 15.8, 15.8, 15.8, 15.8, 0.0, 11.54
2011-03-02, 15.8, 15.8, 15.8, 15.8, 0.0, 11.54
2011-03-03, 15.8, 15.8, 15.8, 15.8, 0.0, 11.54
2011-03-04, 15.8, 15.8, 15.8, 15.8, 0.0, 11.54
2011-03-07, 15.8, 15.8, 15.8, 15.8, 0.0, 11.54
2011-03-08, 15.8, 15.8, 15.8, 15.8, 0.0, 11.54
2011-03-09, 15.8, 15.8, 15.8, 15.8, 0.0, 11.54
2011-03-10, 15.8, 15.8, 15.8, 15.8, 0.0, 11.54
2011-03-11, 15.8, 15.8, 15.8, 15.8, 0.0, 11.54
2011-03-14, 15.8, 15.8, 15.8, 15.8, 0.0, 11.54
2011-03-15, 15.8, 15.8, 15.8, 15.8, 0.0, 11.54
2011-03-16, 15.8, 15.8, 15.8, 15.8, 0.0, 11.54
2011-03-17, 15.8, 15.8, 15.8, 15.8, 0.0, 11.54
2011-03-18, 15.8, 15.8, 15.8, 15.8, 0.0, 11.54
2011-03-21, 15.8, 15.8, 15.8, 15.8, 0.0, 11.54
2011-03-22, 15.8, 15.8, 15.8, 15.8, 0.0, 11.54
2011-03-23, 15.8, 15.8, 15.8, 15.8, 0.0, 11.54
2011-03-24, 15.8, 15.8, 15.8, 15.8, 0.0, 11.54
2011-03-25, 15.8, 15.8, 15.8, 15.8, 0.0, 11.54
2011-03-28, 15.8, 15.8, 15.8, 15.8, 0.0, 11.54
2011-03-29, 15.2, 15.25, 15.2, 15.2, 7300.0, 11.1
2011-03-30, 15.2, 15.2, 15.2, 15.2, 400.0, 11.1
2011-03-31, 15.15, 15.15, 15.15, 15.15, 200.0, 11.07
2011-04-01, 15.15, 15.15, 15.15, 15.15, 0.0, 11.07
2011-04-04, 15.15, 15.15, 15.15, 15.15, 0.0, 11.07
2011-04-05, 15.15, 15.15, 15.15, 15.15, 0.0, 11.07
2011-04-06, 15.15, 15.15, 15.15, 15.15, 0.0, 11.07
2011-04-07, 15.15, 15.15, 15.15, 15.15, 0.0, 11.07
2011-04-08, 15.15, 15.15, 15.15, 15.15, 0.0, 11.07
2011-04-11, 15.15, 15.15, 15.15, 15.15, 0.0, 11.07
2011-04-12, 15.15, 15.15, 15.15, 15.15, 0.0, 11.07
2011-04-13, 15.15, 15.15, 15.15, 15.15, 0.0, 11.07
2011-04-14, 15.15, 15.15, 15.15, 15.15, 0.0, 11.07
2011-04-15, 15.15, 15.15, 15.15, 15.15, 300.0, 11.07
2011-04-18, 15.7, 15.7, 15.7, 15.7, 200.0, 11.47
2011-04-19, 15.85, 15.85, 15.85, 15.85, 800.0, 11.58
2011-04-20, 15.85, 15.85, 15.85, 15.85, 0.0, 11.58
2011-04-21, 15.85, 15.85, 15.85, 15.85, 0.0, 11.58
2011-04-25, 15.85, 15.85, 15.85, 15.85, 0.0, 11.58
2011-04-26, 15.85, 15.85, 15.85, 15.85, 0.0, 11.58
2011-04-27, 15.85, 15.85, 15.85, 15.85, 0.0, 11.58
2011-04-28, 15.85, 15.85, 15.85, 15.85, 0.0, 11.58
2011-04-29, 17.5, 17.5, 17.5, 17.5, 200.0, 12.78
2011-05-02, 17.5, 17.5, 17.5, 17.5, 0.0, 12.78
2011-05-03, 17.5, 17.5, 17.5, 17.5, 0.0, 12.78
2011-05-04, 17.5, 17.5, 17.5, 17.5, 0.0, 12.78
2011-05-05, 17.5, 17.5, 17.5, 17.5, 0.0, 12.78
2011-05-06, 17.5, 17.5, 17.5, 17.5, 0.0, 12.78
2011-05-09, 17.5, 17.5, 17.5, 17.5, 0.0, 12.78
2011-05-10, 17.5, 17.5, 17.5, 17.5, 0.0, 12.78
2011-05-11, 17.5, 17.5, 17.5, 17.5, 0.0, 13.11
2011-05-12, 17.5, 17.5, 17.5, 17.5, 0.0, 13.11
2011-05-13, 17.5, 17.5, 17.5, 17.5, 0.0, 13.11
2011-05-16, 17.5, 17.5, 17.5, 17.5, 0.0, 13.11
2011-05-17, 15.25, 15.25, 15.25, 15.25, 300.0, 11.43
2011-05-18, 15.25, 15.25, 15.25, 15.25, 0.0, 11.43
2011-05-19, 15.25, 15.25, 15.25, 15.25, 0.0, 11.63
2011-05-20, 15.25, 15.25, 15.25, 15.25, 0.0, 11.63
2011-05-23, 15.25, 15.25, 15.25, 15.25, 0.0, 11.63
2011-05-24, 15.25, 15.25, 15.25, 15.25, 0.0, 11.63
2011-05-25, 15.25, 15.25, 15.25, 15.25, 0.0, 11.63
2011-05-26, 15.25, 15.25, 15.25, 15.25, 0.0, 11.63
2011-05-27, 15.25, 15.25, 15.25, 15.25, 0.0, 11.63
2011-05-31, 15.25, 15.25, 15.25, 15.25, 0.0, 11.63
2011-06-01, 15.25, 15.25, 15.25, 15.25, 0.0, 11.63
2011-06-02, 15.25, 15.25, 15.25, 15.25, 0.0, 11.63
2011-06-03, 15.25, 15.25, 15.25, 15.25, 0.0, 11.63
2011-06-06, 15.25, 15.25, 15.25, 15.25, 0.0, 11.63
2011-06-07, 15.25, 15.25, 15.25, 15.25, 0.0, 11.63
2011-06-08, 15.25, 15.25, 15.25, 15.25, 0.0, 11.63
2011-06-09, 15.25, 15.25, 15.25, 15.25, 0.0, 11.63
2011-06-10, 15.25, 15.25, 15.25, 15.25, 0.0, 11.63
2011-06-13, 15.25, 15.25, 15.25, 15.25, 0.0, 11.63
2011-06-14, 15.25, 15.25, 15.25, 15.25, 0.0, 11.63
2011-06-15, 15.25, 15.25, 15.25, 15.25, 0.0, 11.63
2011-06-16, 15.25, 15.25, 15.25, 15.25, 0.0, 11.63
2011-06-17, 15.25, 15.25, 15.25, 15.25, 0.0, 11.63
2011-06-20, 13.92, 13.92, 13.92, 13.92, 400.0, 10.62
2011-06-21, 13.92, 13.92, 13.92, 13.92, 0.0, 10.62
2011-06-22, 13.92, 13.92, 13.92, 13.92, 0.0, 10.62
2011-06-23, 13.92, 13.92, 13.92, 13.92, 0.0, 10.62
2011-06-24, 13.92, 13.92, 13.92, 13.92, 0.0, 10.62
2011-06-27, 13.92, 13.92, 13.92, 13.92, 0.0, 10.62
2011-06-28, 13.92, 13.92, 13.92, 13.92, 0.0, 10.62
2011-06-29, 13.92, 13.92, 13.92, 13.92, 0.0, 10.62
2011-06-30, 13.92, 13.92, 13.92, 13.92, 0.0, 10.62
2011-07-01, 13.92, 13.92, 13.92, 13.92, 0.0, 10.62
2011-07-05, 13.92, 13.92, 13.92, 13.92, 0.0, 10.62
2011-07-06, 13.92, 13.92, 13.92, 13.92, 0.0, 10.62
2011-07-07, 13.92, 13.92, 13.92, 13.92, 0.0, 10.62
2011-07-08, 13.92, 13.92, 13.92, 13.92, 0.0, 10.62
2011-07-11, 13.92, 13.92, 13.92, 13.92, 0.0, 10.62
2011-07-12, 13.92, 13.92, 13.92, 13.92, 0.0, 10.62
2011-07-13, 13.92, 13.92, 13.92, 13.92, 0.0, 10.62
2011-07-14, 13.92, 13.92, 13.92, 13.92, 0.0, 10.62
2011-07-15, 14.05, 14.05, 13.95, 13.95, 1700.0, 10.64
2011-07-18, 13.95, 13.95, 13.95, 13.95, 0.0, 10.64
2011-07-19, 13.95, 13.95, 13.95, 13.95, 0.0, 10.64
2011-07-20, 13.95, 13.95, 13.95, 13.95, 0.0, 10.64
2011-07-21, 13.95, 13.95, 13.95, 13.95, 0.0, 10.64
2011-07-22, 13.95, 13.95, 13.95, 13.95, 0.0, 10.64
2011-07-25, 13.95, 13.95, 13.95, 13.95, 0.0, 10.64
2011-07-26, 13.95, 13.95, 13.95, 13.95, 0.0, 10.64
2011-07-27, 13.95, 13.95, 13.95, 13.95, 0.0, 10.64
2011-07-28, 14.4, 14.4, 14.4, 14.4, 300.0, 10.98
2011-07-29, 14.4, 14.4, 14.4, 14.4, 0.0, 10.98
2011-08-01, 14.4, 14.4, 14.4, 14.4, 0.0, 10.98
2011-08-02, 14.0, 14.0, 14.0, 14.0, 300.0, 10.68
2011-08-03, 14.0, 14.0, 14.0, 14.0, 0.0, 10.68
2011-08-04, 14.0, 14.0, 14.0, 14.0, 200.0, 10.68
2011-08-05, 14.0, 14.0, 14.0, 14.0, 0.0, 10.68
2011-08-08, 14.0, 14.0, 14.0, 14.0, 0.0, 10.68
2011-08-09, 14.0, 14.0, 14.0, 14.0, 0.0, 10.68
2011-08-10, 14.0, 14.0, 14.0, 14.0, 0.0, 10.68
2011-08-11, 14.0, 14.0, 14.0, 14.0, 0.0, 10.68
2011-08-12, 14.0, 14.0, 14.0, 14.0, 0.0, 10.68
2011-08-15, 14.0, 14.0, 14.0, 14.0, 0.0, 10.68
2011-08-16, 14.2, 14.25, 14.2, 14.25, 3000.0, 10.87
2011-08-17, 13.0, 13.0, 13.0, 13.0, 8000.0, 9.92
2011-08-18, 13.0, 13.0, 13.0, 13.0, 0.0, 9.92
2011-08-19, 13.0, 13.0, 13.0, 13.0, 0.0, 9.92
2011-08-22, 13.0, 13.0, 13.0, 13.0, 0.0, 9.92
2011-08-23, 13.0, 13.0, 13.0, 13.0, 0.0, 9.92
2011-08-24, 13.0, 13.0, 13.0, 13.0, 0.0, 9.92
2011-08-25, 13.0, 13.0, 13.0, 13.0, 0.0, 9.92
2011-08-26, 13.0, 13.0, 13.0, 13.0, 0.0, 9.92
2011-08-29, 13.0, 13.0, 13.0, 13.0, 0.0, 9.92
2011-08-30, 13.0, 13.0, 13.0, 13.0, 0.0, 9.92
2011-08-31, 13.0, 13.0, 13.0, 13.0, 0.0, 9.92
2011-09-01, 13.0, 13.0, 13.0, 13.0, 0.0, 9.92
2011-09-02, 13.0, 13.0, 13.0, 13.0, 0.0, 9.92
2011-09-06, 13.0, 13.0, 13.0, 13.0, 0.0, 10.14
2011-09-07, 13.0, 13.0, 13.0, 13.0, 0.0, 10.14
2011-09-08, 13.0, 13.0, 13.0, 13.0, 0.0, 10.14
2011-09-09, 13.0, 13.0, 13.0, 13.0, 0.0, 10.14
2011-09-12, 13.0, 13.0, 13.0, 13.0, 0.0, 10.14
2011-09-13, 13.0, 13.0, 13.0, 13.0, 0.0, 10.14
2011-09-14, 13.0, 13.0, 13.0, 13.0, 0.0, 10.14
2011-09-15, 13.0, 13.0, 13.0, 13.0, 0.0, 10.14
2011-09-16, 13.0, 13.0, 13.0, 13.0, 0.0, 10.14
2011-09-19, 13.0, 13.0, 13.0, 13.0, 0.0, 10.14
2011-09-20, 13.0, 13.0, 13.0, 13.0, 0.0, 10.14
2011-09-21, 13.0, 13.0, 13.0, 13.0, 0.0, 10.14
2011-09-22, 13.0, 13.0, 13.0, 13.0, 0.0, 10.14
2011-09-23, 13.0, 13.0, 13.0, 13.0, 0.0, 10.14
2011-09-26, 13.0, 13.0, 13.0, 13.0, 0.0, 10.14
2011-09-27, 13.0, 13.0, 13.0, 13.0, 0.0, 10.14
2011-09-28, 13.0, 13.0, 13.0, 13.0, 0.0, 10.14
2011-09-29, 13.0, 13.0, 13.0, 13.0, 0.0, 10.14
2011-09-30, 13.0, 13.0, 13.0, 13.0, 0.0, 10.14
2011-10-03, 13.0, 13.0, 13.0, 13.0, 0.0, 10.14
2011-10-04, 13.0, 13.0, 13.0, 13.0, 0.0, 10.14
2011-10-05, 13.0, 13.0, 13.0, 13.0, 0.0, 10.14
2011-10-06, 13.0, 13.0, 13.0, 13.0, 0.0, 10.14
2011-10-07, 13.0, 13.0, 13.0, 13.0, 0.0, 10.14
2011-10-10, 13.0, 13.0, 13.0, 13.0, 0.0, 10.14
2011-10-11, 13.0, 13.0, 13.0, 13.0, 0.0, 10.14
2011-10-12, 13.0, 13.0, 13.0, 13.0, 0.0, 10.14
2011-10-13, 13.0, 13.0, 13.0, 13.0, 0.0, 10.14
2011-10-14, 13.0, 13.0, 13.0, 13.0, 0.0, 10.14
2011-10-17, 13.0, 13.0, 13.0, 13.0, 0.0, 10.14
2011-10-18, 13.0, 13.0, 13.0, 13.0, 0.0, 10.14
2011-10-19, 13.0, 13.0, 13.0, 13.0, 0.0, 10.14
2011-10-20, 13.0, 13.0, 13.0, 13.0, 0.0, 10.14
2011-10-21, 13.0, 13.0, 13.0, 13.0, 0.0, 10.14
2011-10-24, 13.0, 13.0, 13.0, 13.0, 0.0, 10.14
2011-10-25, 13.0, 13.0, 13.0, 13.0, 0.0, 10.14
2011-10-26, 13.0, 13.0, 13.0, 13.0, 0.0, 10.14
2011-10-27, 13.0, 13.0, 13.0, 13.0, 0.0, 10.14
2011-10-28, 13.0, 13.0, 13.0, 13.0, 0.0, 10.14
2011-10-31, 13.0, 13.0, 13.0, 13.0, 0.0, 10.14
2011-11-01, 13.0, 13.0, 13.0, 13.0, 0.0, 10.14
2011-11-02, 13.0, 13.0, 13.0, 13.0, 0.0, 10.14
2011-11-03, 13.0, 13.0, 13.0, 13.0, 0.0, 10.14
2011-11-04, 13.0, 13.0, 13.0, 13.0, 0.0, 10.14
2011-11-07, 13.0, 13.0, 13.0, 13.0, 0.0, 10.14
2011-11-08, 13.0, 13.0, 13.0, 13.0, 0.0, 10.14
2011-11-09, 13.0, 13.0, 13.0, 13.0, 0.0, 10.14
2011-11-10, 13.0, 13.0, 13.0, 13.0, 0.0, 10.14
2011-11-11, 13.0, 13.0, 13.0, 13.0, 0.0, 10.14
2011-11-14, 13.0, 13.0, 13.0, 13.0, 0.0, 10.14
2011-11-15, 13.0, 13.0, 13.0, 13.0, 0.0, 10.14
2011-11-16, 13.0, 13.0, 13.0, 13.0, 0.0, 10.14
2011-11-17, 13.0, 13.0, 13.0, 13.0, 0.0, 10.14
2011-11-18, 13.0, 13.0, 13.0, 13.0, 0.0, 10.14
2011-11-21, 13.0, 13.0, 13.0, 13.0, 0.0, 10.14
2011-11-22, 13.0, 13.0, 13.0, 13.0, 0.0, 10.14
2011-11-23, 13.0, 13.0, 13.0, 13.0, 0.0, 10.14
2011-11-25, 13.0, 13.0, 13.0, 13.0, 0.0, 10.14
2011-11-28, 13.0, 13.0, 13.0, 13.0, 0.0, 10.14
2011-11-29, 13.0, 13.0, 13.0, 13.0, 0.0, 10.14
2011-11-30, 13.0, 13.0, 13.0, 13.0, 0.0, 10.14
2011-12-01, 13.0, 13.0, 13.0, 13.0, 0.0, 10.14
2011-12-02, 13.0, 13.0, 13.0, 13.0, 0.0, 10.14
2011-12-05, 13.0, 13.0, 13.0, 13.0, 0.0, 10.14
2011-12-06, 13.0, 13.0, 13.0, 13.0, 0.0, 10.14
2011-12-07, 13.0, 13.0, 13.0, 13.0, 0.0, 10.14
2011-12-08, 13.0, 13.0, 13.0, 13.0, 0.0, 10.14
2011-12-09, 13.0, 13.0, 13.0, 13.0, 0.0, 10.14
2011-12-12, 13.0, 13.0, 13.0, 13.0, 0.0, 10.14
2011-12-13, 13.0, 13.0, 13.0, 13.0, 0.0, 10.14
2011-12-14, 13.0, 13.0, 13.0, 13.0, 0.0, 10.14
2011-12-15, 13.0, 13.0, 13.0, 13.0, 500.0, 10.14
2011-12-16, 13.0, 13.0, 13.0, 13.0, 0.0, 10.14
2011-12-19, 13.0, 13.0, 13.0, 13.0, 0.0, 10.14
2011-12-20, 13.0, 13.0, 13.0, 13.0, 0.0, 10.14
2011-12-21, 13.0, 13.0, 13.0, 13.0, 0.0, 10.14
2011-12-22, 13.0, 13.0, 13.0, 13.0, 0.0, 10.46
2011-12-23, 13.0, 13.0, 13.0, 13.0, 0.0, 10.46
2011-12-27, 13.0, 13.0, 13.0, 13.0, 0.0, 10.46
2011-12-28, 13.0, 13.0, 13.0, 13.0, 0.0, 10.46
2011-12-29, 13.0, 13.0, 13.0, 13.0, 0.0, 10.46
2011-12-30, 13.0, 13.0, 13.0, 13.0, 0.0, 10.46
2012-01-03, 13.0, 13.0, 13.0, 13.0, 0.0, 10.46
2012-01-04, 13.0, 13.0, 13.0, 13.0, 0.0, 10.46
2012-01-05, 13.0, 13.0, 13.0, 13.0, 0.0, 10.46
2012-01-06, 13.0, 13.0, 13.0, 13.0, 0.0, 10.46
2012-01-09, 13.0, 13.0, 13.0, 13.0, 0.0, 10.46
2012-01-10, 13.0, 13.0, 13.0, 13.0, 0.0, 10.46
2012-01-11, 13.0, 13.0, 13.0, 13.0, 0.0, 10.46
2012-01-12, 13.0, 13.0, 13.0, 13.0, 0.0, 10.46
2012-01-13, 13.0, 13.0, 13.0, 13.0, 0.0, 10.46
2012-01-17, 13.0, 13.0, 13.0, 13.0, 0.0, 10.46
2012-01-18, 13.0, 13.0, 13.0, 13.0, 0.0, 10.46
2012-01-19, 13.0, 13.0, 13.0, 13.0, 0.0, 10.46
2012-01-20, 13.0, 13.0, 13.0, 13.0, 0.0, 10.46
2012-01-23, 13.0, 13.0, 13.0, 13.0, 0.0, 10.46
2012-01-24, 13.0, 13.0, 13.0, 13.0, 0.0, 10.46
2012-01-25, 13.0, 13.0, 13.0, 13.0, 0.0, 10.46
2012-01-26, 13.0, 13.0, 13.0, 13.0, 0.0, 10.46
2012-01-27, 13.0, 13.0, 13.0, 13.0, 0.0, 10.46
2012-01-30, 13.0, 13.0, 13.0, 13.0, 0.0, 10.46
2012-01-31, 13.0, 13.0, 13.0, 13.0, 0.0, 10.46
2012-02-01, 13.0, 13.0, 13.0, 13.0, 0.0, 10.46
2012-02-02, 13.0, 13.0, 13.0, 13.0, 0.0, 10.46
2012-02-03, 13.97, 14.0, 13.97, 13.97, 1800.0, 11.24
2012-02-06, 13.97, 13.97, 13.97, 13.97, 0.0, 11.24
2012-02-07, 13.95, 13.95, 13.95, 13.95, 1400.0, 11.22
2012-02-08, 13.95, 13.95, 13.95, 13.95, 0.0, 11.22
2012-02-09, 13.95, 13.95, 13.95, 13.95, 0.0, 11.22
2012-02-10, 13.6, 13.7, 13.47, 13.7, 6100.0, 11.02
2012-02-13, 13.95, 13.95, 13.95, 13.95, 100.0, 11.22
2012-02-14, 14.2, 14.2, 14.2, 14.2, 2200.0, 11.42
2012-02-15, 14.2, 14.2, 14.2, 14.2, 4000.0, 11.42
2012-02-16, 14.2, 14.2, 14.2, 14.2, 0.0, 11.42
2012-02-17, 13.79, 13.79, 13.79, 13.79, 2500.0, 11.09
2012-02-21, 14.1, 14.1, 14.1, 14.1, 1000.0, 11.34
2012-02-22, 14.1, 14.1, 14.1, 14.1, 0.0, 11.34
2012-02-23, 14.1, 14.1, 14.1, 14.1, 0.0, 11.34
2012-02-24, 14.1, 14.1, 14.1, 14.1, 0.0, 11.34
2012-02-27, 14.1, 14.1, 14.1, 14.1, 0.0, 11.34
2012-02-28, 14.1, 14.1, 14.1, 14.1, 0.0, 11.34
2012-02-29, 14.1, 14.1, 14.1, 14.1, 0.0, 11.34
2012-03-01, 14.1, 14.1, 14.1, 14.1, 0.0, 11.34
2012-03-02, 14.1, 14.1, 14.1, 14.1, 0.0, 11.34
2012-03-05, 14.1, 14.1, 14.1, 14.1, 0.0, 11.34
2012-03-06, 14.1, 14.1, 14.1, 14.1, 0.0, 11.34
2012-03-07, 12.84, 12.84, 12.84, 12.84, 500.0, 10.33
2012-03-08, 13.4, 13.4, 13.4, 13.4, 200.0, 10.78
2012-03-09, 13.4, 13.4, 13.4, 13.4, 0.0, 10.78
2012-03-12, 13.2, 13.2, 13.2, 13.2, 1400.0, 10.62
2012-03-13, 13.2, 13.2, 13.2, 13.2, 0.0, 10.62
2012-03-14, 13.2, 13.2, 13.2, 13.2, 0.0, 10.62
2012-03-15, 13.2, 13.2, 13.2, 13.2, 0.0, 10.62
2012-03-16, 13.2, 13.2, 13.2, 13.2, 0.0, 10.62
2012-03-19, 13.2, 13.2, 13.2, 13.2, 0.0, 10.62
2012-03-20, 13.2, 13.2, 13.2, 13.2, 0.0, 10.62
2012-03-21, 13.2, 13.2, 13.2, 13.2, 0.0, 10.62
2012-03-22, 13.2, 13.2, 13.2, 13.2, 0.0, 10.62
2012-03-23, 13.2, 13.2, 13.2, 13.2, 0.0, 10.62
2012-03-26, 13.2, 13.2, 13.2, 13.2, 0.0, 10.62
2012-03-27, 13.2, 13.2, 13.2, 13.2, 0.0, 10.62
2012-03-28, 13.2, 13.2, 13.2, 13.2, 0.0, 10.62
2012-03-29, 13.23, 13.23, 13.23, 13.23, 400.0, 10.64
2012-03-30, 13.28, 13.28, 12.32, 12.32, 1200.0, 9.91
2012-04-02, 12.32, 12.32, 12.32, 12.32, 0.0, 9.91
2012-04-03, 12.32, 12.32, 12.32, 12.32, 0.0, 9.91
2012-04-04, 12.32, 12.32, 12.32, 12.32, 0.0, 9.91
2012-04-05, 12.45, 12.45, 12.45, 12.45, 300.0, 10.01
2012-04-09, 12.45, 12.45, 12.45, 12.45, 0.0, 10.01
2012-04-10, 11.37, 11.37, 11.37, 11.37, 1200.0, 9.14
2012-04-11, 11.37, 11.37, 11.37, 11.37, 0.0, 9.14
2012-04-12, 11.37, 11.37, 11.37, 11.37, 0.0, 9.14
2012-04-13, 11.37, 11.37, 11.37, 11.37, 0.0, 9.14
2012-04-16, 12.3, 12.3, 12.3, 12.3, 500.0, 9.89
2012-04-17, 12.3, 12.3, 12.3, 12.3, 0.0, 9.89
2012-04-18, 12.3, 12.3, 12.3, 12.3, 0.0, 9.89
2012-04-19, 12.3, 12.3, 12.3, 12.3, 0.0, 9.89
2012-04-20, 12.3, 12.3, 12.3, 12.3, 0.0, 9.89
2012-04-23, 12.3, 12.3, 12.3, 12.3, 0.0, 9.89
2012-04-24, 12.3, 12.3, 12.3, 12.3, 0.0, 9.89
2012-04-25, 12.3, 12.3, 12.3, 12.3, 0.0, 9.89
2012-04-26, 12.3, 12.3, 12.3, 12.3, 0.0, 9.89
2012-04-27, 11.61, 11.61, 11.61, 11.61, 700.0, 9.34
2012-04-30, 11.5, 11.5, 11.5, 11.5, 200.0, 9.25
2012-05-01, 11.5, 11.5, 11.5, 11.5, 0.0, 9.25
2012-05-02, 11.5, 11.5, 11.5, 11.5, 0.0, 9.25
2012-05-03, 11.5, 11.5, 11.5, 11.5, 0.0, 9.25
2012-05-04, 11.5, 11.5, 11.5, 11.5, 0.0, 9.25
2012-05-07, 11.5, 11.5, 11.5, 11.5, 0.0, 9.25
2012-05-08, 11.5, 11.5, 11.5, 11.5, 0.0, 9.25
2012-05-09, 11.5, 11.5, 11.5, 11.5, 0.0, 9.25
2012-05-10, 11.5, 11.5, 11.5, 11.5, 0.0, 9.58
2012-05-11, 11.5, 11.5, 11.5, 11.5, 0.0, 9.58
2012-05-14, 10.5, 10.5, 10.5, 10.5, 200.0, 8.74
2012-05-15, 10.5, 10.5, 10.5, 10.5, 0.0, 8.74
2012-05-16, 10.5, 10.5, 10.5, 10.5, 0.0, 8.74
2012-05-17, 10.5, 10.5, 10.5, 10.5, 0.0, 8.95
2012-05-18, 10.5, 10.5, 10.5, 10.5, 0.0, 8.95
2012-05-21, 10.5, 10.5, 10.5, 10.5, 0.0, 8.95
2012-05-22, 10.5, 10.5, 10.5, 10.5, 0.0, 8.95
2012-05-23, 10.5, 10.5, 10.5, 10.5, 0.0, 8.95
2012-05-24, 10.5, 10.5, 10.5, 10.5, 0.0, 8.95
2012-05-25, 10.5, 10.5, 10.5, 10.5, 0.0, 8.95
2012-05-29, 10.5, 10.5, 10.5, 10.5, 0.0, 8.95
2012-05-30, 10.5, 10.5, 10.5, 10.5, 0.0, 8.95
2012-05-31, 10.5, 10.5, 10.5, 10.5, 0.0, 8.95
2012-06-01, 10.5, 10.5, 10.5, 10.5, 0.0, 8.95
2012-06-04, 10.5, 10.5, 10.5, 10.5, 0.0, 8.95
2012-06-05, 10.5, 10.5, 10.5, 10.5, 0.0, 8.95
2012-06-06, 10.5, 10.5, 10.5, 10.5, 0.0, 8.95
2012-06-07, 10.5, 10.5, 10.5, 10.5, 0.0, 8.95
2012-06-08, 9.65, 9.65, 9.65, 9.65, 200.0, 8.22
2012-06-11, 9.65, 9.65, 9.65, 9.65, 0.0, 8.22
2012-06-12, 9.65, 9.65, 9.65, 9.65, 0.0, 8.22
2012-06-13, 9.65, 9.65, 9.65, 9.65, 200.0, 8.22
2012-06-14, 9.65, 9.65, 9.65, 9.65, 0.0, 8.22
2012-06-15, 10.25, 10.25, 10.25, 10.25, 2500.0, 8.74
2012-06-18, 10.25, 10.25, 10.25, 10.25, 0.0, 8.74
2012-06-19, 10.25, 10.25, 10.25, 10.25, 0.0, 8.74
2012-06-20, 10.25, 10.25, 10.25, 10.25, 0.0, 8.74
2012-06-21, 10.25, 10.25, 10.25, 10.25, 0.0, 8.74
2012-06-22, 10.25, 10.25, 10.25, 10.25, 0.0, 8.74
2012-06-25, 10.25, 10.25, 10.25, 10.25, 0.0, 8.74
2012-06-26, 10.25, 10.25, 10.25, 10.25, 0.0, 8.74
2012-06-27, 10.25, 10.25, 10.25, 10.25, 0.0, 8.74
2012-06-28, 10.25, 10.25, 10.25, 10.25, 0.0, 8.74
2012-06-29, 10.25, 10.25, 10.25, 10.25, 0.0, 8.74
2012-07-02, 10.25, 10.25, 10.25, 10.25, 0.0, 8.74
2012-07-03, 10.06, 10.06, 10.06, 10.06, 200.0, 8.57
2012-07-05, 10.06, 10.06, 10.06, 10.06, 0.0, 8.57
2012-07-06, 10.06, 10.06, 10.06, 10.06, 0.0, 8.57
2012-07-09, 10.06, 10.06, 10.06, 10.06, 0.0, 8.57
2012-07-10, 10.06, 10.06, 10.06, 10.06, 0.0, 8.57
2012-07-11, 10.06, 10.06, 10.06, 10.06, 0.0, 8.57
2012-07-12, 10.06, 10.06, 10.06, 10.06, 0.0, 8.57
2012-07-13, 10.06, 10.06, 10.06, 10.06, 0.0, 8.57
2012-07-16, 10.06, 10.06, 10.06, 10.06, 0.0, 8.57
2012-07-17, 10.06, 10.06, 10.06, 10.06, 0.0, 8.57
2012-07-18, 10.06, 10.06, 10.06, 10.06, 0.0, 8.57
2012-07-19, 10.06, 10.06, 10.06, 10.06, 0.0, 8.57
2012-07-20, 9.7, 9.7, 9.7, 9.7, 300.0, 8.27
2012-07-23, 9.7, 9.7, 9.7, 9.7, 0.0, 8.27
2012-07-24, 9.7, 9.7, 9.7, 9.7, 0.0, 8.27
2012-07-25, 9.7, 9.7, 9.7, 9.7, 0.0, 8.27
2012-07-26, 9.7, 9.7, 9.7, 9.7, 0.0, 8.27
2012-07-27, 9.7, 9.7, 9.7, 9.7, 0.0, 8.27
2012-07-30, 9.7, 9.7, 9.7, 9.7, 0.0, 8.27
2012-07-31, 9.7, 9.7, 9.7, 9.7, 0.0, 8.27
2012-08-01, 9.7, 9.7, 9.7, 9.7, 0.0, 8.27
2012-08-02, 9.7, 9.7, 9.7, 9.7, 0.0, 8.27
2012-08-03, 9.7, 9.7, 9.7, 9.7, 0.0, 8.27
2012-08-06, 9.7, 9.7, 9.7, 9.7, 0.0, 8.27
2012-08-07, 9.7, 9.7, 9.7, 9.7, 0.0, 8.27
2012-08-08, 11.2, 11.2, 10.3, 10.3, 300.0, 8.78
2012-08-09, 10.3, 10.3, 10.3, 10.3, 0.0, 8.78
2012-08-10, 10.3, 10.3, 10.3, 10.3, 0.0, 8.78
2012-08-13, 10.3, 10.3, 10.3, 10.3, 0.0, 8.78
2012-08-14, 10.3, 10.3, 10.3, 10.3, 0.0, 8.78
2012-08-15, 10.3, 10.3, 10.3, 10.3, 0.0, 8.78
2012-08-16, 10.3, 10.3, 10.3, 10.3, 0.0, 8.78
2012-08-17, 10.3, 10.3, 10.3, 10.3, 0.0, 8.78
2012-08-20, 10.3, 10.3, 10.3, 10.3, 0.0, 8.78
2012-08-21, 10.3, 10.3, 10.3, 10.3, 0.0, 8.78
2012-08-22, 10.3, 10.3, 10.3, 10.3, 0.0, 8.78
2012-08-23, 10.3, 10.3, 10.3, 10.3, 0.0, 8.78
2012-08-24, 10.3, 10.3, 10.3, 10.3, 0.0, 8.78
2012-08-27, 10.3, 10.3, 10.3, 10.3, 0.0, 8.78
2012-08-28, 10.3, 10.3, 10.3, 10.3, 0.0, 8.78
2012-08-29, 10.3, 10.3, 10.3, 10.3, 0.0, 8.78
2012-08-30, 10.3, 10.3, 10.3, 10.3, 0.0, 8.78
2012-08-31, 10.3, 10.3, 10.3, 10.3, 0.0, 8.78
2012-09-04, 10.3, 10.3, 10.3, 10.3, 0.0, 9.0
2012-09-05, 11.1, 11.1, 11.1, 11.1, 400.0, 9.7
2012-09-06, 11.1, 11.1, 11.1, 11.1, 0.0, 9.7
2012-09-07, 11.1, 11.1, 11.1, 11.1, 0.0, 9.7
2012-09-10, 11.1, 11.1, 11.1, 11.1, 0.0, 9.7
2012-09-11, 11.1, 11.1, 11.1, 11.1, 0.0, 9.7
2012-09-12, 11.1, 11.1, 11.1, 11.1, 0.0, 9.7
2012-09-13, 11.1, 11.1, 11.1, 11.1, 0.0, 9.7
2012-09-14, 11.1, 11.1, 11.1, 11.1, 0.0, 9.7
2012-09-17, 11.1, 11.1, 11.1, 11.1, 0.0, 9.7
2012-09-18, 11.1, 11.1, 11.1, 11.1, 0.0, 9.7
2012-09-19, 11.1, 11.1, 11.1, 11.1, 0.0, 9.7
2012-09-20, 11.1, 11.1, 11.1, 11.1, 0.0, 9.7
2012-09-21, 11.1, 11.1, 11.1, 11.1, 0.0, 9.7
2012-09-24, 11.1, 11.1, 11.1, 11.1, 0.0, 9.7
2012-09-25, 11.1, 11.1, 11.1, 11.1, 0.0, 9.7
2012-09-26, 11.1, 11.1, 11.1, 11.1, 0.0, 9.7
2012-09-27, 11.0, 11.0, 11.0, 11.0, 200.0, 9.61
2012-09-28, 11.0, 11.0, 11.0, 11.0, 0.0, 9.61
2012-10-01, 11.0, 11.0, 11.0, 11.0, 0.0, 9.61
2012-10-02, 11.0, 11.0, 11.0, 11.0, 0.0, 9.61
2012-10-03, 11.0, 11.0, 11.0, 11.0, 0.0, 9.61
2012-10-04, 11.0, 11.0, 11.0, 11.0, 0.0, 9.61
2012-10-05, 11.23, 11.23, 11.23, 11.23, 600.0, 9.81
2012-10-08, 11.23, 11.23, 11.23, 11.23, 0.0, 9.81
2012-10-09, 11.23, 11.23, 11.23, 11.23, 0.0, 9.81
2012-10-10, 11.23, 11.23, 11.23, 11.23, 0.0, 9.81
2012-10-11, 11.23, 11.23, 11.23, 11.23, 0.0, 9.81
2012-10-12, 11.15, 11.15, 11.15, 11.15, 100.0, 9.74
2012-10-15, 11.15, 11.15, 11.15, 11.15, 0.0, 9.74
2012-10-16, 11.15, 11.15, 11.15, 11.15, 0.0, 9.74
2012-10-17, 11.15, 11.15, 11.15, 11.15, 0.0, 9.74
2012-10-18, 11.15, 11.15, 11.15, 11.15, 0.0, 9.74
2012-10-19, 11.15, 11.15, 11.15, 11.15, 0.0, 9.74
2012-10-22, 11.51, 11.51, 11.51, 11.51, 200.0, 10.06
2012-10-23, 11.51, 11.51, 11.51, 11.51, 0.0, 10.06
2012-10-24, 11.51, 11.51, 11.51, 11.51, 0.0, 10.06
2012-10-25, 11.51, 11.51, 11.51, 11.51, 0.0, 10.06
2012-10-26, 11.51, 11.51, 11.51, 11.51, 0.0, 10.06
2012-10-31, 11.51, 11.51, 11.51, 11.51, 0.0, 10.06
2012-11-01, 11.51, 11.51, 11.51, 11.51, 0.0, 10.06
2012-11-02, 11.51, 11.51, 11.51, 11.51, 0.0, 10.06
2012-11-05, 11.51, 11.51, 11.51, 11.51, 0.0, 10.06
2012-11-06, 11.51, 11.51, 11.51, 11.51, 0.0, 10.06
2012-11-07, 11.51, 11.51, 11.51, 11.51, 0.0, 10.06
2012-11-08, 11.51, 11.51, 11.51, 11.51, 0.0, 10.06
2012-11-09, 10.25, 10.25, 10.2, 10.2, 400.0, 8.91
2012-11-12, 10.2, 10.2, 10.2, 10.2, 0.0, 8.91
2012-11-13, 10.2, 10.2, 10.2, 10.2, 0.0, 8.91
2012-11-14, 10.2, 10.2, 10.2, 10.2, 0.0, 8.91
2012-11-15, 10.2, 10.2, 10.2, 10.2, 0.0, 8.91
2012-11-16, 10.2, 10.2, 10.2, 10.2, 0.0, 8.91
2012-11-19, 10.2, 10.2, 10.2, 10.2, 0.0, 8.91
2012-11-20, 10.2, 10.2, 10.2, 10.2, 0.0, 8.91
2012-11-21, 10.2, 10.2, 10.2, 10.2, 0.0, 8.91
2012-11-23, 10.2, 10.2, 10.2, 10.2, 0.0, 8.91
2012-11-26, 10.2, 10.2, 10.2, 10.2, 0.0, 8.91
2012-11-27, 10.2, 10.2, 10.2, 10.2, 0.0, 8.91
2012-11-28, 10.2, 10.2, 10.2, 10.2, 0.0, 8.91
2012-11-29, 10.79, 10.79, 10.79, 10.79, 500.0, 9.43
2012-11-30, 10.77, 10.77, 10.77, 10.77, 500.0, 9.41
2012-12-03, 10.94, 10.94, 10.94, 10.94, 100.0, 9.56
2012-12-04, 10.97, 10.97, 10.97, 10.97, 100.0, 9.58
2012-12-05, 10.97, 10.97, 10.97, 10.97, 0.0, 9.58
2012-12-06, 10.97, 10.97, 10.97, 10.97, 0.0, 9.58
2012-12-07, 10.97, 10.97, 10.97, 10.97, 0.0, 9.58
2012-12-10, 10.97, 10.97, 10.97, 10.97, 0.0, 9.58
2012-12-11, 10.97, 10.97, 10.97, 10.97, 0.0, 9.58
2012-12-12, 11.43, 11.43, 11.43, 11.43, 300.0, 9.99
2012-12-13, 11.43, 11.43, 11.43, 11.43, 0.0, 9.99
2012-12-14, 11.05, 11.05, 11.05, 11.05, 100.0, 9.65
2012-12-17, 11.8, 11.8, 11.8, 11.8, 100.0, 10.31
2012-12-18, 11.8, 11.8, 11.8, 11.8, 0.0, 10.31
2012-12-19, 11.8, 11.8, 11.8, 11.8, 0.0, 10.31
2012-12-20, 11.8, 11.8, 11.8, 11.8, 0.0, 10.31
2012-12-21, 11.8, 11.8, 11.8, 11.8, 0.0, 10.31
2012-12-24, 12.3, 12.3, 12.3, 12.3, 600.0, 10.75
2012-12-26, 12.54, 12.54, 12.54, 12.54, 100.0, 10.96
2012-12-27, 12.54, 12.54, 12.54, 12.54, 0.0, 11.31
2012-12-28, 12.54, 12.54, 12.54, 12.54, 0.0, 11.31
2012-12-31, 12.54, 12.54, 12.54, 12.54, 0.0, 11.31
2013-01-02, 12.54, 12.54, 12.54, 12.54, 0.0, 11.31
2013-01-03, 12.54, 12.54, 12.54, 12.54, 0.0, 11.31
2013-01-04, 12.54, 12.54, 12.54, 12.54, 0.0, 11.31
2013-01-07, 13.32, 13.32, 13.32, 13.32, 700.0, 12.02
2013-01-08, 13.32, 13.32, 13.32, 13.32, 0.0, 12.02
2013-01-09, 13.32, 13.32, 13.32, 13.32, 0.0, 12.02
2013-01-10, 13.32, 13.32, 13.32, 13.32, 0.0, 12.02
2013-01-11, 13.9, 13.9, 13.9, 13.9, 900.0, 12.54
2013-01-14, 14.54, 14.54, 14.54, 14.54, 500.0, 13.12
2013-01-15, 14.03, 14.2, 14.03, 14.2, 2500.0, 12.81
2013-01-16, 14.2, 14.2, 14.2, 14.2, 0.0, 12.81
2013-01-17, 14.26, 14.26, 14.26, 14.26, 200.0, 12.86
2013-01-18, 14.36, 14.36, 14.36, 14.36, 400.0, 12.96
2013-01-22, 14.28, 14.28, 14.28, 14.28, 1400.0, 12.88
2013-01-23, 13.89, 13.89, 13.89, 13.89, 2200.0, 12.53
2013-01-24, 13.89, 13.89, 13.89, 13.89, 0.0, 12.53
2013-01-25, 13.94, 13.94, 13.94, 13.94, 100.0, 12.58
2013-01-28, 13.94, 13.94, 13.94, 13.94, 0.0, 12.58
2013-01-29, 13.94, 13.94, 13.94, 13.94, 0.0, 12.58
2013-01-30, 13.94, 13.94, 13.94, 13.94, 0.0, 12.58
2013-01-31, 13.94, 13.94, 13.94, 13.94, 0.0, 12.58
2013-02-01, 13.94, 13.94, 13.94, 13.94, 0.0, 12.58
2013-02-04, 13.94, 13.94, 13.94, 13.94, 0.0, 12.58
2013-02-05, 13.94, 13.94, 13.94, 13.94, 0.0, 12.58
2013-02-06, 13.94, 13.94, 13.94, 13.94, 0.0, 12.58
2013-02-07, 13.94, 13.94, 13.94, 13.94, 0.0, 12.58
2013-02-08, 13.94, 13.94, 13.94, 13.94, 0.0, 12.58
2013-02-11, 13.94, 13.94, 13.94, 13.94, 0.0, 12.58
2013-02-12, 13.94, 13.94, 13.94, 13.94, 0.0, 12.58
2013-02-13, 13.94, 13.94, 13.94, 13.94, 0.0, 12.58
2013-02-14, 13.94, 13.94, 13.94, 13.94, 0.0, 12.58
2013-02-15, 13.94, 13.94, 13.94, 13.94, 0.0, 12.58
2013-02-19, 13.94, 13.94, 13.94, 13.94, 0.0, 12.58
2013-02-20, 13.94, 13.94, 13.94, 13.94, 0.0, 12.58
2013-02-21, 13.94, 13.94, 13.94, 13.94, 0.0, 12.58
2013-02-22, 13.94, 13.94, 13.94, 13.94, 0.0, 12.58
2013-02-25, 13.94, 13.94, 13.94, 13.94, 0.0, 12.58
2013-02-26, 13.94, 13.94, 13.94, 13.94, 0.0, 12.58
2013-02-27, 13.94, 13.94, 13.94, 13.94, 0.0, 12.58
2013-02-28, 13.94, 13.94, 13.94, 13.94, 0.0, 12.58
2013-03-01, 13.94, 13.94, 13.94, 13.94, 0.0, 12.58
2013-03-04, 13.94, 13.94, 13.94, 13.94, 0.0, 12.58
2013-03-05, 13.94, 13.94, 13.94, 13.94, 0.0, 12.58
2013-03-06, 13.94, 13.94, 13.94, 13.94, 0.0, 12.58
2013-03-07, 12.92, 12.92, 12.92, 12.92, 500.0, 11.66
2013-03-08, 12.92, 12.92, 12.92, 12.92, 0.0, 11.66
2013-03-11, 12.92, 12.92, 12.92, 12.92, 0.0, 11.66
2013-03-12, 12.92, 12.92, 12.92, 12.92, 0.0, 11.66
2013-03-13, 12.92, 12.92, 12.92, 12.92, 0.0, 11.66
2013-03-14, 12.87, 12.87, 12.87, 12.87, 300.0, 11.61
2013-03-15, 12.87, 12.87, 12.87, 12.87, 0.0, 11.61
2013-03-18, 12.87, 12.87, 12.87, 12.87, 0.0, 11.61
2013-03-19, 12.18, 12.18, 12.17, 12.17, 500.0, 10.98
2013-03-20, 12.17, 12.17, 12.17, 12.17, 0.0, 10.98
2013-03-21, 12.17, 12.17, 12.17, 12.17, 0.0, 10.98
2013-03-22, 12.17, 12.17, 12.17, 12.17, 0.0, 10.98
2013-03-25, 12.17, 12.17, 12.17, 12.17, 0.0, 10.98
2013-03-26, 12.17, 12.17, 12.17, 12.17, 0.0, 10.98
2013-03-27, 12.17, 12.17, 12.17, 12.17, 0.0, 10.98
2013-03-28, 12.17, 12.17, 12.17, 12.17, 0.0, 10.98
2013-04-01, 12.17, 12.17, 12.17, 12.17, 0.0, 10.98
2013-04-02, 12.17, 12.17, 12.17, 12.17, 0.0, 10.98
2013-04-03, 12.17, 12.17, 12.17, 12.17, 0.0, 10.98
2013-04-04, 12.17, 12.17, 12.17, 12.17, 0.0, 10.98
2013-04-05, 12.17, 12.17, 12.17, 12.17, 0.0, 10.98
2013-04-08, 12.17, 12.17, 12.17, 12.17, 0.0, 10.98
2013-04-09, 12.17, 12.17, 12.17, 12.17, 0.0, 10.98
2013-04-10, 12.17, 12.17, 12.17, 12.17, 0.0, 10.98
2013-04-11, 12.17, 12.17, 12.17, 12.17, 0.0, 10.98
2013-04-12, 12.17, 12.17, 12.17, 12.17, 0.0, 10.98
2013-04-15, 12.17, 12.17, 12.17, 12.17, 0.0, 10.98
2013-04-16, 12.17, 12.17, 12.17, 12.17, 0.0, 10.98
2013-04-17, 12.17, 12.17, 12.17, 12.17, 0.0, 10.98
2013-04-18, 12.17, 12.17, 12.17, 12.17, 0.0, 10.98
2013-04-19, 12.17, 12.17, 12.17, 12.17, 0.0, 10.98
2013-04-22, 12.17, 12.17, 12.17, 12.17, 0.0, 10.98
2013-04-23, 12.17, 12.17, 12.17, 12.17, 0.0, 10.98
2013-04-24, 12.17, 12.17, 12.17, 12.17, 0.0, 10.98
2013-04-25, 12.17, 12.17, 12.17, 12.17, 0.0, 10.98
2013-04-26, 12.17, 12.17, 12.17, 12.17, 0.0, 10.98
2013-04-29, 12.17, 12.17, 12.17, 12.17, 0.0, 10.98
2013-04-30, 13.45, 13.45, 13.45, 13.45, 100.0, 12.13
2013-05-01, 13.46, 13.46, 13.46, 13.46, 300.0, 12.14
2013-05-02, 13.46, 13.46, 13.46, 13.46, 0.0, 12.14
2013-05-03, 13.46, 13.46, 13.46, 13.46, 0.0, 12.14
2013-05-06, 13.46, 13.46, 13.46, 13.46, 0.0, 12.14
2013-05-07, 13.46, 13.46, 13.46, 13.46, 0.0, 12.14
2013-05-08, 13.46, 13.46, 13.46, 13.46, 0.0, 12.14
2013-05-09, 13.46, 13.46, 13.46, 13.46, 0.0, 12.51
2013-05-10, 13.46, 13.46, 13.46, 13.46, 0.0, 12.51
2013-05-13, 13.46, 13.46, 13.46, 13.46, 0.0, 12.51
2013-05-14, 13.46, 13.46, 13.46, 13.46, 0.0, 12.51
2013-05-15, 13.46, 13.46, 13.46, 13.46, 0.0, 12.51
2013-05-16, 13.46, 13.46, 13.46, 13.46, 0.0, 12.51
2013-05-17, 13.46, 13.46, 13.46, 13.46, 0.0, 12.51
2013-05-20, 13.46, 13.46, 13.46, 13.46, 0.0, 12.51
2013-05-21, 13.46, 13.46, 13.46, 13.46, 0.0, 12.51
2013-05-22, 13.46, 13.46, 13.46, 13.46, 0.0, 12.51
2013-05-23, 13.46, 13.46, 13.46, 13.46, 0.0, 12.51
2013-05-24, 13.46, 13.46, 13.46, 13.46, 0.0, 12.51
2013-05-28, 13.46, 13.46, 13.46, 13.46, 0.0, 12.51
2013-05-29, 13.46, 13.46, 13.46, 13.46, 0.0, 12.51
2013-05-30, 13.46, 13.46, 13.46, 13.46, 0.0, 12.51
2013-05-31, 13.46, 13.46, 13.46, 13.46, 0.0, 12.51
2013-06-03, 13.12, 13.16, 13.12, 13.16, 1400.0, 12.23
2013-06-04, 13.15, 13.15, 13.15, 13.15, 300.0, 12.22
2013-06-05, 13.02, 13.02, 13.02, 13.02, 200.0, 12.1
2013-06-06, 13.02, 13.02, 13.02, 13.02, 0.0, 12.1
2013-06-07, 13.32, 13.37, 13.32, 13.37, 700.0, 12.42
2013-06-10, 13.37, 13.37, 13.37, 13.37, 0.0, 12.42
2013-06-11, 13.23, 13.23, 13.23, 13.23, 1600.0, 12.29
2013-06-12, 13.3, 13.32, 13.3, 13.32, 1100.0, 12.38
2013-06-13, 13.32, 13.32, 13.32, 13.32, 0.0, 12.38
2013-06-14, 13.27, 13.27, 13.27, 13.27, 500.0, 12.33
2013-06-17, 13.27, 13.27, 13.27, 13.27, 0.0, 12.33
2013-06-18, 13.26, 13.26, 13.26, 13.26, 200.0, 12.32
2013-06-19, 13.06, 13.06, 13.06, 13.06, 100.0, 12.14
2013-06-20, 13.06, 13.06, 13.06, 13.06, 0.0, 12.14
2013-06-21, 13.06, 13.06, 13.06, 13.06, 0.0, 12.14
2013-06-24, 12.52, 12.52, 12.52, 12.52, 500.0, 11.77
2013-06-25, 12.52, 12.52, 12.52, 12.52, 0.0, 11.77
2013-06-26, 12.52, 12.52, 12.52, 12.52, 0.0, 11.77
2013-06-27, 12.52, 12.52, 12.52, 12.52, 0.0, 11.77
2013-06-28, 12.04, 12.04, 12.04, 12.04, 200.0, 11.32
2013-07-01, 12.04, 12.04, 12.04, 12.04, 0.0, 11.32
2013-07-02, 12.28, 12.28, 12.28, 12.28, 600.0, 11.55
2013-07-03, 12.28, 12.28, 12.28, 12.28, 0.0, 11.55
2013-07-05, 12.28, 12.28, 12.28, 12.28, 0.0, 11.55
2013-07-08, 12.0, 12.0, 12.0, 12.0, 200.0, 11.28
2013-07-09, 12.0, 12.0, 12.0, 12.0, 0.0, 11.28
2013-07-10, 12.08, 12.08, 12.08, 12.08, 100.0, 11.36
2013-07-11, 12.08, 12.08, 12.08, 12.08, 0.0, 11.36
2013-07-12, 12.08, 12.08, 12.08, 12.08, 0.0, 11.36
2013-07-15, 12.08, 12.08, 12.08, 12.08, 0.0, 11.36
2013-07-16, 12.08, 12.08, 12.08, 12.08, 0.0, 11.36
2013-07-17, 12.08, 12.08, 12.08, 12.08, 0.0, 11.36
2013-07-18, 12.4, 12.4, 12.4, 12.4, 400.0, 11.66
2013-07-19, 12.4, 12.4, 12.4, 12.4, 0.0, 11.66
2013-07-22, 12.4, 12.4, 12.4, 12.4, 0.0, 11.66
2013-07-23, 12.4, 12.4, 12.4, 12.4, 0.0, 11.66
2013-07-24, 12.4, 12.4, 12.4, 12.4, 0.0, 11.66
2013-07-25, 12.4, 12.4, 12.4, 12.4, 0.0, 11.66
2013-07-26, 12.4, 12.4, 12.4, 12.4, 0.0, 11.66
2013-07-29, 12.4, 12.4, 12.4, 12.4, 0.0, 11.66
2013-07-30, 12.4, 12.4, 12.4, 12.4, 0.0, 11.66
2013-07-31, 12.4, 12.4, 12.4, 12.4, 0.0, 11.66
2013-08-01, 12.4, 12.4, 12.4, 12.4, 0.0, 11.66
2013-08-02, 12.4, 12.4, 12.4, 12.4, 0.0, 11.66
2013-08-05, 12.4, 12.4, 12.4, 12.4, 0.0, 11.66
2013-08-06, 12.4, 12.4, 12.4, 12.4, 0.0, 11.66
2013-08-07, 12.4, 12.4, 12.4, 12.4, 0.0, 11.66
2013-08-08, 12.4, 12.4, 12.4, 12.4, 0.0, 11.66
2013-08-09, 12.4, 12.4, 12.4, 12.4, 0.0, 11.66
2013-08-12, 12.4, 12.4, 12.4, 12.4, 0.0, 11.66
2013-08-13, 13.87, 13.87, 13.87, 13.87, 1300.0, 13.04
2013-08-14, 13.87, 13.87, 13.87, 13.87, 0.0, 13.04
2013-08-15, 13.87, 13.87, 13.87, 13.87, 0.0, 13.04
2013-08-16, 14.2, 14.2, 14.2, 14.2, 1000.0, 13.35
2013-08-19, 14.32, 14.32, 14.32, 14.32, 400.0, 13.46
2013-08-20, 14.35, 14.35, 14.35, 14.35, 100.0, 13.49
2013-08-21, 14.38, 14.38, 14.38, 14.38, 700.0, 13.52
2013-08-22, 14.38, 14.38, 14.38, 14.38, 0.0, 13.52
2013-08-23, 14.38, 14.38, 14.38, 14.38, 0.0, 13.52
2013-08-26, 14.38, 14.38, 14.38, 14.38, 0.0, 13.52
2013-08-27, 14.38, 14.38, 14.38, 14.38, 0.0, 13.52
2013-08-28, 14.38, 14.38, 14.38, 14.38, 0.0, 13.52
2013-08-29, 14.38, 14.38, 14.38, 14.38, 0.0, 13.52
2013-08-30, 14.38, 14.38, 14.38, 14.38, 0.0, 13.52
2013-09-03, 14.38, 14.38, 14.38, 14.38, 0.0, 13.52
2013-09-04, 14.38, 14.38, 14.38, 14.38, 0.0, 13.77
2013-09-05, 14.38, 14.38, 14.38, 14.38, 0.0, 13.77
2013-09-06, 14.38, 14.38, 14.38, 14.38, 0.0, 13.77
2013-09-09, 14.38, 14.38, 14.38, 14.38, 0.0, 13.77
2013-09-10, 14.38, 14.38, 14.38, 14.38, 0.0, 13.77
2013-09-11, 14.38, 14.38, 14.38, 14.38, 0.0, 13.77
2013-09-12, 14.94, 14.96, 14.94, 14.96, 600.0, 14.33
2013-09-13, 15.03, 15.03, 15.03, 15.03, 700.0, 14.4
2013-09-16, 15.03, 15.03, 15.03, 15.03, 0.0, 14.4
2013-09-17, 15.03, 15.03, 15.03, 15.03, 0.0, 14.4
2013-09-18, 15.03, 15.03, 15.03, 15.03, 0.0, 14.4
2013-09-19, 15.03, 15.03, 15.03, 15.03, 0.0, 14.4
2013-09-20, 15.03, 15.03, 15.03, 15.03, 0.0, 14.4
2013-09-23, 15.03, 15.03, 15.03, 15.03, 0.0, 14.4
2013-09-24, 15.03, 15.03, 15.03, 15.03, 0.0, 14.4
2013-09-25, 15.03, 15.03, 15.03, 15.03, 0.0, 14.4
2013-09-26, 15.03, 15.03, 15.03, 15.03, 0.0, 14.4
2013-09-27, 15.03, 15.03, 15.03, 15.03, 0.0, 14.4
2013-09-30, 15.03, 15.03, 15.03, 15.03, 0.0, 14.4
2013-10-01, 15.03, 15.03, 15.03, 15.03, 0.0, 14.4
2013-10-02, 15.03, 15.03, 15.03, 15.03, 0.0, 14.4
2013-10-03, 15.97, 15.97, 15.97, 15.97, 3500.0, 15.3
2013-10-04, 15.97, 15.97, 15.97, 15.97, 0.0, 15.3
2013-10-07, 15.97, 15.97, 15.97, 15.97, 0.0, 15.3
2013-10-08, 15.97, 15.97, 15.97, 15.97, 0.0, 15.3
2013-10-09, 15.97, 15.97, 15.97, 15.97, 0.0, 15.3
2013-10-10, 15.97, 15.97, 15.97, 15.97, 0.0, 15.3
2013-10-11, 17.11, 17.27, 17.11, 17.26, 300.0, 16.53
2013-10-14, 17.26, 17.26, 17.26, 17.26, 0.0, 16.53
2013-10-15, 17.17, 17.17, 17.15, 17.15, 500.0, 16.43
2013-10-16, 17.15, 17.15, 17.15, 17.15, 0.0, 16.43
2013-10-17, 17.15, 17.15, 17.15, 17.15, 0.0, 16.43
2013-10-18, 17.15, 17.15, 17.15, 17.15, 0.0, 16.43
2013-10-21, 17.15, 17.15, 17.15, 17.15, 0.0, 16.43
2013-10-22, 17.15, 17.15, 17.15, 17.15, 0.0, 16.43
2013-10-23, 18.24, 18.24, 18.24, 18.24, 100.0, 17.47
2013-10-24, 18.24, 18.24, 18.24, 18.24, 0.0, 17.47
2013-10-25, 18.24, 18.24, 18.24, 18.24, 0.0, 17.47
2013-10-28, 18.24, 18.24, 18.24, 18.24, 0.0, 17.47
2013-10-29, 18.24, 18.24, 18.24, 18.24, 0.0, 17.47
2013-10-30, 18.24, 18.24, 18.24, 18.24, 0.0, 17.47
2013-10-31, 18.66, 18.66, 18.66, 18.66, 100.0, 17.87
2013-11-01, 18.75, 18.75, 18.75, 18.75, 100.0, 17.96
2013-11-04, 18.75, 18.75, 18.75, 18.75, 0.0, 17.96
2013-11-05, 18.75, 18.75, 18.75, 18.75, 0.0, 17.96
2013-11-06, 19.13, 19.39, 19.13, 19.39, 800.0, 18.57
2013-11-07, 18.6, 18.6, 18.32, 18.32, 200.0, 17.55
2013-11-08, 18.11, 18.11, 18.11, 18.11, 100.0, 17.35
2013-11-11, 18.11, 18.11, 18.11, 18.11, 0.0, 17.35
2013-11-12, 18.11, 18.11, 18.11, 18.11, 0.0, 17.35
2013-11-13, 18.11, 18.11, 18.11, 18.11, 0.0, 17.35
2013-11-14, 18.11, 18.11, 18.11, 18.11, 0.0, 17.35
2013-11-15, 18.11, 18.11, 18.11, 18.11, 0.0, 17.35
2013-11-18, 18.09, 18.09, 18.09, 18.09, 200.0, 17.33
2013-11-19, 18.05, 18.05, 18.05, 18.05, 200.0, 17.29
2013-11-20, 18.05, 18.05, 18.05, 18.05, 0.0, 17.29
2013-11-21, 18.05, 18.05, 18.05, 18.05, 0.0, 17.29
2013-11-22, 18.05, 18.05, 18.05, 18.05, 0.0, 17.29
2013-11-25, 18.05, 18.05, 18.05, 18.05, 0.0, 17.29
2013-11-26, 18.05, 18.05, 18.05, 18.05, 0.0, 17.29
2013-11-27, 18.05, 18.05, 18.05, 18.05, 0.0, 17.29
2013-11-29, 18.05, 18.05, 18.05, 18.05, 0.0, 17.29
2013-12-02, 18.05, 18.05, 18.05, 18.05, 0.0, 17.29
2013-12-03, 18.05, 18.05, 18.05, 18.05, 0.0, 17.29
2013-12-04, 18.05, 18.05, 18.05, 18.05, 0.0, 17.29
2013-12-05, 18.17, 18.17, 18.17, 18.17, 300.0, 17.4
2013-12-06, 18.17, 18.17, 18.17, 18.17, 0.0, 17.4
2013-12-09, 18.17, 18.17, 18.17, 18.17, 0.0, 17.4
2013-12-10, 18.17, 18.17, 18.17, 18.17, 0.0, 17.4
2013-12-11, 18.17, 18.17, 18.17, 18.17, 0.0, 17.4
2013-12-12, 18.17, 18.17, 18.17, 18.17, 0.0, 17.4
2013-12-13, 18.17, 18.17, 18.17, 18.17, 0.0, 17.4
2013-12-16, 18.17, 18.17, 18.17, 18.17, 0.0, 17.4
2013-12-17, 18.17, 18.17, 18.17, 18.17, 0.0, 17.4
2013-12-18, 18.17, 18.17, 18.17, 18.17, 0.0, 17.4
2013-12-19, 18.17, 18.17, 18.17, 18.17, 0.0, 17.4
2013-12-20, 18.17, 18.17, 18.17, 18.17, 0.0, 17.4
2013-12-23, 18.17, 18.17, 18.17, 18.17, 0.0, 17.4
2013-12-24, 18.17, 18.17, 18.17, 18.17, 0.0, 17.4
2013-12-26, 18.17, 18.17, 18.17, 18.17, 0.0, 17.81
2013-12-27, 18.17, 18.17, 18.17, 18.17, 0.0, 17.81
2013-12-30, 18.17, 18.17, 18.17, 18.17, 0.0, 17.81
2013-12-31, 18.17, 18.17, 18.17, 18.17, 0.0, 17.81
2014-01-02, 18.17, 18.17, 18.17, 18.17, 0.0, 17.81
2014-01-03, 18.17, 18.17, 18.17, 18.17, 0.0, 17.81
2014-01-06, 18.17, 18.17, 18.17, 18.17, 0.0, 17.81
2014-01-07, 18.17, 18.17, 18.17, 18.17, 0.0, 17.81
2014-01-08, 18.17, 18.17, 18.17, 18.17, 0.0, 17.81
2014-01-09, 18.17, 18.17, 18.17, 18.17, 0.0, 17.81
2014-01-10, 18.17, 18.17, 18.17, 18.17, 0.0, 17.81
2014-01-13, 18.17, 18.17, 18.17, 18.17, 0.0, 17.81
2014-01-14, 18.17, 18.17, 18.17, 18.17, 0.0, 17.81
2014-01-15, 18.17, 18.17, 18.17, 18.17, 0.0, 17.81
2014-01-16, 18.17, 18.17, 18.17, 18.17, 0.0, 17.81
2014-01-17, 18.17, 18.17, 18.17, 18.17, 0.0, 17.81
2014-01-21, 18.17, 18.17, 18.17, 18.17, 0.0, 17.81
2014-01-22, 18.17, 18.17, 18.17, 18.17, 0.0, 17.81
2014-01-23, 18.17, 18.17, 18.17, 18.17, 0.0, 17.81
2014-01-24, 18.17, 18.17, 18.17, 18.17, 0.0, 17.81
2014-01-27, 18.17, 18.17, 18.17, 18.17, 0.0, 17.81
2014-01-28, 19.63, 19.63, 19.63, 19.63, 100.0, 19.24
2014-01-29, 19.63, 19.63, 19.63, 19.63, 0.0, 19.24
2014-01-30, 19.63, 19.63, 19.63, 19.63, 0.0, 19.24
2014-01-31, 19.63, 19.63, 19.63, 19.63, 0.0, 19.24
2014-02-03, 19.63, 19.63, 19.63, 19.63, 0.0, 19.24
2014-02-04, 19.63, 19.63, 19.63, 19.63, 0.0, 19.24
2014-02-05, 19.63, 19.63, 19.63, 19.63, 0.0, 19.24
2014-02-06, 19.63, 19.63, 19.63, 19.63, 0.0, 19.24
2014-02-07, 19.63, 19.63, 19.63, 19.63, 0.0, 19.24
2014-02-10, 19.63, 19.63, 19.63, 19.63, 0.0, 19.24
2014-02-11, 19.63, 19.63, 19.63, 19.63, 0.0, 19.24
2014-02-12, 19.63, 19.63, 19.63, 19.63, 0.0, 19.24
2014-02-13, 19.63, 19.63, 19.63, 19.63, 0.0, 19.24
2014-02-14, 19.63, 19.63, 19.63, 19.63, 0.0, 19.24
2014-02-18, 19.63, 19.63, 19.63, 19.63, 0.0, 19.24
2014-02-19, 19.63, 19.63, 19.63, 19.63, 0.0, 19.24
2014-02-20, 19.63, 19.63, 19.63, 19.63, 0.0, 19.24
2014-02-21, 19.63, 19.63, 19.63, 19.63, 0.0, 19.24
2014-02-24, 19.63, 19.63, 19.63, 19.63, 0.0, 19.24
2014-02-25, 19.63, 19.63, 19.63, 19.63, 0.0, 19.24
2014-02-26, 19.63, 19.63, 19.63, 19.63, 0.0, 19.24
2014-02-27, 19.63, 19.63, 19.63, 19.63, 0.0, 19.24
2014-02-28, 19.63, 19.63, 19.63, 19.63, 0.0, 19.24
2014-03-03, 20.35, 20.35, 20.35, 20.35, 1200.0, 19.95
2014-03-04, 20.35, 20.35, 20.35, 20.35, 0.0, 19.95
2014-03-05, 20.73, 20.73, 20.73, 20.73, 400.0, 20.32
2014-03-06, 20.73, 20.73, 20.73, 20.73, 0.0, 20.32
2014-03-07, 20.85, 20.85, 20.85, 20.85, 100.0, 20.44
2014-03-10, 20.85, 20.85, 20.85, 20.85, 0.0, 20.44
2014-03-11, 20.85, 20.85, 20.85, 20.85, 0.0, 20.44
2014-03-12, 20.85, 20.85, 20.85, 20.85, 0.0, 20.44
2014-03-13, 20.85, 20.85, 20.85, 20.85, 0.0, 20.44
2014-03-14, 20.85, 20.85, 20.85, 20.85, 0.0, 20.44
2014-03-17, 20.85, 20.85, 20.85, 20.85, 0.0, 20.44
2014-03-18, 20.85, 20.85, 20.85, 20.85, 0.0, 20.44
2014-03-19, 20.85, 20.85, 20.85, 20.85, 0.0, 20.44
2014-03-20, 20.85, 20.85, 20.85, 20.85, 0.0, 20.44
2014-03-21, 20.85, 20.85, 20.85, 20.85, 0.0, 20.44
2014-03-24, 20.85, 20.85, 20.85, 20.85, 0.0, 20.44
2014-03-25, 20.85, 20.85, 20.85, 20.85, 0.0, 20.44
2014-03-26, 20.85, 20.85, 20.85, 20.85, 0.0, 20.44
2014-03-27, 20.85, 20.85, 20.85, 20.85, 0.0, 20.44
2014-03-28, 20.85, 20.85, 20.85, 20.85, 0.0, 20.44
2014-03-31, 20.27, 20.35, 20.27, 20.28, 5700.0, 19.88
2014-04-01, 20.28, 20.28, 20.28, 20.28, 0.0, 19.88
2014-04-02, 20.28, 20.28, 20.28, 20.28, 0.0, 19.88
2014-04-03, 20.28, 20.28, 20.28, 20.28, 0.0, 19.88
2014-04-04, 20.28, 20.28, 20.28, 20.28, 0.0, 19.88
2014-04-07, 20.28, 20.28, 20.28, 20.28, 0.0, 19.88
2014-04-08, 20.28, 20.28, 20.28, 20.28, 0.0, 19.88
2014-04-09, 20.28, 20.28, 20.28, 20.28, 0.0, 19.88
2014-04-10, 20.35, 20.35, 20.35, 20.35, 100.0, 19.95
2014-04-11, 20.35, 20.35, 20.35, 20.35, 0.0, 19.95
2014-04-14, 20.35, 20.35, 20.35, 20.35, 0.0, 19.95
2014-04-15, 20.35, 20.35, 20.35, 20.35, 0.0, 19.95
2014-04-16, 20.67, 20.67, 20.67, 20.67, 300.0, 20.26
2014-04-17, 20.67, 20.67, 20.67, 20.67, 0.0, 20.26
2014-04-21, 20.67, 20.67, 20.67, 20.67, 0.0, 20.26
2014-04-22, 20.67, 20.67, 20.67, 20.67, 0.0, 20.26
2014-04-23, 20.67, 20.67, 20.67, 20.67, 0.0, 20.26
2014-04-24, 20.67, 20.67, 20.67, 20.67, 0.0, 20.26
2014-04-25, 20.48, 20.48, 20.48, 20.48, 1400.0, 20.07
2014-04-28, 20.48, 20.48, 20.48, 20.48, 0.0, 20.07
2014-04-29, 20.48, 20.48, 20.48, 20.48, 0.0, 20.07
2014-04-30, 20.48, 20.48, 20.48, 20.48, 0.0, 20.07
2014-05-01, 20.48, 20.48, 20.48, 20.48, 0.0, 20.07
2014-05-02, 20.48, 20.48, 20.48, 20.48, 0.0, 20.07
2014-05-05, 22.6, 22.6, 22.6, 22.6, 100.0, 22.15
2014-05-06, 22.67, 22.67, 22.67, 22.67, 300.0, 22.22
2014-05-07, 22.67, 22.67, 22.67, 22.67, 0.0, 22.22
2014-05-08, 22.67, 22.67, 22.67, 22.67, 0.0, 22.67
2014-05-09, 22.67, 22.67, 22.67, 22.67, 0.0, 22.67
2014-05-12, 22.67, 22.67, 22.67, 22.67, 0.0, 22.67
2014-05-13, 22.67, 22.67, 22.67, 22.67, 0.0, 22.67
2014-05-14, 22.13, 22.13, 22.13, 22.13, 200.0, 22.13
2014-05-15, 22.13, 22.13, 22.13, 22.13, 0.0, 22.13
2014-05-16, 22.13, 22.13, 22.13, 22.13, 0.0, 22.13
2014-05-19, 22.13, 22.13, 22.13, 22.13, 0.0, 22.13
2014-05-20, 22.13, 22.13, 22.13, 22.13, 0.0, 22.13
2014-05-21, 22.13, 22.13, 22.13, 22.13, 0.0, 22.13
2014-05-22, 22.13, 22.13, 22.13, 22.13, 0.0, 22.13
2014-05-23, 22.13, 22.13, 22.13, 22.13, 0.0, 22.13
2014-05-27, 22.13, 22.13, 22.13, 22.13, 0.0, 22.13
2014-05-28, 22.13, 22.13, 22.13, 22.13, 0.0, 22.13
2014-05-29, 22.13, 22.13, 22.13, 22.13, 0.0, 22.13
2014-05-30, 22.13, 22.13, 22.13, 22.13, 0.0, 22.13
2014-06-02, 22.13, 22.13, 22.13, 22.13, 0.0, 22.13
2014-06-03, 22.13, 22.13, 22.13, 22.13, 0.0, 22.13
2014-06-04, 22.13, 22.13, 22.13, 22.13, 0.0, 22.13
2014-06-05, 22.13, 22.13, 22.13, 22.13, 0.0, 22.13
2014-06-06, 22.13, 22.13, 22.13, 22.13, 0.0, 22.13
2014-06-09, 22.13, 22.13, 22.13, 22.13, 0.0, 22.13
2014-06-10, 22.13, 22.13, 22.13, 22.13, 0.0, 22.13
2014-06-11, 22.13, 22.13, 22.13, 22.13, 0.0, 22.13
2014-06-12, 22.13, 22.13, 22.13, 22.13, 0.0, 22.13
2014-06-13, 22.13, 22.13, 22.13, 22.13, 0.0, 22.13
2014-06-16, 22.13, 22.13, 22.13, 22.13, 0.0, 22.13
2014-06-17, 22.13, 22.13, 22.13, 22.13, 0.0, 22.13
2014-06-18, 22.13, 22.13, 22.13, 22.13, 0.0, 22.13
2014-06-19, 22.13, 22.13, 22.13, 22.13, 0.0, 22.13
2014-06-20, 22.13, 22.13, 22.13, 22.13, 0.0, 22.13
2014-06-23, 22.13, 22.13, 22.13, 22.13, 0.0, 22.13
2014-06-24, 22.13, 22.13, 22.13, 22.13, 0.0, 22.13
2014-06-25, 22.13, 22.13, 22.13, 22.13, 0.0, 22.13
2014-06-26, 22.13, 22.13, 22.13, 22.13, 0.0, 22.13
2014-06-27, 22.13, 22.13, 22.13, 22.13, 0.0, 22.13
2014-06-30, 22.13, 22.13, 22.13, 22.13, 0.0, 22.13
2014-07-01, 22.13, 22.13, 22.13, 22.13, 0.0, 22.13
2014-07-02, 22.13, 22.13, 22.13, 22.13, 0.0, 22.13
2014-07-03, 22.13, 22.13, 22.13, 22.13, 0.0, 22.13
2014-07-07, 22.13, 22.13, 22.13, 22.13, 0.0, 22.13
2014-07-08, 22.13, 22.13, 22.13, 22.13, 0.0, 22.13
2014-07-09, 22.13, 22.13, 22.13, 22.13, 0.0, 22.13
2014-07-10, 22.01, 22.01, 22.01, 22.01, 300.0, 22.01
2014-07-11, 22.01, 22.01, 22.01, 22.01, 0.0, 22.01
2014-07-14, 22.01, 22.01, 22.01, 22.01, 0.0, 22.01
2014-07-15, 22.01, 22.01, 22.01, 22.01, 0.0, 22.01
2014-07-16, 22.01, 22.01, 22.01, 22.01, 0.0, 22.01
2014-07-17, 22.01, 22.01, 22.01, 22.01, 0.0, 22.01
2014-07-18, 22.01, 22.01, 22.01, 22.01, 0.0, 22.01
2014-07-21, 22.01, 22.01, 22.01, 22.01, 0.0, 22.01
2014-07-22, 22.01, 22.01, 22.01, 22.01, 0.0, 22.01
2014-07-23, 22.01, 22.01, 22.01, 22.01, 0.0, 22.01
2014-07-24, 22.01, 22.01, 22.01, 22.01, 0.0, 22.01
2014-07-25, 22.01, 22.01, 22.01, 22.01, 0.0, 22.01
2014-07-28, 22.01, 22.01, 22.01, 22.01, 0.0, 22.01
2014-07-29, 22.01, 22.01, 22.01, 22.01, 0.0, 22.01
2014-07-30, 22.01, 22.01, 22.01, 22.01, 0.0, 22.01
2014-07-31, 22.01, 22.01, 22.01, 22.01, 0.0, 22.01
2014-08-01, 22.01, 22.01, 22.01, 22.01, 0.0, 22.01
2014-08-04, 22.01, 22.01, 22.01, 22.01, 0.0, 22.01
2014-08-05, 22.01, 22.01, 22.01, 22.01, 0.0, 22.01
2014-08-06, 22.01, 22.01, 22.01, 22.01, 0.0, 22.01
2014-08-07, 22.01, 22.01, 22.01, 22.01, 0.0, 22.01
2014-08-08, 22.01, 22.01, 22.01, 22.01, 0.0, 22.01
2014-08-11, 22.01, 22.01, 22.01, 22.01, 0.0, 22.01
2014-08-12, 22.01, 22.01, 22.01, 22.01, 0.0, 22.01
2014-08-13, 22.01, 22.01, 22.01, 22.01, 0.0, 22.01
2014-08-14, 22.01, 22.01, 22.01, 22.01, 0.0, 22.01
2014-08-15, 22.01, 22.01, 22.01, 22.01, 0.0, 22.01
2014-08-18, 22.01, 22.01, 22.01, 22.01, 0.0, 22.01
2014-08-19, 22.01, 22.01, 22.01, 22.01, 0.0, 22.01
2014-08-20, 22.01, 22.01, 22.01, 22.01, 0.0, 22.01
2014-08-21, 22.01, 22.01, 22.01, 22.01, 0.0, 22.01
2014-08-22, 22.01, 22.01, 22.01, 22.01, 0.0, 22.01
2014-08-25, 22.01, 22.01, 22.01, 22.01, 0.0, 22.01
2014-08-26, 22.01, 22.01, 22.01, 22.01, 0.0, 22.01
2014-08-27, 22.01, 22.01, 22.01, 22.01, 0.0, 22.01
2014-08-28, 22.01, 22.01, 22.01, 22.01, 0.0, 22.01
2014-08-29, 22.01, 22.01, 22.01, 22.01, 0.0, 22.01
2014-09-02, 22.01, 22.01, 22.01, 22.01, 0.0, 22.01
2014-09-03, 22.01, 22.01, 22.01, 22.01, 0.0, 22.01
2014-09-04, 22.01, 22.01, 22.01, 22.01, 0.0, 21.75
2014-09-05, 22.01, 22.01, 22.01, 22.01, 0.0, 21.75
2014-09-08, 22.01, 22.01, 22.01, 22.01, 0.0, 21.75
2014-09-09, 22.01, 22.01, 22.01, 22.01, 0.0, 22.01
2014-09-10, 22.01, 22.01, 22.01, 22.01, 0.0, 22.01
2014-09-11, 22.01, 22.01, 22.01, 22.01, 0.0, 22.01
2014-09-12, 22.01, 22.01, 22.01, 22.01, 0.0, 22.01
2014-09-15, 20.23, 20.23, 20.23, 20.23, 100.0, 20.23
2014-09-16, 20.23, 20.23, 20.23, 20.23, 0.0, 20.23
2014-09-17, 20.23, 20.23, 20.23, 20.23, 0.0, 20.23
2014-09-18, 20.23, 20.23, 20.23, 20.23, 0.0, 20.23
2014-09-19, 19.64, 19.64, 19.64, 19.64, 100.0, 19.64
2014-09-22, 19.64, 19.64, 19.64, 19.64, 0.0, 19.64
2014-09-23, 19.64, 19.64, 19.64, 19.64, 0.0, 19.64
2014-09-24, 19.64, 19.64, 19.64, 19.64, 0.0, 19.64
2014-09-25, 19.64, 19.64, 19.64, 19.64, 0.0, 19.64
2014-09-26, 19.64, 19.64, 19.64, 19.64, 0.0, 19.64
2014-09-29, 19.64, 19.64, 19.64, 19.64, 0.0, 19.64
2014-09-30, 19.64, 19.64, 19.64, 19.64, 0.0, 19.64
2014-10-01, 19.64, 19.64, 19.64, 19.64, 0.0, 19.64
2014-10-02, 19.64, 19.64, 19.64, 19.64, 0.0, 19.64
2014-10-03, 19.64, 19.64, 19.64, 19.64, 0.0, 19.64
2014-10-06, 19.64, 19.64, 19.64, 19.64, 0.0, 19.64
2014-10-07, 19.64, 19.64, 19.64, 19.64, 0.0, 19.64
2014-10-08, 19.64, 19.64, 19.64, 19.64, 0.0, 19.64
2014-10-09, 19.64, 19.64, 19.64, 19.64, 0.0, 19.64
2014-10-10, 19.64, 19.64, 19.64, 19.64, 0.0, 19.64
2014-10-13, 19.64, 19.64, 19.64, 19.64, 0.0, 19.64
2014-10-14, 19.64, 19.64, 19.64, 19.64, 0.0, 19.64
2014-10-15, 19.64, 19.64, 19.64, 19.64, 0.0, 19.64
2014-10-16, 19.64, 19.64, 19.64, 19.64, 0.0, 19.64
2014-10-17, 19.64, 19.64, 19.64, 19.64, 0.0, 19.64
2014-10-20, 19.64, 19.64, 19.64, 19.64, 0.0, 19.64
2014-10-21, 18.55, 18.55, 18.55, 18.55, 1500.0, 18.55
2014-10-22, 18.55, 18.55, 18.55, 18.55, 0.0, 18.55
2014-10-23, 18.55, 18.55, 18.55, 18.55, 0.0, 18.55
2014-10-24, 18.55, 18.55, 18.55, 18.55, 0.0, 18.55
2014-10-27, 18.55, 18.55, 18.55, 18.55, 0.0, 18.55
2014-10-28, 18.55, 18.55, 18.55, 18.55, 0.0, 18.55
2014-10-29, 18.55, 18.55, 18.55, 18.55, 0.0, 18.55
2014-10-30, 18.55, 18.55, 18.55, 18.55, 0.0, 18.55
2014-10-31, 18.55, 18.55, 18.55, 18.55, 0.0, 18.55
2014-11-03, 18.55, 18.55, 18.55, 18.55, 0.0, 18.55
2014-11-04, 18.55, 18.55, 18.55, 18.55, 0.0, 18.55
2014-11-05, 19.05, 19.05, 19.05, 19.05, 100.0, 19.05
2014-11-06, 19.05, 19.05, 19.05, 19.05, 0.0, 19.05
2014-11-07, 19.05, 19.05, 19.05, 19.05, 0.0, 19.05
2014-11-10, 19.05, 19.05, 19.05, 19.05, 0.0, 19.05
2014-11-11, 19.05, 19.05, 19.05, 19.05, 0.0, 19.05
2014-11-12, 19.05, 19.05, 19.05, 19.05, 0.0, 19.05
2014-11-13, 19.05, 19.05, 19.05, 19.05, 0.0, 19.05
2014-11-14, 19.05, 19.05, 19.05, 19.05, 0.0, 19.05
2014-11-17, 19.05, 19.05, 19.05, 19.05, 0.0, 19.05
2014-11-18, 19.05, 19.05, 19.05, 19.05, 0.0, 19.05
2014-11-19, 19.05, 19.05, 19.05, 19.05, 0.0, 19.05
2014-11-20, 19.05, 19.05, 19.05, 19.05, 0.0, 19.05
2014-11-21, 19.05, 19.05, 19.05, 19.05, 0.0, 19.05
2014-11-24, 19.05, 19.05, 19.05, 19.05, 0.0, 19.05
2014-11-25, 19.05, 19.05, 19.05, 19.05, 0.0, 19.05
2014-11-26, 19.05, 19.05, 19.05, 19.05, 0.0, 19.05
2014-11-28, 19.05, 19.05, 19.05, 19.05, 0.0, 19.05
2014-12-01, 19.05, 19.05, 19.05, 19.05, 0.0, 19.05
2014-12-02, 19.05, 19.05, 19.05, 19.05, 0.0, 19.05
2014-12-03, 19.05, 19.05, 19.05, 19.05, 0.0, 19.05
2014-12-04, 19.05, 19.05, 19.05, 19.05, 0.0, 19.05
2014-12-05, 19.05, 19.05, 19.05, 19.05, 0.0, 19.05
2014-12-08, 19.05, 19.05, 19.05, 19.05, 0.0, 19.05
2014-12-09, 19.05, 19.05, 19.05, 19.05, 0.0, 19.05
2014-12-10, 19.05, 19.05, 19.05, 19.05, 0.0, 19.05
2014-12-11, 19.05, 19.05, 19.05, 19.05, 0.0, 19.05
2014-12-12, 19.05, 19.05, 19.05, 19.05, 0.0, 18.7
2014-12-15, 18.95, 18.95, 18.95, 18.95, 100.0, 18.6
2014-12-16, 18.95, 18.95, 18.95, 18.95, 0.0, 18.6
2014-12-17, 18.95, 18.95, 18.95, 18.95, 0.0, 18.6
2014-12-18, 19.8, 19.8, 19.8, 19.8, 1000.0, 19.43
2014-12-19, 19.8, 19.8, 19.8, 19.8, 0.0, 19.43
2014-12-22, 19.8, 19.8, 19.8, 19.8, 0.0, 19.43
2014-12-23, 19.8, 19.8, 19.8, 19.8, 0.0, 19.43
2014-12-24, 19.8, 19.8, 19.8, 19.8, 0.0, 19.8
2014-12-26, 19.8, 19.8, 19.8, 19.8, 0.0, 19.8
2014-12-29, 19.8, 19.8, 19.8, 19.8, 0.0, 19.8
2014-12-30, 19.8, 19.8, 19.8, 19.8, 100.0, 19.8
2014-12-31, 19.8, 19.8, 19.8, 19.8, 0.0, 19.8
2015-01-02, 19.8, 19.8, 19.8, 19.8, 0.0, 19.8
2015-01-05, 19.8, 19.8, 19.8, 19.8, 0.0, 19.8
2015-01-06, 19.8, 19.8, 19.8, 19.8, 0.0, 19.8
2015-01-07, 19.8, 19.8, 19.8, 19.8, 0.0, 19.8
2015-01-08, 19.8, 19.8, 19.8, 19.8, 0.0, 19.8
2015-01-09, 19.8, 19.8, 19.8, 19.8, 0.0, 19.8
2015-01-12, 19.8, 19.8, 19.8, 19.8, 0.0, 19.8
2015-01-13, 19.8, 19.8, 19.8, 19.8, 0.0, 19.8
2015-01-14, 19.8, 19.8, 19.8, 19.8, 0.0, 19.8
2015-01-15, 19.8, 19.8, 19.8, 19.8, 0.0, 19.8
2015-01-16, 20.11, 20.11, 20.11, 20.11, 100.0, 20.11
2015-01-20, 20.11, 20.11, 20.11, 20.11, 0.0, 20.11
2015-01-21, 20.11, 20.11, 20.11, 20.11, 0.0, 20.11
2015-01-22, 20.11, 20.11, 20.11, 20.11, 0.0, 20.11
2015-01-23, 20.11, 20.11, 20.11, 20.11, 0.0, 20.11
2015-01-26, 20.11, 20.11, 20.11, 20.11, 0.0, 20.11
2015-01-27, 20.11, 20.11, 20.11, 20.11, 0.0, 20.11
2015-01-28, 20.11, 20.11, 20.11, 20.11, 0.0, 20.11
2015-01-29, 20.11, 20.11, 20.11, 20.11, 0.0, 20.11
2015-01-30, 20.11, 20.11, 20.11, 20.11, 0.0, 20.11
2015-02-02, 20.11, 20.11, 20.11, 20.11, 0.0, 20.11
2015-02-03, 20.11, 20.11, 20.11, 20.11, 0.0, 20.11
2015-02-04, 20.11, 20.11, 20.11, 20.11, 0.0, 20.11
2015-02-05, 20.11, 20.11, 20.11, 20.11, 0.0, 20.11
2015-02-06, 20.11, 20.11, 20.11, 20.11, 0.0, 20.11
2015-02-09, 20.11, 20.11, 20.11, 20.11, 0.0, 20.11
2015-02-10, 20.11, 20.11, 20.11, 20.11, 0.0, 20.11
2015-02-11, 20.11, 20.11, 20.11, 20.11, 0.0, 20.11
2015-02-12, 20.11, 20.11, 20.11, 20.11, 0.0, 20.11
2015-02-13, 20.11, 20.11, 20.11, 20.11, 0.0, 20.11
2015-02-17, 20.11, 20.11, 20.11, 20.11, 0.0, 20.11
2015-02-18, 20.11, 20.11, 20.11, 20.11, 0.0, 20.11
2015-02-19, 20.11, 20.11, 20.11, 20.11, 0.0, 20.11
2015-02-20, 20.11, 20.11, 20.11, 20.11, 0.0, 20.11
2015-02-23, 20.11, 20.11, 20.11, 20.11, 0.0, 20.11
2015-02-24, 20.11, 20.11, 20.11, 20.11, 0.0, 20.11
2015-02-25, 20.11, 20.11, 20.11, 20.11, 0.0, 20.11
2015-02-26, 20.11, 20.11, 20.11, 20.11, 0.0, 20.11
2015-02-27, 20.11, 20.11, 20.11, 20.11, 0.0, 20.11
2015-03-02, 20.11, 20.11, 20.11, 20.11, 0.0, 20.11
2015-03-03, 20.11, 20.11, 20.11, 20.11, 0.0, 20.11
2015-03-04, 20.11, 20.11, 20.11, 20.11, 0.0, 20.11
2015-03-05, 20.11, 20.11, 20.11, 20.11, 0.0, 20.11
2015-03-06, 20.11, 20.11, 20.11, 20.11, 0.0, 20.11
2015-03-09, 20.11, 20.11, 20.11, 20.11, 0.0, 20.11
2015-03-10, 20.11, 20.11, 20.11, 20.11, 0.0, 20.11
2015-03-11, 20.11, 20.11, 20.11, 20.11, 0.0, 20.11
2015-03-12, 20.11, 20.11, 20.11, 20.11, 0.0, 20.11
2015-03-13, 20.11, 20.11, 20.11, 20.11, 0.0, 20.11
2015-03-16, 20.11, 20.11, 20.11, 20.11, 0.0, 20.11
2015-03-17, 20.11, 20.11, 20.11, 20.11, 0.0, 20.11
2015-03-18, 20.11, 20.11, 20.11, 20.11, 0.0, 20.11
2015-03-19, 20.11, 20.11, 20.11, 20.11, 0.0, 20.11
2015-03-20, 20.11, 20.11, 20.11, 20.11, 0.0, 20.11
2015-03-23, 20.11, 20.11, 20.11, 20.11, 0.0, 20.11
2015-03-24, 21.83, 21.85, 21.83, 21.85, 600.0, 21.85
2015-03-25, 22.68, 22.68, 22.68, 22.68, 2200.0, 22.68
2015-03-26, 22.68, 22.68, 22.68, 22.68, 0.0, 22.68
2015-03-27, 22.68, 22.68, 22.68, 22.68, 0.0, 22.68
2015-03-30, 22.68, 22.68, 22.68, 22.68, 0.0, 22.68
2015-03-31, 22.68, 22.68, 22.68, 22.68, 0.0, 22.214319
2015-04-01, 22.6, 22.6, 22.6, 22.6, 500.0, 22.135962
2015-04-02, 22.6, 22.6, 22.6, 22.6, 0.0, 22.135962
2015-04-06, 22.6, 22.6, 22.6, 22.6, 0.0, 22.135962
2015-04-07, 22.6, 22.6, 22.6, 22.6, 0.0, 22.135962
2015-04-08, 23.1, 23.25, 23.1, 23.25, 200.0, 22.772615
2015-04-09, 23.1, 23.17, 23.1, 23.17, 200.0, 22.694258
2015-04-10, 23.17, 23.17, 23.17, 23.17, 0.0, 22.694258
2015-04-13, 23.17, 23.17, 23.17, 23.17, 0.0, 22.694258
2015-04-14, 23.17, 23.17, 23.17, 23.17, 0.0, 22.694258
2015-04-15, 23.23, 23.23, 23.23, 23.23, 200.0, 22.753026
2015-04-16, 23.23, 23.23, 23.23, 23.23, 0.0, 22.753026
2015-04-17, 23.23, 23.23, 23.23, 23.23, 0.0, 22.753026
2015-04-20, 23.23, 23.23, 23.23, 23.23, 0.0, 22.753026
2015-04-21, 23.200001, 23.280001, 22.74, 22.74, 300.0, 22.273087
2015-04-22, 22.74, 22.74, 22.74, 22.74, 0.0, 22.273087
2015-04-23, 22.74, 22.74, 22.74, 22.74, 0.0, 22.273087
2015-04-24, 22.74, 22.74, 22.74, 22.74, 0.0, 22.273087
2015-04-27, 22.74, 22.74, 22.74, 22.74, 0.0, 22.273087
2015-04-28, 22.74, 22.74, 22.74, 22.74, 0.0, 22.273087
2015-04-29, 23.280001, 23.280001, 23.280001, 23.280001, 100.0, 22.802
2015-04-30, 23.280001, 23.280001, 23.280001, 23.280001, 0.0, 22.802
2015-05-01, 23.280001, 23.280001, 23.280001, 23.280001, 0.0, 22.802
2015-05-04, 23.280001, 23.280001, 23.280001, 23.280001, 0.0, 22.802
2015-05-05, 23.280001, 23.280001, 23.280001, 23.280001, 0.0, 23.280001
2015-05-06, 23.280001, 23.280001, 23.280001, 23.280001, 0.0, 23.280001
2015-05-07, 23.280001, 23.280001, 23.280001, 23.280001, 0.0, 23.280001
2015-05-08, 23.280001, 23.280001, 23.280001, 23.280001, 0.0, 23.280001
2015-05-11, 23.280001, 23.280001, 23.280001, 23.280001, 0.0, 23.280001
2015-05-12, 23.280001, 23.280001, 23.280001, 23.280001, 0.0, 23.280001
2015-05-13, 23.280001, 23.280001, 23.280001, 23.280001, 0.0, 23.280001
2015-05-14, 23.280001, 23.280001, 23.280001, 23.280001, 0.0, 23.280001
2015-05-15, 22.35, 22.35, 22.35, 22.35, 300.0, 22.35
2015-05-18, 22.49, 22.74, 22.49, 22.74, 400.0, 22.74
2015-05-19, 22.799999, 22.799999, 22.799999, 22.799999, 100.0, 22.799999
2015-05-20, 22.799999, 22.799999, 22.799999, 22.799999, 0.0, 22.799999
2015-05-21, 22.299999, 22.299999, 22.299999, 22.299999, 600.0, 22.299999
2015-05-22, 22.299999, 22.299999, 22.299999, 22.299999, 0.0, 22.299999
2015-05-26, 20.18, 20.700001, 19.959999, 20.700001, 800.0, 20.700001
2015-05-27, 20.700001, 20.700001, 20.700001, 20.700001, 0.0, 20.700001
2015-05-28, 20.700001, 20.700001, 20.700001, 20.700001, 0.0, 20.700001
2015-05-29, 20.700001, 20.700001, 20.700001, 20.700001, 0.0, 20.700001
2015-06-01, 20.700001, 20.700001, 20.700001, 20.700001, 0.0, 20.700001
2015-06-02, 20.700001, 20.700001, 20.700001, 20.700001, 0.0, 20.700001
2015-06-03, 20.700001, 20.700001, 20.700001, 20.700001, 0.0, 20.700001
2015-06-04, 20.700001, 20.700001, 20.700001, 20.700001, 0.0, 20.700001
2015-06-05, 20.700001, 20.700001, 20.700001, 20.700001, 0.0, 20.700001
2015-06-08, 20.700001, 20.700001, 20.700001, 20.700001, 0.0, 20.700001
2015-06-09, 20.700001, 20.700001, 20.700001, 20.700001, 0.0, 20.700001
2015-06-10, 20.700001, 20.700001, 20.700001, 20.700001, 0.0, 20.700001
2015-06-11, 20.700001, 20.700001, 20.700001, 20.700001, 0.0, 20.700001
2015-06-12, 20.700001, 20.700001, 20.700001, 20.700001, 0.0, 20.700001
2015-06-15, 20.700001, 20.700001, 20.700001, 20.700001, 0.0, 20.700001
2015-06-16, 20.700001, 20.700001, 20.700001, 20.700001, 0.0, 20.700001
2015-06-17, 20.700001, 20.700001, 20.700001, 20.700001, 0.0, 20.700001
2015-06-18, 20.700001, 20.700001, 20.700001, 20.700001, 0.0, 20.700001
2015-06-19, 20.700001, 20.700001, 20.700001, 20.700001, 0.0, 20.700001
2015-06-22, 20.700001, 20.700001, 20.700001, 20.700001, 0.0, 20.700001
2015-06-23, 20.700001, 20.700001, 20.700001, 20.700001, 0.0, 20.700001
2015-06-24, 20.700001, 20.700001, 20.700001, 20.700001, 0.0, 20.700001
2015-06-25, 20.700001, 20.700001, 20.700001, 20.700001, 0.0, 20.700001
2015-06-26, 20.700001, 20.700001, 20.700001, 20.700001, 0.0, 20.700001
2015-06-29, 20.700001, 20.700001, 20.700001, 20.700001, 0.0, 20.700001
2015-06-30, 20.700001, 20.700001, 20.700001, 20.700001, 0.0, 20.700001
2015-07-01, 20.700001, 20.700001, 20.700001, 20.700001, 0.0, 20.700001
2015-07-02, 20.700001, 20.700001, 20.700001, 20.700001, 0.0, 20.700001
2015-07-06, 20.700001, 20.700001, 20.700001, 20.700001, 0.0, 20.700001
2015-07-07, 20.700001, 20.700001, 20.700001, 20.700001, 0.0, 20.700001
2015-07-08, 20.700001, 20.700001, 20.700001, 20.700001, 0.0, 20.47278
2015-07-09, 20.700001, 20.700001, 20.700001, 20.700001, 0.0, 20.47278
2015-07-10, 20.700001, 20.700001, 20.700001, 20.700001, 0.0, 20.47278
2015-07-13, 20.700001, 20.700001, 20.700001, 20.700001, 0.0, 20.47278
2015-07-14, 20.700001, 20.700001, 20.700001, 20.700001, 0.0, 20.47278
2015-07-15, 20.700001, 20.700001, 20.700001, 20.700001, 0.0, 20.47278
2015-07-16, 20.700001, 20.700001, 20.700001, 20.700001, 0.0, 20.47278
2015-07-17, 20.700001, 20.700001, 20.700001, 20.700001, 0.0, 20.47278
2015-07-20, 20.700001, 20.700001, 20.700001, 20.700001, 0.0, 20.47278
2015-07-21, 20.700001, 20.700001, 20.700001, 20.700001, 0.0, 20.47278
2015-07-22, 20.700001, 20.700001, 20.700001, 20.700001, 0.0, 20.47278
2015-07-23, 20.700001, 20.700001, 20.700001, 20.700001, 0.0, 20.47278
2015-07-24, 20.700001, 20.700001, 20.700001, 20.700001, 0.0, 20.47278
2015-07-27, 20.700001, 20.700001, 20.700001, 20.700001, 0.0, 20.47278
2015-07-28, 20.639999, 20.639999, 20.639999, 20.639999, 200.0, 20.413437
2015-07-29, 20.639999, 20.639999, 20.639999, 20.639999, 0.0, 20.413437
2015-07-30, 20.639999, 20.639999, 20.639999, 20.639999, 0.0, 20.413437
2015-07-31, 20.639999, 20.639999, 20.639999, 20.639999, 0.0, 20.413437
2015-08-03, 20.639999, 20.639999, 20.639999, 20.639999, 0.0, 20.413437
2015-08-04, 20.639999, 20.639999, 20.639999, 20.639999, 0.0, 20.413437
2015-08-05, 20.639999, 20.639999, 20.639999, 20.639999, 0.0, 20.413437
2015-08-06, 20.639999, 20.639999, 20.639999, 20.639999, 0.0, 20.413437
2015-08-07, 20.639999, 20.639999, 20.639999, 20.639999, 0.0, 20.413437
2015-08-10, 20.639999, 20.639999, 20.639999, 20.639999, 0.0, 20.413437
2015-08-11, 20.639999, 20.639999, 20.639999, 20.639999, 0.0, 20.413437
2015-08-12, 20.639999, 20.639999, 20.639999, 20.639999, 0.0, 20.413437
2015-08-13, 20.639999, 20.639999, 20.639999, 20.639999, 0.0, 20.413437
2015-08-14, 20.639999, 20.639999, 20.639999, 20.639999, 0.0, 20.413437
2015-08-17, 20.639999, 20.639999, 20.639999, 20.639999, 0.0, 20.413437
2015-08-18, 20.639999, 20.639999, 20.639999, 20.639999, 0.0, 20.413437
2015-08-19, 20.639999, 20.639999, 20.639999, 20.639999, 0.0, 20.413437
2015-08-20, 20.639999, 20.639999, 20.639999, 20.639999, 0.0, 20.413437
2015-08-21, 20.639999, 20.639999, 20.639999, 20.639999, 0.0, 20.413437
2015-08-24, 20.639999, 20.639999, 20.639999, 20.639999, 0.0, 20.413437
2015-08-25, 19.860001, 19.860001, 19.860001, 19.860001, 300.0, 19.642
2015-08-26, 19.860001, 19.860001, 19.860001, 19.860001, 0.0, 19.642
2015-08-27, 19.860001, 19.860001, 19.860001, 19.860001, 0.0, 19.642
2015-08-28, 19.860001, 19.860001, 19.860001, 19.860001, 0.0, 19.642
2015-08-31, 19.860001, 19.860001, 19.860001, 19.860001, 0.0, 19.642
2015-09-01, 19.860001, 19.860001, 19.860001, 19.860001, 0.0, 19.642
2015-09-02, 19.860001, 19.860001, 19.860001, 19.860001, 0.0, 19.642
2015-09-03, 19.860001, 19.860001, 19.860001, 19.860001, 0.0, 19.642
2015-09-04, 19.860001, 19.860001, 19.860001, 19.860001, 0.0, 19.642
2015-09-08, 19.860001, 19.860001, 19.860001, 19.860001, 0.0, 19.860001
2015-09-09, 19.860001, 19.860001, 19.860001, 19.860001, 0.0, 19.860001
2015-09-10, 19.860001, 19.860001, 19.860001, 19.860001, 0.0, 19.860001
2015-09-11, 19.860001, 19.860001, 19.860001, 19.860001, 0.0, 19.860001
2015-09-14, 19.860001, 19.860001, 19.860001, 19.860001, 0.0, 18.890407
2015-09-15, 19.860001, 19.860001, 19.860001, 19.860001, 0.0, 18.890407
2015-09-16, 19.860001, 19.860001, 19.860001, 19.860001, 0.0, 18.890407
2015-09-17, 19.860001, 19.860001, 19.860001, 19.860001, 0.0, 18.890407
2015-09-18, 19.860001, 19.860001, 19.860001, 19.860001, 0.0, 18.890407
2015-09-21, 19.860001, 19.860001, 19.860001, 19.860001, 0.0, 18.890407
2015-09-22, 19.860001, 19.860001, 19.860001, 19.860001, 0.0, 18.890407
2015-09-23, 19.860001, 19.860001, 19.860001, 19.860001, 0.0, 18.890407
2015-09-24, 19.860001, 19.860001, 19.860001, 19.860001, 0.0, 18.890407
2015-09-25, 19.860001, 19.860001, 19.860001, 19.860001, 0.0, 18.890407
2015-09-28, 19.860001, 19.860001, 19.860001, 19.860001, 0.0, 18.890407
2015-09-29, 19.860001, 19.860001, 19.860001, 19.860001, 0.0, 18.890407
2015-09-30, 19.860001, 19.860001, 19.860001, 19.860001, 0.0, 18.890407
2015-10-01, 19.860001, 19.860001, 19.860001, 19.860001, 0.0, 18.890407
2015-10-02, 19.860001, 19.860001, 19.860001, 19.860001, 0.0, 18.890407
2015-10-05, 19.860001, 19.860001, 19.860001, 19.860001, 0.0, 18.890407
2015-10-06, 19.860001, 19.860001, 19.860001, 19.860001, 0.0, 18.890407
2015-10-07, 19.860001, 19.860001, 19.860001, 19.860001, 0.0, 18.890407
2015-10-08, 19.860001, 19.860001, 19.860001, 19.860001, 0.0, 18.890407
2015-10-09, 19.860001, 19.860001, 19.860001, 19.860001, 0.0, 18.890407
2015-10-12, 18.42, 18.42, 18.42, 18.42, 300.0, 17.520709
2015-10-13, 18.42, 18.42, 18.42, 18.42, 0.0, 17.520709
2015-10-14, 18.42, 18.42, 18.42, 18.42, 0.0, 17.520709
2015-10-15, 18.42, 18.42, 18.42, 18.42, 0.0, 17.520709
2015-10-16, 18.42, 18.42, 18.42, 18.42, 0.0, 17.520709
2015-10-19, 18.42, 18.42, 18.42, 18.42, 0.0, 17.520709
2015-10-20, 18.42, 18.42, 18.42, 18.42, 0.0, 17.520709
2015-10-21, 18.42, 18.42, 18.42, 18.42, 0.0, 17.520709
2015-10-22, 18.42, 18.42, 18.42, 18.42, 0.0, 17.520709
2015-10-23, 18.799999, 19.049999, 18.799999, 19.049999, 600.0, 18.119951
2015-10-26, 19.049999, 19.049999, 19.049999, 19.049999, 0.0, 18.119951
2015-10-27, 19.049999, 19.049999, 19.049999, 19.049999, 0.0, 18.119951
2015-10-28, 19.049999, 19.049999, 19.049999, 19.049999, 0.0, 18.119951
2015-10-29, 19.049999, 19.049999, 19.049999, 19.049999, 0.0, 18.119951
2015-10-30, 19.049999, 19.049999, 19.049999, 19.049999, 0.0, 18.119951
2015-11-02, 19.049999, 19.049999, 19.049999, 19.049999, 0.0, 18.119951
2015-11-03, 19.049999, 19.049999, 19.049999, 19.049999, 0.0, 18.119951
2015-11-04, 19.049999, 19.049999, 19.049999, 19.049999, 0.0, 18.119951
2015-11-05, 19.049999, 19.049999, 19.049999, 19.049999, 0.0, 18.119951
2015-11-06, 19.049999, 19.049999, 19.049999, 19.049999, 0.0, 18.119951
2015-11-09, 19.049999, 19.049999, 19.049999, 19.049999, 0.0, 18.119951
2015-11-10, 19.049999, 19.049999, 19.049999, 19.049999, 0.0, 18.119951
2015-11-11, 19.049999, 19.049999, 19.049999, 19.049999, 0.0, 18.119951
2015-11-12, 19.049999, 19.049999, 19.049999, 19.049999, 0.0, 18.119951
2015-11-13, 19.049999, 19.049999, 19.049999, 19.049999, 0.0, 18.119951
2015-11-16, 19.049999, 19.049999, 19.049999, 19.049999, 0.0, 18.119951
2015-11-17, 19.049999, 19.049999, 19.049999, 19.049999, 0.0, 18.119951
2015-11-18, 19.049999, 19.049999, 19.049999, 19.049999, 0.0, 18.119951
2015-11-19, 19.049999, 19.049999, 19.049999, 19.049999, 0.0, 18.119951
2015-11-20, 17.139999, 17.139999, 17.139999, 17.139999, 200.0, 16.3032
2015-11-23, 17.139999, 17.139999, 17.139999, 17.139999, 0.0, 16.3032
2015-11-24, 17.139999, 17.139999, 17.139999, 17.139999, 0.0, 16.3032
2015-11-25, 17.139999, 17.139999, 17.139999, 17.139999, 0.0, 16.3032
2015-11-27, 17.139999, 17.139999, 17.139999, 17.139999, 0.0, 16.3032
2015-11-30, 17.139999, 17.139999, 17.139999, 17.139999, 0.0, 16.3032
2015-12-01, 17.139999, 17.139999, 17.139999, 17.139999, 0.0, 16.3032
2015-12-02, 17.08, 17.08, 17.08, 17.08, 300.0, 16.24613
2015-12-03, 17.08, 17.08, 17.08, 17.08, 0.0, 16.24613
2015-12-04, 17.08, 17.08, 17.08, 17.08, 0.0, 16.24613
2015-12-07, 17.08, 17.08, 17.08, 17.08, 0.0, 16.24613
2015-12-08, 17.08, 17.08, 17.08, 17.08, 0.0, 16.24613
2015-12-09, 17.08, 17.08, 17.08, 17.08, 0.0, 16.24613
2015-12-10, 17.08, 17.08, 17.08, 17.08, 0.0, 16.24613
2015-12-11, 17.08, 17.08, 17.08, 17.08, 0.0, 16.24613
2015-12-14, 17.08, 17.08, 17.08, 17.08, 0.0, 16.24613
2015-12-15, 17.08, 17.08, 17.08, 17.08, 0.0, 16.24613
2015-12-16, 17.08, 17.08, 17.08, 17.08, 0.0, 16.24613
2015-12-17, 17.08, 17.08, 17.08, 17.08, 0.0, 16.24613
2015-12-18, 17.08, 17.08, 17.08, 17.08, 0.0, 16.24613
2015-12-21, 17.08, 17.08, 17.08, 17.08, 0.0, 16.24613
2015-12-22, 17.08, 17.08, 17.08, 17.08, 0.0, 16.24613
2015-12-23, 17.4, 17.4, 17.25, 17.25, 3500.0, 16.40783
2015-12-24, 17.25, 17.25, 17.25, 17.25, 0.0, 16.40783
2015-12-28, 17.25, 17.25, 17.25, 17.25, 0.0, 16.40783
2015-12-29, 17.25, 17.25, 17.25, 17.25, 0.0, 16.40783
2015-12-30, 17.25, 17.25, 17.25, 17.25, 0.0, 16.726853
2015-12-31, 17.25, 17.25, 17.25, 17.25, 0.0, 16.726853
2016-01-04, 17.25, 17.25, 17.25, 17.25, 0.0, 16.726853
2016-01-05, 17.25, 17.25, 17.25, 17.25, 0.0, 16.726853
2016-01-06, 17.25, 17.25, 17.25, 17.25, 0.0, 16.726853
2016-01-07, 17.25, 17.25, 17.25, 17.25, 0.0, 16.726853
2016-01-08, 17.25, 17.25, 17.25, 17.25, 0.0, 16.726853
2016-01-11, 17.25, 17.25, 17.25, 17.25, 0.0, 16.726853
2016-01-12, 17.25, 17.25, 17.25, 17.25, 0.0, 16.726853
2016-01-13, 17.25, 17.25, 17.25, 17.25, 0.0, 16.726853
2016-01-14, 17.25, 17.25, 17.25, 17.25, 0.0, 16.726853
2016-01-15, 17.25, 17.25, 17.25, 17.25, 0.0, 16.726853
2016-01-19, 17.25, 17.25, 17.25, 17.25, 0.0, 16.726853
2016-01-20, 17.25, 17.25, 17.25, 17.25, 0.0, 16.726853
2016-01-21, 17.25, 17.25, 17.25, 17.25, 0.0, 16.726853
2016-01-22, 17.25, 17.25, 17.25, 17.25, 0.0, 16.726853
2016-01-25, 17.25, 17.25, 17.25, 17.25, 0.0, 16.726853
2016-01-26, 17.25, 17.25, 17.25, 17.25, 0.0, 16.726853
2016-01-27, 17.25, 17.25, 17.25, 17.25, 0.0, 16.726853
2016-01-28, 17.25, 17.25, 17.25, 17.25, 0.0, 16.726853
2016-01-29, 17.25, 17.25, 17.25, 17.25, 0.0, 16.726853
2016-02-01, 17.25, 17.25, 17.25, 17.25, 0.0, 16.726853
2016-02-02, 17.25, 17.25, 17.25, 17.25, 0.0, 16.726853
2016-02-03, 17.25, 17.25, 17.25, 17.25, 0.0, 16.726853
2016-02-04, 17.25, 17.25, 17.25, 17.25, 0.0, 16.726853
2016-02-05, 17.25, 17.25, 17.25, 17.25, 0.0, 16.726853
2016-02-08, 17.25, 17.25, 17.25, 17.25, 0.0, 16.726853
2016-02-09, 17.25, 17.25, 17.25, 17.25, 0.0, 16.726853
2016-02-10, 17.25, 17.25, 17.25, 17.25, 0.0, 16.726853
2016-02-11, 14.35, 14.35, 14.35, 14.35, 300.0, 13.914802
2016-02-12, 14.35, 14.35, 14.35, 14.35, 0.0, 13.914802
2016-02-16, 14.35, 14.35, 14.35, 14.35, 0.0, 13.914802
2016-02-17, 14.35, 14.35, 14.35, 14.35, 0.0, 13.914802
2016-02-18, 14.35, 14.35, 14.35, 14.35, 0.0, 13.914802
2016-02-19, 14.35, 14.35, 14.35, 14.35, 0.0, 13.914802
2016-02-22, 14.35, 14.35, 14.35, 14.35, 0.0, 13.914802
2016-02-23, 15.03, 15.03, 15.03, 15.03, 100.0, 14.574179
2016-02-24, 15.03, 15.03, 15.03, 15.03, 0.0, 14.574179
2016-02-25, 15.75, 15.75, 15.75, 15.75, 100.0, 15.272344
2016-02-26, 15.75, 15.75, 15.75, 15.75, 0.0, 15.272344
2016-02-29, 15.75, 15.75, 15.75, 15.75, 0.0, 15.272344
2016-03-01, 15.75, 15.75, 15.75, 15.75, 0.0, 15.272344
2016-03-02, 15.75, 15.75, 15.75, 15.75, 0.0, 15.272344
2016-03-03, 15.75, 15.75, 15.75, 15.75, 0.0, 15.272344
2016-03-04, 15.75, 15.75, 15.75, 15.75, 0.0, 15.272344
2016-03-07, 15.75, 15.75, 15.75, 15.75, 0.0, 15.272344
2016-03-08, 15.75, 15.75, 15.75, 15.75, 0.0, 15.272344
2016-03-09, 15.75, 15.75, 15.75, 15.75, 0.0, 15.272344
2016-03-10, 15.75, 15.75, 15.75, 15.75, 0.0, 15.272344
2016-03-11, 15.75, 15.75, 15.75, 15.75, 0.0, 15.272344
2016-03-14, 15.75, 15.75, 15.75, 15.75, 0.0, 15.272344
2016-03-15, 15.75, 15.75, 15.75, 15.75, 0.0, 15.272344
2016-03-16, 15.75, 15.75, 15.75, 15.75, 0.0, 15.272344
2016-03-17, 15.75, 15.75, 15.75, 15.75, 0.0, 15.272344
2016-03-18, 15.75, 15.75, 15.75, 15.75, 0.0, 15.272344
2016-03-21, 15.75, 15.75, 15.75, 15.75, 0.0, 15.272344
2016-03-22, 15.75, 15.75, 15.75, 15.75, 0.0, 15.272344
2016-03-23, 15.75, 15.75, 15.75, 15.75, 0.0, 15.272344
2016-03-24, 15.75, 15.75, 15.75, 15.75, 0.0, 15.272344
2016-03-28, 15.75, 15.75, 15.75, 15.75, 0.0, 15.272344
2016-03-29, 15.75, 15.75, 15.75, 15.75, 0.0, 15.272344
2016-03-30, 15.75, 15.75, 15.75, 15.75, 0.0, 15.272344
2016-03-31, 15.75, 15.75, 15.75, 15.75, 0.0, 15.272344
2016-04-01, 15.75, 15.75, 15.75, 15.75, 0.0, 15.272344
2016-04-04, 15.75, 15.75, 15.75, 15.75, 0.0, 15.272344
2016-04-05, 15.75, 15.75, 15.75, 15.75, 0.0, 15.272344
2016-04-06, 15.75, 15.75, 15.75, 15.75, 0.0, 15.272344
2016-04-07, 15.75, 15.75, 15.75, 15.75, 0.0, 15.272344
2016-04-08, 15.75, 15.75, 15.75, 15.75, 0.0, 15.272344
2016-04-11, 15.75, 15.75, 15.75, 15.75, 0.0, 15.272344
2016-04-12, 15.75, 15.75, 15.75, 15.75, 0.0, 15.272344
2016-04-13, 15.75, 15.75, 15.75, 15.75, 0.0, 15.272344
2016-04-14, 15.75, 15.75, 15.75, 15.75, 0.0, 15.272344
2016-04-15, 16.690001, 16.690001, 16.690001, 16.690001, 100.0, 16.183837
2016-04-18, 16.700001, 16.700001, 16.700001, 16.700001, 100.0, 16.193533
2016-04-19, 17.41, 17.41, 17.41, 17.41, 100.0, 16.882
2016-04-20, 17.41, 17.41, 17.41, 17.41, 0.0, 16.882
2016-04-21, 17.41, 17.41, 17.41, 17.41, 0.0, 16.882
2016-04-22, 17.41, 17.41, 17.41, 17.41, 0.0, 16.882
2016-04-25, 17.41, 17.41, 17.41, 17.41, 0.0, 16.882
2016-04-26, 17.41, 17.41, 17.41, 17.41, 0.0, 16.882
2016-04-27, 17.41, 17.41, 17.41, 17.41, 0.0, 16.882
2016-04-28, 17.41, 17.41, 17.41, 17.41, 0.0, 16.882
2016-04-29, 17.41, 17.41, 17.41, 17.41, 0.0, 16.882
2016-05-02, 17.41, 17.41, 17.41, 17.41, 0.0, 16.882
2016-05-03, 17.41, 17.41, 17.41, 17.41, 0.0, 17.41
2016-05-04, 17.41, 17.41, 17.41, 17.41, 0.0, 17.41
2016-05-05, 17.41, 17.41, 17.41, 17.41, 0.0, 17.41
2016-05-06, 17.41, 17.41, 17.41, 17.41, 0.0, 17.41
2016-05-09, 17.41, 17.41, 17.41, 17.41, 0.0, 17.41
2016-05-10, 17.41, 17.41, 17.41, 17.41, 0.0, 17.41
2016-05-11, 17.41, 17.41, 17.41, 17.41, 0.0, 17.41
2016-05-12, 17.41, 17.41, 17.41, 17.41, 0.0, 17.41
2016-05-13, 17.41, 17.41, 17.41, 17.41, 0.0, 17.41
2016-05-16, 17.41, 17.41, 17.41, 17.41, 0.0, 17.41
2016-05-17, 17.41, 17.41, 17.41, 17.41, 0.0, 17.41
2016-05-18, 17.41, 17.41, 17.41, 17.41, 0.0, 17.41
2016-05-19, 17.41, 17.41, 17.41, 17.41, 0.0, 17.41
2016-05-20, 17.41, 17.41, 17.41, 17.41, 0.0, 17.41
2016-05-23, 17.41, 17.41, 17.41, 17.41, 0.0, 17.41
2016-05-24, 17.41, 17.41, 17.41, 17.41, 0.0, 17.41
2016-05-25, 17.41, 17.41, 17.41, 17.41, 0.0, 17.41
2016-05-26, 17.41, 17.41, 17.41, 17.41, 0.0, 17.41
2016-05-27, 17.41, 17.41, 17.41, 17.41, 0.0, 17.41
2016-05-31, 17.41, 17.41, 17.41, 17.41, 0.0, 17.41
2016-06-01, 15.19, 15.19, 15.1, 15.1, 300.0, 15.1
2016-06-02, 15.1, 15.1, 15.1, 15.1, 0.0, 15.1
2016-06-03, 15.1, 15.1, 15.1, 15.1, 0.0, 15.1
2016-06-06, 15.1, 15.1, 15.1, 15.1, 0.0, 15.1
2016-06-07, 15.1, 15.1, 15.1, 15.1, 0.0, 15.1
2016-06-08, 15.1, 15.1, 15.1, 15.1, 0.0, 15.1
2016-06-09, 15.1, 15.1, 15.1, 15.1, 0.0, 15.1
2016-06-10, 15.1, 15.1, 15.1, 15.1, 0.0, 15.1
2016-06-13, 15.1, 15.1, 15.1, 15.1, 0.0, 15.1
2016-06-14, 15.1, 15.1, 15.1, 15.1, 0.0, 15.1
2016-06-15, 15.1, 15.1, 15.1, 15.1, 0.0, 15.1
2016-06-16, 15.1, 15.1, 15.1, 15.1, 0.0, 15.1
2016-06-17, 15.1, 15.1, 15.1, 15.1, 0.0, 15.1
2016-06-20, 15.1, 15.1, 15.1, 15.1, 0.0, 15.1
2016-06-21, 14.68, 14.68, 14.68, 14.68, 100.0, 14.68
2016-06-22, 14.68, 14.68, 14.68, 14.68, 0.0, 14.68
2016-06-23, 14.68, 14.68, 14.68, 14.68, 0.0, 14.68
2016-06-24, 14.68, 14.68, 14.68, 14.68, 0.0, 14.68
2016-06-27, 12.76, 12.76, 12.76, 12.76, 200.0, 12.76
2016-06-28, 12.76, 12.76, 12.76, 12.76, 0.0, 12.76
2016-06-29, 12.76, 12.76, 12.76, 12.76, 0.0, 12.76
2016-06-30, 12.76, 12.76, 12.76, 12.76, 0.0, 12.76
2016-07-01, 12.76, 12.76, 12.76, 12.76, 0.0, 12.76
2016-07-05, 14.05, 14.05, 14.05, 14.05, 200.0, 14.05
2016-07-06, 14.05, 14.05, 14.05, 14.05, 0.0, 14.05
