2010-05-26, 20.0, 20.01, 20.0, 20.0, 261400.0, 15.43
2010-05-27, 20.0, 20.01, 20.0, 20.0, 66700.0, 15.43
2010-05-28, 20.0, 20.01, 20.0, 20.01, 42700.0, 15.43
2010-06-01, 20.0, 20.02, 20.0, 20.0, 42700.0, 15.43
2010-06-02, 20.0, 20.05, 20.0, 20.04, 106500.0, 15.46
2010-06-03, 20.04, 20.04, 20.03, 20.04, 39600.0, 15.46
2010-06-04, 20.04, 20.19, 20.03, 20.03, 65200.0, 15.45
2010-06-07, 20.05, 20.08, 20.0, 20.04, 70500.0, 15.46
2010-06-08, 20.05, 20.05, 20.0, 20.0, 139400.0, 15.43
2010-06-09, 20.0, 20.02, 20.0, 20.02, 21300.0, 15.44
2010-06-10, 20.02, 20.02, 20.0, 20.0, 16400.0, 15.43
2010-06-11, 20.0, 20.01, 20.0, 20.0, 11900.0, 15.43
2010-06-14, 20.01, 20.01, 20.0, 20.0, 11600.0, 15.43
2010-06-15, 20.0, 20.01, 20.0, 20.0, 74000.0, 15.43
2010-06-16, 20.0, 20.01, 20.0, 20.01, 17900.0, 15.43
2010-06-17, 20.0, 20.01, 20.0, 20.0, 18000.0, 15.43
2010-06-18, 20.0, 20.01, 20.0, 20.0, 11000.0, 15.43
2010-06-21, 20.0, 20.01, 20.0, 20.01, 17900.0, 15.43
2010-06-22, 20.0, 20.01, 20.0, 20.0, 10500.0, 15.43
2010-06-23, 20.01, 20.01, 20.0, 20.01, 10900.0, 15.43
2010-06-24, 20.01, 20.01, 20.0, 20.01, 8200.0, 15.43
2010-06-25, 20.0, 20.01, 20.0, 20.01, 35400.0, 15.43
2010-06-28, 20.03, 20.03, 20.0, 20.01, 16000.0, 15.43
2010-06-29, 20.0, 20.0, 20.0, 20.0, 18600.0, 15.43
2010-06-30, 20.01, 20.01, 20.0, 20.0, 24800.0, 15.43
2010-07-01, 20.0, 20.01, 20.0, 20.0, 11100.0, 15.43
2010-07-02, 20.0, 20.01, 20.0, 20.01, 30400.0, 15.43
2010-07-06, 20.0, 20.1, 20.0, 20.01, 20900.0, 15.43
2010-07-07, 20.07, 20.1, 20.0, 20.01, 4000.0, 15.43
2010-07-08, 20.0, 20.01, 19.55, 19.7, 530100.0, 15.2
2010-07-09, 19.7, 19.7, 19.4, 19.65, 149400.0, 15.16
2010-07-12, 19.66, 19.66, 19.29, 19.36, 44200.0, 14.93
2010-07-13, 19.36, 19.46, 19.05, 19.05, 72400.0, 14.69
2010-07-14, 19.0, 19.0, 18.66, 18.86, 22600.0, 14.55
2010-07-15, 18.84, 18.9, 18.68, 18.9, 44200.0, 14.58
2010-07-16, 18.88, 18.9, 18.84, 18.9, 9600.0, 14.58
2010-07-19, 18.85, 19.15, 18.85, 19.07, 33600.0, 14.71
2010-07-20, 19.03, 19.12, 18.93, 19.0, 32600.0, 14.66
2010-07-21, 19.0, 19.25, 18.97, 19.25, 33900.0, 14.85
2010-07-22, 18.9, 19.17, 18.9, 19.1, 36300.0, 14.73
2010-07-23, 19.03, 19.09, 18.81, 19.01, 33900.0, 14.66
2010-07-26, 19.03, 19.1, 18.27, 18.59, 105600.0, 14.34
2010-07-27, 18.64, 18.77, 18.6, 18.64, 62100.0, 14.38
2010-07-28, 18.69, 18.94, 18.69, 18.93, 52000.0, 14.6
2010-07-29, 18.87, 18.93, 18.77, 18.79, 28600.0, 14.49
2010-07-30, 18.75, 18.89, 18.63, 18.71, 36700.0, 14.43
2010-08-02, 18.7, 19.03, 18.67, 18.81, 54400.0, 14.51
2010-08-03, 18.82, 19.14, 18.82, 19.03, 31700.0, 14.68
2010-08-04, 19.12, 19.33, 19.12, 19.33, 28300.0, 14.91
2010-08-05, 19.27, 19.31, 19.15, 19.3, 14200.0, 14.89
2010-08-06, 19.33, 19.52, 19.3, 19.36, 32200.0, 14.93
2010-08-09, 19.36, 19.37, 19.01, 19.33, 26900.0, 14.91
2010-08-10, 19.35, 19.5, 19.24, 19.45, 26300.0, 15.0
2010-08-11, 19.45, 19.46, 19.22, 19.34, 16300.0, 14.92
2010-08-12, 19.38, 19.47, 19.25, 19.42, 19500.0, 14.98
2010-08-13, 19.44, 19.5, 19.3, 19.48, 30300.0, 15.03
2010-08-16, 19.37, 19.72, 19.26, 19.72, 133300.0, 15.3
2010-08-17, 19.63, 19.82, 19.58, 19.73, 52000.0, 15.31
2010-08-18, 19.66, 19.84, 19.4, 19.8, 52400.0, 15.36
2010-08-19, 19.85, 19.85, 19.46, 19.6, 51200.0, 15.2
2010-08-20, 19.65, 19.65, 19.14, 19.42, 30600.0, 15.06
2010-08-23, 19.37, 19.38, 19.08, 19.24, 53000.0, 14.93
2010-08-24, 18.9, 19.12, 18.83, 18.97, 64600.0, 14.72
2010-08-25, 19.05, 19.14, 18.75, 18.84, 57000.0, 14.61
2010-08-26, 18.9, 18.9, 18.62, 18.8, 69200.0, 14.58
2010-08-27, 18.83, 18.94, 18.8, 18.89, 11500.0, 14.65
2010-08-30, 18.85, 18.95, 18.65, 18.65, 62800.0, 14.47
2010-08-31, 18.84, 18.92, 18.77, 18.91, 40700.0, 14.67
2010-09-01, 18.82, 18.99, 18.8, 18.85, 36600.0, 14.62
2010-09-02, 18.92, 19.47, 18.92, 19.22, 59600.0, 14.91
2010-09-03, 19.22, 19.23, 19.12, 19.19, 20300.0, 14.89
2010-09-07, 19.29, 19.81, 19.1, 19.3, 20200.0, 14.97
2010-09-08, 19.62, 19.64, 19.03, 19.35, 57000.0, 15.01
2010-09-09, 19.45, 19.5, 19.2, 19.3, 55900.0, 14.97
2010-09-10, 19.4, 19.47, 19.08, 19.22, 50100.0, 14.91
2010-09-13, 19.34, 19.5, 19.27, 19.5, 55500.0, 15.13
2010-09-14, 19.35, 19.6, 19.32, 19.6, 44900.0, 15.2
2010-09-15, 19.49, 19.49, 19.33, 19.49, 51500.0, 15.2
2010-09-16, 19.25, 19.48, 19.25, 19.48, 32900.0, 15.2
2010-09-17, 19.5, 19.51, 19.33, 19.42, 55600.0, 15.15
2010-09-20, 19.62, 19.62, 19.4, 19.5, 51300.0, 15.21
2010-09-21, 19.5, 19.5, 19.21, 19.36, 32000.0, 15.1
2010-09-22, 19.31, 19.4, 19.27, 19.27, 59100.0, 15.03
2010-09-23, 19.36, 19.4, 19.01, 19.19, 70300.0, 14.97
2010-09-24, 19.2, 19.2, 19.1, 19.15, 67600.0, 14.94
2010-09-27, 19.28, 19.4, 19.15, 19.19, 21200.0, 14.97
2010-09-28, 19.12, 19.2, 19.05, 19.2, 17400.0, 14.98
2010-09-29, 19.18, 19.26, 18.96, 19.03, 121000.0, 14.85
2010-09-30, 19.13, 19.2, 19.1, 19.2, 70900.0, 14.98
2010-10-01, 19.27, 19.4, 19.26, 19.4, 48500.0, 15.13
2010-10-04, 19.38, 19.38, 19.18, 19.3, 41500.0, 15.06
2010-10-05, 19.24, 19.37, 19.0, 19.04, 108600.0, 14.85
2010-10-06, 19.14, 19.25, 19.09, 19.17, 36400.0, 14.95
2010-10-07, 19.07, 19.26, 19.07, 19.14, 80500.0, 14.93
2010-10-08, 19.19, 19.29, 19.1, 19.29, 39800.0, 15.05
2010-10-11, 19.37, 19.5, 19.25, 19.5, 61600.0, 15.21
2010-10-12, 19.43, 19.61, 19.31, 19.61, 52900.0, 15.3
2010-10-13, 19.6, 19.68, 19.45, 19.65, 57200.0, 15.33
2010-10-14, 19.68, 19.75, 19.65, 19.72, 39200.0, 15.38
2010-10-15, 19.75, 19.83, 19.68, 19.7, 46900.0, 15.37
2010-10-18, 19.26, 19.49, 19.26, 19.4, 47500.0, 15.22
2010-10-19, 19.25, 19.5, 19.25, 19.5, 45800.0, 15.3
2010-10-20, 19.5, 19.75, 19.41, 19.65, 69300.0, 15.42
2010-10-21, 19.7, 19.75, 19.3, 19.52, 72800.0, 15.31
2010-10-22, 19.5, 19.58, 19.2, 19.34, 72400.0, 15.17
2010-10-25, 19.48, 19.48, 19.2, 19.2, 92500.0, 15.06
2010-10-26, 19.23, 19.38, 19.2, 19.33, 52300.0, 15.16
2010-10-27, 19.39, 19.44, 19.22, 19.44, 46100.0, 15.25
2010-10-28, 19.47, 19.61, 19.42, 19.51, 52800.0, 15.31
2010-10-29, 19.61, 19.67, 19.29, 19.58, 69400.0, 15.36
2010-11-01, 19.54, 19.75, 19.48, 19.7, 77600.0, 15.45
2010-11-02, 19.79, 19.89, 19.71, 19.8, 89200.0, 15.53
2010-11-03, 19.71, 19.88, 19.67, 19.84, 62000.0, 15.56
2010-11-04, 19.81, 19.95, 19.56, 19.82, 73100.0, 15.55
2010-11-05, 19.89, 19.95, 19.73, 19.92, 62600.0, 15.63
2010-11-08, 19.9, 19.95, 19.77, 19.84, 40900.0, 15.56
2010-11-09, 19.68, 19.99, 19.68, 19.84, 48300.0, 15.56
2010-11-10, 19.76, 19.95, 19.76, 19.83, 62100.0, 15.56
2010-11-11, 19.7, 19.97, 19.7, 19.83, 76900.0, 15.56
2010-11-12, 19.51, 19.87, 19.51, 19.81, 35000.0, 15.54
2010-11-15, 19.73, 19.95, 19.7, 19.8, 40300.0, 15.53
2010-11-16, 19.55, 19.76, 19.34, 19.73, 84900.0, 15.48
2010-11-17, 19.5, 19.59, 19.23, 19.35, 98700.0, 15.27
2010-11-18, 19.33, 19.8, 19.33, 19.71, 61500.0, 15.55
2010-11-19, 19.8, 19.8, 19.34, 19.53, 56500.0, 15.41
2010-11-22, 19.48, 19.74, 19.24, 19.42, 63300.0, 15.32
2010-11-23, 19.02, 19.41, 18.33, 19.25, 137000.0, 15.19
2010-11-24, 19.15, 19.43, 18.99, 19.26, 104100.0, 15.19
2010-11-26, 19.34, 19.45, 19.2, 19.43, 12200.0, 15.33
2010-11-29, 19.6, 19.66, 19.35, 19.6, 100200.0, 15.46
2010-11-30, 19.7, 19.77, 19.62, 19.65, 49100.0, 15.5
2010-12-01, 19.67, 19.83, 19.6, 19.65, 50700.0, 15.5
2010-12-02, 19.66, 19.76, 19.53, 19.66, 47700.0, 15.51
2010-12-03, 19.59, 19.82, 19.59, 19.69, 54800.0, 15.53
2010-12-06, 19.58, 19.94, 19.56, 19.61, 53200.0, 15.47
2010-12-07, 19.72, 19.8, 19.7, 19.77, 50700.0, 15.6
2010-12-08, 19.71, 19.95, 19.71, 19.89, 94300.0, 15.69
2010-12-09, 20.18, 20.18, 19.76, 19.9, 77100.0, 15.7
2010-12-10, 19.97, 19.97, 19.79, 19.97, 52600.0, 15.75
2010-12-13, 19.97, 19.97, 19.76, 19.8, 61900.0, 15.62
2010-12-14, 19.76, 19.95, 19.76, 19.95, 61300.0, 15.74
2010-12-15, 19.9, 19.98, 19.63, 19.76, 83400.0, 15.67
2010-12-16, 19.83, 19.84, 19.62, 19.68, 55700.0, 15.61
2010-12-17, 19.6, 19.85, 19.6, 19.79, 53100.0, 15.7
2010-12-20, 19.79, 19.85, 19.76, 19.85, 48700.0, 15.75
2010-12-21, 19.85, 19.95, 19.77, 19.77, 56300.0, 15.68
2010-12-22, 19.89, 20.0, 19.73, 19.83, 82500.0, 15.73
2010-12-23, 19.9, 19.99, 19.84, 19.86, 64200.0, 15.75
2010-12-27, 19.95, 20.09, 19.87, 19.88, 71300.0, 15.77
2010-12-28, 19.99, 20.06, 19.76, 19.88, 71000.0, 15.77
2010-12-29, 19.62, 19.96, 19.62, 19.82, 33600.0, 15.81
2010-12-30, 19.98, 20.05, 19.88, 19.95, 58000.0, 15.91
2010-12-31, 20.03, 20.03, 19.95, 19.96, 27500.0, 15.92
2011-01-03, 20.04, 20.05, 19.81, 19.96, 63900.0, 15.92
2011-01-04, 20.03, 20.03, 19.83, 19.94, 50600.0, 15.91
2011-01-05, 19.99, 20.0, 19.93, 20.0, 62400.0, 15.95
2011-01-06, 20.03, 20.05, 19.98, 20.03, 82900.0, 15.98
2011-01-07, 19.88, 20.05, 19.88, 20.05, 77100.0, 15.99
2011-01-10, 20.03, 20.09, 19.97, 20.09, 83300.0, 16.03
2011-01-11, 20.12, 20.2, 19.97, 20.2, 126800.0, 16.11
2011-01-12, 20.42, 20.8, 20.07, 20.15, 134500.0, 16.07
2011-01-13, 20.39, 20.58, 20.0, 20.06, 101900.0, 16.0
2011-01-14, 20.24, 20.24, 20.02, 20.11, 65700.0, 16.04
2011-01-18, 20.19, 20.23, 19.81, 20.17, 72700.0, 16.09
2011-01-19, 20.15, 20.2, 20.07, 20.15, 68900.0, 16.07
2011-01-20, 20.18, 20.26, 20.06, 20.19, 74500.0, 16.11
2011-01-21, 20.25, 20.31, 20.05, 20.06, 113000.0, 16.0
2011-01-24, 20.26, 20.26, 19.93, 19.95, 123100.0, 15.91
2011-01-25, 20.14, 20.25, 19.88, 19.9, 145600.0, 15.87
2011-01-26, 20.08, 20.12, 19.88, 19.99, 123800.0, 15.95
2011-01-27, 20.13, 20.25, 20.06, 20.07, 107400.0, 16.01
2011-01-28, 20.2, 20.22, 20.06, 20.2, 81300.0, 16.11
2011-01-31, 20.2, 20.29, 19.98, 20.07, 103200.0, 16.01
2011-02-01, 19.99, 20.19, 19.99, 20.18, 83300.0, 16.1
2011-02-02, 20.17, 20.3, 20.13, 20.29, 73600.0, 16.18
2011-02-03, 20.3, 20.47, 20.16, 20.47, 88000.0, 16.33
2011-02-04, 20.5, 20.56, 20.34, 20.47, 91000.0, 16.33
2011-02-07, 20.52, 20.6, 20.42, 20.51, 56600.0, 16.36
2011-02-08, 20.57, 20.57, 20.14, 20.44, 90400.0, 16.3
2011-02-09, 20.44, 20.57, 20.32, 20.54, 97100.0, 16.38
2011-02-10, 20.45, 20.59, 20.45, 20.59, 71200.0, 16.42
2011-02-11, 20.6, 20.75, 20.57, 20.7, 110900.0, 16.51
2011-02-14, 20.69, 20.75, 20.54, 20.55, 69900.0, 16.39
2011-02-15, 20.58, 20.7, 20.58, 20.7, 73100.0, 16.51
2011-02-16, 20.7, 20.75, 20.53, 20.73, 118600.0, 16.62
2011-02-17, 20.81, 20.84, 20.58, 20.58, 124700.0, 16.5
2011-02-18, 20.51, 20.52, 20.32, 20.37, 85100.0, 16.34
2011-02-22, 20.43, 20.43, 20.0, 20.17, 67000.0, 16.18
2011-02-23, 20.22, 20.32, 20.03, 20.08, 84400.0, 16.1
2011-02-24, 20.15, 20.5, 20.15, 20.28, 72000.0, 16.26
2011-02-25, 20.45, 20.45, 20.22, 20.37, 76300.0, 16.34
2011-02-28, 20.49, 20.63, 20.4, 20.47, 98600.0, 16.42
2011-03-01, 20.59, 20.64, 20.42, 20.42, 46600.0, 16.38
2011-03-02, 20.52, 20.66, 20.48, 20.66, 63100.0, 16.57
2011-03-03, 20.79, 20.79, 20.4, 20.57, 82100.0, 16.5
2011-03-04, 20.67, 20.71, 20.6, 20.7, 58000.0, 16.6
2011-03-07, 20.78, 20.84, 20.64, 20.7, 62000.0, 16.6
2011-03-08, 20.8, 20.83, 20.36, 20.67, 76500.0, 16.58
2011-03-09, 20.73, 21.06, 20.65, 21.04, 172800.0, 16.87
2011-03-10, 20.95, 21.21, 20.94, 21.04, 157500.0, 16.87
2011-03-11, 21.23, 21.31, 21.06, 21.22, 74400.0, 17.02
2011-03-14, 21.22, 21.27, 21.08, 21.17, 111200.0, 16.98
2011-03-15, 21.17, 21.21, 21.01, 21.05, 114900.0, 16.88
2011-03-16, 21.02, 21.15, 21.0, 21.11, 39000.0, 17.02
2011-03-17, 21.13, 21.21, 21.07, 21.18, 110900.0, 17.07
2011-03-18, 21.1, 21.29, 21.06, 21.1, 107500.0, 17.01
2011-03-21, 21.25, 21.27, 20.82, 20.94, 96900.0, 16.88
2011-03-22, 20.88, 21.04, 20.56, 20.7, 95700.0, 16.69
2011-03-23, 20.56, 20.65, 20.33, 20.56, 118200.0, 16.57
2011-03-24, 20.63, 20.68, 20.51, 20.52, 69200.0, 16.54
2011-03-25, 20.63, 20.63, 20.37, 20.48, 126200.0, 16.51
2011-03-28, 20.55, 20.68, 20.16, 20.16, 128300.0, 16.25
2011-03-29, 20.15, 20.34, 19.9, 19.93, 130900.0, 16.07
2011-03-30, 20.02, 20.19, 20.02, 20.1, 38900.0, 16.2
2011-03-31, 20.14, 20.19, 19.92, 19.92, 65800.0, 16.06
2011-04-01, 20.05, 20.17, 19.99, 20.11, 46900.0, 16.21
2011-04-04, 20.19, 20.19, 20.04, 20.1, 39100.0, 16.2
2011-04-05, 20.15, 20.34, 20.1, 20.34, 47300.0, 16.4
2011-04-06, 20.35, 20.59, 20.35, 20.59, 33400.0, 16.6
2011-04-07, 20.63, 20.7, 20.55, 20.7, 54500.0, 16.69
2011-04-08, 20.69, 20.69, 20.61, 20.68, 39500.0, 16.67
2011-04-11, 20.68, 20.94, 20.68, 20.91, 74800.0, 16.86
2011-04-12, 20.95, 20.95, 20.59, 20.68, 71600.0, 16.67
2011-04-13, 20.78, 20.99, 20.41, 20.63, 74600.0, 16.63
2011-04-14, 20.56, 20.92, 20.49, 20.92, 42500.0, 16.86
2011-04-15, 21.0, 21.12, 20.91, 21.1, 81500.0, 17.01
2011-04-18, 20.7, 21.17, 20.7, 20.99, 74400.0, 17.01
2011-04-19, 21.12, 21.26, 20.97, 21.11, 84000.0, 17.11
2011-04-20, 21.07, 21.27, 21.07, 21.15, 60700.0, 17.14
2011-04-21, 21.29, 21.29, 21.15, 21.29, 67500.0, 17.25
2011-04-25, 21.42, 21.62, 21.16, 21.35, 92300.0, 17.3
2011-04-26, 21.46, 21.46, 21.0, 21.14, 105500.0, 17.13
2011-04-27, 21.24, 21.5, 21.04, 21.41, 75600.0, 17.35
2011-04-28, 21.6, 21.6, 20.99, 21.13, 128500.0, 17.12
2011-04-29, 20.99, 21.26, 20.99, 21.26, 60000.0, 17.23
2011-05-02, 21.45, 21.53, 21.35, 21.48, 70000.0, 17.41
2011-05-03, 21.59, 21.61, 21.27, 21.39, 52000.0, 17.33
2011-05-04, 21.28, 21.5, 21.15, 21.29, 75000.0, 17.25
2011-05-05, 21.35, 21.4, 21.04, 21.08, 49100.0, 17.08
2011-05-06, 21.29, 21.44, 21.08, 21.24, 33600.0, 17.21
2011-05-09, 21.18, 21.57, 21.18, 21.24, 63000.0, 17.21
2011-05-10, 21.35, 21.36, 21.19, 21.35, 30200.0, 17.3
2011-05-11, 21.4, 21.4, 20.91, 20.96, 68400.0, 16.99
2011-05-12, 21.07, 21.18, 20.96, 21.1, 69000.0, 17.1
2011-05-13, 21.16, 21.16, 21.0, 21.1, 20800.0, 17.1
2011-05-16, 21.1, 21.2, 21.02, 21.1, 49100.0, 17.1
2011-05-17, 21.0, 21.02, 20.71, 20.84, 78100.0, 16.98
2011-05-18, 20.84, 21.09, 20.73, 20.91, 35700.0, 17.03
2011-05-19, 21.02, 21.1, 20.92, 20.97, 32600.0, 17.08
2011-05-20, 20.87, 20.95, 20.82, 20.86, 25900.0, 16.99
2011-05-23, 20.71, 20.89, 20.61, 20.63, 71900.0, 16.81
2011-05-24, 20.73, 20.73, 20.34, 20.47, 68000.0, 16.68
2011-05-25, 20.38, 20.61, 20.35, 20.46, 61000.0, 16.67
2011-05-26, 20.52, 20.52, 20.11, 20.15, 70100.0, 16.41
2011-05-27, 20.2, 20.32, 20.19, 20.32, 46900.0, 16.55
2011-05-31, 20.32, 20.55, 20.32, 20.55, 50500.0, 16.74
2011-06-01, 20.5, 20.6, 20.48, 20.55, 44300.0, 16.74
2011-06-02, 20.64, 20.7, 20.44, 20.65, 37300.0, 16.82
2011-06-03, 20.51, 20.71, 20.49, 20.6, 38600.0, 16.78
2011-06-06, 20.6, 20.7, 20.51, 20.58, 33900.0, 16.77
2011-06-07, 20.67, 20.7, 20.42, 20.46, 51400.0, 16.67
2011-06-08, 20.31, 20.5, 20.31, 20.45, 40500.0, 16.66
2011-06-09, 20.55, 20.55, 20.26, 20.31, 52700.0, 16.55
2011-06-10, 20.34, 20.37, 20.25, 20.3, 38200.0, 16.54
2011-06-13, 20.17, 20.42, 20.17, 20.42, 42400.0, 16.63
2011-06-14, 20.55, 20.75, 20.55, 20.7, 71400.0, 16.86
2011-06-15, 20.62, 20.77, 20.58, 20.58, 21800.0, 16.85
2011-06-16, 20.74, 20.79, 20.6, 20.65, 6800.0, 16.91
2011-06-17, 20.75, 20.75, 20.53, 20.53, 9400.0, 16.81
2011-06-20, 20.66, 20.81, 20.6, 20.72, 33300.0, 16.97
2011-06-21, 20.74, 20.84, 20.67, 20.72, 52800.0, 16.97
2011-06-22, 20.7, 20.81, 20.49, 20.55, 64100.0, 16.83
2011-06-23, 20.64, 20.7, 20.3, 20.5, 111400.0, 16.79
2011-06-24, 20.5, 20.67, 20.4, 20.49, 46300.0, 16.78
2011-06-27, 20.59, 20.6, 20.19, 20.24, 119000.0, 16.58
2011-06-28, 19.45, 20.35, 19.45, 20.29, 32100.0, 16.62
2011-06-29, 20.4, 20.7, 20.4, 20.61, 21400.0, 16.88
2011-06-30, 20.73, 20.77, 20.4, 20.57, 52700.0, 16.85
2011-07-01, 20.7, 20.7, 20.44, 20.64, 37600.0, 16.9
2011-07-05, 20.55, 20.8, 20.55, 20.77, 26900.0, 17.01
2011-07-06, 20.85, 21.0, 20.85, 21.0, 65300.0, 17.2
2011-07-07, 21.0, 21.0, 20.93, 20.99, 24400.0, 17.19
2011-07-08, 20.97, 21.1, 20.9, 21.05, 35300.0, 17.24
2011-07-11, 20.91, 21.03, 20.7, 20.92, 45600.0, 17.13
2011-07-12, 20.91, 21.69, 20.9, 21.27, 63600.0, 17.42
2011-07-13, 21.17, 21.33, 21.1, 21.11, 51200.0, 17.29
2011-07-14, 21.2, 21.2, 20.57, 20.77, 59700.0, 17.01
2011-07-15, 20.92, 20.92, 20.46, 20.63, 35100.0, 16.9
2011-07-18, 20.59, 20.59, 20.29, 20.35, 13000.0, 16.76
2011-07-19, 20.45, 20.47, 20.15, 20.23, 47100.0, 16.66
2011-07-20, 20.3, 20.5, 20.25, 20.39, 80500.0, 16.79
2011-07-21, 20.4, 20.48, 20.21, 20.38, 40600.0, 16.78
2011-07-22, 20.32, 20.55, 20.3, 20.55, 27800.0, 16.92
2011-07-25, 20.34, 20.57, 20.16, 20.33, 41900.0, 16.74
2011-07-26, 20.33, 20.33, 19.78, 19.83, 86100.0, 16.33
2011-07-27, 19.9, 19.95, 19.76, 19.89, 38900.0, 16.38
2011-07-28, 19.97, 19.99, 19.64, 19.72, 69700.0, 16.24
2011-07-29, 19.56, 19.56, 18.7, 19.2, 244000.0, 15.81
2011-08-01, 19.75, 19.75, 19.4, 19.68, 67600.0, 16.2
2011-08-02, 19.68, 19.68, 19.35, 19.54, 55400.0, 16.09
2011-08-03, 19.64, 19.64, 19.27, 19.35, 37600.0, 15.93
2011-08-04, 19.29, 19.3, 18.94, 19.02, 67800.0, 15.66
2011-08-05, 19.15, 19.29, 17.77, 18.7, 137300.0, 15.4
2011-08-08, 17.56, 18.04, 17.11, 17.58, 260400.0, 14.47
2011-08-09, 17.58, 18.15, 17.34, 18.05, 94800.0, 14.86
2011-08-10, 17.46, 18.19, 17.27, 18.03, 130200.0, 14.85
2011-08-11, 18.02, 18.32, 17.9, 18.23, 48900.0, 15.01
2011-08-12, 18.94, 19.09, 18.15, 18.49, 57000.0, 15.22
2011-08-15, 18.49, 18.62, 18.4, 18.6, 42700.0, 15.31
2011-08-16, 18.45, 18.47, 18.36, 18.37, 19400.0, 15.22
2011-08-17, 18.52, 18.59, 18.4, 18.48, 79500.0, 15.31
2011-08-18, 18.11, 18.21, 17.93, 17.97, 44000.0, 14.88
2011-08-19, 17.8, 18.01, 17.69, 17.87, 32000.0, 14.8
2011-08-22, 17.95, 17.95, 17.3, 17.54, 93500.0, 14.53
2011-08-23, 17.54, 17.85, 17.54, 17.72, 56200.0, 14.68
2011-08-24, 17.72, 17.73, 17.42, 17.63, 71300.0, 14.6
2011-08-25, 17.74, 17.74, 17.4, 17.57, 80800.0, 14.55
2011-08-26, 17.42, 17.54, 17.38, 17.54, 57600.0, 14.53
2011-08-29, 17.62, 17.7, 17.6, 17.68, 26400.0, 14.64
2011-08-30, 17.52, 17.72, 17.52, 17.59, 52100.0, 14.57
2011-08-31, 17.75, 17.95, 17.75, 17.82, 41000.0, 14.76
2011-09-01, 17.96, 18.33, 17.85, 18.33, 28200.0, 15.18
2011-09-02, 17.76, 18.44, 17.76, 18.31, 46600.0, 15.17
2011-09-06, 18.17, 18.27, 18.07, 18.27, 43500.0, 15.13
2011-09-07, 18.45, 18.45, 18.32, 18.41, 62900.0, 15.25
2011-09-08, 18.47, 18.5, 18.23, 18.26, 46900.0, 15.12
2011-09-09, 18.22, 18.29, 18.09, 18.12, 26300.0, 15.01
2011-09-12, 18.01, 18.25, 17.83, 17.93, 43400.0, 14.85
2011-09-13, 17.88, 17.88, 17.73, 17.88, 90600.0, 14.81
2011-09-14, 17.87, 18.09, 17.7, 17.92, 72500.0, 14.84
2011-09-15, 17.78, 17.89, 17.71, 17.83, 55800.0, 14.86
2011-09-16, 17.83, 18.04, 17.83, 17.99, 23400.0, 14.99
2011-09-19, 17.9, 18.04, 17.75, 17.91, 37300.0, 14.93
2011-09-20, 18.04, 18.1, 17.87, 17.96, 36900.0, 14.97
2011-09-21, 18.04, 18.19, 17.92, 18.08, 41800.0, 15.07
2011-09-22, 17.91, 18.04, 17.72, 17.96, 63700.0, 14.97
2011-09-23, 17.91, 18.2, 17.76, 18.11, 57300.0, 15.09
2011-09-26, 18.27, 18.27, 17.78, 17.93, 64800.0, 14.94
2011-09-27, 17.97, 18.32, 17.97, 18.17, 92400.0, 15.14
2011-09-28, 18.25, 18.32, 18.0, 18.3, 99300.0, 15.25
2011-09-29, 18.32, 18.32, 18.11, 18.25, 44300.0, 15.21
2011-09-30, 18.2, 18.38, 17.67, 17.67, 117000.0, 14.73
2011-10-03, 17.75, 18.07, 17.73, 17.99, 74400.0, 14.99
2011-10-04, 17.69, 17.79, 17.12, 17.42, 68300.0, 14.52
2011-10-05, 17.38, 17.93, 17.32, 17.92, 27800.0, 14.93
2011-10-06, 17.96, 18.08, 17.68, 18.08, 32000.0, 15.07
2011-10-07, 18.15, 18.15, 17.71, 17.79, 49700.0, 14.83
2011-10-10, 17.97, 18.46, 17.8, 18.46, 70500.0, 15.38
2011-10-11, 18.19, 18.4, 18.19, 18.26, 22400.0, 15.22
2011-10-12, 18.27, 18.32, 18.14, 18.17, 38700.0, 15.14
2011-10-13, 18.07, 18.29, 18.07, 18.19, 14700.0, 15.16
2011-10-14, 18.25, 18.63, 18.2, 18.43, 57700.0, 15.36
2011-10-17, 18.16, 18.16, 17.82, 17.82, 15600.0, 14.94
2011-10-18, 17.77, 17.92, 17.76, 17.82, 60300.0, 14.94
2011-10-19, 17.87, 17.91, 17.66, 17.78, 34400.0, 14.91
2011-10-20, 17.9, 17.97, 17.72, 17.93, 30900.0, 15.03
2011-10-21, 17.96, 18.25, 17.96, 18.25, 40600.0, 15.3
2011-10-24, 18.31, 18.35, 18.25, 18.26, 63800.0, 15.31
2011-10-25, 18.17, 18.18, 18.01, 18.06, 38300.0, 15.14
2011-10-26, 18.03, 18.35, 18.02, 18.35, 73400.0, 15.38
2011-10-27, 18.47, 18.86, 18.47, 18.75, 64100.0, 15.72
2011-10-28, 18.75, 18.83, 18.6, 18.64, 52400.0, 15.63
2011-10-31, 18.7, 18.85, 18.64, 18.72, 32000.0, 15.69
2011-11-01, 18.68, 18.68, 18.38, 18.38, 32400.0, 15.41
2011-11-02, 18.31, 18.4, 18.25, 18.38, 20600.0, 15.41
2011-11-03, 18.41, 18.67, 18.41, 18.67, 32100.0, 15.65
2011-11-04, 18.72, 18.72, 18.49, 18.61, 16300.0, 15.6
2011-11-07, 18.72, 18.9, 18.46, 18.58, 65700.0, 15.58
2011-11-08, 18.75, 18.75, 18.48, 18.69, 24700.0, 15.67
2011-11-09, 18.54, 18.83, 18.53, 18.7, 23200.0, 15.68
2011-11-10, 18.64, 18.8, 18.61, 18.61, 26000.0, 15.6
2011-11-11, 18.85, 19.11, 18.63, 18.85, 59200.0, 15.8
2011-11-14, 18.86, 19.09, 18.77, 18.9, 28100.0, 15.85
2011-11-15, 18.9, 18.9, 18.71, 18.77, 41200.0, 15.74
2011-11-16, 18.55, 18.77, 18.5, 18.54, 58100.0, 15.64
2011-11-17, 18.63, 18.76, 18.39, 18.41, 52400.0, 15.53
2011-11-18, 18.59, 18.95, 18.39, 18.92, 51100.0, 15.96
2011-11-21, 18.66, 18.83, 18.48, 18.55, 33500.0, 15.64
2011-11-22, 18.55, 18.9, 18.55, 18.9, 50300.0, 15.94
2011-11-23, 18.78, 18.82, 18.57, 18.57, 28000.0, 15.66
2011-11-25, 18.55, 18.69, 18.44, 18.57, 8100.0, 15.66
2011-11-28, 18.66, 18.99, 18.63, 18.94, 83600.0, 15.97
2011-11-29, 18.81, 18.96, 18.77, 18.84, 36900.0, 15.89
2011-11-30, 19.01, 19.05, 18.71, 19.0, 62200.0, 16.02
2011-12-01, 19.0, 19.74, 18.9, 19.63, 95700.0, 16.55
2011-12-02, 19.63, 19.64, 19.33, 19.56, 35900.0, 16.5
2011-12-05, 19.49, 19.54, 19.02, 19.37, 56400.0, 16.34
2011-12-06, 19.49, 19.49, 19.11, 19.11, 16400.0, 16.12
2011-12-07, 19.1, 19.2, 18.95, 19.17, 32400.0, 16.17
2011-12-08, 19.02, 19.02, 18.9, 18.93, 18000.0, 15.96
2011-12-09, 19.1, 19.1, 18.66, 18.77, 57000.0, 15.83
2011-12-12, 18.65, 18.71, 18.51, 18.57, 28900.0, 15.66
2011-12-13, 18.52, 18.64, 18.47, 18.54, 54000.0, 15.64
2011-12-14, 18.27, 18.48, 18.27, 18.41, 17000.0, 15.62
2011-12-15, 18.37, 18.55, 18.34, 18.55, 84100.0, 15.74
2011-12-16, 18.45, 18.79, 18.39, 18.76, 60500.0, 15.92
2011-12-19, 18.84, 19.05, 18.55, 18.6, 147400.0, 15.78
2011-12-20, 18.69, 18.7, 18.55, 18.6, 68000.0, 15.78
2011-12-21, 18.55, 18.55, 18.4, 18.4, 74200.0, 15.61
2011-12-22, 18.5, 18.86, 18.4, 18.83, 92000.0, 15.97
2011-12-23, 18.83, 18.93, 18.73, 18.85, 40800.0, 15.99
2011-12-27, 18.83, 18.83, 18.38, 18.54, 119000.0, 15.73
2011-12-28, 18.37, 18.46, 18.2, 18.41, 88200.0, 15.76
2011-12-29, 18.39, 18.49, 18.19, 18.43, 92300.0, 15.78
2011-12-30, 18.37, 18.56, 18.29, 18.36, 57700.0, 15.72
2012-01-03, 18.55, 18.56, 18.4, 18.55, 40000.0, 15.88
2012-01-04, 18.59, 18.7, 18.45, 18.7, 41700.0, 16.01
2012-01-05, 18.69, 19.09, 18.6, 19.0, 62300.0, 16.27
2012-01-06, 18.89, 19.06, 18.83, 18.99, 79500.0, 16.26
2012-01-09, 19.1, 19.1, 18.9, 19.09, 51000.0, 16.35
2012-01-10, 19.09, 19.14, 19.06, 19.14, 42500.0, 16.39
2012-01-11, 19.14, 19.15, 19.03, 19.08, 46600.0, 16.34
2012-01-12, 19.03, 19.34, 18.95, 19.31, 55000.0, 16.53
2012-01-13, 19.33, 19.33, 18.83, 19.01, 59200.0, 16.28
2012-01-17, 19.01, 19.21, 18.96, 19.06, 53000.0, 16.32
2012-01-18, 19.06, 19.24, 18.66, 18.86, 58300.0, 16.15
2012-01-19, 18.82, 19.01, 18.79, 18.95, 32800.0, 16.23
2012-01-20, 19.03, 19.29, 18.9, 19.11, 50500.0, 16.36
2012-01-23, 19.21, 19.31, 19.21, 19.25, 32000.0, 16.48
2012-01-24, 19.09, 19.35, 19.09, 19.22, 47700.0, 16.46
2012-01-25, 19.35, 19.42, 19.25, 19.31, 34300.0, 16.53
2012-01-26, 19.38, 19.4, 19.19, 19.3, 33400.0, 16.52
2012-01-27, 19.45, 19.7, 19.22, 19.62, 41900.0, 16.8
2012-01-30, 19.73, 19.84, 19.32, 19.43, 67100.0, 16.64
2012-01-31, 19.48, 19.48, 19.04, 19.15, 50000.0, 16.4
2012-02-01, 19.23, 19.3, 19.07, 19.12, 59300.0, 16.37
2012-02-02, 19.32, 19.32, 19.03, 19.17, 55800.0, 16.41
2012-02-03, 19.35, 19.35, 19.12, 19.19, 39500.0, 16.43
2012-02-06, 19.25, 19.28, 19.21, 19.27, 19100.0, 16.5
2012-02-07, 19.2, 19.59, 19.2, 19.59, 42700.0, 16.77
2012-02-08, 19.63, 19.8, 19.6, 19.8, 27700.0, 16.95
2012-02-09, 19.8, 19.8, 19.5, 19.65, 55100.0, 16.82
2012-02-10, 19.38, 19.79, 19.38, 19.77, 32800.0, 16.93
2012-02-13, 19.8, 19.8, 19.58, 19.77, 27100.0, 16.93
2012-02-14, 19.77, 19.89, 19.63, 19.78, 57000.0, 16.94
2012-02-15, 19.89, 19.89, 19.71, 19.75, 12000.0, 17.0
2012-02-16, 19.9, 19.9, 19.38, 19.49, 59600.0, 16.78
2012-02-17, 19.51, 19.63, 19.4, 19.43, 34800.0, 16.73
2012-02-21, 19.5, 19.94, 19.46, 19.88, 49700.0, 17.12
2012-02-22, 19.89, 19.95, 19.5, 19.58, 44200.0, 16.86
2012-02-23, 19.71, 19.89, 19.7, 19.86, 35400.0, 17.1
2012-02-24, 19.86, 19.86, 19.57, 19.59, 43300.0, 16.87
2012-02-27, 19.6, 19.71, 19.53, 19.53, 33100.0, 16.82
2012-02-28, 19.59, 19.6, 19.31, 19.56, 43000.0, 16.84
2012-02-29, 19.59, 19.61, 19.34, 19.48, 48200.0, 16.77
2012-03-01, 19.58, 19.8, 19.57, 19.8, 55000.0, 17.05
2012-03-02, 19.78, 19.8, 19.7, 19.75, 47300.0, 17.0
2012-03-05, 19.77, 19.8, 19.62, 19.8, 397600.0, 17.05
2012-03-06, 19.77, 19.77, 19.56, 19.75, 133500.0, 17.0
2012-03-07, 19.78, 19.8, 19.5, 19.75, 29900.0, 17.0
2012-03-08, 19.81, 19.89, 19.54, 19.61, 70600.0, 16.88
2012-03-09, 19.78, 19.78, 19.22, 19.36, 123100.0, 16.67
2012-03-12, 19.36, 19.59, 19.29, 19.58, 49700.0, 16.86
2012-03-13, 19.53, 19.62, 19.36, 19.49, 45600.0, 16.78
2012-03-14, 19.37, 19.56, 19.32, 19.51, 30600.0, 16.8
2012-03-15, 19.57, 19.59, 19.2, 19.41, 31800.0, 16.81
2012-03-16, 19.4, 19.57, 19.3, 19.57, 61500.0, 16.95
2012-03-19, 19.59, 19.66, 19.12, 19.35, 262900.0, 16.75
2012-03-20, 19.3, 19.34, 19.2, 19.21, 131600.0, 16.63
2012-03-21, 19.2, 19.36, 19.1, 19.35, 197100.0, 16.75
2012-03-22, 19.4, 19.42, 19.22, 19.3, 49800.0, 16.71
2012-03-23, 19.39, 19.61, 19.37, 19.5, 40700.0, 16.88
2012-03-26, 19.54, 19.8, 19.35, 19.69, 57100.0, 17.05
2012-03-27, 19.79, 19.9, 19.58, 19.9, 60500.0, 17.23
2012-03-28, 19.9, 19.9, 19.55, 19.76, 109700.0, 17.11
2012-03-29, 19.81, 19.91, 19.6, 19.89, 104000.0, 17.22
2012-03-30, 19.88, 19.95, 19.8, 19.95, 88600.0, 17.27
2012-04-02, 19.95, 20.12, 19.94, 20.0, 59600.0, 17.32
2012-04-03, 20.06, 20.22, 20.06, 20.2, 56900.0, 17.49
2012-04-04, 20.13, 20.16, 19.98, 20.16, 25700.0, 17.46
2012-04-05, 20.26, 20.34, 20.06, 20.33, 28400.0, 17.6
2012-04-09, 20.14, 20.14, 19.92, 20.03, 37900.0, 17.34
2012-04-10, 19.94, 19.99, 19.56, 19.6, 41300.0, 16.97
2012-04-11, 19.6, 19.86, 19.51, 19.84, 33000.0, 17.18
2012-04-12, 19.79, 19.8, 19.57, 19.65, 32800.0, 17.01
2012-04-13, 19.64, 19.67, 19.43, 19.56, 27500.0, 16.94
2012-04-16, 19.68, 19.82, 19.4, 19.63, 20700.0, 17.0
2012-04-17, 19.74, 20.49, 19.54, 19.61, 18600.0, 16.98
2012-04-18, 19.53, 19.72, 19.47, 19.72, 8400.0, 17.17
2012-04-19, 19.73, 19.79, 19.69, 19.71, 15600.0, 17.16
2012-04-20, 19.78, 19.78, 19.48, 19.49, 35900.0, 16.97
2012-04-23, 19.55, 19.6, 19.48, 19.53, 31900.0, 17.01
2012-04-24, 19.57, 19.67, 19.23, 19.26, 68300.0, 16.77
2012-04-25, 19.31, 19.34, 19.14, 19.23, 67300.0, 16.74
2012-04-26, 19.24, 19.35, 19.12, 19.21, 82300.0, 16.73
2012-04-27, 19.24, 19.27, 19.18, 19.21, 35200.0, 16.73
2012-04-30, 19.25, 19.39, 19.24, 19.37, 37000.0, 16.87
2012-05-01, 19.44, 19.44, 19.33, 19.36, 35800.0, 16.86
2012-05-02, 19.38, 19.45, 19.38, 19.4, 36000.0, 16.89
2012-05-03, 19.44, 19.45, 19.3, 19.31, 26000.0, 16.81
2012-05-04, 19.3, 19.38, 19.25, 19.38, 21600.0, 16.88
2012-05-07, 19.37, 19.45, 19.3, 19.37, 31000.0, 16.87
2012-05-08, 19.36, 19.36, 19.26, 19.33, 21100.0, 16.83
2012-05-09, 19.18, 19.39, 19.18, 19.33, 39700.0, 16.83
2012-05-10, 19.4, 19.62, 19.31, 19.45, 50600.0, 16.94
2012-05-11, 19.55, 19.67, 19.43, 19.66, 56000.0, 17.12
2012-05-14, 19.63, 19.64, 19.42, 19.45, 29800.0, 16.94
2012-05-15, 19.55, 19.64, 19.32, 19.36, 62000.0, 16.86
2012-05-16, 19.37, 19.48, 19.22, 19.38, 12400.0, 16.97
2012-05-17, 19.48, 19.67, 19.16, 19.22, 37600.0, 16.83
2012-05-18, 19.5, 19.5, 19.25, 19.39, 24600.0, 16.98
2012-05-21, 19.28, 19.43, 19.25, 19.41, 24500.0, 17.0
2012-05-22, 19.43, 19.53, 19.18, 19.29, 25400.0, 16.89
2012-05-23, 19.37, 19.39, 19.16, 19.33, 29000.0, 16.93
2012-05-24, 19.31, 19.44, 19.1, 19.35, 19500.0, 16.95
2012-05-25, 19.24, 19.35, 19.16, 19.2, 17600.0, 16.81
2012-05-29, 19.2, 19.37, 19.1, 19.33, 19700.0, 16.93
2012-05-30, 19.3, 19.46, 19.29, 19.35, 28900.0, 16.95
2012-05-31, 19.35, 19.35, 19.18, 19.27, 38000.0, 16.88
2012-06-01, 19.23, 19.24, 19.05, 19.08, 29800.0, 16.71
2012-06-04, 19.08, 19.09, 18.83, 18.95, 17500.0, 16.6
2012-06-05, 18.98, 19.04, 18.6, 18.75, 38200.0, 16.42
2012-06-06, 18.72, 18.77, 18.63, 18.7, 51500.0, 16.38
2012-06-07, 18.68, 18.88, 18.61, 18.7, 47100.0, 16.38
2012-06-08, 18.68, 18.78, 18.56, 18.74, 44200.0, 16.41
2012-06-11, 18.74, 18.8, 18.7, 18.8, 25500.0, 16.46
2012-06-12, 18.77, 18.92, 18.77, 18.87, 21900.0, 16.53
2012-06-13, 18.73, 19.0, 18.72, 18.88, 49300.0, 16.53
2012-06-14, 18.84, 19.0, 18.81, 18.96, 16600.0, 16.6
2012-06-15, 18.89, 18.97, 18.78, 18.85, 25800.0, 16.6
2012-06-18, 18.86, 18.86, 18.71, 18.72, 28600.0, 16.49
2012-06-19, 18.68, 19.0, 18.68, 18.94, 28800.0, 16.68
2012-06-20, 18.91, 19.09, 18.8, 18.95, 18700.0, 16.69
2012-06-21, 18.99, 18.99, 18.9, 18.94, 21200.0, 16.68
2012-06-22, 18.93, 19.13, 18.92, 19.12, 25200.0, 16.84
2012-06-25, 19.11, 19.11, 18.99, 18.99, 15900.0, 16.73
2012-06-26, 18.99, 19.04, 18.99, 19.01, 33500.0, 16.75
2012-06-27, 19.0, 19.06, 18.99, 19.03, 23300.0, 16.76
2012-06-28, 19.01, 19.06, 18.98, 19.02, 23700.0, 16.75
2012-06-29, 19.2, 19.2, 19.02, 19.05, 29100.0, 16.78
2012-07-02, 19.14, 19.35, 19.13, 19.26, 38200.0, 16.97
2012-07-03, 19.17, 19.33, 19.04, 19.18, 22200.0, 16.89
2012-07-05, 19.22, 19.27, 19.2, 19.25, 15000.0, 16.96
2012-07-06, 19.12, 19.38, 19.12, 19.34, 27900.0, 17.04
2012-07-09, 19.34, 19.36, 19.27, 19.32, 26500.0, 17.02
2012-07-10, 19.43, 19.51, 19.24, 19.51, 26800.0, 17.19
2012-07-11, 19.55, 19.73, 19.47, 19.68, 14200.0, 17.34
2012-07-12, 19.41, 19.6, 19.36, 19.43, 42300.0, 17.12
2012-07-13, 19.38, 19.52, 19.38, 19.42, 95700.0, 17.11
2012-07-16, 19.47, 19.54, 19.37, 19.52, 15900.0, 17.19
2012-07-17, 19.44, 19.55, 19.44, 19.48, 13500.0, 17.16
2012-07-18, 19.52, 19.52, 19.29, 19.35, 33000.0, 17.14
2012-07-19, 19.33, 19.59, 19.24, 19.57, 45900.0, 17.34
2012-07-20, 19.35, 19.39, 19.24, 19.24, 26400.0, 17.04
2012-07-23, 19.19, 19.48, 19.18, 19.39, 34000.0, 17.18
2012-07-24, 19.37, 19.55, 19.32, 19.44, 108600.0, 17.22
2012-07-25, 19.42, 19.42, 18.86, 19.4, 55100.0, 17.19
2012-07-26, 19.59, 19.59, 19.24, 19.47, 35600.0, 17.25
2012-07-27, 19.5, 19.53, 19.38, 19.45, 97400.0, 17.23
2012-07-30, 19.5, 19.63, 19.36, 19.56, 91900.0, 17.33
2012-07-31, 19.6, 19.62, 19.5, 19.56, 92900.0, 17.33
2012-08-01, 19.65, 19.93, 19.54, 19.77, 66500.0, 17.51
2012-08-02, 19.98, 19.98, 19.53, 19.8, 23200.0, 17.54
2012-08-03, 19.84, 19.88, 19.75, 19.8, 18300.0, 17.54
2012-08-06, 19.8, 19.9, 19.58, 19.65, 16600.0, 17.41
2012-08-07, 19.62, 19.62, 19.41, 19.44, 26800.0, 17.22
2012-08-08, 19.6, 19.6, 19.38, 19.51, 45500.0, 17.28
2012-08-09, 19.59, 19.69, 19.4, 19.6, 20800.0, 17.36
2012-08-10, 19.52, 19.61, 19.45, 19.59, 121500.0, 17.35
2012-08-13, 19.45, 19.72, 19.45, 19.7, 44000.0, 17.45
2012-08-14, 19.75, 19.85, 19.67, 19.85, 100500.0, 17.58
2012-08-15, 19.88, 19.97, 19.76, 19.79, 69300.0, 17.63
2012-08-16, 19.87, 19.95, 19.66, 19.71, 44600.0, 17.56
2012-08-17, 19.68, 19.89, 19.68, 19.8, 26400.0, 17.64
2012-08-20, 19.88, 19.92, 19.65, 19.92, 47300.0, 17.74
2012-08-21, 19.97, 19.98, 19.82, 19.97, 37500.0, 17.79
2012-08-22, 19.97, 19.97, 19.66, 19.68, 53000.0, 17.53
2012-08-23, 19.77, 19.86, 19.55, 19.75, 49700.0, 17.59
2012-08-24, 19.84, 19.84, 19.55, 19.75, 48800.0, 17.59
2012-08-27, 19.81, 19.87, 19.61, 19.86, 47500.0, 17.69
2012-08-28, 19.8, 19.94, 19.8, 19.93, 51400.0, 17.75
2012-08-29, 20.05, 20.2, 19.93, 20.15, 68100.0, 17.95
2012-08-30, 20.27, 20.27, 19.76, 20.07, 70400.0, 17.88
2012-08-31, 20.23, 20.23, 19.86, 19.99, 57700.0, 17.81
2012-09-04, 20.11, 20.15, 20.0, 20.07, 44700.0, 17.88
2012-09-05, 20.24, 20.24, 19.62, 19.89, 56000.0, 17.72
2012-09-06, 20.3, 20.3, 19.87, 20.05, 71600.0, 17.86
2012-09-07, 20.25, 20.25, 19.93, 20.0, 69000.0, 17.82
2012-09-10, 19.93, 20.04, 19.93, 20.0, 30100.0, 17.82
2012-09-11, 20.02, 20.19, 20.0, 20.13, 40200.0, 17.93
2012-09-12, 20.18, 20.27, 20.04, 20.24, 55900.0, 18.03
2012-09-13, 20.3, 20.35, 20.18, 20.33, 48700.0, 18.11
2012-09-14, 20.3, 20.3, 20.08, 20.09, 69500.0, 17.99
2012-09-17, 20.15, 20.35, 20.15, 20.29, 47000.0, 18.17
2012-09-18, 20.23, 20.52, 20.11, 20.4, 55700.0, 18.27
2012-09-19, 20.49, 20.58, 20.24, 20.37, 89900.0, 18.24
2012-09-20, 20.42, 20.42, 20.0, 20.03, 84800.0, 17.94
2012-09-21, 20.1, 20.16, 19.91, 19.99, 70400.0, 17.9
2012-09-24, 20.03, 20.04, 19.7, 19.94, 78000.0, 17.86
2012-09-25, 19.92, 20.01, 19.8, 19.81, 79000.0, 17.74
2012-09-26, 19.94, 20.1, 19.72, 20.09, 50600.0, 17.99
2012-09-27, 20.02, 20.16, 19.75, 20.02, 39900.0, 17.93
2012-09-28, 20.12, 20.24, 19.95, 20.2, 78000.0, 18.09
2012-10-01, 20.26, 20.51, 20.17, 20.37, 47900.0, 18.24
2012-10-02, 20.37, 20.43, 20.15, 20.3, 72500.0, 18.18
2012-10-03, 20.36, 20.48, 20.22, 20.3, 45900.0, 18.18
2012-10-04, 20.38, 20.55, 20.23, 20.55, 70300.0, 18.41
2012-10-05, 20.55, 20.66, 20.55, 20.62, 41900.0, 18.47
2012-10-08, 20.68, 20.74, 20.53, 20.6, 78700.0, 18.45
2012-10-09, 20.6, 20.6, 20.34, 20.57, 42000.0, 18.42
2012-10-10, 20.7, 20.7, 20.2, 20.27, 65400.0, 18.15
2012-10-11, 20.53, 20.55, 20.13, 20.25, 60500.0, 18.14
2012-10-12, 20.43, 20.43, 20.0, 20.16, 39000.0, 18.06
2012-10-15, 20.21, 20.33, 20.01, 20.15, 89000.0, 18.05
2012-10-16, 20.29, 20.33, 20.01, 20.33, 34300.0, 18.21
2012-10-17, 20.3, 20.44, 20.1, 20.24, 55800.0, 18.23
2012-10-18, 20.27, 20.32, 20.07, 20.13, 50400.0, 18.13
2012-10-19, 20.17, 20.4, 20.17, 20.34, 33900.0, 18.32
2012-10-22, 20.33, 20.47, 20.24, 20.3, 34700.0, 18.28
2012-10-23, 20.36, 20.5, 20.26, 20.48, 57300.0, 18.44
2012-10-24, 20.53, 20.63, 20.27, 20.33, 34800.0, 18.31
2012-10-25, 20.5, 20.56, 20.03, 20.29, 54100.0, 18.27
2012-10-26, 20.17, 20.44, 20.1, 20.34, 54100.0, 18.32
2012-10-31, 20.28, 20.45, 20.01, 20.25, 61200.0, 18.24
2012-11-01, 20.17, 20.41, 20.17, 20.33, 65000.0, 18.31
2012-11-02, 20.35, 20.46, 20.16, 20.4, 34500.0, 18.37
2012-11-05, 20.41, 20.58, 20.34, 20.44, 25900.0, 18.41
2012-11-06, 20.46, 20.51, 20.36, 20.47, 33000.0, 18.43
2012-11-07, 20.42, 20.42, 20.0, 20.11, 36000.0, 18.11
2012-11-08, 20.16, 20.25, 20.02, 20.2, 28000.0, 18.19
2012-11-09, 20.21, 20.21, 19.8, 20.02, 38400.0, 18.03
2012-11-12, 19.92, 20.11, 19.92, 20.02, 21500.0, 18.03
2012-11-13, 20.0, 20.13, 19.91, 20.0, 27400.0, 18.01
2012-11-14, 19.84, 19.98, 19.22, 19.39, 54600.0, 17.46
2012-11-15, 19.28, 19.44, 18.3, 19.0, 164100.0, 17.21
2012-11-16, 19.12, 19.76, 19.02, 19.74, 79800.0, 17.88
2012-11-19, 19.83, 19.98, 19.53, 19.65, 44500.0, 17.8
2012-11-20, 19.74, 19.78, 19.53, 19.68, 39500.0, 17.82
2012-11-21, 19.78, 20.05, 19.78, 19.95, 30400.0, 18.07
2012-11-23, 20.05, 20.08, 20.0, 20.04, 14000.0, 18.15
2012-11-26, 20.06, 20.06, 19.57, 19.63, 52600.0, 17.78
2012-11-27, 19.68, 19.82, 19.64, 19.65, 77200.0, 17.8
2012-11-28, 19.72, 20.02, 19.65, 20.02, 65500.0, 18.13
2012-11-29, 19.95, 20.13, 19.86, 20.13, 67900.0, 18.23
2012-11-30, 20.2, 20.2, 19.92, 19.93, 69900.0, 18.05
2012-12-03, 20.05, 20.12, 19.84, 19.96, 57100.0, 18.08
2012-12-04, 20.02, 20.07, 19.76, 19.86, 52900.0, 17.99
2012-12-05, 19.94, 20.13, 19.83, 20.04, 43700.0, 18.15
2012-12-06, 20.09, 20.09, 19.84, 19.95, 33200.0, 18.07
2012-12-07, 19.95, 20.03, 19.74, 19.85, 25300.0, 17.98
2012-12-10, 19.95, 20.13, 19.65, 19.76, 73700.0, 17.9
2012-12-11, 19.94, 20.2, 19.9, 20.16, 61600.0, 18.26
2012-12-12, 20.21, 20.4, 20.04, 20.3, 53100.0, 18.38
2012-12-13, 20.3, 20.59, 20.19, 20.59, 40900.0, 18.65
2012-12-14, 20.52, 20.52, 20.13, 20.39, 60800.0, 18.57
2012-12-17, 20.37, 20.59, 20.29, 20.48, 56000.0, 18.65
2012-12-18, 20.43, 20.74, 20.17, 20.68, 65800.0, 18.83
2012-12-19, 20.49, 20.74, 20.37, 20.6, 90100.0, 18.76
2012-12-20, 20.74, 20.9, 20.46, 20.56, 48900.0, 18.72
2012-12-21, 20.71, 20.71, 20.17, 20.33, 83400.0, 18.51
2012-12-24, 20.5, 20.7, 20.2, 20.55, 43500.0, 18.71
2012-12-26, 20.59, 20.59, 19.99, 19.99, 53100.0, 18.2
2012-12-27, 19.8, 20.01, 19.7, 19.89, 7800.0, 18.3
2012-12-28, 19.94, 20.0, 19.61, 19.82, 31400.0, 18.24
2012-12-31, 19.92, 20.33, 19.77, 20.33, 31600.0, 18.71
2013-01-02, 20.4, 20.6, 20.3, 20.42, 26500.0, 18.79
2013-01-03, 20.52, 20.57, 20.26, 20.36, 46000.0, 18.73
2013-01-04, 20.47, 20.47, 20.09, 20.16, 52400.0, 18.55
2013-01-07, 20.12, 20.53, 20.01, 20.53, 40400.0, 18.89
2013-01-08, 20.6, 20.63, 20.37, 20.47, 39200.0, 18.84
2013-01-09, 20.63, 20.63, 20.24, 20.56, 45800.0, 18.92
2013-01-10, 20.7, 20.7, 20.39, 20.52, 50800.0, 18.88
2013-01-11, 20.65, 20.85, 20.55, 20.67, 51900.0, 19.02
2013-01-14, 20.62, 20.84, 20.49, 20.77, 70100.0, 19.11
2013-01-15, 20.64, 20.75, 20.56, 20.73, 54000.0, 19.08
2013-01-16, 20.63, 20.9, 20.63, 20.86, 36400.0, 19.19
2013-01-17, 20.85, 21.0, 20.65, 21.0, 95600.0, 19.32
2013-01-18, 21.0, 21.28, 20.93, 21.13, 100500.0, 19.44
2013-01-22, 21.44, 21.61, 21.09, 21.31, 72600.0, 19.61
2013-01-23, 21.4, 21.4, 21.18, 21.31, 82000.0, 19.61
2013-01-24, 21.31, 21.35, 21.17, 21.35, 79500.0, 19.65
2013-01-25, 21.4, 21.58, 21.22, 21.5, 128400.0, 19.78
2013-01-28, 21.59, 21.63, 21.26, 21.44, 132500.0, 19.73
2013-01-29, 21.59, 21.59, 21.32, 21.35, 56100.0, 19.65
2013-01-30, 21.43, 21.53, 21.33, 21.53, 37700.0, 19.81
2013-01-31, 21.8, 21.87, 21.22, 21.38, 66700.0, 19.67
2013-02-01, 21.58, 21.58, 21.37, 21.56, 45100.0, 19.84
2013-02-04, 21.67, 21.7, 21.3, 21.5, 42200.0, 19.78
2013-02-05, 21.46, 21.7, 21.25, 21.5, 77400.0, 19.78
2013-02-06, 21.8, 21.8, 21.24, 21.44, 79100.0, 19.73
2013-02-07, 21.48, 21.54, 21.2, 21.39, 30600.0, 19.68
2013-02-08, 21.65, 21.65, 21.29, 21.41, 43000.0, 19.7
2013-02-11, 21.27, 21.27, 20.96, 21.06, 99500.0, 19.38
2013-02-12, 21.43, 21.43, 20.7, 20.73, 83200.0, 19.08
2013-02-13, 20.61, 20.99, 20.6, 20.99, 67900.0, 19.42
2013-02-14, 21.45, 21.45, 20.8, 20.94, 46100.0, 19.37
2013-02-15, 20.95, 21.4, 20.78, 21.28, 43400.0, 19.69
2013-02-19, 21.45, 21.97, 21.21, 21.74, 118300.0, 20.11
2013-02-20, 21.57, 21.75, 21.27, 21.6, 84400.0, 19.98
2013-02-21, 21.7, 21.7, 20.94, 21.0, 58400.0, 19.43
2013-02-22, 20.81, 21.03, 20.6, 20.69, 175700.0, 19.14
2013-02-25, 20.6, 20.66, 20.38, 20.42, 171500.0, 18.89
2013-02-26, 20.58, 20.58, 20.24, 20.43, 78100.0, 18.9
2013-02-27, 20.34, 20.38, 20.12, 20.36, 106700.0, 18.83
2013-02-28, 20.31, 20.57, 20.31, 20.51, 64500.0, 18.97
2013-03-01, 20.64, 20.64, 20.4, 20.48, 87600.0, 18.95
2013-03-04, 20.57, 20.63, 20.41, 20.49, 54500.0, 18.96
2013-03-05, 20.59, 20.84, 20.55, 20.84, 51700.0, 19.28
2013-03-06, 20.94, 20.97, 20.73, 20.88, 56600.0, 19.32
2013-03-07, 20.96, 20.96, 20.77, 20.94, 44100.0, 19.37
2013-03-08, 20.96, 21.17, 20.72, 21.14, 51000.0, 19.56
2013-03-11, 21.38, 21.45, 21.18, 21.19, 53200.0, 19.6
2013-03-12, 21.25, 21.41, 21.15, 21.41, 39200.0, 19.81
2013-03-13, 21.65, 21.66, 21.19, 21.37, 57600.0, 19.77
2013-03-14, 21.26, 21.26, 20.78, 21.02, 55300.0, 19.55
2013-03-15, 21.19, 21.19, 20.63, 20.65, 51100.0, 19.2
2013-03-18, 20.55, 21.05, 20.55, 21.05, 38500.0, 19.57
2013-03-19, 21.05, 21.05, 20.88, 21.05, 44300.0, 19.57
2013-03-20, 21.05, 21.26, 20.75, 21.26, 54400.0, 19.77
2013-03-21, 21.36, 21.49, 21.12, 21.49, 51800.0, 19.98
2013-03-22, 21.5, 21.5, 21.18, 21.25, 39300.0, 19.76
2013-03-25, 21.41, 21.41, 20.89, 20.99, 63900.0, 19.52
2013-03-26, 21.24, 21.31, 21.16, 21.23, 49400.0, 19.74
2013-03-27, 21.39, 21.39, 21.0, 21.14, 51100.0, 19.66
2013-03-28, 21.28, 21.28, 20.71, 20.77, 45600.0, 19.31
2013-04-01, 20.96, 21.13, 20.83, 20.87, 40100.0, 19.41
2013-04-02, 20.94, 21.07, 20.82, 20.92, 26600.0, 19.45
2013-04-03, 20.92, 20.92, 20.51, 20.58, 41100.0, 19.14
2013-04-04, 20.58, 20.71, 20.38, 20.46, 53600.0, 19.03
2013-04-05, 20.4, 20.53, 20.18, 20.24, 51500.0, 18.82
2013-04-08, 20.46, 20.6, 20.35, 20.4, 46100.0, 18.97
2013-04-09, 20.67, 20.72, 20.31, 20.46, 74600.0, 19.03
2013-04-10, 20.53, 20.65, 20.34, 20.57, 40900.0, 19.13
2013-04-11, 20.74, 20.96, 20.7, 20.77, 61800.0, 19.31
2013-04-12, 21.09, 21.09, 20.45, 20.53, 88400.0, 19.09
2013-04-15, 20.67, 20.96, 20.26, 20.49, 87300.0, 19.05
2013-04-16, 20.71, 20.87, 20.65, 20.81, 46000.0, 19.35
2013-04-17, 20.79, 21.05, 20.75, 20.95, 18600.0, 19.58
2013-04-18, 20.95, 21.29, 20.95, 21.27, 46600.0, 19.88
2013-04-19, 21.38, 21.57, 21.35, 21.46, 51900.0, 20.06
2013-04-22, 21.47, 21.7, 21.33, 21.6, 51700.0, 20.19
2013-04-23, 21.75, 21.75, 21.47, 21.7, 77500.0, 20.29
2013-04-24, 21.72, 21.92, 21.63, 21.8, 82600.0, 20.38
2013-04-25, 21.98, 22.0, 21.78, 21.95, 70800.0, 20.52
2013-04-26, 21.9, 22.13, 21.57, 21.97, 74200.0, 20.54
2013-04-29, 21.95, 21.95, 21.67, 21.83, 49200.0, 20.41
2013-04-30, 21.89, 21.89, 21.45, 21.71, 67200.0, 20.29
2013-05-01, 21.7, 21.72, 21.22, 21.32, 50800.0, 19.93
2013-05-02, 21.32, 21.47, 21.08, 21.28, 51600.0, 19.89
2013-05-03, 21.43, 21.53, 21.26, 21.29, 43500.0, 19.9
2013-05-06, 21.25, 21.44, 21.14, 21.3, 26300.0, 19.91
2013-05-07, 21.3, 21.53, 21.3, 21.48, 55000.0, 20.08
2013-05-08, 21.61, 21.61, 21.25, 21.45, 53700.0, 20.05
2013-05-09, 21.33, 21.55, 21.25, 21.4, 43200.0, 20.01
2013-05-10, 21.47, 22.21, 21.36, 21.9, 68400.0, 20.47
2013-05-13, 22.06, 22.12, 21.69, 21.73, 29100.0, 20.31
2013-05-14, 21.83, 21.92, 21.61, 21.8, 36700.0, 20.38
2013-05-15, 21.82, 21.82, 21.31, 21.44, 39100.0, 20.14
2013-05-16, 21.56, 21.82, 21.34, 21.82, 52600.0, 20.5
2013-05-17, 21.82, 21.82, 21.43, 21.65, 47900.0, 20.34
2013-05-20, 21.65, 21.78, 21.5, 21.66, 41200.0, 20.35
2013-05-21, 21.69, 21.74, 21.55, 21.69, 30600.0, 20.38
2013-05-22, 21.54, 21.78, 21.52, 21.7, 106900.0, 20.39
2013-05-23, 21.75, 21.84, 21.7, 21.84, 57100.0, 20.52
2013-05-24, 21.83, 21.95, 21.54, 21.56, 61100.0, 20.26
2013-05-28, 21.6, 21.6, 21.08, 21.08, 60900.0, 19.81
2013-05-29, 21.01, 21.1, 20.26, 20.31, 76600.0, 19.08
2013-05-30, 20.42, 20.44, 20.19, 20.25, 41700.0, 19.03
2013-05-31, 20.44, 20.46, 19.88, 20.16, 74800.0, 18.94
2013-06-03, 20.36, 20.36, 19.52, 19.87, 59800.0, 18.67
2013-06-04, 19.94, 20.31, 19.84, 20.01, 72200.0, 18.8
2013-06-05, 20.12, 20.3, 19.81, 19.91, 49400.0, 18.71
2013-06-06, 19.93, 20.25, 19.91, 20.07, 92700.0, 18.86
2013-06-07, 20.2, 20.2, 19.71, 20.01, 63100.0, 18.8
2013-06-10, 20.09, 20.09, 19.57, 19.59, 45800.0, 18.41
2013-06-11, 19.31, 19.67, 18.89, 19.54, 114700.0, 18.36
2013-06-12, 19.45, 19.75, 19.34, 19.72, 80800.0, 18.53
2013-06-13, 19.57, 19.69, 19.38, 19.63, 89500.0, 18.55
2013-06-14, 19.8, 19.88, 19.43, 19.6, 76800.0, 18.52
2013-06-17, 19.74, 19.75, 19.57, 19.63, 62200.0, 18.55
2013-06-18, 19.7, 19.73, 19.56, 19.61, 53200.0, 18.53
2013-06-19, 19.7, 19.71, 19.58, 19.66, 44500.0, 18.58
2013-06-20, 19.63, 19.65, 19.0, 19.25, 125800.0, 18.19
2013-06-21, 19.45, 19.97, 19.39, 19.97, 75300.0, 18.87
2013-06-24, 19.81, 19.93, 19.43, 19.81, 66200.0, 18.72
2013-06-25, 20.0, 20.0, 19.67, 19.88, 49600.0, 18.78
2013-06-26, 20.12, 20.6, 20.04, 20.47, 73200.0, 19.34
2013-06-27, 20.59, 20.59, 20.01, 20.16, 52700.0, 19.05
2013-06-28, 20.29, 20.35, 19.91, 20.02, 44700.0, 18.92
2013-07-01, 20.19, 20.22, 19.91, 20.0, 40100.0, 18.9
2013-07-02, 19.95, 20.32, 19.88, 20.05, 64100.0, 18.94
2013-07-03, 20.0, 20.01, 19.59, 19.86, 36200.0, 18.76
2013-07-05, 19.91, 19.91, 19.08, 19.29, 44700.0, 18.23
2013-07-08, 19.2, 19.56, 19.2, 19.23, 121800.0, 18.17
2013-07-09, 19.42, 19.51, 19.22, 19.34, 44400.0, 18.27
2013-07-10, 19.27, 19.64, 19.24, 19.58, 28400.0, 18.5
2013-07-11, 19.82, 20.04, 19.6, 20.04, 33500.0, 18.93
2013-07-12, 20.18, 20.19, 19.75, 19.95, 29900.0, 18.85
2013-07-15, 20.01, 20.13, 19.83, 20.1, 30900.0, 18.99
2013-07-16, 19.94, 19.94, 19.42, 19.48, 44800.0, 18.51
2013-07-17, 19.43, 19.8, 19.43, 19.7, 41200.0, 18.72
2013-07-18, 19.79, 19.83, 19.6, 19.74, 44200.0, 18.75
2013-07-19, 19.82, 19.82, 19.26, 19.3, 70700.0, 18.34
2013-07-22, 19.42, 19.51, 19.4, 19.42, 38200.0, 18.45
2013-07-23, 19.26, 19.79, 19.26, 19.74, 50500.0, 18.75
2013-07-24, 19.83, 19.84, 19.64, 19.83, 20900.0, 18.84
2013-07-25, 19.82, 19.93, 19.74, 19.8, 30200.0, 18.81
2013-07-26, 19.66, 19.93, 19.47, 19.6, 35500.0, 18.62
2013-07-29, 19.49, 19.6, 19.36, 19.39, 55800.0, 18.42
2013-07-30, 19.55, 19.55, 19.24, 19.33, 40000.0, 18.36
2013-07-31, 19.38, 19.44, 19.22, 19.28, 70000.0, 18.32
2013-08-01, 19.4, 19.41, 19.25, 19.28, 78200.0, 18.32
2013-08-02, 19.27, 19.32, 19.22, 19.22, 57200.0, 18.26
2013-08-05, 19.22, 19.26, 19.1, 19.14, 81300.0, 18.18
2013-08-06, 19.04, 19.17, 18.98, 19.16, 43600.0, 18.2
2013-08-07, 19.03, 19.18, 18.99, 19.07, 46500.0, 18.12
2013-08-08, 19.19, 19.5, 19.05, 19.38, 59300.0, 18.41
2013-08-09, 19.48, 19.65, 19.41, 19.63, 36600.0, 18.65
2013-08-12, 19.58, 19.71, 19.5, 19.63, 37900.0, 18.65
2013-08-13, 19.69, 19.71, 19.54, 19.6, 43600.0, 18.62
2013-08-14, 19.67, 19.67, 19.41, 19.44, 50900.0, 18.47
2013-08-15, 18.84, 19.22, 18.82, 19.05, 89300.0, 18.2
2013-08-16, 19.14, 19.14, 18.66, 18.84, 102100.0, 18.0
2013-08-19, 18.9, 18.97, 18.71, 18.87, 52700.0, 18.03
2013-08-20, 18.98, 18.98, 18.76, 18.91, 62200.0, 18.07
2013-08-21, 18.95, 19.08, 18.82, 19.0, 44200.0, 18.15
2013-08-22, 19.13, 19.5, 19.11, 19.42, 53200.0, 18.55
2013-08-23, 19.35, 19.5, 19.31, 19.49, 32900.0, 18.62
2013-08-26, 19.55, 19.66, 19.36, 19.56, 30400.0, 18.69
2013-08-27, 19.47, 19.87, 19.34, 19.79, 90600.0, 18.91
2013-08-28, 19.85, 19.98, 19.67, 19.92, 30700.0, 19.03
2013-08-29, 19.91, 20.1, 19.9, 20.04, 36600.0, 19.15
2013-08-30, 20.11, 20.16, 19.87, 20.03, 36200.0, 19.14
2013-09-03, 20.22, 20.35, 19.98, 20.22, 67200.0, 19.32
2013-09-04, 20.19, 20.27, 19.98, 20.2, 42900.0, 19.3
2013-09-05, 20.25, 20.3, 19.74, 19.82, 60600.0, 18.94
2013-09-06, 19.71, 19.85, 19.61, 19.62, 94400.0, 18.75
2013-09-09, 19.67, 19.88, 19.16, 19.18, 119400.0, 18.33
2013-09-10, 19.22, 20.0, 19.22, 19.86, 44000.0, 18.97
2013-09-11, 19.9, 20.15, 19.84, 20.05, 37200.0, 19.16
2013-09-12, 19.98, 20.02, 19.59, 19.78, 38100.0, 18.9
2013-09-13, 19.87, 19.94, 19.74, 19.74, 37700.0, 18.86
2013-09-16, 19.84, 19.84, 19.58, 19.61, 73600.0, 18.74
2013-09-17, 19.52, 19.71, 19.24, 19.24, 64600.0, 18.38
2013-09-18, 19.2, 19.49, 19.2, 19.43, 34400.0, 18.67
2013-09-19, 19.4, 19.4, 18.98, 19.15, 49700.0, 18.4
2013-09-20, 19.15, 19.2, 19.01, 19.03, 59900.0, 18.29
2013-09-23, 19.09, 19.38, 19.01, 19.38, 64700.0, 18.62
2013-09-24, 19.48, 19.67, 19.3, 19.43, 104700.0, 18.67
2013-09-25, 19.49, 19.49, 19.23, 19.44, 54700.0, 18.68
2013-09-26, 19.45, 19.45, 19.12, 19.27, 54600.0, 18.52
2013-09-27, 19.3, 19.3, 19.12, 19.22, 28400.0, 18.47
2013-09-30, 19.05, 19.25, 19.05, 19.15, 29400.0, 18.4
2013-10-01, 19.19, 19.33, 19.11, 19.33, 17700.0, 18.57
2013-10-02, 19.23, 19.39, 19.18, 19.35, 23400.0, 18.59
2013-10-03, 19.36, 19.51, 19.21, 19.42, 31000.0, 18.66
2013-10-04, 19.32, 19.44, 19.21, 19.21, 25700.0, 18.46
2013-10-07, 19.16, 19.16, 19.06, 19.06, 37200.0, 18.32
2013-10-08, 19.08, 19.08, 18.8, 18.8, 49400.0, 18.07
2013-10-09, 18.89, 19.02, 18.72, 18.86, 44800.0, 18.12
2013-10-10, 19.14, 19.38, 19.02, 19.37, 55300.0, 18.61
2013-10-11, 19.21, 19.3, 19.06, 19.29, 25200.0, 18.54
2013-10-14, 19.14, 19.38, 19.11, 19.38, 22700.0, 18.62
2013-10-15, 19.21, 19.21, 19.04, 19.08, 32300.0, 18.33
2013-10-16, 18.98, 19.59, 18.98, 19.55, 97900.0, 18.9
2013-10-17, 19.47, 20.0, 19.33, 19.69, 66700.0, 19.03
2013-10-18, 19.57, 19.65, 19.33, 19.36, 29600.0, 18.71
2013-10-21, 19.48, 19.48, 18.96, 19.35, 62300.0, 18.7
2013-10-22, 19.3, 19.45, 19.21, 19.28, 33000.0, 18.63
2013-10-23, 19.26, 19.43, 19.21, 19.26, 30600.0, 18.61
2013-10-24, 19.34, 19.45, 19.32, 19.34, 32200.0, 18.69
2013-10-25, 19.31, 19.36, 19.21, 19.25, 35300.0, 18.61
2013-10-28, 19.27, 19.41, 19.2, 19.2, 34100.0, 18.56
2013-10-29, 19.18, 19.29, 19.18, 19.25, 42700.0, 18.61
2013-10-30, 19.23, 19.33, 19.21, 19.28, 28800.0, 18.63
2013-10-31, 19.24, 19.37, 19.23, 19.31, 39900.0, 18.66
2013-11-01, 19.39, 19.39, 19.06, 19.12, 53000.0, 18.48
2013-11-04, 19.08, 19.13, 18.97, 19.01, 53300.0, 18.37
2013-11-05, 18.93, 19.1, 18.86, 18.92, 102800.0, 18.29
2013-11-06, 18.9, 18.96, 18.88, 18.91, 50400.0, 18.28
2013-11-07, 18.88, 18.94, 18.82, 18.82, 53600.0, 18.19
2013-11-08, 18.95, 18.95, 18.75, 18.88, 55700.0, 18.25
2013-11-11, 18.82, 18.89, 18.68, 18.85, 43200.0, 18.22
2013-11-12, 18.78, 18.83, 18.71, 18.79, 42600.0, 18.16
2013-11-13, 18.8, 18.89, 18.75, 18.89, 61500.0, 18.26
2013-11-14, 18.86, 18.9, 18.75, 18.85, 35600.0, 18.33
2013-11-15, 18.82, 18.91, 18.8, 18.9, 39200.0, 18.37
2013-11-18, 18.78, 18.83, 18.75, 18.82, 73900.0, 18.3
2013-11-19, 18.76, 18.8, 18.61, 18.61, 64000.0, 18.09
2013-11-20, 18.49, 18.7, 18.43, 18.64, 59900.0, 18.12
2013-11-21, 18.72, 18.72, 18.51, 18.62, 48500.0, 18.1
2013-11-22, 18.55, 18.86, 18.51, 18.79, 46400.0, 18.27
2013-11-25, 18.8, 18.86, 18.55, 18.8, 74000.0, 18.28
2013-11-26, 18.8, 18.83, 18.75, 18.75, 47800.0, 18.23
2013-11-27, 18.65, 18.78, 18.56, 18.62, 65900.0, 18.1
2013-11-29, 18.69, 18.7, 18.56, 18.7, 34700.0, 18.18
2013-12-02, 18.78, 18.78, 18.6, 18.68, 28900.0, 18.16
2013-12-03, 18.56, 18.68, 18.56, 18.64, 44700.0, 18.12
2013-12-04, 18.52, 18.63, 18.52, 18.6, 38700.0, 18.08
2013-12-05, 18.55, 18.57, 18.48, 18.49, 41700.0, 17.98
2013-12-06, 18.52, 18.55, 18.48, 18.49, 62500.0, 17.98
2013-12-09, 18.5, 18.53, 18.4, 18.46, 63600.0, 17.95
2013-12-10, 18.42, 18.46, 18.31, 18.36, 80800.0, 17.85
2013-12-11, 18.37, 18.45, 18.27, 18.33, 72000.0, 17.82
2013-12-12, 18.14, 18.41, 18.14, 18.39, 70500.0, 17.88
2013-12-13, 18.34, 18.49, 18.34, 18.44, 94200.0, 17.93
2013-12-16, 18.27, 18.44, 18.25, 18.32, 118300.0, 17.81
2013-12-17, 18.3, 18.45, 18.16, 18.45, 69000.0, 17.94
2013-12-18, 18.37, 18.53, 18.35, 18.49, 94000.0, 17.98
2013-12-19, 18.29, 18.47, 18.28, 18.43, 61000.0, 18.02
2013-12-20, 18.4, 18.61, 18.4, 18.61, 100800.0, 18.2
2013-12-23, 18.75, 19.07, 18.73, 19.0, 115900.0, 18.58
2013-12-24, 18.96, 19.14, 18.96, 19.12, 62200.0, 18.7
2013-12-26, 19.2, 19.2, 19.02, 19.12, 57100.0, 18.7
2013-12-27, 19.12, 19.12, 18.98, 19.0, 36800.0, 18.58
2013-12-30, 19.0, 19.02, 18.88, 18.93, 51800.0, 18.51
2013-12-31, 18.9, 18.9, 18.74, 18.85, 60100.0, 18.43
2014-01-02, 18.76, 18.84, 18.68, 18.8, 60200.0, 18.39
2014-01-03, 18.85, 18.85, 18.7, 18.7, 48800.0, 18.29
2014-01-06, 18.75, 18.82, 18.7, 18.76, 41000.0, 18.35
2014-01-07, 18.74, 18.9, 18.74, 18.89, 50200.0, 18.47
2014-01-08, 18.84, 19.03, 18.8, 19.02, 43000.0, 18.6
2014-01-09, 19.09, 19.09, 18.89, 18.95, 36600.0, 18.53
2014-01-10, 18.93, 19.1, 18.93, 19.09, 59600.0, 18.67
2014-01-13, 19.02, 19.06, 18.97, 19.06, 19500.0, 18.64
2014-01-14, 19.2, 19.2, 19.02, 19.04, 54300.0, 18.62
2014-01-15, 18.98, 19.1, 18.98, 19.08, 35200.0, 18.66
2014-01-16, 19.01, 19.24, 19.01, 19.24, 47100.0, 18.82
2014-01-17, 19.26, 19.44, 19.19, 19.42, 46800.0, 18.99
2014-01-21, 19.3, 19.37, 19.26, 19.29, 82200.0, 18.87
2014-01-22, 19.21, 19.22, 18.94, 19.01, 52200.0, 18.7
2014-01-23, 19.04, 19.18, 19.04, 19.08, 83100.0, 18.77
2014-01-24, 19.03, 19.06, 18.91, 18.91, 62900.0, 18.6
2014-01-27, 18.95, 19.0, 18.79, 18.85, 59500.0, 18.54
2014-01-28, 18.79, 18.93, 18.78, 18.79, 61400.0, 18.48
2014-01-29, 18.78, 18.89, 18.75, 18.75, 46300.0, 18.44
2014-01-30, 18.83, 18.84, 18.75, 18.77, 64600.0, 18.46
2014-01-31, 18.75, 18.81, 18.7, 18.74, 42600.0, 18.43
2014-02-03, 18.85, 18.85, 18.69, 18.72, 52500.0, 18.41
2014-02-04, 18.7, 18.79, 18.65, 18.67, 42900.0, 18.36
2014-02-05, 18.65, 18.79, 18.63, 18.79, 25300.0, 18.48
2014-02-06, 18.79, 18.88, 18.7, 18.88, 29700.0, 18.57
2014-02-07, 18.86, 19.05, 18.84, 19.0, 36700.0, 18.69
2014-02-10, 18.95, 19.09, 18.95, 19.07, 46200.0, 18.76
2014-02-11, 18.97, 19.01, 18.85, 18.85, 55700.0, 18.54
2014-02-12, 18.84, 18.9, 18.81, 18.81, 30700.0, 18.5
2014-02-13, 18.79, 18.81, 18.7, 18.74, 41500.0, 18.43
2014-02-14, 18.67, 18.82, 18.67, 18.82, 29500.0, 18.51
2014-02-18, 18.92, 19.18, 18.8, 19.14, 105600.0, 18.83
2014-02-19, 18.95, 19.11, 18.87, 18.88, 49800.0, 18.68
2014-02-20, 18.85, 19.03, 18.85, 18.98, 39900.0, 18.78
2014-02-21, 18.98, 19.07, 18.94, 19.05, 34900.0, 18.85
2014-02-24, 19.06, 19.12, 18.77, 19.03, 89600.0, 18.83
2014-02-25, 19.0, 19.03, 18.9, 18.96, 47900.0, 18.76
2014-02-26, 18.91, 19.16, 18.9, 18.98, 52300.0, 18.78
2014-02-27, 18.93, 19.0, 18.89, 18.97, 33300.0, 18.77
2014-02-28, 18.93, 19.12, 18.93, 19.08, 51900.0, 18.88
2014-03-03, 19.08, 19.08, 18.97, 19.05, 39900.0, 18.85
2014-03-04, 19.05, 19.05, 18.97, 19.02, 48500.0, 18.82
2014-03-05, 19.01, 19.06, 19.0, 19.0, 24700.0, 18.8
2014-03-06, 19.01, 19.04, 18.97, 19.03, 39000.0, 18.83
2014-03-07, 18.99, 19.18, 18.98, 19.14, 47800.0, 18.93
2014-03-10, 19.17, 19.32, 19.04, 19.22, 58700.0, 19.01
2014-03-11, 19.11, 19.15, 19.09, 19.15, 49400.0, 18.94
2014-03-12, 19.07, 19.18, 19.0, 19.06, 57500.0, 18.86
2014-03-13, 19.06, 19.08, 19.01, 19.03, 34500.0, 18.83
2014-03-14, 19.03, 19.06, 19.01, 19.06, 32200.0, 18.86
2014-03-17, 19.05, 19.09, 19.02, 19.08, 23800.0, 18.88
2014-03-18, 19.06, 19.14, 19.02, 19.12, 33400.0, 18.91
2014-03-19, 19.08, 19.19, 19.07, 19.19, 28200.0, 18.98
2014-03-20, 19.11, 19.19, 19.0, 19.16, 48700.0, 19.05
2014-03-21, 19.19, 19.38, 19.19, 19.31, 35200.0, 19.2
2014-03-24, 19.34, 19.36, 19.21, 19.3, 63300.0, 19.19
2014-03-25, 19.25, 19.25, 19.06, 19.14, 59900.0, 19.03
2014-03-26, 19.17, 19.17, 18.95, 18.95, 47900.0, 18.84
2014-03-27, 19.0, 19.0, 18.9, 18.9, 37800.0, 18.8
2014-03-28, 18.85, 19.01, 18.85, 18.94, 47300.0, 18.84
2014-03-31, 18.95, 18.96, 18.77, 18.77, 43400.0, 18.67
2014-04-01, 18.76, 18.78, 18.63, 18.63, 43900.0, 18.53
2014-04-02, 18.62, 18.63, 18.5, 18.52, 70800.0, 18.42
2014-04-03, 18.5, 18.58, 18.45, 18.45, 40300.0, 18.35
2014-04-04, 18.45, 18.52, 18.35, 18.38, 48800.0, 18.28
2014-04-07, 18.35, 18.4, 18.31, 18.36, 60800.0, 18.26
2014-04-08, 18.33, 18.43, 18.31, 18.32, 49300.0, 18.22
2014-04-09, 18.31, 18.38, 18.19, 18.32, 49500.0, 18.22
2014-04-10, 18.3, 18.34, 18.23, 18.29, 74800.0, 18.19
2014-04-11, 18.19, 18.24, 18.1, 18.14, 86600.0, 18.04
2014-04-14, 18.14, 18.14, 18.0, 18.04, 101300.0, 17.94
2014-04-15, 18.01, 18.09, 17.93, 17.98, 66800.0, 17.88
2014-04-16, 17.93, 18.06, 17.91, 17.98, 92400.0, 17.88
2014-04-17, 17.96, 18.1, 17.96, 18.04, 59600.0, 17.94
2014-04-21, 18.04, 18.11, 17.95, 18.08, 56100.0, 18.08
2014-04-22, 18.06, 18.22, 18.06, 18.21, 55300.0, 18.21
2014-04-23, 18.24, 18.35, 18.23, 18.26, 67000.0, 18.26
2014-04-24, 18.23, 18.28, 18.2, 18.25, 52900.0, 18.25
2014-04-25, 18.25, 18.39, 18.24, 18.32, 46800.0, 18.32
2014-04-28, 18.26, 18.42, 18.26, 18.37, 43200.0, 18.37
2014-04-29, 18.37, 18.44, 18.34, 18.38, 44700.0, 18.38
2014-04-30, 18.35, 18.39, 18.22, 18.25, 59300.0, 18.25
2014-05-01, 18.31, 18.41, 18.27, 18.34, 46000.0, 18.34
2014-05-02, 18.32, 18.37, 18.22, 18.31, 37600.0, 18.31
2014-05-05, 18.26, 18.35, 18.2, 18.32, 77700.0, 18.32
2014-05-06, 18.25, 18.3, 18.25, 18.29, 53100.0, 18.29
2014-05-07, 18.24, 18.4, 18.23, 18.4, 67600.0, 18.4
2014-05-08, 18.32, 18.41, 18.28, 18.37, 56600.0, 18.37
2014-05-09, 18.33, 18.4, 18.32, 18.38, 38500.0, 18.38
2014-05-12, 18.32, 18.5, 18.3, 18.46, 54200.0, 18.46
2014-05-13, 18.4, 18.44, 18.36, 18.36, 51800.0, 18.36
2014-05-14, 18.34, 18.44, 18.33, 18.38, 46400.0, 18.38
2014-05-15, 18.35, 18.37, 18.24, 18.25, 47000.0, 18.25
2014-05-16, 18.26, 18.39, 18.25, 18.35, 40300.0, 18.35
2014-05-19, 18.31, 18.37, 18.21, 18.22, 68100.0, 18.12
2014-05-20, 18.16, 18.16, 18.03, 18.04, 98300.0, 18.04
2014-05-21, 18.06, 18.16, 18.0, 18.03, 119600.0, 18.03
2014-05-22, 18.02, 18.22, 18.02, 18.19, 43100.0, 18.19
2014-05-23, 18.14, 18.2, 18.11, 18.11, 33800.0, 18.11
2014-05-27, 18.1, 18.14, 18.09, 18.1, 44400.0, 18.1
2014-05-28, 18.07, 18.18, 18.06, 18.17, 44900.0, 18.17
2014-05-29, 18.12, 18.13, 18.08, 18.09, 49500.0, 18.09
2014-05-30, 18.07, 18.13, 18.06, 18.1, 40400.0, 18.1
2014-06-02, 18.05, 18.13, 18.01, 18.02, 87600.0, 18.02
2014-06-03, 17.99, 18.08, 17.86, 17.88, 129900.0, 17.78
2014-06-04, 17.85, 17.99, 17.8, 17.94, 55900.0, 17.84
2014-06-05, 17.83, 18.03, 17.83, 17.98, 58900.0, 17.88
2014-06-06, 17.96, 18.27, 17.96, 18.1, 110200.0, 18.0
2014-06-09, 18.16, 18.26, 18.08, 18.08, 93500.0, 17.98
2014-06-10, 18.11, 18.18, 18.03, 18.05, 154300.0, 17.95
2014-06-11, 18.04, 18.07, 17.93, 17.95, 97400.0, 17.85
2014-06-12, 17.93, 18.02, 17.93, 17.94, 43500.0, 17.84
2014-06-13, 17.92, 17.98, 17.87, 17.92, 71100.0, 17.82
2014-06-16, 17.89, 17.96, 17.8, 17.89, 89100.0, 17.79
2014-06-17, 17.84, 17.9, 17.84, 17.88, 41900.0, 17.78
2014-06-18, 17.81, 17.99, 17.8, 17.96, 66100.0, 17.86
2014-06-19, 17.89, 17.93, 17.85, 17.92, 43900.0, 17.92
2014-06-20, 17.88, 17.94, 17.8, 17.82, 62100.0, 17.82
2014-06-23, 17.8, 17.91, 17.8, 17.81, 58300.0, 17.81
2014-06-24, 17.77, 17.9, 17.77, 17.88, 75800.0, 17.88
2014-06-25, 17.85, 17.9, 17.81, 17.89, 66900.0, 17.89
2014-06-26, 17.87, 17.92, 17.85, 17.87, 48400.0, 17.87
2014-06-27, 17.9, 17.94, 17.8, 17.93, 39300.0, 17.93
2014-06-30, 17.87, 17.93, 17.73, 17.91, 95000.0, 17.91
2014-07-01, 17.93, 17.95, 17.83, 17.86, 50600.0, 17.86
2014-07-02, 17.82, 17.88, 17.71, 17.78, 51400.0, 17.78
2014-07-03, 17.73, 17.87, 17.73, 17.78, 60300.0, 17.78
2014-07-07, 17.77, 17.86, 17.77, 17.8, 29300.0, 17.8
2014-07-08, 17.8, 17.81, 17.73, 17.76, 50200.0, 17.76
2014-07-09, 17.76, 17.78, 17.69, 17.75, 56600.0, 17.75
2014-07-10, 17.75, 17.81, 17.71, 17.71, 33500.0, 17.61
2014-07-11, 17.72, 17.97, 17.72, 17.97, 56000.0, 17.87
2014-07-14, 17.98, 17.99, 17.9, 17.99, 44100.0, 17.89
2014-07-15, 17.93, 17.98, 17.88, 17.92, 60300.0, 17.82
2014-07-16, 17.94, 18.05, 17.92, 18.0, 83000.0, 17.9
2014-07-17, 17.96, 18.09, 17.96, 18.07, 79600.0, 17.97
2014-07-18, 18.0, 18.05, 17.97, 18.01, 30600.0, 17.91
2014-07-21, 18.02, 18.08, 18.02, 18.08, 31600.0, 17.98
2014-07-22, 17.99, 18.0, 17.93, 17.98, 29600.0, 17.98
2014-07-23, 17.99, 18.09, 17.99, 18.09, 34800.0, 18.09
2014-07-24, 18.08, 18.1, 18.01, 18.04, 49800.0, 18.04
2014-07-25, 18.01, 18.05, 17.87, 17.91, 39600.0, 17.91
2014-07-28, 17.92, 17.99, 17.91, 17.97, 45300.0, 17.97
2014-07-29, 17.93, 17.94, 17.89, 17.89, 35900.0, 17.89
2014-07-30, 17.91, 17.97, 17.9, 17.93, 26200.0, 17.93
2014-07-31, 17.86, 17.89, 17.68, 17.75, 62800.0, 17.75
2014-08-01, 17.83, 17.84, 17.69, 17.7, 59900.0, 17.7
2014-08-04, 17.71, 17.75, 17.61, 17.62, 35500.0, 17.62
2014-08-05, 17.59, 17.63, 17.54, 17.6, 47400.0, 17.6
2014-08-06, 17.49, 17.57, 17.39, 17.5, 131200.0, 17.5
2014-08-07, 17.48, 17.62, 17.48, 17.55, 106400.0, 17.55
2014-08-08, 17.49, 17.57, 17.48, 17.52, 51100.0, 17.52
2014-08-11, 17.56, 17.68, 17.56, 17.65, 60800.0, 17.65
2014-08-12, 17.64, 17.7, 17.47, 17.52, 68500.0, 17.52
2014-08-13, 17.53, 17.62, 17.52, 17.62, 39100.0, 17.62
2014-08-14, 17.61, 17.65, 17.61, 17.64, 21100.0, 17.64
2014-08-15, 17.62, 17.66, 17.6, 17.63, 20300.0, 17.63
2014-08-18, 17.64, 17.67, 17.58, 17.62, 45900.0, 17.62
2014-08-19, 17.62, 17.67, 17.62, 17.67, 29900.0, 17.67
2014-08-20, 17.59, 17.61, 17.47, 17.52, 96100.0, 17.52
2014-08-21, 17.56, 17.6, 17.52, 17.55, 59500.0, 17.55
2014-08-22, 17.53, 17.61, 17.53, 17.54, 57500.0, 17.54
2014-08-25, 17.55, 17.6, 17.53, 17.55, 86900.0, 17.55
2014-08-26, 17.55, 17.6, 17.55, 17.6, 68100.0, 17.6
2014-08-27, 17.6, 17.66, 17.6, 17.66, 57000.0, 17.66
2014-08-28, 17.61, 17.68, 17.55, 17.68, 48700.0, 17.68
2014-08-29, 17.67, 17.73, 17.66, 17.73, 35900.0, 17.73
2014-09-02, 17.7, 17.75, 17.69, 17.71, 50000.0, 17.71
2014-09-03, 17.7, 17.7, 17.61, 17.66, 37600.0, 17.66
2014-09-04, 17.64, 17.72, 17.62, 17.72, 35400.0, 17.41
2014-09-05, 17.65, 17.67, 17.6, 17.65, 38300.0, 17.34
2014-09-08, 17.63, 17.65, 17.59, 17.61, 25600.0, 17.31
2014-09-09, 17.59, 17.67, 17.58, 17.6, 63900.0, 17.3
2014-09-10, 17.55, 17.55, 17.43, 17.47, 85400.0, 17.17
2014-09-11, 17.44, 17.59, 17.44, 17.57, 58800.0, 17.27
2014-09-12, 17.58, 17.61, 17.5, 17.52, 61500.0, 17.22
2014-09-15, 17.52, 17.53, 17.48, 17.5, 67100.0, 17.2
2014-09-16, 17.5, 17.53, 17.5, 17.5, 85700.0, 17.2
2014-09-17, 17.5, 17.55, 17.5, 17.54, 25200.0, 17.24
2014-09-18, 17.54, 17.54, 17.45, 17.53, 67800.0, 17.23
2014-09-19, 17.42, 17.46, 17.27, 17.31, 73600.0, 17.11
2014-09-22, 17.28, 17.3, 17.21, 17.26, 121200.0, 17.06
2014-09-23, 17.26, 17.33, 17.25, 17.3, 55500.0, 17.1
2014-09-24, 17.23, 17.28, 17.17, 17.28, 71500.0, 17.08
2014-09-25, 17.26, 17.3, 17.22, 17.27, 62600.0, 17.07
2014-09-26, 17.27, 17.29, 17.21, 17.27, 59800.0, 17.07
2014-09-29, 17.21, 17.31, 17.21, 17.27, 41500.0, 17.07
2014-09-30, 17.27, 17.27, 17.1, 17.17, 83000.0, 16.97
2014-10-01, 17.11, 17.22, 17.11, 17.2, 53700.0, 17.0
2014-10-02, 17.15, 17.18, 16.94, 17.15, 172500.0, 16.95
2014-10-03, 17.11, 17.28, 17.06, 17.28, 58100.0, 17.08
2014-10-06, 17.23, 17.3, 17.21, 17.28, 50900.0, 17.08
2014-10-07, 17.23, 17.29, 17.17, 17.2, 36200.0, 17.0
2014-10-08, 17.1, 17.29, 17.05, 17.27, 96200.0, 17.07
2014-10-09, 17.2, 17.25, 17.11, 17.17, 87500.0, 16.97
2014-10-10, 17.15, 17.22, 17.04, 17.17, 66900.0, 16.97
2014-10-13, 17.15, 17.2, 17.08, 17.08, 68600.0, 16.88
2014-10-14, 17.07, 17.13, 17.03, 17.06, 104900.0, 16.86
2014-10-15, 16.95, 16.97, 16.5, 16.77, 196100.0, 16.57
2014-10-16, 16.64, 16.94, 16.6, 16.85, 76900.0, 16.65
2014-10-17, 16.88, 17.0, 16.85, 16.93, 25700.0, 16.73
2014-10-20, 16.86, 17.0, 16.86, 16.96, 53800.0, 16.76
2014-10-21, 16.99, 17.1, 16.98, 17.04, 122200.0, 16.84
2014-10-22, 16.89, 16.97, 16.84, 16.89, 128200.0, 16.79
2014-10-23, 16.93, 16.97, 16.88, 16.91, 166700.0, 16.81
2014-10-24, 16.89, 16.93, 16.88, 16.91, 73500.0, 16.81
2014-10-27, 16.91, 16.96, 16.91, 16.91, 71700.0, 16.81
2014-10-28, 16.93, 17.01, 16.93, 16.98, 84800.0, 16.88
2014-10-29, 16.97, 17.02, 16.96, 16.98, 72400.0, 16.88
2014-10-30, 16.97, 17.02, 16.96, 17.0, 44000.0, 16.9
2014-10-31, 17.03, 17.08, 17.0, 17.06, 61500.0, 16.96
2014-11-03, 17.02, 17.07, 17.01, 17.03, 58200.0, 16.93
2014-11-04, 17.01, 17.04, 16.97, 16.99, 53900.0, 16.89
2014-11-05, 16.92, 17.03, 16.92, 17.0, 39600.0, 16.9
2014-11-06, 16.95, 17.04, 16.95, 16.98, 67900.0, 16.88
2014-11-07, 16.95, 17.0, 16.95, 16.98, 45600.0, 16.88
2014-11-10, 16.96, 16.99, 16.95, 16.95, 60000.0, 16.85
2014-11-11, 16.95, 17.12, 16.88, 17.09, 96300.0, 16.99
2014-11-12, 17.02, 17.15, 17.02, 17.08, 87400.0, 16.98
2014-11-13, 17.08, 17.18, 17.07, 17.13, 122300.0, 17.03
2014-11-14, 17.13, 17.22, 17.13, 17.2, 50500.0, 17.1
2014-11-17, 17.17, 17.22, 17.13, 17.14, 62700.0, 17.04
2014-11-18, 17.04, 17.09, 17.0, 17.02, 80300.0, 17.02
2014-11-19, 17.05, 17.09, 17.0, 17.06, 105700.0, 17.06
2014-11-20, 17.01, 17.1, 16.98, 17.02, 103400.0, 17.02
2014-11-21, 17.19, 17.22, 17.02, 17.22, 115600.0, 17.22
2014-11-24, 17.22, 17.33, 17.13, 17.29, 138400.0, 17.29
2014-11-25, 17.32, 17.4, 17.2, 17.4, 127300.0, 17.4
2014-11-26, 17.38, 17.38, 17.22, 17.31, 73900.0, 17.31
2014-11-28, 17.27, 17.31, 17.11, 17.23, 48300.0, 17.23
2014-12-01, 17.23, 17.23, 17.23, 17.23, 0.0, 17.23
2014-12-02, 17.04, 17.14, 17.03, 17.08, 110700.0, 17.08
2014-12-03, 17.04, 17.18, 17.04, 17.17, 143700.0, 17.17
2014-12-04, 17.13, 17.17, 17.01, 17.1, 92900.0, 17.1
2014-12-05, 17.01, 17.17, 16.99, 17.12, 103800.0, 17.12
2014-12-08, 17.06, 17.11, 17.01, 17.09, 119600.0, 17.09
2014-12-09, 16.96, 17.01, 16.91, 17.0, 102700.0, 17.0
2014-12-10, 16.97, 17.03, 16.97, 17.0, 74700.0, 17.0
2014-12-11, 16.95, 16.98, 16.78, 16.79, 143400.0, 16.79
2014-12-12, 16.74, 16.75, 16.49, 16.52, 209600.0, 16.25
2014-12-15, 16.55, 16.64, 16.46, 16.51, 201800.0, 16.24
2014-12-16, 16.45, 16.5, 16.21, 16.32, 189500.0, 16.06
2014-12-17, 16.33, 16.54, 16.31, 16.51, 154300.0, 16.24
2014-12-18, 16.59, 16.73, 16.48, 16.72, 145100.0, 16.45
2014-12-19, 16.65, 16.7, 16.52, 16.65, 153100.0, 16.47
2014-12-22, 16.62, 16.72, 16.54, 16.55, 218100.0, 16.37
2014-12-23, 16.58, 16.74, 16.58, 16.72, 266500.0, 16.54
2014-12-24, 16.75, 16.87, 16.75, 16.83, 93600.0, 16.65
2014-12-26, 16.83, 16.95, 16.81, 16.91, 156800.0, 16.73
2014-12-29, 16.91, 16.94, 16.78, 16.83, 89200.0, 16.65
2014-12-30, 16.77, 16.96, 16.77, 16.86, 92000.0, 16.68
2014-12-31, 16.85, 16.93, 16.72, 16.74, 266900.0, 16.56
2015-01-02, 16.8, 17.06, 16.8, 16.89, 100900.0, 16.71
2015-01-05, 16.83, 16.88, 16.73, 16.77, 68200.0, 16.59
2015-01-06, 16.81, 16.81, 16.57, 16.57, 83300.0, 16.39
2015-01-07, 16.64, 16.67, 16.6, 16.6, 90300.0, 16.42
2015-01-08, 16.67, 16.71, 16.64, 16.69, 46000.0, 16.51
2015-01-09, 16.77, 16.84, 16.67, 16.81, 70100.0, 16.63
2015-01-12, 16.75, 16.89, 16.75, 16.81, 42700.0, 16.63
2015-01-13, 16.84, 16.85, 16.75, 16.77, 107700.0, 16.59
2015-01-14, 16.73, 16.77, 16.61, 16.69, 150700.0, 16.51
2015-01-15, 16.63, 16.63, 16.55, 16.55, 140600.0, 16.37
2015-01-16, 16.48, 16.58, 16.48, 16.57, 79200.0, 16.39
2015-01-20, 16.58, 16.62, 16.53, 16.55, 148900.0, 16.37
2015-01-21, 16.49, 16.59, 16.46, 16.58, 109100.0, 16.49
2015-01-22, 16.58, 16.63, 16.57, 16.59, 54800.0, 16.5
2015-01-23, 16.54, 16.59, 16.51, 16.53, 44000.0, 16.44
2015-01-26, 16.55, 16.6, 16.52, 16.54, 105400.0, 16.45
2015-01-27, 16.5, 16.57, 16.5, 16.56, 30700.0, 16.47
2015-01-28, 16.53, 16.57, 16.52, 16.52, 26800.0, 16.43
2015-01-29, 16.51, 16.54, 16.49, 16.53, 53000.0, 16.44
2015-01-30, 16.5, 16.56, 16.5, 16.55, 34500.0, 16.46
2015-02-02, 16.56, 16.63, 16.55, 16.63, 50300.0, 16.54
2015-02-03, 16.6, 16.65, 16.54, 16.65, 58600.0, 16.56
2015-02-04, 16.61, 16.69, 16.57, 16.57, 53800.0, 16.48
2015-02-05, 16.6, 16.7, 16.6, 16.66, 58600.0, 16.57
2015-02-06, 16.65, 16.71, 16.64, 16.68, 48900.0, 16.59
2015-02-09, 16.67, 16.81, 16.67, 16.81, 54400.0, 16.72
2015-02-10, 16.81, 16.86, 16.76, 16.86, 59000.0, 16.77
2015-02-11, 16.84, 16.87, 16.8, 16.82, 33800.0, 16.73
2015-02-12, 16.82, 16.88, 16.82, 16.85, 40800.0, 16.76
2015-02-13, 16.87, 16.92, 16.84, 16.85, 61200.0, 16.76
2015-02-17, 16.84, 16.9, 16.82, 16.86, 50200.0, 16.77
2015-02-18, 16.74, 16.76, 16.73, 16.73, 56400.0, 16.73
2015-02-19, 16.75, 16.82, 16.71, 16.8, 108600.0, 16.8
2015-02-20, 16.79, 16.85, 16.76, 16.85, 52500.0, 16.85
2015-02-23, 16.85, 17.14, 16.85, 17.14, 64600.0, 17.14
2015-02-24, 17.16, 17.17, 17.03, 17.16, 50600.0, 17.16
2015-02-25, 17.17, 17.28, 17.15, 17.23, 46000.0, 17.23
2015-02-26, 17.22, 17.26, 17.08, 17.12, 66700.0, 17.12
2015-02-27, 17.13, 17.15, 17.02, 17.1, 64000.0, 17.1
2015-03-02, 17.1, 17.12, 17.02, 17.1, 60800.0, 17.1
2015-03-03, 17.06, 17.16, 17.06, 17.14, 37800.0, 17.14
2015-03-04, 17.15, 17.21, 17.12, 17.2, 53300.0, 17.2
2015-03-05, 17.21, 17.21, 17.12, 17.13, 50400.0, 17.13
2015-03-06, 17.13, 17.17, 17.11, 17.15, 56700.0, 17.15
2015-03-09, 17.19, 17.19, 17.13, 17.14, 64400.0, 17.14
2015-03-10, 17.14, 17.2, 17.13, 17.13, 45000.0, 17.13
2015-03-11, 17.13, 17.23, 17.13, 17.18, 40400.0, 17.18
2015-03-12, 17.17, 17.2, 17.01, 17.02, 46400.0, 17.02
2015-03-13, 17.03, 17.27, 17.03, 17.25, 92500.0, 17.25
2015-03-16, 17.27, 17.3, 17.14, 17.14, 91100.0, 17.14
2015-03-17, 17.16, 17.21, 17.05, 17.12, 74700.0, 17.12
2015-03-18, 17.07, 17.17, 17.04, 17.17, 59900.0, 17.17
2015-03-19, 17.17, 17.17, 17.07, 17.11, 47400.0, 17.11
2015-03-20, 17.08, 17.21, 17.05, 17.2, 50500.0, 17.2
2015-03-23, 17.14, 17.4, 17.13, 17.37, 80100.0, 17.37
2015-03-24, 17.37, 17.37, 17.26, 17.36, 25800.0, 17.36
2015-03-25, 17.33, 17.39, 17.32, 17.33, 33100.0, 17.33
2015-03-26, 17.31, 17.39, 17.3, 17.37, 22600.0, 17.37
2015-03-27, 17.33, 17.38, 17.3, 17.32, 34100.0, 17.32
2015-03-30, 17.29, 17.34, 17.28, 17.29, 37800.0, 17.29
2015-03-31, 17.299999, 17.309999, 17.23, 17.25, 105600.0, 16.986219
2015-04-01, 17.209999, 17.299999, 17.209999, 17.26, 48600.0, 16.996067
2015-04-02, 17.23, 17.33, 17.18, 17.200001, 83200.0, 16.936985
2015-04-06, 17.23, 17.280001, 17.190001, 17.25, 46900.0, 16.986219
2015-04-07, 17.280001, 17.35, 17.27, 17.34, 20100.0, 17.074843
2015-04-08, 17.379999, 17.440001, 17.34, 17.440001, 37100.0, 17.173314
2015-04-09, 17.450001, 17.459999, 17.4, 17.440001, 33300.0, 17.173314
2015-04-10, 17.41, 17.459999, 17.41, 17.41, 25200.0, 17.143773
2015-04-13, 17.440001, 17.469999, 17.33, 17.42, 34400.0, 17.15362
2015-04-14, 17.370001, 17.459999, 17.360001, 17.42, 34000.0, 17.15362
2015-04-15, 17.41, 17.41, 17.370001, 17.389999, 55500.0, 17.124078
2015-04-16, 17.34, 17.41, 17.33, 17.360001, 45200.0, 17.094538
2015-04-17, 17.370001, 17.370001, 17.32, 17.35, 22100.0, 17.084691
2015-04-20, 17.4, 17.469999, 17.389999, 17.469999, 42400.0, 17.202855
2015-04-21, 17.440001, 17.450001, 17.370001, 17.43, 17400.0, 17.252346
2015-04-22, 17.41, 17.440001, 17.389999, 17.440001, 41800.0, 17.262244
2015-04-23, 17.41, 17.549999, 17.41, 17.540001, 43600.0, 17.361225
2015-04-24, 17.559999, 17.559999, 17.469999, 17.469999, 15300.0, 17.291937
2015-04-27, 17.459999, 17.530001, 17.450001, 17.450001, 37900.0, 17.272142
2015-04-28, 17.469999, 17.52, 17.440001, 17.48, 39800.0, 17.301835
2015-04-29, 17.41, 17.49, 17.4, 17.440001, 35300.0, 17.262244
2015-04-30, 17.41, 17.43, 17.360001, 17.370001, 38300.0, 17.192958
2015-05-01, 17.450001, 17.450001, 17.35, 17.379999, 71400.0, 17.202854
2015-05-04, 17.360001, 17.389999, 17.299999, 17.299999, 57500.0, 17.12367
2015-05-05, 17.27, 17.370001, 17.24, 17.32, 44300.0, 17.143466
2015-05-06, 17.27, 17.34, 17.27, 17.32, 34600.0, 17.143466
2015-05-07, 17.27, 17.4, 17.26, 17.389999, 38000.0, 17.212753
2015-05-08, 17.41, 17.43, 17.309999, 17.43, 38500.0, 17.252346
2015-05-11, 17.42, 17.48, 17.370001, 17.469999, 77500.0, 17.291937
2015-05-12, 17.41, 17.48, 17.35, 17.459999, 40100.0, 17.282039
2015-05-13, 17.360001, 17.559999, 17.33, 17.49, 66900.0, 17.311734
2015-05-14, 17.469999, 17.6, 17.469999, 17.51, 43700.0, 17.33153
2015-05-15, 17.540001, 17.6, 17.540001, 17.57, 62600.0, 17.390918
2015-05-18, 17.65, 17.65, 17.559999, 17.629999, 56100.0, 17.450306
2015-05-19, 17.6, 17.6, 17.530001, 17.57, 62700.0, 17.480153
2015-05-20, 17.549999, 17.610001, 17.540001, 17.549999, 57100.0, 17.460254
2015-05-21, 17.58, 17.719999, 17.58, 17.67, 68700.0, 17.579642
2015-05-22, 17.620001, 17.719999, 17.620001, 17.65, 47600.0, 17.559743
2015-05-26, 17.690001, 17.75, 17.67, 17.700001, 42200.0, 17.609489
2015-05-27, 17.709999, 17.790001, 17.68, 17.76, 33500.0, 17.669182
2015-05-28, 17.73, 17.77, 17.690001, 17.709999, 37600.0, 17.619436
2015-05-29, 17.700001, 17.719999, 17.639999, 17.639999, 31500.0, 17.549794
2015-06-01, 17.719999, 17.719999, 17.629999, 17.690001, 57400.0, 17.59954
2015-06-02, 17.67, 17.700001, 17.629999, 17.67, 19300.0, 17.579642
2015-06-03, 17.620001, 17.74, 17.620001, 17.65, 44200.0, 17.559743
2015-06-04, 17.67, 17.67, 17.610001, 17.639999, 45100.0, 17.549794
2015-06-05, 17.639999, 17.75, 17.57, 17.75, 39600.0, 17.659233
2015-06-08, 17.700001, 17.809999, 17.540001, 17.75, 43900.0, 17.659233
2015-06-09, 17.75, 17.790001, 17.73, 17.77, 36600.0, 17.679131
2015-06-10, 17.73, 17.790001, 17.719999, 17.76, 33400.0, 17.669182
2015-06-11, 17.809999, 17.84, 17.700001, 17.719999, 54200.0, 17.629385
2015-06-12, 17.700001, 17.77, 17.68, 17.76, 53800.0, 17.669182
2015-06-15, 17.700001, 17.77, 17.700001, 17.709999, 24000.0, 17.619436
2015-06-16, 17.700001, 17.73, 17.65, 17.68, 27100.0, 17.589591
2015-06-17, 17.65, 17.709999, 17.629999, 17.639999, 29600.0, 17.549794
2015-06-18, 17.620001, 17.67, 17.58, 17.6, 39100.0, 17.51
2015-06-19, 17.48, 17.540001, 17.440001, 17.5, 40100.0, 17.5
2015-06-22, 17.530001, 17.540001, 17.43, 17.459999, 35900.0, 17.459999
2015-06-23, 17.43, 17.5, 17.41, 17.49, 19000.0, 17.49
2015-06-24, 17.49, 17.530001, 17.440001, 17.48, 37000.0, 17.48
2015-06-25, 17.43, 17.48, 17.35, 17.35, 23900.0, 17.35
2015-06-26, 17.370001, 17.4, 17.16, 17.219999, 43700.0, 17.219999
2015-06-29, 17.16, 17.200001, 17.049999, 17.110001, 63600.0, 17.110001
2015-06-30, 17.219999, 17.219999, 17.030001, 17.17, 30100.0, 17.17
2015-07-01, 17.280001, 17.280001, 17.18, 17.26, 39100.0, 17.26
2015-07-02, 17.27, 17.27, 17.190001, 17.25, 10500.0, 17.25
2015-07-06, 17.15, 17.27, 17.15, 17.25, 16700.0, 17.25
2015-07-07, 17.209999, 17.35, 17.18, 17.24, 49000.0, 17.24
2015-07-08, 17.16, 17.280001, 17.049999, 17.08, 34800.0, 16.896503
2015-07-09, 17.120001, 17.17, 17.049999, 17.049999, 38100.0, 16.866825
2015-07-10, 17.07, 17.15, 17.040001, 17.09, 117900.0, 16.906396
2015-07-13, 17.200001, 17.200001, 17.129999, 17.15, 21900.0, 16.965751
2015-07-14, 17.139999, 17.15, 17.09, 17.139999, 20000.0, 16.955858
2015-07-15, 17.139999, 17.15, 17.059999, 17.139999, 32400.0, 16.955858
2015-07-16, 17.16, 17.209999, 17.110001, 17.15, 54000.0, 16.965751
2015-07-17, 17.120001, 17.16, 17.1, 17.1, 34500.0, 16.916289
2015-07-20, 17.09, 17.120001, 17.07, 17.07, 15800.0, 16.88661
2015-07-21, 17.059999, 17.059999, 16.969999, 17.02, 26500.0, 16.837148
2015-07-22, 16.85, 16.92, 16.84, 16.85, 20500.0, 16.757587
2015-07-23, 16.860001, 16.959999, 16.790001, 16.91, 21200.0, 16.817258
2015-07-24, 16.940001, 16.940001, 16.860001, 16.860001, 27000.0, 16.767533
2015-07-27, 16.889999, 16.889999, 16.75, 16.799999, 25000.0, 16.70786
2015-07-28, 16.85, 16.860001, 16.68, 16.709999, 109000.0, 16.618354
2015-07-29, 16.74, 16.809999, 16.709999, 16.780001, 9400.0, 16.687971
2015-07-30, 16.75, 16.83, 16.620001, 16.780001, 52200.0, 16.687971
2015-07-31, 16.809999, 16.940001, 16.74, 16.940001, 45400.0, 16.847094
2015-08-03, 16.98, 16.98, 16.85, 16.950001, 44200.0, 16.857039
2015-08-04, 16.940001, 16.940001, 16.809999, 16.879999, 11300.0, 16.787421
2015-08-05, 16.860001, 16.91, 16.73, 16.75, 52800.0, 16.658135
2015-08-06, 16.73, 16.76, 16.700001, 16.700001, 37700.0, 16.60841
2015-08-07, 16.719999, 16.719999, 16.6, 16.620001, 50800.0, 16.528849
2015-08-10, 16.629999, 16.67, 16.469999, 16.51, 127100.0, 16.419452
2015-08-11, 16.459999, 16.51, 16.459999, 16.5, 46600.0, 16.409506
2015-08-12, 16.43, 16.51, 16.42, 16.51, 43700.0, 16.419452
2015-08-13, 16.530001, 16.540001, 16.450001, 16.459999, 37400.0, 16.369725
2015-08-14, 16.41, 16.49, 16.309999, 16.450001, 65200.0, 16.359781
2015-08-17, 16.42, 16.49, 16.389999, 16.389999, 26700.0, 16.300109
2015-08-18, 16.34, 16.440001, 16.32, 16.4, 36500.0, 16.310054
2015-08-19, 16.360001, 16.459999, 16.34, 16.41, 56500.0, 16.32
2015-08-20, 16.32, 16.34, 16.24, 16.27, 36500.0, 16.27
2015-08-21, 16.200001, 16.219999, 16.09, 16.139999, 46200.0, 16.139999
2015-08-24, 15.93, 16.040001, 15.91, 15.99, 127200.0, 15.99
2015-08-25, 16.110001, 16.17, 16.1, 16.1, 42300.0, 16.1
2015-08-26, 16.120001, 16.190001, 15.96, 16.02, 50000.0, 16.02
2015-08-27, 15.96, 16.1, 15.95, 16.08, 61100.0, 16.08
2015-08-28, 16.02, 16.24, 16.01, 16.219999, 39800.0, 16.219999
2015-08-31, 16.25, 16.25, 16.049999, 16.219999, 52600.0, 16.219999
2015-09-01, 16.139999, 16.200001, 16.110001, 16.17, 47100.0, 16.17
2015-09-02, 16.200001, 16.200001, 16.15, 16.17, 12400.0, 16.17
2015-09-03, 16.15, 16.190001, 16.139999, 16.17, 20300.0, 16.17
2015-09-04, 16.030001, 16.129999, 16.030001, 16.120001, 30700.0, 16.120001
2015-09-08, 16.15, 16.15, 16.1, 16.1, 32300.0, 16.1
2015-09-09, 16.08, 16.08, 16.0, 16.030001, 47100.0, 16.030001
2015-09-10, 16.01, 16.110001, 16.0, 16.1, 36400.0, 16.1
2015-09-11, 16.08, 16.209999, 16.030001, 16.209999, 40600.0, 16.209999
2015-09-14, 16.209999, 16.219999, 16.139999, 16.219999, 60900.0, 15.263307
2015-09-15, 16.25, 16.35, 16.219999, 16.34, 56000.0, 15.37623
2015-09-16, 16.32, 16.4, 16.25, 16.4, 84700.0, 15.432691
2015-09-17, 16.41, 16.469999, 16.309999, 16.370001, 34900.0, 15.404461
2015-09-18, 16.299999, 16.540001, 16.299999, 16.49, 29300.0, 15.517382
2015-09-21, 16.450001, 16.51, 16.43, 16.49, 47600.0, 15.602539
2015-09-22, 16.469999, 16.469999, 16.25, 16.280001, 50200.0, 15.403842
2015-09-23, 16.299999, 16.389999, 16.26, 16.299999, 25200.0, 15.422764
2015-09-24, 16.27, 16.309999, 16.200001, 16.200001, 43100.0, 15.328147
2015-09-25, 16.23, 16.33, 16.209999, 16.33, 17000.0, 15.45115
2015-09-28, 16.309999, 16.309999, 16.030001, 16.030001, 31000.0, 15.167296
2015-09-29, 16.030001, 16.1, 15.89, 15.89, 53200.0, 15.034831
2015-09-30, 16.030001, 16.030001, 15.82, 15.86, 49200.0, 15.006445
2015-10-01, 15.96, 16.01, 15.86, 15.87, 36200.0, 15.015907
2015-10-02, 15.86, 15.87, 15.76, 15.79, 28200.0, 14.940212
2015-10-05, 15.81, 15.9, 15.81, 15.9, 28800.0, 15.044292
2015-10-06, 15.9, 15.92, 15.7, 15.72, 45200.0, 14.87398
2015-10-07, 15.79, 15.89, 15.74, 15.81, 34000.0, 14.959136
2015-10-08, 15.78, 16.059999, 15.77, 16.0, 54000.0, 15.13891
2015-10-09, 16.02, 16.120001, 15.9, 15.95, 55500.0, 15.091601
2015-10-12, 15.97, 16.059999, 15.9, 16.040001, 31900.0, 15.176758
2015-10-13, 15.98, 16.059999, 15.95, 16.02, 25800.0, 15.157834
2015-10-14, 15.99, 16.059999, 15.99, 16.030001, 41900.0, 15.167296
2015-10-15, 16.01, 16.110001, 15.95, 16.07, 34300.0, 15.205143
2015-10-16, 16.08, 16.15, 16.030001, 16.049999, 33400.0, 15.186219
2015-10-19, 16.08, 16.16, 16.07, 16.1, 24200.0, 15.233529
2015-10-20, 16.1, 16.15, 16.02, 16.07, 16100.0, 15.205143
2015-10-21, 16.01, 16.01, 15.92, 15.92, 18800.0, 15.148052
2015-10-22, 15.95, 16.030001, 15.9, 16.01, 44600.0, 15.233688
2015-10-23, 15.99, 16.049999, 15.97, 16.040001, 29600.0, 15.262234
2015-10-26, 16.02, 16.07, 16.01, 16.02, 29300.0, 15.243203
2015-10-27, 16.02, 16.09, 15.96, 16.09, 33400.0, 15.309809
2015-10-28, 16.07, 16.18, 16.07, 16.16, 29800.0, 15.376414
2015-10-29, 16.09, 16.18, 16.09, 16.18, 26100.0, 15.395445
2015-10-30, 16.200001, 16.200001, 16.049999, 16.110001, 46000.0, 15.328839
2015-11-02, 16.209999, 16.24, 16.129999, 16.17, 38400.0, 15.385929
2015-11-03, 16.16, 16.16, 16.049999, 16.09, 18700.0, 15.309809
2015-11-04, 16.1, 16.1, 16.040001, 16.08, 20400.0, 15.300293
2015-11-05, 16.059999, 16.09, 15.96, 15.98, 33500.0, 15.205142
2015-11-06, 15.91, 15.97, 15.89, 15.95, 27800.0, 15.176597
2015-11-09, 15.95, 15.95, 15.81, 15.82, 51600.0, 15.0529
2015-11-10, 15.79, 15.86, 15.71, 15.75, 68700.0, 14.986295
2015-11-11, 15.75, 15.79, 15.69, 15.69, 38600.0, 14.929204
2015-11-12, 15.67, 15.71, 15.61, 15.61, 49500.0, 14.853083
2015-11-13, 15.6, 15.71, 15.6, 15.66, 50100.0, 14.900659
2015-11-16, 15.66, 15.71, 15.62, 15.66, 44500.0, 14.900659
2015-11-17, 15.65, 15.7, 15.6, 15.66, 49800.0, 14.900659
2015-11-18, 15.59, 15.59, 15.51, 15.53, 49200.0, 14.862378
2015-11-19, 15.53, 15.57, 15.42, 15.43, 39100.0, 14.766678
2015-11-20, 15.43, 15.54, 15.4, 15.48, 56900.0, 14.814528
2015-11-23, 15.5, 15.53, 15.4, 15.4, 62800.0, 14.737967
2015-11-24, 15.44, 15.44, 15.23, 15.33, 128900.0, 14.670976
2015-11-25, 15.42, 15.44, 15.3, 15.38, 60400.0, 14.718827
2015-11-27, 15.37, 15.5, 15.37, 15.45, 24500.0, 14.785818
2015-11-30, 15.49, 15.59, 15.45, 15.58, 35800.0, 14.910229
2015-12-01, 15.6, 15.62, 15.5, 15.61, 86900.0, 14.938939
2015-12-02, 15.57, 15.57, 15.48, 15.54, 51000.0, 14.871949
2015-12-03, 15.49, 15.63, 15.48, 15.62, 61900.0, 14.94851
2015-12-04, 15.59, 15.64, 15.47, 15.47, 34900.0, 14.804958
2015-12-07, 15.49, 15.49, 15.17, 15.27, 72900.0, 14.613556
2015-12-08, 15.21, 15.32, 15.19, 15.25, 31300.0, 14.594416
2015-12-09, 15.2, 15.34, 15.19, 15.26, 46200.0, 14.603986
2015-12-10, 15.28, 15.28, 15.09, 15.12, 143200.0, 14.470004
2015-12-11, 14.88, 15.04, 14.69, 14.78, 123300.0, 14.14462
2015-12-14, 14.73, 14.81, 14.38, 14.45, 124800.0, 13.828807
2015-12-15, 14.45, 14.63, 14.45, 14.62, 97700.0, 13.991499
2015-12-16, 14.61, 14.95, 14.61, 14.84, 89900.0, 14.202041
2015-12-17, 14.84, 14.95, 14.78, 14.85, 80500.0, 14.211612
2015-12-18, 14.83, 14.94, 14.75, 14.86, 131000.0, 14.221181
2015-12-21, 14.83, 14.91, 14.61, 14.62, 116200.0, 14.076755
2015-12-22, 14.61, 14.74, 14.6, 14.65, 96000.0, 14.10564
2015-12-23, 14.65, 15.38, 14.65, 15.22, 151200.0, 14.654461
2015-12-24, 15.38, 15.39, 15.03, 15.11, 70900.0, 14.548548
2015-12-28, 15.12, 15.17, 14.71, 14.73, 121200.0, 14.182667
2015-12-29, 14.7, 14.86, 14.64, 14.76, 112200.0, 14.298919
2015-12-30, 14.71, 15.12, 14.71, 14.88, 123600.0, 14.41517
2015-12-31, 14.88, 14.9, 14.7, 14.85, 120800.0, 14.386108
2016-01-04, 14.7, 14.79, 14.51, 14.68, 114300.0, 14.221418
2016-01-05, 14.82, 15.0, 14.81, 14.99, 34500.0, 14.521734
2016-01-06, 14.81, 14.99, 14.78, 14.93, 40300.0, 14.463609
2016-01-07, 14.83, 14.94, 14.76, 14.81, 56700.0, 14.347357
2016-01-08, 14.81, 14.81, 14.73, 14.74, 30400.0, 14.279543
2016-01-11, 14.76, 14.77, 14.6, 14.62, 32200.0, 14.163292
2016-01-12, 14.7, 14.71, 14.41, 14.55, 77500.0, 14.095479
2016-01-13, 14.56, 14.56, 14.35, 14.36, 42700.0, 13.911414
2016-01-14, 14.3, 14.32, 14.16, 14.18, 68300.0, 13.737038
2016-01-15, 13.93, 14.1, 13.84, 13.92, 78900.0, 13.485159
2016-01-19, 13.85, 14.08, 13.79, 13.88, 60200.0, 13.446409
2016-01-20, 13.84, 13.87, 13.66, 13.83, 105400.0, 13.397971
2016-01-21, 13.86, 14.11, 13.76, 14.0, 78900.0, 13.56266
2016-01-22, 14.1, 14.23, 14.01, 14.15, 64000.0, 13.707974
2016-01-25, 14.09, 14.12, 13.91, 13.91, 28600.0, 13.475472
2016-01-26, 14.0, 14.08, 13.86, 14.0, 49400.0, 13.56266
2016-01-27, 13.9, 14.12, 13.85, 13.99, 50800.0, 13.552972
2016-01-28, 13.95, 14.14, 13.94, 14.06, 34800.0, 13.620786
2016-01-29, 14.12, 14.16, 14.09, 14.1, 36000.0, 13.659537
2016-02-01, 14.16, 14.33, 14.1, 14.29, 71100.0, 13.843601
2016-02-02, 14.28, 14.28, 14.06, 14.18, 83700.0, 13.737038
2016-02-03, 14.22, 14.23, 13.95, 14.01, 54900.0, 13.572348
2016-02-04, 14.01, 14.11, 14.0, 14.0, 34700.0, 13.56266
2016-02-05, 14.04, 14.23, 13.97, 14.14, 143500.0, 13.698287
2016-02-08, 14.09, 14.09, 13.95, 13.98, 35600.0, 13.543285
2016-02-09, 13.93, 13.95, 13.83, 13.88, 26900.0, 13.446409
2016-02-10, 13.85, 13.98, 13.67, 13.67, 55900.0, 13.242969
2016-02-11, 13.58, 13.74, 13.39, 13.47, 97700.0, 13.049217
2016-02-12, 13.43, 13.6, 13.42, 13.46, 37800.0, 13.039529
2016-02-16, 13.5, 13.61, 13.44, 13.44, 55300.0, 13.020153
2016-02-17, 13.48, 13.65, 13.48, 13.65, 81000.0, 13.223593
2016-02-18, 13.64, 13.65, 13.46, 13.62, 86100.0, 13.282105
2016-02-19, 13.6, 13.64, 13.46, 13.6, 85700.0, 13.262602
2016-02-22, 13.61, 13.71, 13.45, 13.49, 87100.0, 13.15533
2016-02-23, 13.49, 13.59, 13.45, 13.58, 68300.0, 13.243098
2016-02-24, 13.53, 13.79, 13.47, 13.77, 54100.0, 13.428385
2016-02-25, 13.7, 13.88, 13.7, 13.85, 72700.0, 13.5064
2016-02-26, 13.94, 13.94, 13.77, 13.79, 46200.0, 13.447888
2016-02-29, 13.84, 13.84, 13.79, 13.81, 57900.0, 13.467392
2016-03-01, 13.89, 14.16, 13.82, 14.12, 133700.0, 13.769701
2016-03-02, 14.1, 14.23, 14.04, 14.2, 40000.0, 13.847716
2016-03-03, 14.19, 14.48, 14.19, 14.43, 94000.0, 14.072011
2016-03-04, 14.43, 14.65, 14.35, 14.43, 135300.0, 14.072011
2016-03-07, 14.38, 14.5, 14.36, 14.45, 49600.0, 14.091514
2016-03-08, 14.52, 14.59, 14.45, 14.52, 19900.0, 14.159778
2016-03-09, 14.57, 14.6, 14.52, 14.54, 40800.0, 14.179281
2016-03-10, 14.59, 14.63, 14.36, 14.41, 46700.0, 14.052506
2016-03-11, 14.45, 14.59, 14.45, 14.53, 79100.0, 14.169529
2016-03-14, 14.74, 15.0, 14.67, 14.9, 552000.0, 14.53035
2016-03-15, 15.05, 15.09, 14.89, 15.03, 345100.0, 14.657125
2016-03-16, 15.01, 15.11, 15.0, 15.04, 219000.0, 14.666877
2016-03-17, 15.09, 15.15, 15.05, 15.14, 140800.0, 14.764397
2016-03-18, 15.15, 15.23, 15.11, 15.2, 177900.0, 14.822908
2016-03-21, 15.19, 15.19, 15.11, 15.15, 163300.0, 14.869036
2016-03-22, 15.12, 15.19, 14.89, 14.91, 191400.0, 14.633487
2016-03-23, 14.95, 15.2, 14.95, 15.16, 46600.0, 14.878851
2016-03-24, 15.13, 15.13, 15.02, 15.05, 65100.0, 14.770891
2016-03-28, 15.1, 15.13, 14.91, 15.06, 95900.0, 14.780706
2016-03-29, 14.98, 15.04, 14.9, 15.01, 74800.0, 14.731633
2016-03-30, 15.16, 15.25, 15.05, 15.23, 96800.0, 14.947552
2016-03-31, 15.3, 15.35, 15.19, 15.3, 88200.0, 15.016255
2016-04-01, 15.35, 15.35, 15.27, 15.32, 80500.0, 15.035883
2016-04-04, 15.38, 15.38, 15.22, 15.26, 50700.0, 14.976997
2016-04-05, 15.26, 15.36, 15.2, 15.36, 81200.0, 15.075142
2016-04-06, 15.35, 15.38, 15.26, 15.37, 67600.0, 15.084956
2016-04-07, 15.29, 15.34, 15.17, 15.18, 49500.0, 14.89848
2016-04-08, 15.25, 15.25, 15.14, 15.14, 43900.0, 14.859222
2016-04-11, 15.15, 15.17, 15.12, 15.12, 84500.0, 14.839593
2016-04-12, 15.11, 15.25, 15.11, 15.25, 55900.0, 14.967182
2016-04-13, 15.23, 15.34, 15.15, 15.23, 51000.0, 14.947552
2016-04-14, 15.2, 15.25, 15.09, 15.16, 70300.0, 14.878851
2016-04-15, 15.14, 15.19, 15.02, 15.02, 65000.0, 14.741448
2016-04-18, 15.06, 15.16, 15.01, 15.16, 78600.0, 14.878851
2016-04-19, 15.14, 15.26, 15.14, 15.17, 81500.0, 14.888666
2016-04-20, 15.09, 15.21, 15.09, 15.17, 42900.0, 14.984479
2016-04-21, 15.21, 15.36, 15.21, 15.3, 83200.0, 15.112889
2016-04-22, 15.32, 15.35, 15.23, 15.3, 56300.0, 15.112889
2016-04-25, 15.24, 15.28, 15.14, 15.18, 96800.0, 14.994356
2016-04-26, 15.18, 15.46, 15.18, 15.35, 84300.0, 15.162278
2016-04-27, 15.37, 15.46, 15.33, 15.41, 72600.0, 15.221543
2016-04-28, 15.4, 15.48, 15.35, 15.41, 87700.0, 15.221543
2016-04-29, 15.43, 15.51, 15.35, 15.51, 55700.0, 15.320321
2016-05-02, 15.64, 15.64, 15.43, 15.49, 99100.0, 15.300565
2016-05-03, 15.52, 15.52, 15.35, 15.41, 56000.0, 15.221543
2016-05-04, 15.42, 15.5, 15.37, 15.48, 39800.0, 15.290687
2016-05-05, 15.52, 15.55, 15.4, 15.41, 42200.0, 15.221543
2016-05-06, 15.41, 15.49, 15.31, 15.41, 72700.0, 15.221543
2016-05-09, 15.44, 15.44, 15.33, 15.36, 74800.0, 15.172155
2016-05-10, 15.34, 15.44, 15.33, 15.44, 48300.0, 15.251176
2016-05-11, 15.42, 15.52, 15.39, 15.39, 43500.0, 15.201788
2016-05-12, 15.4, 15.52, 15.31, 15.41, 83500.0, 15.221543
2016-05-13, 15.44, 15.49, 15.38, 15.42, 43100.0, 15.231421
2016-05-16, 15.43, 15.5, 15.4, 15.41, 64800.0, 15.221543
2016-05-17, 15.4, 15.45, 15.38, 15.41, 52600.0, 15.221543
2016-05-18, 15.44, 15.53, 15.4, 15.53, 147400.0, 15.340076
2016-05-19, 15.43, 15.44, 15.24, 15.28, 125800.0, 15.187998
2016-05-20, 15.37, 15.52, 15.31, 15.34, 66900.0, 15.247637
2016-05-23, 15.41, 15.5, 15.37, 15.4, 79800.0, 15.307275
2016-05-24, 15.48, 15.55, 15.38, 15.43, 110600.0, 15.337095
2016-05-25, 15.51, 15.66, 15.49, 15.53, 90900.0, 15.436492
2016-05-26, 15.61, 15.73, 15.58, 15.69, 91000.0, 15.595529
2016-05-27, 15.75, 15.85, 15.65, 15.68, 55900.0, 15.58559
2016-05-31, 15.74, 15.78, 15.66, 15.66, 35100.0, 15.56571
2016-06-01, 15.8, 15.93, 15.78, 15.87, 87900.0, 15.774445
2016-06-02, 15.94, 16.02, 15.93, 15.97, 65100.0, 15.873844
2016-06-03, 16.0, 16.09, 15.95, 16.09, 94800.0, 15.993121
2016-06-06, 16.15, 16.15, 15.93, 16.02, 54800.0, 15.923543
2016-06-07, 15.99, 16.129999, 15.92, 16.129999, 92400.0, 16.032879
2016-06-08, 16.129999, 16.17, 16.07, 16.15, 66300.0, 16.052759
2016-06-09, 16.18, 16.370001, 16.139999, 16.219999, 49900.0, 16.122337
2016-06-10, 16.23, 16.26, 16.120001, 16.24, 99100.0, 16.142217
2016-06-13, 16.27, 16.290001, 16.07, 16.08, 59200.0, 15.983181
2016-06-14, 16.1, 16.1, 15.88, 15.91, 66700.0, 15.814204
2016-06-15, 15.87, 16.16, 15.87, 16.030001, 68400.0, 15.933483
2016-06-16, 16.01, 16.07, 15.88, 16.030001, 40800.0, 15.933483
2016-06-17, 16.040001, 16.09, 15.95, 16.030001, 65600.0, 15.933483
2016-06-20, 16.200001, 16.200001, 16.0, 16.110001, 84200.0, 16.013001
2016-06-21, 16.1, 16.16, 16.01, 16.08, 93000.0, 16.08
2016-06-22, 16.08, 16.17, 15.98, 16.01, 93200.0, 16.01
2016-06-23, 16.059999, 16.16, 16.02, 16.16, 62900.0, 16.16
2016-06-24, 15.88, 16.15, 15.88, 16.02, 78000.0, 16.02
2016-06-27, 16.02, 16.02, 15.64, 15.7, 124300.0, 15.7
2016-06-28, 15.73, 15.91, 15.72, 15.88, 136400.0, 15.88
2016-06-29, 15.89, 16.049999, 15.79, 15.83, 81500.0, 15.83
2016-06-30, 15.83, 15.93, 15.78, 15.89, 98800.0, 15.89
2016-07-01, 16.01, 16.24, 15.92, 16.190001, 104900.0, 16.190001
2016-07-05, 16.200001, 16.200001, 15.94, 15.94, 105000.0, 15.94
2016-07-06, 16.040001, 16.139999, 16.01, 16.129999, 37800.0, 16.129999
