2012-09-26, 12.6, 13.3, 12.43, 12.91, 1.423632E8, 11.86
2012-09-27, 13.0, 13.5, 13.0, 13.5, 2.25134E7, 12.4
2012-09-28, 13.23, 13.9, 13.23, 13.7, 1.30602E7, 12.59
2012-10-01, 13.6, 14.05, 12.7, 13.72, 1.51261E7, 12.6
2012-10-02, 13.81, 13.89, 13.46, 13.65, 1.35762E7, 12.54
2012-10-03, 13.52, 13.66, 13.51, 13.66, 4815900.0, 12.55
2012-10-04, 13.75, 13.99, 13.71, 13.78, 4600700.0, 12.66
2012-10-05, 13.92, 14.14, 13.85, 14.1, 7754100.0, 12.95
2012-10-08, 14.08, 14.34, 13.98, 14.24, 6111000.0, 13.08
2012-10-09, 14.25, 14.77, 14.24, 14.34, 2.81504E7, 13.17
2012-10-10, 14.35, 14.51, 14.16, 14.43, 7255500.0, 13.26
2012-10-11, 14.48, 14.67, 14.36, 14.6, 6814400.0, 13.41
2012-10-12, 14.54, 14.62, 14.48, 14.55, 2258600.0, 13.37
2012-10-15, 14.59, 14.75, 14.41, 14.5, 1794000.0, 13.32
2012-10-16, 14.6, 14.7, 14.47, 14.5, 1845700.0, 13.32
2012-10-17, 14.6, 14.6, 14.25, 14.25, 4846500.0, 13.09
2012-10-18, 14.25, 14.28, 14.18, 14.19, 3829700.0, 13.04
2012-10-19, 14.36, 14.59, 14.0, 14.07, 7339600.0, 12.93
2012-10-22, 14.41, 14.54, 13.65, 13.98, 4454000.0, 12.84
2012-10-23, 13.88, 13.97, 13.52, 13.66, 5473700.0, 12.55
2012-10-24, 13.8, 13.86, 13.72, 13.82, 1812600.0, 12.7
2012-10-25, 13.96, 14.09, 13.88, 13.98, 5679800.0, 12.84
2012-10-26, 14.05, 14.05, 13.59, 13.77, 2837400.0, 12.65
2012-10-31, 13.5, 13.83, 13.35, 13.67, 3008500.0, 12.56
2012-11-01, 13.44, 14.25, 13.22, 14.23, 4067700.0, 13.07
2012-11-02, 14.3, 14.48, 14.17, 14.43, 1907900.0, 13.26
2012-11-05, 14.5, 14.5, 14.16, 14.25, 4974900.0, 13.09
2012-11-06, 14.25, 14.34, 14.18, 14.26, 4327600.0, 13.1
2012-11-07, 14.09, 14.25, 13.88, 13.98, 2350900.0, 12.84
2012-11-08, 14.3, 14.3, 13.61, 13.77, 1751700.0, 12.65
2012-11-09, 13.87, 13.95, 13.6, 13.86, 1258400.0, 12.73
2012-11-12, 13.95, 13.96, 13.71, 13.78, 895700.0, 12.66
2012-11-13, 13.84, 14.15, 13.68, 14.06, 2078900.0, 12.92
2012-11-14, 14.1, 14.12, 13.73, 13.75, 1112800.0, 12.63
2012-11-15, 13.6, 13.68, 13.5, 13.57, 2076200.0, 12.47
2012-11-16, 13.66, 13.71, 13.5, 13.51, 2452400.0, 12.41
2012-11-19, 13.57, 13.73, 13.47, 13.73, 2117500.0, 12.61
2012-11-20, 13.75, 14.1, 13.75, 13.98, 1842000.0, 12.84
2012-11-21, 14.07, 14.11, 14.0, 14.11, 622500.0, 12.96
2012-11-23, 14.1, 14.15, 13.98, 14.11, 722000.0, 12.96
2012-11-26, 14.07, 14.29, 14.0, 14.14, 1107700.0, 12.99
2012-11-27, 13.95, 14.39, 13.95, 14.33, 1238200.0, 13.16
2012-11-28, 14.2, 14.41, 14.01, 14.4, 831400.0, 13.23
2012-11-29, 14.5, 14.53, 14.41, 14.46, 1621000.0, 13.28
2012-11-30, 14.39, 14.77, 14.38, 14.61, 1616900.0, 13.42
2012-12-03, 14.63, 14.79, 14.63, 14.75, 1744700.0, 13.55
2012-12-04, 14.7, 15.04, 14.54, 15.02, 3333700.0, 13.8
2012-12-05, 15.12, 15.29, 14.94, 15.05, 1414000.0, 13.83
2012-12-06, 15.02, 15.45, 14.84, 15.2, 1776000.0, 13.96
2012-12-07, 15.32, 15.32, 15.08, 15.29, 1334800.0, 14.05
2012-12-10, 15.59, 16.14, 15.35, 15.41, 3213400.0, 14.16
2012-12-11, 15.41, 15.61, 15.37, 15.54, 2100500.0, 14.28
2012-12-12, 15.66, 15.83, 14.67, 15.66, 1611300.0, 14.39
2012-12-13, 15.71, 15.8, 15.35, 15.53, 1876500.0, 14.27
2012-12-14, 15.5, 15.88, 15.32, 15.64, 841900.0, 14.37
2012-12-17, 15.8, 16.55, 15.76, 16.46, 2296800.0, 15.12
2012-12-18, 16.38, 16.69, 16.22, 16.53, 4567200.0, 15.19
2012-12-19, 16.37, 16.77, 16.27, 16.77, 2102800.0, 15.41
2012-12-20, 16.75, 16.81, 16.12, 16.25, 6613400.0, 14.93
2012-12-21, 15.85, 16.12, 15.64, 16.1, 807700.0, 14.79
2012-12-24, 16.07, 16.21, 16.0, 16.18, 110500.0, 14.86
2012-12-26, 16.21, 16.29, 15.97, 15.97, 265300.0, 14.67
2012-12-27, 16.2, 16.2, 15.67, 15.75, 2020500.0, 14.47
2012-12-28, 15.75, 16.06, 15.51, 16.03, 2561100.0, 14.73
2012-12-31, 15.92, 16.26, 15.92, 16.18, 257200.0, 14.86
2013-01-02, 16.43, 16.61, 16.18, 16.32, 1343900.0, 14.99
2013-01-03, 16.28, 16.4, 16.28, 16.31, 1340100.0, 14.98
2013-01-04, 16.38, 16.46, 16.07, 16.1, 3097200.0, 14.79
2013-01-07, 16.15, 16.19, 15.79, 15.99, 1115100.0, 14.69
2013-01-08, 16.0, 16.31, 15.95, 16.12, 609000.0, 14.81
2013-01-09, 16.34, 16.69, 16.09, 16.68, 1794700.0, 15.32
2013-01-10, 16.72, 17.09, 16.61, 16.81, 1348700.0, 15.44
2013-01-11, 16.83, 17.27, 16.73, 17.04, 1702100.0, 15.65
2013-01-14, 17.02, 17.95, 16.96, 17.79, 2010000.0, 16.34
2013-01-15, 17.79, 17.79, 17.07, 17.42, 1450600.0, 16.0
2013-01-16, 17.1, 17.59, 16.92, 17.5, 865000.0, 16.08
2013-01-17, 17.58, 17.76, 16.44, 16.48, 4222200.0, 15.14
2013-01-18, 16.51, 16.56, 15.72, 16.21, 8648100.0, 14.89
2013-01-22, 16.25, 16.84, 16.1, 16.75, 3847900.0, 15.39
2013-01-23, 16.66, 17.14, 16.43, 16.94, 2428600.0, 15.56
2013-01-24, 17.0, 17.15, 16.52, 16.61, 864900.0, 15.26
2013-01-25, 16.65, 16.78, 16.5, 16.69, 1841900.0, 15.33
2013-01-28, 16.62, 16.66, 16.21, 16.36, 1242300.0, 15.03
2013-01-29, 16.36, 16.47, 15.98, 16.3, 1610000.0, 14.97
2013-01-30, 16.28, 16.51, 14.71, 15.2, 5855600.0, 13.96
2013-01-31, 15.27, 15.83, 14.76, 15.55, 7810100.0, 14.29
2013-02-01, 15.62, 15.99, 15.3, 15.88, 2839200.0, 14.59
2013-02-04, 15.7, 15.7, 15.28, 15.37, 1815800.0, 14.12
2013-02-05, 15.48, 15.67, 15.46, 15.47, 2534100.0, 14.21
2013-02-06, 15.37, 15.54, 15.27, 15.44, 1669000.0, 14.18
2013-02-07, 15.45, 15.52, 15.18, 15.3, 1096800.0, 14.06
2013-02-08, 15.34, 15.5, 15.32, 15.4, 1288400.0, 14.15
2013-02-11, 15.33, 15.48, 15.3, 15.43, 610600.0, 14.18
2013-02-12, 15.3, 15.53, 15.3, 15.44, 671800.0, 14.18
2013-02-13, 15.43, 15.45, 15.18, 15.29, 1149700.0, 14.05
2013-02-14, 15.26, 15.26, 15.06, 15.1, 1301500.0, 13.87
2013-02-15, 15.22, 15.35, 14.76, 14.79, 1924900.0, 13.59
2013-02-19, 14.86, 15.35, 14.78, 15.18, 2732900.0, 13.95
2013-02-20, 14.96, 15.09, 14.12, 14.14, 4491600.0, 12.99
2013-02-21, 14.11, 14.58, 13.92, 14.4, 3343300.0, 13.23
2013-02-22, 14.44, 14.52, 14.29, 14.48, 2841900.0, 13.3
2013-02-25, 14.55, 14.59, 13.95, 14.01, 2063000.0, 12.87
2013-02-26, 14.03, 14.3, 14.01, 14.3, 5018500.0, 13.14
2013-02-27, 14.17, 14.76, 14.17, 14.7, 2072400.0, 13.5
2013-02-28, 14.53, 15.27, 14.53, 14.92, 1579700.0, 13.71
2013-03-01, 14.73, 14.96, 14.49, 14.93, 1147900.0, 13.72
2013-03-04, 14.78, 15.66, 14.6, 15.37, 2330400.0, 14.12
2013-03-05, 15.31, 15.41, 15.19, 15.29, 2252900.0, 14.05
2013-03-06, 15.37, 15.66, 15.3, 15.34, 1421800.0, 14.09
2013-03-07, 15.39, 16.01, 15.34, 15.71, 1903600.0, 14.43
2013-03-08, 15.81, 16.19, 15.81, 16.16, 3395100.0, 14.85
2013-03-11, 16.88, 16.88, 15.73, 15.8, 1411500.0, 14.52
2013-03-12, 15.81, 15.91, 15.43, 15.7, 1206000.0, 14.42
2013-03-13, 15.7, 15.73, 15.38, 15.49, 854000.0, 14.23
2013-03-14, 15.54, 15.74, 15.24, 15.43, 923900.0, 14.18
2013-03-15, 15.46, 15.66, 15.42, 15.64, 1790600.0, 14.37
2013-03-18, 15.53, 15.84, 15.11, 15.17, 706200.0, 13.94
2013-03-19, 15.17, 15.36, 14.78, 14.83, 1202400.0, 13.62
2013-03-20, 14.99, 15.0, 14.82, 14.96, 1239700.0, 13.74
2013-03-21, 14.7, 14.93, 14.6, 14.86, 828500.0, 13.65
2013-03-22, 14.8, 14.86, 14.53, 14.85, 1522500.0, 13.64
2013-03-25, 14.89, 15.0, 14.67, 14.89, 1077600.0, 13.68
2013-03-26, 14.91, 15.07, 14.85, 15.0, 1199600.0, 13.78
2013-03-27, 14.84, 15.15, 14.7, 15.09, 1551800.0, 13.86
2013-03-28, 15.06, 15.43, 15.01, 15.43, 800900.0, 14.18
2013-04-01, 15.37, 15.69, 15.34, 15.46, 963000.0, 14.2
2013-04-02, 15.63, 15.91, 15.47, 15.87, 2444500.0, 14.58
2013-04-03, 15.81, 16.03, 15.43, 15.51, 3007100.0, 14.25
2013-04-04, 15.65, 15.67, 15.31, 15.48, 1794100.0, 14.22
2013-04-05, 15.22, 15.46, 15.09, 15.24, 1461600.0, 14.0
2013-04-08, 15.35, 15.47, 14.92, 15.35, 927300.0, 14.1
2013-04-09, 15.34, 15.82, 15.29, 15.74, 2410600.0, 14.46
2013-04-10, 15.8, 16.45, 15.76, 16.25, 3535500.0, 14.93
2013-04-11, 16.26, 16.4, 15.98, 16.32, 2522600.0, 14.99
2013-04-12, 16.22, 16.39, 15.66, 15.98, 1114700.0, 14.68
2013-04-15, 15.91, 15.98, 15.38, 15.39, 633100.0, 14.14
2013-04-16, 15.54, 15.7, 15.22, 15.57, 978000.0, 14.3
2013-04-17, 15.53, 15.69, 15.32, 15.58, 853500.0, 14.31
2013-04-18, 15.61, 15.66, 15.35, 15.47, 960600.0, 14.21
2013-04-19, 15.59, 15.96, 15.35, 15.83, 962900.0, 14.54
2013-04-22, 15.8, 15.9, 15.51, 15.56, 701500.0, 14.29
2013-04-23, 15.68, 15.68, 15.44, 15.52, 1439900.0, 14.26
2013-04-24, 15.58, 15.62, 15.42, 15.51, 954700.0, 14.25
2013-04-25, 15.66, 16.46, 15.51, 16.46, 3155900.0, 15.12
2013-04-26, 16.33, 16.33, 15.25, 15.39, 2518300.0, 14.14
2013-04-29, 14.95, 15.46, 14.91, 15.38, 1339100.0, 14.13
2013-04-30, 15.39, 16.23, 15.29, 16.15, 2450500.0, 14.84
2013-05-01, 16.1, 16.21, 15.8, 15.92, 470800.0, 14.63
2013-05-02, 16.0, 16.2, 15.91, 16.09, 918800.0, 14.78
2013-05-03, 16.31, 16.43, 15.47, 15.99, 5498000.0, 14.69
2013-05-06, 16.0, 16.2, 15.97, 16.04, 911100.0, 14.74
2013-05-07, 16.38, 17.12, 16.2, 16.99, 2415000.0, 15.61
2013-05-08, 16.96, 17.45, 16.84, 17.44, 1304600.0, 16.02
2013-05-09, 17.37, 17.77, 17.33, 17.44, 1525100.0, 16.02
2013-05-10, 17.51, 17.52, 17.27, 17.44, 1118400.0, 16.02
2013-05-13, 17.47, 17.47, 17.04, 17.11, 1988700.0, 15.72
2013-05-14, 17.18, 17.22, 16.98, 17.07, 3989000.0, 15.68
2013-05-15, 17.08, 17.14, 16.79, 16.84, 1210700.0, 15.47
2013-05-16, 16.84, 17.06, 16.76, 16.91, 2572100.0, 15.54
2013-05-17, 17.03, 17.03, 16.73, 16.88, 3090500.0, 15.51
2013-05-20, 16.87, 16.97, 16.51, 16.8, 2440300.0, 15.43
2013-05-21, 16.79, 16.83, 16.15, 16.26, 2115000.0, 14.94
2013-05-22, 16.27, 16.35, 15.55, 15.6, 2056400.0, 14.33
2013-05-23, 15.33, 15.38, 14.88, 14.97, 7019200.0, 13.75
2013-05-24, 14.95, 15.03, 14.78, 14.92, 2364400.0, 13.71
2013-05-28, 15.22, 15.52, 15.13, 15.34, 2443400.0, 14.09
2013-05-29, 15.15, 15.67, 15.15, 15.55, 1995100.0, 14.29
2013-05-30, 15.5, 15.66, 15.19, 15.47, 2556100.0, 14.21
2013-05-31, 15.37, 16.11, 15.21, 15.82, 9963500.0, 14.53
2013-06-03, 15.64, 16.42, 15.6, 16.39, 6530100.0, 15.06
2013-06-04, 16.25, 16.25, 15.83, 16.04, 2608500.0, 14.74
2013-06-05, 15.95, 15.98, 15.33, 15.47, 1824600.0, 14.21
2013-06-06, 15.34, 15.55, 15.1, 15.29, 1775800.0, 14.05
2013-06-07, 15.37, 16.01, 15.33, 15.45, 1506500.0, 14.19
2013-06-10, 15.46, 15.76, 15.32, 15.66, 1985000.0, 14.39
2013-06-11, 15.42, 15.65, 14.97, 14.98, 3233700.0, 13.76
2013-06-12, 15.13, 15.37, 14.4, 14.48, 2844100.0, 13.3
2013-06-13, 14.49, 15.09, 14.41, 15.01, 2495700.0, 13.79
2013-06-14, 15.04, 15.16, 14.83, 15.05, 865000.0, 13.83
2013-06-17, 15.2, 15.2, 14.68, 14.73, 1562500.0, 13.53
2013-06-18, 14.69, 14.91, 14.6, 14.63, 909600.0, 13.44
2013-06-19, 14.61, 14.84, 13.99, 14.05, 922000.0, 12.91
2013-06-20, 13.89, 13.89, 13.03, 13.34, 1909200.0, 12.26
2013-06-21, 13.5, 13.93, 13.1, 13.74, 2522600.0, 12.62
2013-06-24, 13.44, 13.44, 13.02, 13.09, 2775100.0, 12.03
2013-06-25, 13.39, 13.51, 13.19, 13.43, 3498200.0, 12.34
2013-06-26, 13.55, 14.0, 13.45, 13.52, 1967700.0, 12.42
2013-06-27, 13.72, 14.14, 13.72, 14.02, 1451700.0, 12.88
2013-06-28, 13.89, 14.26, 13.69, 14.21, 2123100.0, 13.05
2013-07-01, 14.3, 14.52, 14.16, 14.32, 1232000.0, 13.16
2013-07-02, 14.22, 14.6, 14.05, 14.12, 3492200.0, 12.97
2013-07-03, 13.99, 14.16, 13.63, 13.63, 2195600.0, 12.52
2013-07-05, 13.94, 14.1, 13.37, 13.59, 1772500.0, 12.49
2013-07-08, 13.65, 13.76, 13.12, 13.12, 2199700.0, 12.05
2013-07-09, 13.28, 13.45, 13.03, 13.26, 2112500.0, 12.18
2013-07-10, 13.2, 13.34, 13.16, 13.27, 1144400.0, 12.19
2013-07-11, 13.52, 13.81, 13.25, 13.46, 1291900.0, 12.37
2013-07-12, 13.38, 13.57, 13.11, 13.21, 1532200.0, 12.14
2013-07-15, 13.27, 13.47, 13.27, 13.45, 1548700.0, 12.36
2013-07-16, 13.49, 13.54, 13.07, 13.45, 1629400.0, 12.36
2013-07-17, 13.5, 14.45, 13.5, 14.37, 2657300.0, 13.2
2013-07-18, 14.45, 14.45, 14.07, 14.38, 1414700.0, 13.21
2013-07-19, 14.38, 14.49, 13.94, 14.13, 799400.0, 12.98
2013-07-22, 14.12, 14.37, 13.96, 14.12, 2073500.0, 12.97
2013-07-23, 14.16, 14.54, 14.08, 14.52, 785100.0, 13.34
2013-07-24, 14.44, 14.73, 14.35, 14.67, 1336800.0, 13.48
2013-07-25, 14.66, 14.7, 14.2, 14.33, 802200.0, 13.16
2013-07-26, 14.25, 14.39, 13.89, 14.06, 960400.0, 12.92
2013-07-29, 13.99, 14.04, 13.73, 13.76, 1215900.0, 12.64
2013-07-30, 13.81, 14.02, 13.64, 13.69, 1929500.0, 12.58
2013-07-31, 13.55, 14.51, 13.25, 14.42, 2180100.0, 13.25
2013-08-01, 14.57, 14.7, 14.34, 14.7, 1373200.0, 13.5
2013-08-02, 14.69, 15.33, 14.67, 15.08, 1439000.0, 13.85
2013-08-05, 15.07, 15.31, 15.0, 15.31, 1531000.0, 14.07
2013-08-06, 15.24, 15.45, 15.06, 15.4, 1569200.0, 14.15
2013-08-07, 15.31, 15.74, 15.16, 15.72, 4784100.0, 14.44
2013-08-08, 15.84, 16.31, 15.71, 16.22, 1942500.0, 14.9
2013-08-09, 16.25, 16.54, 16.1, 16.46, 1134100.0, 15.12
2013-08-12, 16.46, 16.46, 16.0, 16.01, 1298800.0, 14.71
2013-08-13, 15.93, 16.2, 15.8, 16.15, 1119200.0, 14.84
2013-08-14, 16.17, 16.39, 15.9, 15.95, 945200.0, 14.65
2013-08-15, 15.82, 15.86, 15.22, 15.45, 1290900.0, 14.19
2013-08-16, 15.47, 15.56, 15.11, 15.29, 1111600.0, 14.05
2013-08-19, 15.19, 15.23, 14.71, 14.89, 1171400.0, 13.68
2013-08-20, 14.89, 15.2, 14.68, 14.93, 948400.0, 13.72
2013-08-21, 14.74, 15.25, 14.61, 14.95, 1609800.0, 13.73
2013-08-22, 15.02, 15.28, 14.63, 14.93, 875300.0, 13.72
2013-08-23, 15.01, 15.08, 14.55, 15.06, 1182200.0, 13.84
2013-08-26, 15.02, 15.47, 14.65, 14.71, 1640400.0, 13.51
2013-08-27, 14.58, 14.63, 13.98, 14.24, 2283900.0, 13.08
2013-08-28, 13.97, 14.31, 13.88, 13.93, 1425500.0, 13.0
2013-08-29, 13.95, 14.02, 13.71, 13.78, 873000.0, 12.86
2013-08-30, 13.9, 13.98, 13.51, 13.64, 1155500.0, 12.73
2013-09-03, 13.86, 13.97, 13.2, 13.34, 1888500.0, 12.45
2013-09-04, 13.38, 13.76, 13.26, 13.64, 1660800.0, 12.73
2013-09-05, 13.57, 13.63, 13.35, 13.48, 892000.0, 12.58
2013-09-06, 13.68, 13.82, 13.37, 13.59, 754300.0, 12.68
2013-09-09, 13.59, 14.13, 13.51, 14.12, 1136400.0, 13.18
2013-09-10, 14.15, 14.45, 14.06, 14.11, 1647300.0, 13.17
2013-09-11, 14.05, 14.28, 14.0, 14.09, 1114400.0, 13.15
2013-09-12, 14.03, 14.06, 13.73, 13.76, 1408500.0, 12.84
2013-09-13, 13.84, 14.02, 13.75, 13.94, 1471100.0, 13.01
2013-09-16, 14.17, 14.4, 13.82, 13.87, 834100.0, 12.95
2013-09-17, 13.93, 14.01, 13.83, 13.84, 1202400.0, 12.92
2013-09-18, 13.83, 14.4, 13.65, 14.33, 3002800.0, 13.38
2013-09-19, 14.4, 14.58, 14.27, 14.51, 3074200.0, 13.54
2013-09-20, 14.41, 14.53, 14.3, 14.43, 2363000.0, 13.47
2013-09-23, 14.45, 14.57, 14.24, 14.28, 2213800.0, 13.33
2013-09-24, 14.28, 14.35, 14.02, 14.03, 1634400.0, 13.1
2013-09-25, 14.04, 14.34, 13.96, 14.3, 1427500.0, 13.35
2013-09-26, 14.39, 14.42, 14.08, 14.28, 823400.0, 13.33
2013-09-27, 14.22, 14.22, 13.83, 13.87, 994700.0, 12.95
2013-09-30, 13.71, 13.91, 13.62, 13.82, 651100.0, 12.9
2013-10-01, 13.95, 14.29, 13.72, 14.22, 1261100.0, 13.27
2013-10-02, 14.1, 14.16, 13.71, 14.01, 1344700.0, 13.08
2013-10-03, 13.94, 14.0, 13.62, 13.99, 839600.0, 13.06
2013-10-04, 13.97, 13.98, 13.73, 13.84, 915000.0, 12.92
2013-10-07, 13.69, 13.84, 13.65, 13.75, 1204700.0, 12.83
2013-10-08, 13.73, 13.82, 13.33, 13.44, 763900.0, 12.54
2013-10-09, 13.33, 13.35, 13.02, 13.07, 1117500.0, 12.2
2013-10-10, 13.19, 13.79, 13.19, 13.7, 912300.0, 12.79
2013-10-11, 13.72, 14.08, 13.67, 14.01, 569700.0, 13.08
2013-10-14, 13.85, 14.19, 13.78, 14.12, 452800.0, 13.18
2013-10-15, 14.06, 14.16, 13.76, 14.04, 1712100.0, 13.1
2013-10-16, 14.12, 14.46, 13.92, 14.41, 1580500.0, 13.45
2013-10-17, 14.31, 14.52, 13.8, 13.89, 1778700.0, 12.96
2013-10-18, 13.89, 14.06, 13.52, 13.65, 1655100.0, 12.74
2013-10-21, 13.7, 13.81, 13.47, 13.6, 2357700.0, 12.69
2013-10-22, 13.7, 13.84, 13.61, 13.77, 1167500.0, 12.85
2013-10-23, 13.61, 13.74, 13.5, 13.63, 598300.0, 12.72
2013-10-24, 13.59, 13.63, 13.14, 13.18, 1690300.0, 12.3
2013-10-25, 13.26, 13.53, 13.15, 13.41, 741500.0, 12.52
2013-10-28, 13.45, 13.64, 13.44, 13.62, 704500.0, 12.71
2013-10-29, 13.65, 14.01, 13.63, 13.93, 1222100.0, 13.0
2013-10-30, 14.0, 14.03, 13.8, 13.9, 590700.0, 12.97
2013-10-31, 13.95, 14.13, 13.6, 14.13, 2694400.0, 13.19
2013-11-01, 13.78, 14.03, 13.32, 13.95, 1661200.0, 13.02
2013-11-04, 13.92, 14.09, 13.81, 14.09, 464200.0, 13.15
2013-11-05, 13.92, 14.06, 13.72, 13.89, 1679300.0, 12.96
2013-11-06, 13.9, 14.0, 13.54, 13.79, 2167300.0, 12.87
2013-11-07, 13.88, 14.06, 13.63, 13.83, 1378300.0, 12.91
2013-11-08, 13.74, 13.78, 13.38, 13.64, 2249800.0, 12.73
2013-11-11, 13.64, 13.64, 13.4, 13.45, 1280500.0, 12.55
2013-11-12, 13.44, 13.5, 13.0, 13.14, 2085100.0, 12.26
2013-11-13, 13.05, 13.46, 13.05, 13.34, 2710300.0, 12.45
2013-11-14, 13.35, 13.41, 13.17, 13.38, 1198400.0, 12.49
2013-11-15, 13.48, 13.73, 13.2, 13.64, 2122200.0, 12.73
2013-11-18, 13.71, 14.06, 13.23, 13.91, 935900.0, 12.98
2013-11-19, 13.79, 14.03, 13.44, 13.51, 1400500.0, 12.61
2013-11-20, 13.57, 13.73, 13.26, 13.34, 1031400.0, 12.45
2013-11-21, 13.31, 13.45, 13.19, 13.24, 5668400.0, 12.36
2013-11-22, 13.28, 13.45, 13.24, 13.31, 1001400.0, 12.42
2013-11-25, 13.34, 13.57, 13.32, 13.48, 447800.0, 12.58
2013-11-26, 13.46, 13.58, 13.28, 13.49, 681000.0, 12.59
2013-11-27, 13.42, 13.63, 13.3, 13.45, 5964400.0, 12.55
2013-11-29, 13.95, 14.22, 13.9, 14.05, 1766500.0, 13.11
2013-12-02, 14.01, 14.02, 13.74, 13.76, 1348800.0, 12.84
2013-12-03, 13.73, 13.87, 13.46, 13.53, 1362300.0, 12.63
2013-12-04, 13.57, 14.05, 13.37, 13.92, 5244000.0, 12.99
2013-12-05, 13.7, 14.13, 13.63, 14.04, 6764200.0, 13.1
2013-12-06, 14.16, 14.6, 14.09, 14.32, 920700.0, 13.37
2013-12-09, 14.29, 14.71, 14.29, 14.66, 4693000.0, 13.68
2013-12-10, 14.62, 14.68, 14.48, 14.52, 822600.0, 13.55
2013-12-11, 14.46, 14.62, 14.01, 14.07, 1073400.0, 13.13
2013-12-12, 14.01, 14.02, 13.72, 13.74, 1879600.0, 12.82
2013-12-13, 13.96, 14.05, 13.64, 13.87, 979200.0, 12.95
2013-12-16, 13.92, 14.24, 13.92, 14.24, 1492900.0, 13.29
2013-12-17, 14.27, 14.32, 14.1, 14.24, 2430500.0, 13.29
2013-12-18, 14.25, 14.45, 14.09, 14.29, 2913900.0, 13.34
2013-12-19, 14.27, 14.35, 14.2, 14.25, 1068600.0, 13.3
2013-12-20, 14.19, 14.39, 14.19, 14.29, 3831100.0, 13.34
2013-12-23, 13.47, 13.57, 13.16, 13.5, 2762100.0, 13.5
2013-12-24, 13.55, 13.77, 13.49, 13.54, 1419500.0, 13.54
2013-12-26, 13.62, 13.65, 13.52, 13.56, 2108500.0, 13.56
2013-12-27, 13.58, 13.68, 13.55, 13.6, 1193400.0, 13.6
2013-12-30, 13.63, 13.65, 13.48, 13.6, 815700.0, 13.6
2013-12-31, 13.57, 13.68, 13.46, 13.64, 578200.0, 13.64
2014-01-02, 13.51, 13.51, 13.17, 13.25, 1718600.0, 13.25
2014-01-03, 13.34, 13.53, 13.17, 13.2, 1049700.0, 13.2
2014-01-06, 13.2, 13.39, 13.02, 13.13, 1142800.0, 13.13
2014-01-07, 13.19, 13.36, 13.11, 13.34, 714000.0, 13.34
2014-01-08, 13.35, 13.35, 13.05, 13.16, 934600.0, 13.16
2014-01-09, 13.23, 13.25, 12.91, 12.97, 756000.0, 12.97
2014-01-10, 13.05, 13.13, 12.9, 12.97, 2863700.0, 12.97
2014-01-13, 12.86, 12.93, 12.56, 12.82, 3063500.0, 12.82
2014-01-14, 12.92, 12.92, 12.62, 12.72, 3888700.0, 12.72
2014-01-15, 12.76, 13.23, 12.67, 13.08, 1930700.0, 13.08
2014-01-16, 13.04, 13.06, 12.82, 12.91, 1364900.0, 12.91
2014-01-17, 12.94, 13.04, 12.77, 12.88, 1887600.0, 12.88
2014-01-21, 13.01, 13.01, 12.66, 12.72, 831400.0, 12.72
2014-01-22, 12.72, 12.9, 12.55, 12.88, 2361200.0, 12.88
2014-01-23, 12.77, 12.85, 12.45, 12.59, 1557600.0, 12.59
2014-01-24, 12.45, 12.46, 11.99, 12.24, 2346500.0, 12.24
2014-01-27, 12.2, 12.29, 11.8, 11.97, 2292600.0, 11.97
2014-01-28, 12.09, 12.27, 12.02, 12.09, 2035800.0, 12.09
2014-01-29, 11.98, 12.31, 11.83, 12.05, 2431900.0, 12.05
2014-01-30, 12.16, 12.41, 12.01, 12.26, 2142100.0, 12.26
2014-01-31, 11.64, 11.87, 10.83, 11.06, 7498700.0, 11.06
2014-02-03, 11.0, 11.13, 10.51, 10.58, 2615800.0, 10.58
2014-02-04, 10.58, 10.8, 10.36, 10.38, 7876300.0, 10.38
2014-02-05, 10.46, 10.61, 10.27, 10.4, 4585700.0, 10.4
2014-02-06, 10.28, 10.5, 10.26, 10.44, 2202600.0, 10.44
2014-02-07, 10.46, 10.75, 10.26, 10.47, 1437600.0, 10.47
2014-02-10, 10.43, 10.45, 10.17, 10.23, 1202500.0, 10.23
2014-02-11, 10.15, 10.85, 10.15, 10.76, 4654900.0, 10.76
2014-02-12, 10.75, 10.84, 10.02, 10.74, 3563100.0, 10.74
2014-02-13, 10.64, 10.82, 10.53, 10.71, 1307700.0, 10.71
2014-02-14, 10.7, 10.92, 10.61, 10.91, 3382900.0, 10.91
2014-02-18, 11.01, 11.05, 10.85, 11.03, 2112500.0, 11.03
2014-02-19, 10.98, 11.08, 10.91, 11.07, 3851500.0, 11.07
2014-02-20, 11.05, 11.13, 11.01, 11.08, 3768800.0, 11.08
2014-02-21, 11.11, 11.22, 11.05, 11.22, 1442000.0, 11.22
2014-02-24, 11.25, 11.34, 11.18, 11.31, 2083100.0, 11.31
2014-02-25, 11.36, 11.37, 11.08, 11.16, 3617200.0, 11.16
2014-02-26, 11.18, 11.18, 10.91, 10.98, 1648200.0, 10.98
2014-02-27, 11.0, 11.03, 10.88, 10.95, 1077600.0, 10.95
2014-02-28, 11.0, 11.05, 10.94, 11.04, 646200.0, 11.04
2014-03-03, 10.97, 10.97, 10.74, 10.83, 1266100.0, 10.83
2014-03-04, 10.97, 11.27, 10.86, 11.05, 761000.0, 11.05
2014-03-05, 11.0, 11.11, 10.86, 10.87, 1659800.0, 10.87
2014-03-06, 11.12, 11.5, 10.87, 11.39, 2210800.0, 11.39
2014-03-07, 11.44, 11.63, 11.27, 11.34, 1495300.0, 11.34
2014-03-10, 11.39, 11.39, 11.01, 11.16, 1197400.0, 11.16
2014-03-11, 11.17, 11.29, 11.08, 11.29, 3857100.0, 11.29
2014-03-12, 11.14, 11.17, 10.82, 10.87, 2295300.0, 10.87
2014-03-13, 10.93, 11.04, 10.28, 10.95, 3791000.0, 10.95
2014-03-14, 10.6, 10.6, 10.3, 10.33, 1419900.0, 10.33
2014-03-17, 10.56, 10.67, 10.36, 10.57, 850600.0, 10.57
2014-03-18, 10.69, 11.18, 10.58, 11.14, 3012900.0, 11.14
2014-03-19, 11.29, 11.36, 10.95, 10.99, 2013900.0, 10.99
2014-03-20, 11.05, 11.45, 10.69, 11.3, 2395000.0, 11.3
2014-03-21, 11.35, 11.5, 11.25, 11.47, 961300.0, 11.47
2014-03-24, 11.66, 11.91, 11.44, 11.46, 1104900.0, 11.46
2014-03-25, 11.52, 11.74, 11.2, 11.45, 4946900.0, 11.45
2014-03-26, 11.5, 11.55, 11.23, 11.27, 2498100.0, 11.27
2014-03-27, 11.3, 12.0, 11.29, 11.99, 4917300.0, 11.99
2014-03-28, 11.88, 12.13, 11.75, 11.98, 1475400.0, 11.98
2014-03-31, 12.03, 12.29, 11.97, 12.29, 2339000.0, 12.29
2014-04-01, 12.31, 12.32, 11.63, 11.8, 1529300.0, 11.8
2014-04-02, 11.8, 11.93, 11.68, 11.93, 1663700.0, 11.93
2014-04-03, 12.1, 12.11, 11.64, 11.9, 2002000.0, 11.9
2014-04-04, 11.99, 12.18, 11.91, 12.01, 1359700.0, 12.01
2014-04-07, 11.97, 12.09, 11.83, 11.94, 823200.0, 11.94
2014-04-08, 11.95, 12.25, 11.95, 12.12, 1911300.0, 12.12
2014-04-09, 12.21, 12.21, 11.76, 11.85, 1988800.0, 11.85
2014-04-10, 11.87, 11.9, 11.4, 11.45, 2541700.0, 11.45
2014-04-11, 11.36, 11.64, 11.26, 11.58, 1540400.0, 11.58
2014-04-14, 11.73, 11.76, 11.54, 11.64, 536600.0, 11.64
2014-04-15, 11.65, 12.1, 11.36, 12.0, 3638500.0, 12.0
2014-04-16, 12.09, 12.11, 11.64, 11.71, 1651600.0, 11.71
2014-04-17, 11.67, 11.84, 11.62, 11.7, 718000.0, 11.7
2014-04-21, 11.73, 11.96, 11.7, 11.82, 618100.0, 11.82
2014-04-22, 11.89, 11.93, 11.75, 11.88, 766400.0, 11.88
2014-04-23, 11.89, 11.89, 11.66, 11.75, 920600.0, 11.75
2014-04-24, 11.77, 11.78, 11.59, 11.7, 600500.0, 11.7
2014-04-25, 11.62, 11.68, 11.2, 11.27, 1673500.0, 11.27
2014-04-28, 11.29, 11.4, 11.11, 11.3, 866500.0, 11.3
2014-04-29, 11.25, 11.64, 11.17, 11.6, 1526900.0, 11.6
2014-04-30, 11.3, 11.99, 11.09, 11.9, 4361700.0, 11.9
2014-05-01, 12.6, 12.64, 11.94, 12.22, 868300.0, 12.22
2014-05-02, 12.18, 12.77, 12.15, 12.4, 2580100.0, 12.4
2014-05-05, 12.39, 12.45, 12.14, 12.17, 1310800.0, 12.17
2014-05-06, 12.1, 12.34, 12.03, 12.26, 1104400.0, 12.26
2014-05-07, 12.33, 12.74, 12.24, 12.68, 1569800.0, 12.68
2014-05-08, 12.63, 13.05, 12.63, 12.77, 3295600.0, 12.77
2014-05-09, 12.78, 12.93, 12.76, 12.91, 1026100.0, 12.91
2014-05-12, 12.94, 13.18, 12.94, 13.1, 1110700.0, 13.1
2014-05-13, 13.15, 13.83, 13.07, 13.52, 3718800.0, 13.52
2014-05-14, 13.48, 13.54, 13.28, 13.42, 2530100.0, 13.42
2014-05-15, 13.38, 13.51, 13.09, 13.27, 1696700.0, 13.27
2014-05-16, 13.3, 13.61, 13.3, 13.61, 1213900.0, 13.61
2014-05-19, 13.54, 13.83, 13.47, 13.79, 1033500.0, 13.79
2014-05-20, 13.79, 14.04, 13.77, 14.01, 2767800.0, 14.01
2014-05-21, 14.09, 14.21, 14.0, 14.16, 3664300.0, 14.16
2014-05-22, 14.23, 14.39, 13.92, 14.11, 3746800.0, 14.11
2014-05-23, 14.08, 14.14, 13.74, 13.88, 3935400.0, 13.88
2014-05-27, 13.87, 13.98, 13.56, 13.71, 1939500.0, 13.71
2014-05-28, 13.67, 13.69, 13.46, 13.52, 1471700.0, 13.52
2014-05-29, 13.54, 13.63, 13.42, 13.5, 1751400.0, 13.5
2014-05-30, 13.45, 13.59, 13.26, 13.4, 2662600.0, 13.4
2014-06-02, 13.46, 13.61, 13.36, 13.5, 906000.0, 13.5
2014-06-03, 13.46, 13.62, 13.41, 13.55, 1149100.0, 13.55
2014-06-04, 13.57, 13.57, 13.18, 13.21, 1214000.0, 13.21
2014-06-05, 13.27, 13.46, 13.27, 13.3, 1251600.0, 13.3
2014-06-06, 13.38, 13.46, 13.2, 13.3, 2586800.0, 13.3
2014-06-09, 13.36, 13.39, 13.21, 13.34, 1165900.0, 13.34
2014-06-10, 13.36, 13.41, 13.15, 13.2, 1359500.0, 13.2
2014-06-11, 13.16, 13.25, 13.06, 13.07, 2108300.0, 13.07
2014-06-12, 13.1, 13.12, 12.84, 12.84, 2344100.0, 12.84
2014-06-13, 12.9, 13.14, 12.9, 12.99, 1563000.0, 12.99
2014-06-16, 12.97, 13.25, 12.97, 13.19, 1650300.0, 13.19
2014-06-17, 13.19, 13.29, 13.1, 13.18, 1155200.0, 13.18
2014-06-18, 13.19, 13.48, 13.13, 13.44, 950000.0, 13.44
2014-06-19, 13.45, 13.47, 13.24, 13.27, 792000.0, 13.27
2014-06-20, 13.16, 13.22, 13.04, 13.13, 1370500.0, 13.13
2014-06-23, 13.13, 13.26, 13.06, 13.25, 742700.0, 13.25
2014-06-24, 13.27, 13.35, 13.17, 13.21, 674700.0, 13.21
2014-06-25, 13.14, 13.2, 13.06, 13.15, 348600.0, 13.15
2014-06-26, 13.11, 13.2, 13.03, 13.13, 784200.0, 13.13
2014-06-27, 13.13, 13.39, 13.13, 13.27, 1378800.0, 13.27
2014-06-30, 13.28, 13.29, 13.2, 13.28, 659300.0, 13.28
2014-07-01, 13.29, 13.43, 13.25, 13.4, 683700.0, 13.4
2014-07-02, 13.39, 13.43, 13.25, 13.28, 1136800.0, 13.28
2014-07-03, 13.4, 13.68, 13.35, 13.63, 448600.0, 13.63
2014-07-07, 13.66, 13.72, 13.52, 13.56, 750500.0, 13.56
2014-07-08, 13.56, 13.73, 13.49, 13.73, 1345900.0, 13.73
2014-07-09, 13.8, 13.8, 13.44, 13.56, 2880500.0, 13.56
2014-07-10, 13.41, 13.64, 13.26, 13.5, 2389400.0, 13.5
2014-07-11, 13.46, 13.46, 13.15, 13.29, 1546300.0, 13.29
2014-07-14, 13.4, 13.44, 13.15, 13.16, 1852100.0, 13.16
2014-07-15, 13.22, 13.28, 13.1, 13.2, 1021200.0, 13.2
2014-07-16, 13.18, 13.23, 13.1, 13.1, 533600.0, 13.1
2014-07-17, 13.08, 13.1, 12.95, 13.01, 676200.0, 13.01
2014-07-18, 13.11, 13.12, 12.98, 13.12, 1301500.0, 13.12
2014-07-21, 13.1, 13.26, 12.96, 13.22, 705800.0, 13.22
2014-07-22, 13.26, 13.3, 13.08, 13.15, 976500.0, 13.15
2014-07-23, 13.18, 13.32, 13.1, 13.31, 633400.0, 13.31
2014-07-24, 13.36, 13.65, 13.31, 13.61, 897100.0, 13.61
2014-07-25, 13.58, 13.8, 13.58, 13.77, 1069000.0, 13.77
2014-07-28, 13.72, 14.0, 13.69, 13.96, 1139600.0, 13.96
2014-07-29, 13.97, 14.0, 13.84, 13.9, 979600.0, 13.9
2014-07-30, 13.9, 13.97, 13.83, 13.93, 867000.0, 13.93
2014-07-31, 13.86, 13.91, 13.25, 13.28, 2475400.0, 13.28
2014-08-01, 13.55, 13.71, 13.33, 13.6, 1849000.0, 13.6
2014-08-04, 13.64, 13.71, 13.53, 13.71, 796700.0, 13.71
2014-08-05, 13.65, 13.76, 13.58, 13.65, 838700.0, 13.65
2014-08-06, 13.56, 13.69, 13.49, 13.65, 607200.0, 13.65
2014-08-07, 13.67, 13.67, 13.52, 13.63, 654300.0, 13.63
2014-08-08, 13.65, 13.69, 13.34, 13.49, 442900.0, 13.49
2014-08-11, 13.53, 13.84, 13.49, 13.78, 823100.0, 13.78
2014-08-12, 13.72, 14.06, 13.71, 14.0, 804400.0, 14.0
2014-08-13, 14.01, 14.11, 13.78, 13.87, 575700.0, 13.87
2014-08-14, 13.87, 14.02, 13.71, 13.72, 1587800.0, 13.72
2014-08-15, 13.78, 13.83, 13.59, 13.7, 508900.0, 13.7
2014-08-18, 13.79, 14.0, 13.79, 13.96, 431800.0, 13.96
2014-08-19, 14.0, 14.08, 13.81, 13.92, 415100.0, 13.92
2014-08-20, 13.89, 14.04, 13.86, 14.04, 796400.0, 14.04
2014-08-21, 14.07, 14.11, 13.86, 13.91, 643200.0, 13.91
2014-08-22, 13.84, 13.98, 13.66, 13.74, 514600.0, 13.74
2014-08-25, 13.82, 13.94, 13.72, 13.92, 657800.0, 13.92
2014-08-26, 14.01, 14.27, 13.89, 14.27, 1771300.0, 14.27
2014-08-27, 14.28, 14.76, 14.23, 14.76, 2080600.0, 14.76
2014-08-28, 14.39, 14.93, 14.27, 14.91, 2171800.0, 14.91
2014-08-29, 14.99, 15.07, 14.85, 15.06, 1946400.0, 15.06
2014-09-02, 14.97, 15.0, 14.5, 14.64, 2681800.0, 14.64
2014-09-03, 14.73, 14.99, 14.69, 14.94, 1533700.0, 14.94
2014-09-04, 14.97, 15.0, 14.6, 14.71, 1544900.0, 14.71
2014-09-05, 14.69, 14.77, 14.51, 14.56, 773000.0, 14.56
2014-09-08, 14.54, 14.66, 14.31, 14.34, 800500.0, 14.34
2014-09-09, 14.28, 14.36, 14.02, 14.05, 1368900.0, 14.05
2014-09-10, 14.09, 14.29, 14.05, 14.28, 1721300.0, 14.28
2014-09-11, 14.26, 14.28, 13.88, 13.89, 1948400.0, 13.89
2014-09-12, 13.94, 14.09, 13.9, 13.99, 791300.0, 13.99
2014-09-15, 14.01, 14.04, 13.65, 13.65, 1215400.0, 13.65
2014-09-16, 13.7, 13.83, 13.64, 13.82, 1068200.0, 13.82
2014-09-17, 13.88, 13.9, 13.64, 13.7, 2398300.0, 13.7
2014-09-18, 13.75, 14.05, 13.71, 14.02, 777600.0, 14.02
2014-09-19, 14.03, 14.09, 13.8, 14.06, 1021900.0, 14.06
2014-09-22, 13.99, 13.99, 13.43, 13.5, 740700.0, 13.5
2014-09-23, 13.47, 13.58, 13.38, 13.56, 695600.0, 13.56
2014-09-24, 13.51, 13.71, 13.44, 13.65, 546700.0, 13.65
2014-09-25, 13.57, 13.63, 13.45, 13.57, 995700.0, 13.57
2014-09-26, 13.58, 13.65, 13.43, 13.64, 764100.0, 13.64
2014-09-29, 13.49, 13.53, 13.26, 13.4, 643000.0, 13.4
2014-09-30, 13.29, 13.55, 13.29, 13.53, 717500.0, 13.53
2014-10-01, 13.53, 13.53, 13.18, 13.24, 824500.0, 13.24
2014-10-02, 13.25, 13.53, 13.02, 13.13, 2061800.0, 13.13
2014-10-03, 13.2, 13.54, 13.03, 13.33, 1187300.0, 13.33
2014-10-06, 13.44, 13.61, 13.2, 13.36, 829100.0, 13.36
2014-10-07, 13.36, 13.44, 13.26, 13.26, 796900.0, 13.26
2014-10-08, 13.3, 13.54, 13.11, 13.44, 577200.0, 13.44
2014-10-09, 13.42, 13.47, 12.86, 12.86, 2274200.0, 12.86
2014-10-10, 12.89, 12.93, 12.54, 12.54, 716600.0, 12.54
2014-10-13, 12.53, 12.88, 12.53, 12.73, 746100.0, 12.73
2014-10-14, 12.75, 12.94, 12.7, 12.73, 692700.0, 12.73
2014-10-15, 12.62, 12.69, 12.24, 12.65, 1061900.0, 12.65
2014-10-16, 12.38, 12.59, 12.35, 12.4, 632500.0, 12.4
2014-10-17, 12.51, 12.63, 12.38, 12.56, 820700.0, 12.56
2014-10-20, 12.58, 12.84, 12.56, 12.76, 675200.0, 12.76
2014-10-21, 12.79, 12.88, 12.69, 12.79, 686600.0, 12.79
2014-10-22, 12.84, 13.03, 12.75, 12.78, 277000.0, 12.78
2014-10-23, 12.85, 12.87, 12.65, 12.72, 342900.0, 12.72
2014-10-24, 12.71, 13.22, 12.68, 13.09, 681400.0, 13.09
2014-10-27, 12.97, 13.03, 12.71, 13.0, 567400.0, 13.0
2014-10-28, 13.06, 13.19, 12.95, 13.07, 690300.0, 13.07
2014-10-29, 13.1, 13.48, 13.0, 13.41, 882400.0, 13.41
2014-10-30, 13.37, 13.73, 13.14, 13.61, 1257100.0, 13.61
2014-10-31, 13.68, 13.68, 13.27, 13.3, 1111400.0, 13.3
2014-11-03, 13.27, 13.31, 12.87, 12.94, 1364600.0, 12.94
2014-11-04, 12.88, 12.97, 12.58, 12.63, 943000.0, 12.63
2014-11-05, 12.71, 12.71, 12.12, 12.25, 2412000.0, 12.25
2014-11-06, 12.24, 12.29, 12.03, 12.06, 1902400.0, 12.06
2014-11-07, 12.1, 12.21, 11.77, 11.86, 1617800.0, 11.86
2014-11-10, 11.88, 12.0, 11.73, 11.8, 1116600.0, 11.8
2014-11-11, 11.78, 11.89, 11.58, 11.65, 1294400.0, 11.65
2014-11-12, 11.84, 11.92, 11.67, 11.74, 1562200.0, 11.74
2014-11-13, 11.74, 11.85, 11.6, 11.6, 1980100.0, 11.6
2014-11-14, 11.64, 11.87, 11.46, 11.57, 944400.0, 11.57
2014-11-17, 11.3, 11.51, 11.23, 11.42, 984600.0, 11.42
2014-11-18, 11.46, 11.47, 11.23, 11.32, 3827900.0, 11.32
2014-11-19, 11.34, 11.35, 11.23, 11.29, 3081000.0, 11.29
2014-11-20, 11.22, 11.55, 11.22, 11.45, 2238200.0, 11.45
2014-11-21, 11.63, 11.83, 11.57, 11.78, 1789600.0, 11.78
2014-11-24, 11.82, 11.95, 11.78, 11.82, 1647800.0, 11.82
2014-11-25, 11.9, 11.96, 11.72, 11.72, 1752400.0, 11.72
2014-11-26, 11.77, 11.89, 11.55, 11.78, 2127200.0, 11.78
2014-11-28, 11.72, 11.79, 11.38, 11.43, 963900.0, 11.43
2014-12-01, 11.58, 11.58, 11.05, 11.36, 1785500.0, 11.36
2014-12-02, 11.31, 11.34, 10.99, 11.02, 2166100.0, 11.02
2014-12-03, 11.05, 11.09, 10.84, 10.9, 3025200.0, 10.9
2014-12-04, 10.86, 10.91, 10.53, 10.69, 2610500.0, 10.69
2014-12-05, 10.68, 10.84, 10.64, 10.8, 2621700.0, 10.8
2014-12-08, 10.79, 10.89, 10.54, 10.7, 3174000.0, 10.7
2014-12-09, 10.54, 10.64, 10.48, 10.6, 1188500.0, 10.6
2014-12-10, 10.49, 10.53, 10.0, 10.02, 1302200.0, 10.02
2014-12-11, 10.0, 10.07, 9.8, 9.82, 3785400.0, 9.82
2014-12-12, 9.71, 9.83, 9.58, 9.7, 1437500.0, 9.54
2014-12-15, 9.72, 9.8, 9.39, 9.44, 2491300.0, 9.28
2014-12-16, 9.36, 9.57, 9.2, 9.43, 1362700.0, 9.27
2014-12-17, 9.43, 9.9, 9.43, 9.73, 1617500.0, 9.57
2014-12-18, 10.06, 10.27, 9.89, 10.13, 1900400.0, 9.96
2014-12-19, 10.13, 10.31, 10.08, 10.31, 1358200.0, 10.14
2014-12-22, 10.35, 10.42, 10.22, 10.38, 1178200.0, 10.21
2014-12-23, 10.25, 10.33, 10.18, 10.24, 701400.0, 10.24
2014-12-24, 10.21, 10.21, 10.1, 10.19, 510300.0, 10.19
2014-12-26, 10.21, 10.21, 10.08, 10.11, 386600.0, 10.11
2014-12-29, 10.09, 10.36, 10.09, 10.26, 897300.0, 10.26
2014-12-30, 10.21, 10.37, 10.14, 10.32, 1351700.0, 10.32
2014-12-31, 10.34, 10.49, 10.23, 10.36, 994500.0, 10.36
2015-01-02, 10.3, 10.34, 9.76, 9.82, 1020700.0, 9.82
2015-01-05, 9.7, 9.76, 9.37, 9.43, 927100.0, 9.43
2015-01-06, 9.44, 9.7, 9.37, 9.67, 1087200.0, 9.67
2015-01-07, 9.82, 9.98, 9.71, 9.84, 999000.0, 9.84
2015-01-08, 9.93, 10.24, 9.73, 9.73, 2797400.0, 9.73
2015-01-09, 9.69, 9.92, 9.59, 9.73, 975900.0, 9.73
2015-01-12, 9.69, 9.81, 9.53, 9.76, 3191400.0, 9.76
2015-01-13, 9.76, 9.98, 9.49, 9.6, 1046200.0, 9.6
2015-01-14, 9.51, 9.77, 9.44, 9.73, 1098800.0, 9.73
2015-01-15, 9.79, 9.84, 9.46, 9.48, 852600.0, 9.48
2015-01-16, 9.51, 9.73, 9.51, 9.68, 591100.0, 9.68
2015-01-20, 9.66, 9.88, 9.59, 9.74, 961800.0, 9.74
2015-01-21, 9.91, 10.23, 9.83, 10.19, 1388100.0, 10.19
2015-01-22, 10.25, 10.79, 10.25, 10.73, 3164500.0, 10.73
2015-01-23, 10.64, 10.8, 10.62, 10.71, 1808100.0, 10.71
2015-01-26, 10.85, 10.85, 10.64, 10.72, 1981100.0, 10.72
2015-01-27, 10.64, 10.83, 10.62, 10.81, 1189200.0, 10.81
2015-01-28, 10.94, 11.04, 10.73, 10.79, 1821300.0, 10.79
2015-01-29, 10.73, 10.83, 10.63, 10.72, 1939100.0, 10.72
2015-01-30, 10.65, 10.67, 10.51, 10.58, 3175800.0, 10.58
2015-02-02, 10.63, 10.74, 10.49, 10.7, 1140400.0, 10.7
2015-02-03, 10.8, 11.37, 10.74, 11.21, 1956500.0, 11.21
2015-02-04, 11.36, 11.83, 11.17, 11.4, 2918400.0, 11.4
2015-02-05, 11.41, 11.72, 11.26, 11.71, 2373700.0, 11.71
2015-02-06, 11.65, 11.75, 11.12, 11.27, 2682300.0, 11.27
2015-02-09, 11.21, 11.26, 11.04, 11.12, 1046300.0, 11.12
2015-02-10, 11.12, 11.13, 10.76, 10.77, 1192000.0, 10.77
2015-02-11, 10.75, 10.83, 10.63, 10.68, 5026900.0, 10.68
2015-02-12, 10.78, 10.96, 10.65, 10.66, 4372500.0, 10.66
2015-02-13, 10.74, 11.06, 10.74, 11.0, 1251400.0, 11.0
2015-02-17, 10.89, 11.19, 10.59, 11.03, 3901300.0, 11.03
2015-02-18, 11.05, 11.24, 10.92, 11.08, 1462000.0, 11.08
2015-02-19, 10.91, 11.1, 10.87, 10.9, 991600.0, 10.9
2015-02-20, 10.93, 10.95, 10.78, 10.9, 1032800.0, 10.9
2015-02-23, 10.85, 10.9, 10.78, 10.83, 477000.0, 10.83
2015-02-24, 10.84, 11.16, 10.84, 11.02, 2097700.0, 11.02
2015-02-25, 11.01, 11.2, 10.87, 10.96, 1100200.0, 10.96
2015-02-26, 10.95, 11.03, 10.79, 10.82, 782300.0, 10.82
2015-02-27, 10.82, 11.16, 10.81, 11.01, 1346400.0, 11.01
2015-03-02, 11.01, 11.14, 10.83, 10.92, 1676200.0, 10.92
2015-03-03, 10.92, 11.09, 10.86, 10.96, 1133600.0, 10.96
2015-03-04, 10.88, 10.98, 10.65, 10.97, 2087000.0, 10.97
2015-03-05, 10.96, 11.02, 10.76, 10.8, 1424200.0, 10.8
2015-03-06, 10.65, 10.78, 10.52, 10.64, 1875000.0, 10.64
2015-03-09, 10.6, 10.74, 10.57, 10.62, 2540300.0, 10.62
2015-03-10, 10.55, 10.62, 10.39, 10.57, 2378600.0, 10.57
2015-03-11, 10.58, 11.11, 10.54, 11.09, 3139700.0, 11.09
2015-03-12, 11.19, 11.31, 11.1, 11.11, 2506900.0, 11.11
2015-03-13, 11.1, 11.1, 10.73, 10.91, 1375600.0, 10.91
2015-03-16, 10.96, 11.3, 10.87, 11.27, 1149600.0, 11.27
2015-03-17, 11.18, 11.36, 11.15, 11.2, 2011200.0, 11.2
2015-03-18, 10.99, 11.57, 10.99, 11.54, 1762300.0, 11.54
2015-03-19, 11.48, 11.49, 11.08, 11.12, 1296900.0, 11.12
2015-03-20, 11.22, 11.42, 11.18, 11.28, 668000.0, 11.28
2015-03-23, 11.31, 11.43, 11.29, 11.31, 775800.0, 11.31
2015-03-24, 11.3, 11.36, 11.09, 11.16, 748900.0, 11.16
2015-03-25, 11.24, 11.24, 10.94, 10.95, 1217000.0, 10.95
2015-03-26, 10.92, 10.94, 10.81, 10.85, 1575100.0, 10.85
2015-03-27, 10.83, 10.87, 10.68, 10.83, 1788500.0, 10.83
2015-03-30, 10.83, 11.01, 10.77, 10.97, 2217800.0, 10.97
2015-03-31, 10.89, 10.94, 10.78, 10.92, 1333200.0, 10.730764
2015-04-01, 11.17, 11.27, 11.07, 11.18, 1047200.0, 10.986259
2015-04-02, 11.16, 11.56, 11.16, 11.54, 858400.0, 11.34002
2015-04-06, 11.52, 11.62, 11.39, 11.51, 440600.0, 11.31054
2015-04-07, 11.5, 11.58, 11.31, 11.36, 638300.0, 11.163139
2015-04-08, 11.34, 11.54, 11.26, 11.48, 563100.0, 11.281059
2015-04-09, 11.47, 11.55, 11.05, 11.05, 1510200.0, 10.858512
2015-04-10, 11.0, 11.25, 10.89, 11.22, 1608600.0, 11.025566
2015-04-13, 11.25, 11.26, 10.92, 10.96, 825100.0, 10.770071
2015-04-14, 11.04, 11.09, 10.95, 10.99, 472000.0, 10.799551
2015-04-15, 10.99, 11.11, 10.91, 11.02, 578600.0, 10.829032
2015-04-16, 10.99, 11.14, 10.83, 11.09, 891400.0, 10.897818
2015-04-17, 10.95, 11.02, 10.91, 10.95, 844900.0, 10.760244
2015-04-20, 10.96, 11.05, 10.83, 10.88, 735200.0, 10.691458
2015-04-21, 10.89, 10.99, 10.82, 10.95, 1175400.0, 10.760244
2015-04-22, 10.99, 11.06, 10.91, 10.95, 614600.0, 10.760244
2015-04-23, 10.93, 10.98, 10.86, 10.95, 1432300.0, 10.760244
2015-04-24, 10.95, 11.04, 10.88, 11.0, 1677000.0, 10.809378
2015-04-27, 11.0, 11.12, 10.87, 10.87, 1077900.0, 10.681631
2015-04-28, 10.8, 10.83, 10.38, 10.43, 1638100.0, 10.249256
2015-04-29, 10.37, 10.47, 10.31, 10.37, 899800.0, 10.190295
2015-04-30, 10.33, 10.33, 10.03, 10.17, 1250700.0, 9.993761
2015-05-01, 10.26, 10.29, 10.02, 10.21, 540300.0, 10.033068
2015-05-04, 10.16, 10.2, 10.06, 10.16, 925700.0, 9.983934
2015-05-05, 10.15, 10.23, 10.09, 10.22, 1003600.0, 10.042895
2015-05-06, 10.28, 10.35, 10.12, 10.14, 1505300.0, 9.964281
2015-05-07, 10.16, 10.16, 9.95, 10.04, 1248400.0, 9.866014
2015-05-08, 10.16, 10.18, 10.05, 10.06, 3231800.0, 9.885668
2015-05-11, 10.07, 10.09, 9.86, 9.91, 1367200.0, 9.738267
2015-05-12, 9.9, 9.91, 9.74, 9.74, 1381900.0, 9.571213
2015-05-13, 9.83, 10.02, 9.83, 9.95, 1313500.0, 9.777574
2015-05-14, 9.99, 10.06, 9.85, 9.85, 2063700.0, 9.679307
2015-05-15, 9.88, 10.11, 9.84, 10.0, 6016800.0, 9.826707
2015-05-18, 10.0, 10.1, 9.95, 10.05, 1352800.0, 9.875841
2015-05-19, 10.03, 10.04, 9.89, 9.9, 1168000.0, 9.72844
2015-05-20, 9.91, 10.0, 9.83, 9.91, 2686800.0, 9.738267
2015-05-21, 9.89, 9.93, 9.8, 9.89, 556400.0, 9.718614
2015-05-22, 9.86, 9.9, 9.75, 9.81, 685000.0, 9.64
2015-05-26, 9.63, 9.72, 9.38, 9.41, 1570900.0, 9.41
2015-05-27, 9.37, 9.55, 9.37, 9.53, 842300.0, 9.53
2015-05-28, 9.43, 9.6, 9.41, 9.57, 1577100.0, 9.57
2015-05-29, 9.58, 9.61, 9.39, 9.46, 3788800.0, 9.46
2015-06-01, 9.32, 9.41, 9.18, 9.33, 1700300.0, 9.33
2015-06-02, 9.33, 9.5, 9.27, 9.46, 819500.0, 9.46
2015-06-03, 9.43, 9.51, 9.32, 9.34, 996300.0, 9.34
2015-06-04, 9.32, 9.36, 9.24, 9.27, 2258800.0, 9.27
2015-06-05, 9.24, 9.24, 8.88, 8.91, 2061200.0, 8.91
2015-06-08, 8.9, 9.02, 8.88, 8.99, 2170700.0, 8.99
2015-06-09, 9.01, 9.05, 8.94, 8.96, 5190900.0, 8.96
2015-06-10, 9.03, 9.09, 8.95, 8.99, 3022700.0, 8.99
2015-06-11, 8.99, 9.01, 8.92, 8.93, 4497100.0, 8.93
2015-06-12, 8.93, 8.96, 8.9, 8.94, 741700.0, 8.94
2015-06-15, 8.88, 8.95, 8.85, 8.87, 3507100.0, 8.87
2015-06-16, 8.86, 9.18, 8.81, 9.17, 7168600.0, 9.17
2015-06-17, 9.17, 9.37, 9.09, 9.32, 5110400.0, 9.32
2015-06-18, 9.34, 9.52, 9.33, 9.44, 1278100.0, 9.44
2015-06-19, 9.41, 9.44, 9.27, 9.34, 1137600.0, 9.34
2015-06-22, 9.44, 9.5, 9.42, 9.44, 1038000.0, 9.44
2015-06-23, 9.44, 9.47, 9.38, 9.42, 1094200.0, 9.42
2015-06-24, 9.34, 9.53, 9.34, 9.34, 986400.0, 9.34
2015-06-25, 9.34, 9.44, 9.33, 9.4, 1210500.0, 9.4
2015-06-26, 9.42, 9.56, 9.34, 9.55, 1303500.0, 9.55
2015-06-29, 9.44, 9.44, 9.12, 9.14, 1165600.0, 9.14
2015-06-30, 9.21, 9.26, 9.09, 9.15, 1790800.0, 9.15
2015-07-01, 9.2, 9.31, 9.19, 9.2, 921800.0, 9.2
2015-07-02, 9.23, 9.38, 9.16, 9.3, 822500.0, 9.3
2015-07-06, 9.14, 9.23, 9.03, 9.14, 779200.0, 9.14
2015-07-07, 9.04, 9.23, 8.97, 9.21, 921400.0, 9.21
2015-07-08, 9.08, 9.13, 8.97, 8.97, 798000.0, 8.97
2015-07-09, 9.14, 9.22, 9.04, 9.06, 1514100.0, 9.06
2015-07-10, 9.19, 9.27, 9.17, 9.25, 806800.0, 9.25
2015-07-13, 9.3, 9.4, 9.18, 9.35, 652400.0, 9.35
2015-07-14, 9.36, 9.48, 9.36, 9.46, 581500.0, 9.46
2015-07-15, 9.44, 9.49, 9.19, 9.23, 557900.0, 9.23
2015-07-16, 9.28, 9.35, 9.18, 9.2, 588000.0, 9.2
2015-07-17, 9.17, 9.19, 8.97, 9.06, 708800.0, 9.06
2015-07-20, 9.04, 9.04, 8.9, 8.94, 399800.0, 8.94
2015-07-21, 9.07, 9.37, 9.0, 9.19, 1427700.0, 9.19
2015-07-22, 9.12, 9.21, 8.94, 8.96, 1417700.0, 8.96
2015-07-23, 8.98, 8.99, 8.78, 8.79, 469100.0, 8.79
2015-07-24, 8.78, 8.82, 8.58, 8.67, 695700.0, 8.67
2015-07-27, 8.59, 8.66, 8.49, 8.6, 1039400.0, 8.6
2015-07-28, 8.66, 8.73, 8.44, 8.68, 1117800.0, 8.68
2015-07-29, 8.67, 8.98, 8.63, 8.77, 1407300.0, 8.77
2015-07-30, 8.77, 8.98, 8.46, 8.58, 1664500.0, 8.58
2015-07-31, 8.62, 8.95, 8.61, 8.95, 4848100.0, 8.95
2015-08-03, 8.9, 8.96, 8.67, 8.87, 1588900.0, 8.87
2015-08-04, 8.88, 9.17, 8.88, 9.12, 1520600.0, 9.12
2015-08-05, 9.12, 9.12, 8.92, 9.08, 1387000.0, 9.08
2015-08-06, 9.09, 9.1, 8.9, 9.06, 1179700.0, 9.06
2015-08-07, 9.03, 9.03, 8.8, 8.81, 1099300.0, 8.81
2015-08-10, 8.85, 8.99, 8.79, 8.98, 715900.0, 8.98
2015-08-11, 8.87, 8.89, 8.7, 8.84, 1187300.0, 8.84
2015-08-12, 8.8, 8.82, 8.58, 8.75, 1078800.0, 8.75
2015-08-13, 8.73, 8.82, 8.46, 8.54, 1615400.0, 8.54
2015-08-14, 8.54, 8.62, 8.38, 8.43, 477200.0, 8.43
2015-08-17, 8.39, 8.44, 8.32, 8.34, 1096000.0, 8.34
2015-08-18, 8.31, 8.6, 8.31, 8.48, 1996200.0, 8.48
2015-08-19, 8.47, 8.53, 8.3, 8.38, 1530200.0, 8.38
2015-08-20, 8.27, 8.38, 8.15, 8.18, 809300.0, 8.18
2015-08-21, 8.07, 8.14, 7.63, 7.63, 2638000.0, 7.63
2015-08-24, 7.28, 7.61, 6.79, 7.32, 1172800.0, 7.32
2015-08-25, 7.69, 7.76, 7.38, 7.38, 1133300.0, 7.38
2015-08-26, 7.58, 7.64, 7.26, 7.64, 1434600.0, 7.64
2015-08-27, 7.71, 8.0, 7.67, 7.99, 1434700.0, 7.99
2015-08-28, 7.96, 8.02, 7.8, 7.9, 1049600.0, 7.9
2015-08-31, 7.83, 7.83, 7.68, 7.76, 1263700.0, 7.76
2015-09-01, 7.59, 7.61, 7.37, 7.52, 1316700.0, 7.52
2015-09-02, 7.59, 7.61, 7.45, 7.5, 1196400.0, 7.5
2015-09-03, 7.51, 7.61, 7.51, 7.61, 907800.0, 7.61
2015-09-04, 7.46, 7.58, 7.44, 7.5, 1032000.0, 7.5
2015-09-08, 7.59, 7.62, 7.49, 7.57, 673200.0, 7.57
2015-09-09, 7.61, 7.7, 7.4, 7.41, 540100.0, 7.41
2015-09-10, 7.4, 7.6, 7.35, 7.5, 1929100.0, 7.5
2015-09-11, 7.48, 7.55, 7.42, 7.44, 319100.0, 7.44
2015-09-14, 7.4, 7.57, 7.32, 7.5, 609200.0, 7.24255
2015-09-15, 7.47, 7.62, 7.47, 7.54, 884100.0, 7.281177
2015-09-16, 7.55, 7.72, 7.53, 7.65, 1945000.0, 7.387402
2015-09-17, 7.59, 8.11, 7.58, 7.89, 1488500.0, 7.619163
2015-09-18, 7.76, 7.87, 7.55, 7.64, 1376800.0, 7.377745
2015-09-21, 7.65, 7.67, 7.55, 7.6, 707700.0, 7.339118
2015-09-22, 7.46, 7.46, 7.23, 7.31, 721700.0, 7.059072
2015-09-23, 7.31, 7.31, 7.04, 7.13, 1204700.0, 6.885251
2015-09-24, 7.1, 7.44, 6.96, 7.41, 1789200.0, 7.15564
2015-09-25, 7.49, 7.59, 7.32, 7.4, 1801000.0, 7.145983
2015-09-28, 7.32, 7.36, 7.15, 7.29, 986300.0, 7.039759
2015-09-29, 7.3, 7.35, 7.19, 7.26, 1622200.0, 7.010789
2015-09-30, 7.43, 7.44, 7.32, 7.34, 1760800.0, 7.088043
2015-10-01, 7.37, 7.42, 7.1, 7.27, 1911500.0, 7.020446
2015-10-02, 7.14, 7.35, 7.09, 7.3, 1485400.0, 7.049416
2015-10-05, 7.38, 7.48, 7.36, 7.48, 1851500.0, 7.223237
2015-10-06, 7.46, 7.6, 7.46, 7.59, 1742300.0, 7.329461
2015-10-07, 7.69, 7.8, 7.66, 7.75, 1746000.0, 7.483969
2015-10-08, 7.72, 7.88, 7.72, 7.77, 1630800.0, 7.503282
2015-10-09, 7.8, 8.04, 7.79, 8.02, 691700.0, 7.744701
2015-10-12, 8.0, 8.08, 7.9, 8.05, 832100.0, 7.773671
2015-10-13, 8.05, 8.11, 7.9, 7.99, 909200.0, 7.71573
2015-10-14, 7.97, 8.08, 7.94, 8.03, 1030000.0, 7.754357
2015-10-15, 8.08, 8.26, 7.99, 8.24, 1442000.0, 7.957148
2015-10-16, 8.24, 8.39, 8.15, 8.33, 1537600.0, 8.044059
2015-10-19, 8.26, 8.31, 8.02, 8.29, 1676200.0, 8.005432
2015-10-20, 8.29, 8.41, 8.2, 8.35, 1107000.0, 8.063373
2015-10-21, 8.35, 8.41, 8.1, 8.17, 994900.0, 7.889552
2015-10-22, 8.25, 8.45, 8.2, 8.37, 2012500.0, 8.082686
2015-10-23, 8.42, 8.54, 8.3, 8.4, 1546900.0, 8.111656
2015-10-26, 8.4, 8.59, 8.4, 8.48, 1182700.0, 8.18891
2015-10-27, 8.42, 8.52, 8.36, 8.48, 759200.0, 8.18891
2015-10-28, 8.5, 8.61, 8.46, 8.59, 481500.0, 8.295135
2015-10-29, 8.57, 9.07, 8.52, 8.81, 1558600.0, 8.507583
2015-10-30, 8.89, 9.49, 8.86, 9.15, 2158900.0, 8.835911
2015-11-02, 9.14, 9.24, 8.91, 9.05, 836800.0, 8.739344
2015-11-03, 9.04, 9.27, 9.03, 9.21, 1842400.0, 8.893852
2015-11-04, 9.21, 9.41, 9.17, 9.32, 1523300.0, 9.000076
2015-11-05, 9.31, 9.57, 9.3, 9.42, 1400200.0, 9.096643
2015-11-06, 9.36, 9.41, 9.16, 9.29, 562000.0, 8.971106
2015-11-09, 9.27, 9.37, 9.19, 9.32, 594700.0, 9.000076
2015-11-10, 9.3, 9.59, 9.2, 9.56, 913100.0, 9.231838
2015-11-11, 9.57, 9.63, 9.2, 9.42, 1373400.0, 9.096643
2015-11-12, 9.33, 9.52, 9.17, 9.37, 2136100.0, 9.04836
2015-11-13, 9.33, 9.45, 9.23, 9.31, 907500.0, 8.99042
2015-11-16, 9.29, 9.43, 9.22, 9.3, 637500.0, 8.980763
2015-11-17, 9.31, 9.37, 9.27, 9.28, 955400.0, 8.961449
2015-11-18, 9.31, 9.56, 9.29, 9.53, 804900.0, 9.202867
2015-11-19, 9.53, 9.99, 9.45, 9.81, 1714500.0, 9.473256
2015-11-20, 9.82, 10.05, 9.75, 9.78, 834800.0, 9.444285
2015-11-23, 9.76, 9.83, 9.74, 9.75, 471500.0, 9.415316
2015-11-24, 9.74, 9.77, 9.61, 9.73, 464300.0, 9.396002
2015-11-25, 9.7, 9.75, 9.53, 9.63, 546900.0, 9.299435
2015-11-27, 9.72, 9.73, 9.47, 9.5, 294500.0, 9.173897
2015-11-30, 9.57, 9.7, 9.47, 9.69, 2449600.0, 9.357375
2015-12-01, 9.64, 9.68, 9.46, 9.5, 1462600.0, 9.173897
2015-12-02, 9.47, 9.52, 9.14, 9.2, 2517800.0, 8.884195
2015-12-03, 9.25, 9.41, 9.21, 9.25, 1713600.0, 8.932479
2015-12-04, 9.25, 9.34, 9.15, 9.22, 1674300.0, 8.903509
2015-12-07, 9.16, 9.18, 8.88, 8.96, 1363300.0, 8.652434
2015-12-08, 8.88, 8.91, 8.55, 8.58, 1142500.0, 8.285478
2015-12-09, 8.58, 8.88, 8.58, 8.79, 706300.0, 8.488269
2015-12-10, 8.79, 8.94, 8.64, 8.82, 1018600.0, 8.517239
2015-12-11, 8.68, 8.74, 8.38, 8.44, 595100.0, 8.150283
2015-12-14, 8.44, 8.48, 8.29, 8.37, 432400.0, 8.082686
2015-12-15, 8.45, 8.61, 8.45, 8.56, 1073000.0, 8.266165
2015-12-16, 8.6, 8.85, 8.55, 8.82, 1285200.0, 8.517239
2015-12-17, 8.72, 8.85, 8.64, 8.73, 1187700.0, 8.569263
2015-12-18, 8.73, 8.77, 8.66, 8.69, 2130600.0, 8.529999
2015-12-21, 8.74, 8.75, 8.43, 8.55, 1543000.0, 8.392578
2015-12-22, 8.6, 8.63, 8.52, 8.56, 707600.0, 8.402394
2015-12-23, 8.64, 8.73, 8.51, 8.67, 892300.0, 8.510368
2015-12-24, 8.68, 8.79, 8.58, 8.64, 631400.0, 8.480921
2015-12-28, 8.64, 8.76, 8.59, 8.73, 1963800.0, 8.569263
2015-12-29, 8.81, 8.88, 8.64, 8.67, 799200.0, 8.510368
2015-12-30, 8.65, 8.77, 8.6, 8.68, 1104200.0, 8.520184
2015-12-31, 8.66, 8.77, 8.59, 8.67, 418800.0, 8.510368
2016-01-04, 8.53, 8.61, 8.4, 8.45, 820300.0, 8.294418
2016-01-05, 8.46, 8.64, 8.45, 8.51, 704100.0, 8.353314
2016-01-06, 8.4, 8.49, 8.32, 8.4, 945300.0, 8.245339
2016-01-07, 8.25, 8.25, 7.94, 7.96, 860500.0, 7.813441
2016-01-08, 8.01, 8.11, 7.82, 7.83, 661900.0, 7.685834
2016-01-11, 7.93, 8.02, 7.63, 7.65, 1616000.0, 7.509148
2016-01-12, 7.74, 7.78, 7.66, 7.71, 1375000.0, 7.568044
2016-01-13, 7.75, 7.83, 7.55, 7.6, 1325000.0, 7.460069
2016-01-14, 7.6, 7.68, 7.49, 7.6, 1067400.0, 7.460069
2016-01-15, 7.4, 7.51, 7.34, 7.45, 2320800.0, 7.31283
2016-01-19, 7.54, 7.57, 7.29, 7.35, 1347000.0, 7.214672
2016-01-20, 7.24, 7.31, 6.96, 7.03, 2022200.0, 6.900564
2016-01-21, 7.02, 7.21, 6.94, 7.12, 1587700.0, 6.988906
2016-01-22, 7.24, 7.5, 7.24, 7.45, 1307900.0, 7.31283
2016-01-25, 7.42, 7.49, 7.25, 7.26, 691000.0, 7.126329
2016-01-26, 7.3, 7.39, 7.23, 7.36, 1103800.0, 7.224488
2016-01-27, 7.36, 7.5, 7.29, 7.37, 3602800.0, 7.234303
2016-01-28, 7.43, 7.56, 7.36, 7.44, 2310900.0, 7.303015
2016-01-29, 7.42, 7.67, 7.34, 7.67, 6558400.0, 7.52878
2016-02-01, 7.61, 7.83, 7.41, 7.55, 2352300.0, 7.41099
2016-02-02, 7.46, 7.55, 7.3, 7.42, 2858500.0, 7.283383
2016-02-03, 7.43, 7.61, 7.42, 7.51, 4586100.0, 7.371726
2016-02-04, 7.49, 7.74, 7.49, 7.58, 2557600.0, 7.440437
2016-02-05, 7.55, 7.62, 7.48, 7.56, 1674500.0, 7.420805
2016-02-08, 7.46, 7.51, 7.2, 7.26, 2265200.0, 7.126329
2016-02-09, 7.18, 7.3, 7.0, 7.0, 1875600.0, 6.871116
2016-02-10, 7.05, 7.14, 7.03, 7.07, 1512500.0, 6.939827
2016-02-11, 6.94, 7.01, 6.76, 6.86, 2141100.0, 6.733694
2016-02-12, 6.94, 7.24, 6.9, 7.24, 4719800.0, 7.106697
2016-02-16, 7.41, 7.48, 7.31, 7.44, 796000.0, 7.303015
2016-02-17, 7.53, 7.9, 7.48, 7.88, 1667600.0, 7.734914
2016-02-18, 7.92, 8.07, 7.92, 7.98, 1007700.0, 7.833072
2016-02-19, 7.93, 7.97, 7.8, 7.89, 325600.0, 7.744729
2016-02-22, 7.99, 8.19, 7.99, 8.12, 866800.0, 7.970494
2016-02-23, 8.06, 8.12, 7.85, 7.88, 517700.0, 7.734914
2016-02-24, 7.78, 7.99, 7.58, 7.95, 1076100.0, 7.803624
2016-02-25, 7.97, 7.98, 7.76, 7.8, 1417800.0, 7.656387
2016-02-26, 7.87, 7.99, 7.8, 7.82, 569100.0, 7.676018
2016-02-29, 7.83, 8.05, 7.78, 7.99, 957800.0, 7.842888
2016-03-01, 8.01, 8.24, 7.93, 8.22, 918600.0, 8.068654
2016-03-02, 8.22, 8.58, 8.22, 8.52, 1490600.0, 8.36313
2016-03-03, 8.52, 8.55, 8.44, 8.51, 1596100.0, 8.353314
2016-03-04, 8.53, 8.6, 8.46, 8.5, 1917600.0, 8.343498
2016-03-07, 8.51, 8.52, 8.43, 8.5, 759300.0, 8.343498
2016-03-08, 8.46, 8.46, 8.22, 8.35, 1022700.0, 8.19626
2016-03-09, 8.42, 8.53, 8.33, 8.5, 1304400.0, 8.343498
2016-03-10, 8.52, 8.54, 8.19, 8.36, 1210800.0, 8.206075
2016-03-11, 8.48, 8.6, 8.43, 8.54, 740400.0, 8.382762
2016-03-14, 8.5, 8.59, 8.39, 8.53, 639300.0, 8.372945
2016-03-15, 8.4, 8.49, 8.38, 8.49, 1023800.0, 8.333682
2016-03-16, 8.45, 8.51, 8.29, 8.5, 1029900.0, 8.343498
2016-03-17, 8.49, 9.01, 8.46, 8.84, 1272200.0, 8.677238
2016-03-18, 8.93, 9.11, 8.83, 8.9, 1350800.0, 8.736133
2016-03-21, 8.9, 8.97, 8.88, 8.94, 457800.0, 8.775396
2016-03-22, 8.85, 8.96, 8.83, 8.89, 673400.0, 8.726318
2016-03-23, 8.82, 8.93, 8.73, 8.81, 1299800.0, 8.647791
2016-03-24, 8.69, 8.87, 8.65, 8.85, 592400.0, 8.687054
2016-03-28, 8.88, 8.97, 8.82, 8.88, 547400.0, 8.716502
2016-03-29, 8.79, 9.03, 8.79, 8.96, 1496300.0, 8.795029
2016-03-30, 9.05, 9.26, 9.05, 9.11, 2133200.0, 8.942266
2016-03-31, 9.11, 9.17, 8.96, 9.03, 1507800.0, 8.863739
2016-04-01, 8.94, 8.94, 8.78, 8.87, 651700.0, 8.706686
2016-04-04, 8.84, 8.91, 8.48, 8.6, 761500.0, 8.441657
2016-04-05, 8.51, 8.62, 8.37, 8.39, 1343100.0, 8.235524
2016-04-06, 8.41, 8.53, 8.29, 8.53, 889200.0, 8.372945
2016-04-07, 8.48, 8.48, 8.12, 8.17, 1144900.0, 8.019574
2016-04-08, 8.27, 8.43, 8.27, 8.36, 525100.0, 8.206075
2016-04-11, 8.44, 8.64, 8.43, 8.46, 554400.0, 8.304235
2016-04-12, 8.5, 8.72, 8.44, 8.68, 613100.0, 8.520184
2016-04-13, 8.77, 8.83, 8.73, 8.83, 509500.0, 8.667422
2016-04-14, 8.8, 8.9, 8.74, 8.74, 645400.0, 8.579079
2016-04-15, 8.71, 8.77, 8.67, 8.73, 296400.0, 8.569263
2016-04-18, 8.65, 8.98, 8.65, 8.98, 2192500.0, 8.81466
2016-04-19, 9.04, 9.23, 9.02, 9.07, 1064200.0, 8.903003
2016-04-20, 9.03, 9.22, 9.01, 9.18, 821400.0, 9.010978
2016-04-21, 9.2, 9.2, 9.09, 9.14, 481100.0, 8.971715
2016-04-22, 9.14, 9.19, 9.1, 9.15, 573400.0, 8.98153
2016-04-25, 9.13, 9.13, 8.97, 9.02, 781700.0, 8.853924
2016-04-26, 9.02, 9.11, 8.99, 9.09, 525900.0, 8.922635
2016-04-27, 8.97, 9.33, 8.97, 9.32, 1542200.0, 9.1484
2016-04-28, 9.3, 9.43, 9.11, 9.13, 1341300.0, 8.961899
2016-04-29, 9.11, 9.29, 9.06, 9.14, 844900.0, 8.971715
2016-05-02, 9.17, 9.17, 8.85, 8.93, 885300.0, 8.765581
2016-05-03, 8.82, 8.83, 8.66, 8.74, 1141300.0, 8.579079
2016-05-04, 8.66, 8.72, 8.51, 8.59, 1105500.0, 8.431841
2016-05-05, 8.66, 8.72, 8.54, 8.55, 743700.0, 8.392578
2016-05-06, 8.52, 8.95, 8.45, 8.85, 1667400.0, 8.687054
2016-05-09, 8.82, 8.9, 8.7, 8.8, 2316400.0, 8.637975
2016-05-10, 8.82, 9.09, 8.82, 9.08, 1322200.0, 8.912819
2016-05-11, 9.08, 9.22, 8.93, 9.2, 1898000.0, 9.030609
2016-05-12, 9.28, 9.37, 9.19, 9.25, 904900.0, 9.079689
2016-05-13, 9.21, 9.35, 9.09, 9.3, 2154200.0, 9.128769
2016-05-16, 9.33, 9.52, 9.29, 9.43, 1375300.0, 9.256375
2016-05-17, 9.44, 9.44, 9.19, 9.28, 1496200.0, 9.109136
2016-05-18, 9.27, 9.27, 8.84, 8.9, 1122200.0, 8.736133
2016-05-19, 8.86, 8.86, 8.61, 8.73, 912800.0, 8.569263
2016-05-20, 8.76, 8.95, 8.67, 8.7, 514700.0, 8.539815
2016-05-23, 8.65, 8.75, 8.57, 8.69, 630400.0, 8.529999
2016-05-24, 8.7, 8.8, 8.64, 8.7, 610300.0, 8.7
2016-05-25, 8.74, 8.9, 8.7, 8.83, 973200.0, 8.83
2016-05-26, 8.9, 8.9, 8.73, 8.87, 641400.0, 8.87
2016-05-27, 8.89, 8.93, 8.79, 8.91, 726700.0, 8.91
2016-05-31, 8.98, 9.05, 8.88, 9.03, 1155900.0, 9.03
2016-06-01, 8.97, 9.07, 8.87, 9.06, 892200.0, 9.06
2016-06-02, 9.03, 9.22, 8.98, 9.18, 1591900.0, 9.18
2016-06-03, 9.09, 9.17, 8.98, 8.99, 3384800.0, 8.99
2016-06-06, 9.04, 9.17, 9.0, 9.08, 1094300.0, 9.08
2016-06-07, 9.13, 9.2, 8.98, 9.18, 1865300.0, 9.18
2016-06-08, 9.22, 9.62, 9.17, 9.58, 5278100.0, 9.58
2016-06-09, 9.58, 9.58, 9.44, 9.56, 3187800.0, 9.56
2016-06-10, 9.33, 9.39, 9.28, 9.37, 3954300.0, 9.37
2016-06-13, 9.27, 9.43, 9.14, 9.26, 3347700.0, 9.26
2016-06-14, 9.27, 9.28, 8.69, 8.72, 3226900.0, 8.72
2016-06-15, 8.77, 8.82, 8.68, 8.69, 442600.0, 8.69
2016-06-16, 8.59, 8.64, 8.47, 8.61, 935500.0, 8.61
2016-06-17, 8.54, 8.74, 8.54, 8.69, 852900.0, 8.69
2016-06-20, 8.85, 8.95, 8.79, 8.8, 735900.0, 8.8
2016-06-21, 8.85, 8.92, 8.73, 8.9, 1043200.0, 8.9
2016-06-22, 8.97, 9.05, 8.83, 8.85, 954700.0, 8.85
2016-06-23, 8.99, 9.08, 8.92, 9.07, 1263600.0, 9.07
2016-06-24, 8.49, 8.7, 8.28, 8.35, 1153900.0, 8.35
2016-06-27, 8.31, 8.31, 8.06, 8.16, 961400.0, 8.16
2016-06-28, 8.35, 8.51, 8.29, 8.48, 987700.0, 8.48
2016-06-29, 8.6, 8.87, 8.54, 8.84, 1426800.0, 8.84
2016-06-30, 8.83, 9.15, 8.81, 9.09, 1482200.0, 9.09
2016-07-01, 9.08, 9.48, 9.05, 9.42, 1785900.0, 9.42
2016-07-05, 9.09, 9.18, 9.02, 9.12, 1779900.0, 9.12
2016-07-06, 9.17, 9.24, 9.04, 9.23, 1282200.0, 9.23
