2010-08-02, 23.0, 24.12, 22.5, 23.15, 2485300.0, 22.74
2010-08-03, 23.08, 23.69, 22.01, 22.37, 2885100.0, 21.97
2010-08-04, 22.52, 23.98, 21.5, 23.51, 4863200.0, 23.09
2010-08-05, 23.48, 25.16, 22.9, 24.68, 1834400.0, 24.24
2010-08-06, 24.58, 24.58, 23.55, 24.11, 1131300.0, 23.68
2010-08-09, 23.54, 24.05, 23.06, 23.76, 1615600.0, 23.34
2010-08-10, 23.04, 23.65, 22.25, 23.46, 1596000.0, 23.04
2010-08-11, 22.92, 23.96, 22.42, 22.95, 1783000.0, 22.54
2010-08-12, 22.54, 22.85, 21.7, 22.39, 1855800.0, 21.99
2010-08-13, 22.39, 22.43, 21.85, 22.03, 1227000.0, 21.64
2010-08-16, 22.02, 22.21, 21.88, 22.14, 405700.0, 21.75
2010-08-17, 22.25, 22.96, 22.0, 22.61, 141200.0, 22.21
2010-08-18, 22.45, 23.24, 22.21, 23.04, 1012800.0, 22.63
2010-08-19, 22.69, 23.81, 22.63, 23.51, 884800.0, 23.09
2010-08-20, 23.59, 23.75, 23.05, 23.46, 397200.0, 23.04
2010-08-23, 23.45, 23.53, 23.25, 23.48, 592100.0, 23.06
2010-08-24, 22.96, 24.65, 22.82, 23.15, 1986200.0, 22.74
2010-08-25, 22.9, 23.08, 22.74, 23.01, 1211700.0, 22.6
2010-08-26, 23.02, 23.22, 22.47, 22.62, 661000.0, 22.22
2010-08-27, 22.53, 23.64, 22.1, 23.41, 654300.0, 22.99
2010-08-30, 23.16, 23.47, 22.93, 23.25, 346800.0, 22.84
2010-08-31, 23.17, 23.54, 22.21, 22.4, 2613500.0, 22.0
2010-09-01, 22.73, 22.9, 22.6, 22.82, 646800.0, 22.41
2010-09-02, 22.74, 23.0, 22.45, 22.7, 237600.0, 22.3
2010-09-03, 22.47, 22.99, 22.34, 22.48, 294900.0, 22.08
2010-09-07, 22.3, 22.42, 22.1, 22.3, 361300.0, 21.9
2010-09-08, 22.29, 22.39, 21.65, 22.04, 412600.0, 21.65
2010-09-09, 22.02, 22.3, 22.02, 22.24, 171000.0, 21.84
2010-09-10, 22.18, 22.19, 21.81, 22.0, 393500.0, 21.61
2010-09-13, 22.14, 22.23, 21.84, 22.02, 585000.0, 21.63
2010-09-14, 22.02, 22.07, 21.94, 21.94, 348600.0, 21.55
2010-09-15, 21.85, 22.2, 21.85, 22.07, 351300.0, 21.68
2010-09-16, 22.0, 22.24, 21.27, 22.0, 484000.0, 21.61
2010-09-17, 22.04, 22.24, 21.83, 22.1, 238600.0, 21.71
2010-09-20, 22.0, 22.91, 22.0, 22.48, 632000.0, 22.08
2010-09-21, 22.48, 22.59, 21.9, 21.91, 572800.0, 21.52
2010-09-22, 21.82, 22.0, 21.34, 21.65, 209700.0, 21.26
2010-09-23, 21.4, 22.51, 21.31, 22.23, 759500.0, 21.83
2010-09-24, 22.43, 22.43, 21.95, 22.0, 849000.0, 21.61
2010-09-27, 22.0, 22.08, 21.8, 21.91, 363000.0, 21.52
2010-09-28, 21.75, 21.75, 21.35, 21.52, 663700.0, 21.14
2010-09-29, 21.5, 21.81, 21.32, 21.54, 280800.0, 21.16
2010-09-30, 21.57, 21.88, 21.22, 21.28, 456500.0, 20.9
2010-10-01, 21.3, 21.74, 21.28, 21.7, 313900.0, 21.31
2010-10-04, 21.7, 21.79, 21.32, 21.52, 489100.0, 21.14
2010-10-05, 21.6, 21.61, 21.06, 21.25, 978500.0, 20.87
2010-10-06, 21.19, 22.08, 20.75, 21.87, 1193300.0, 21.48
2010-10-07, 21.83, 22.79, 21.7, 22.4, 714800.0, 22.0
2010-10-08, 22.15, 23.34, 21.79, 22.98, 515100.0, 22.57
2010-10-11, 22.89, 22.94, 22.45, 22.63, 272000.0, 22.23
2010-10-12, 22.59, 22.6, 22.19, 22.5, 508200.0, 22.1
2010-10-13, 22.38, 23.01, 22.24, 22.95, 619800.0, 22.54
2010-10-14, 22.82, 22.82, 21.75, 22.1, 799300.0, 21.71
2010-10-15, 22.25, 22.32, 21.61, 21.85, 456400.0, 21.46
2010-10-18, 21.93, 22.26, 21.75, 22.17, 468900.0, 21.77
2010-10-19, 21.81, 22.46, 21.51, 22.15, 1220700.0, 21.76
2010-10-20, 22.33, 23.25, 22.18, 23.11, 1153000.0, 22.7
2010-10-21, 23.33, 23.4, 22.91, 23.13, 570800.0, 22.72
2010-10-22, 23.32, 23.32, 22.93, 23.05, 242000.0, 22.64
2010-10-25, 23.06, 23.39, 22.78, 23.26, 794100.0, 22.85
2010-10-26, 23.04, 23.39, 22.98, 23.28, 607000.0, 22.87
2010-10-27, 23.15, 23.39, 22.78, 22.97, 794200.0, 22.56
2010-10-28, 23.1, 23.18, 22.56, 22.99, 340500.0, 22.58
2010-10-29, 22.86, 23.2, 22.75, 22.82, 201800.0, 22.41
2010-11-01, 22.85, 23.25, 22.67, 23.1, 474200.0, 22.69
2010-11-02, 23.1, 23.42, 22.89, 23.29, 387200.0, 22.87
2010-11-03, 23.22, 23.36, 22.87, 23.35, 274500.0, 22.93
2010-11-04, 23.35, 23.44, 23.17, 23.44, 278100.0, 23.02
2010-11-05, 23.32, 23.6, 22.95, 23.09, 1501600.0, 22.68
2010-11-08, 23.0, 23.68, 22.79, 23.36, 609500.0, 22.94
2010-11-09, 23.36, 23.75, 22.75, 23.07, 892500.0, 22.66
2010-11-10, 23.12, 23.28, 22.47, 23.2, 1133000.0, 22.79
2010-11-11, 23.02, 23.4, 22.76, 23.32, 913200.0, 22.9
2010-11-12, 23.12, 23.46, 22.93, 23.44, 799300.0, 23.02
2010-11-15, 23.36, 24.41, 23.33, 23.84, 616600.0, 23.42
2010-11-16, 23.56, 23.76, 23.24, 23.42, 1044100.0, 23.0
2010-11-17, 23.47, 24.35, 23.3, 24.26, 361700.0, 23.83
2010-11-18, 24.37, 25.05, 24.24, 25.02, 942300.0, 24.57
2010-11-19, 25.0, 25.86, 24.78, 25.53, 732900.0, 25.07
2010-11-22, 25.46, 25.91, 25.38, 25.69, 1029100.0, 25.23
2010-11-23, 25.52, 25.67, 25.26, 25.3, 296600.0, 24.85
2010-11-24, 25.4, 25.71, 25.25, 25.3, 444900.0, 24.85
2010-11-26, 25.18, 25.38, 25.01, 25.19, 167100.0, 24.74
2010-11-29, 25.13, 25.18, 24.59, 24.74, 358800.0, 24.3
2010-11-30, 24.62, 24.74, 24.11, 24.29, 415000.0, 23.86
2010-12-01, 24.6, 25.04, 24.5, 24.93, 594800.0, 24.49
2010-12-02, 24.86, 25.16, 24.52, 24.65, 566900.0, 24.21
2010-12-03, 24.69, 25.13, 24.58, 24.82, 608200.0, 24.38
2010-12-06, 24.48, 25.06, 24.46, 24.7, 623000.0, 24.26
2010-12-07, 24.74, 25.03, 24.74, 24.77, 523600.0, 24.33
2010-12-08, 24.72, 25.05, 24.48, 24.56, 574700.0, 24.12
2010-12-09, 24.65, 24.78, 24.26, 24.38, 344300.0, 23.95
2010-12-10, 24.48, 24.6, 24.3, 24.46, 419900.0, 24.02
2010-12-13, 24.31, 24.94, 24.25, 24.86, 1202400.0, 24.42
2010-12-14, 24.77, 25.07, 24.7, 25.0, 2119300.0, 24.55
2010-12-15, 24.9, 25.85, 24.9, 25.72, 1301600.0, 25.26
2010-12-16, 25.25, 26.13, 25.14, 25.68, 538000.0, 25.22
2010-12-17, 25.41, 25.99, 25.16, 25.97, 371500.0, 25.51
2010-12-20, 25.57, 26.18, 25.54, 25.65, 336500.0, 25.19
2010-12-21, 25.61, 25.9, 24.92, 25.14, 549000.0, 24.69
2010-12-22, 25.24, 25.44, 25.11, 25.27, 286200.0, 24.82
2010-12-23, 25.27, 25.36, 25.02, 25.26, 226700.0, 24.81
2010-12-27, 25.17, 25.52, 24.9, 25.06, 415400.0, 24.61
2010-12-28, 25.13, 25.42, 25.01, 25.23, 175000.0, 24.78
2010-12-29, 25.23, 25.48, 25.23, 25.37, 230700.0, 24.92
2010-12-30, 25.4, 25.84, 25.36, 25.76, 242300.0, 25.3
2010-12-31, 25.63, 25.82, 25.51, 25.59, 263600.0, 25.13
2011-01-03, 25.71, 26.15, 25.6, 26.06, 363000.0, 25.6
2011-01-04, 26.1, 26.25, 25.7, 25.76, 587600.0, 25.3
2011-01-05, 25.7, 26.25, 25.65, 26.17, 301600.0, 25.7
2011-01-06, 26.13, 26.37, 25.86, 26.32, 265100.0, 25.85
2011-01-07, 26.3, 26.92, 26.3, 26.89, 580000.0, 26.41
2011-01-10, 26.71, 26.71, 26.09, 26.64, 933300.0, 26.17
2011-01-11, 26.8, 27.36, 26.77, 27.35, 577300.0, 26.86
2011-01-12, 27.48, 27.6, 27.18, 27.25, 387700.0, 26.76
2011-01-13, 27.29, 29.19, 27.0, 28.32, 1797100.0, 27.82
2011-01-14, 27.98, 28.86, 27.33, 28.55, 511800.0, 28.04
2011-01-18, 28.63, 28.85, 28.55, 28.62, 414800.0, 28.11
2011-01-19, 28.44, 28.9, 27.99, 28.1, 602600.0, 27.6
2011-01-20, 27.88, 28.32, 27.71, 28.03, 574700.0, 27.53
2011-01-21, 28.17, 29.24, 28.17, 29.14, 607000.0, 28.62
2011-01-24, 29.07, 30.2, 29.07, 29.41, 874400.0, 28.89
2011-01-25, 29.38, 29.69, 28.75, 28.84, 510600.0, 28.33
2011-01-26, 29.05, 29.36, 28.77, 28.9, 513900.0, 28.38
2011-01-27, 29.08, 29.78, 28.8, 29.58, 670700.0, 29.05
2011-01-28, 29.41, 29.65, 28.49, 28.67, 732400.0, 28.16
2011-01-31, 28.68, 29.3, 28.5, 29.25, 644900.0, 28.73
2011-02-01, 29.26, 30.0, 29.26, 29.79, 635600.0, 29.26
2011-02-02, 29.66, 29.88, 29.41, 29.66, 325800.0, 29.13
2011-02-03, 29.55, 29.75, 29.18, 29.69, 292000.0, 29.16
2011-02-04, 29.7, 30.29, 29.53, 30.17, 736100.0, 29.63
2011-02-07, 30.24, 30.54, 29.95, 30.09, 302800.0, 29.55
2011-02-08, 30.31, 30.66, 30.21, 30.62, 552800.0, 30.07
2011-02-09, 30.72, 30.72, 30.04, 30.5, 275400.0, 29.96
2011-02-10, 30.42, 30.89, 30.33, 30.83, 374200.0, 30.28
2011-02-11, 30.72, 31.36, 30.57, 31.36, 252300.0, 30.8
2011-02-14, 31.58, 32.97, 31.54, 32.61, 884200.0, 32.03
2011-02-15, 32.47, 33.22, 32.32, 32.97, 573900.0, 32.38
2011-02-16, 33.01, 33.19, 32.41, 32.62, 454000.0, 32.04
2011-02-17, 32.47, 32.95, 32.47, 32.67, 347100.0, 32.09
2011-02-18, 32.75, 32.95, 32.53, 32.84, 399900.0, 32.25
2011-02-22, 30.97, 32.61, 30.97, 32.51, 959400.0, 31.93
2011-02-23, 32.59, 32.92, 32.43, 32.61, 1579300.0, 32.03
2011-02-24, 32.8, 33.22, 31.9, 31.97, 890700.0, 31.4
2011-02-25, 32.35, 32.7, 31.38, 32.65, 876900.0, 32.07
2011-02-28, 32.79, 33.84, 32.67, 33.77, 729200.0, 33.17
2011-03-01, 34.02, 34.8, 33.45, 33.92, 1545400.0, 33.32
2011-03-02, 33.74, 34.71, 33.74, 34.43, 1223800.0, 33.82
2011-03-03, 33.44, 35.41, 33.21, 34.68, 1026800.0, 34.06
2011-03-04, 34.75, 35.25, 34.36, 34.55, 718000.0, 33.93
2011-03-07, 34.83, 34.83, 34.2, 34.56, 712800.0, 33.94
2011-03-08, 34.71, 35.19, 34.28, 35.14, 485200.0, 34.51
2011-03-09, 35.15, 35.62, 34.9, 35.57, 531700.0, 34.94
2011-03-10, 35.06, 36.02, 34.82, 35.09, 892000.0, 34.46
2011-03-11, 35.02, 35.85, 33.87, 34.37, 533000.0, 33.76
2011-03-14, 30.0, 31.95, 29.26, 31.28, 4040000.0, 30.72
2011-03-15, 29.31, 31.35, 28.01, 30.82, 3711300.0, 30.27
2011-03-16, 30.93, 32.0, 28.98, 29.06, 2232800.0, 28.54
2011-03-17, 29.46, 30.74, 29.25, 30.57, 2272100.0, 30.03
2011-03-18, 30.72, 31.31, 29.51, 30.33, 1437000.0, 29.79
2011-03-21, 30.84, 31.82, 30.68, 31.68, 1174200.0, 31.12
2011-03-22, 31.55, 32.35, 31.34, 31.65, 1119600.0, 31.09
2011-03-23, 31.8, 31.84, 30.69, 31.08, 771400.0, 30.53
2011-03-24, 31.15, 31.96, 31.05, 31.62, 502400.0, 31.06
2011-03-25, 31.75, 32.35, 31.54, 32.11, 433700.0, 31.54
2011-03-28, 31.96, 32.39, 31.2, 32.14, 833300.0, 31.57
2011-03-29, 32.72, 33.45, 32.7, 32.91, 832400.0, 32.32
2011-03-30, 33.05, 33.5, 32.84, 33.36, 552100.0, 32.77
2011-03-31, 33.38, 33.85, 33.1, 33.38, 573200.0, 32.79
2011-04-01, 33.46, 33.9, 33.21, 33.54, 593600.0, 32.94
2011-04-04, 33.62, 33.9, 33.51, 33.9, 406200.0, 33.3
2011-04-05, 33.65, 34.09, 33.52, 33.91, 353300.0, 33.31
2011-04-06, 33.96, 33.97, 33.28, 33.39, 492300.0, 32.79
2011-04-07, 33.4, 33.54, 32.57, 32.6, 398800.0, 32.02
2011-04-08, 32.92, 33.0, 31.95, 32.04, 527800.0, 31.47
2011-04-11, 31.99, 32.43, 31.75, 32.16, 379000.0, 31.59
2011-04-12, 32.0, 32.01, 30.71, 30.81, 662300.0, 30.26
2011-04-13, 31.07, 31.07, 30.45, 30.47, 577200.0, 29.93
2011-04-14, 30.24, 31.12, 30.08, 31.03, 781100.0, 30.48
2011-04-15, 30.75, 31.4, 30.32, 31.38, 349400.0, 30.82
2011-04-18, 31.82, 31.82, 30.46, 31.17, 310500.0, 30.61
2011-04-19, 31.05, 31.11, 30.52, 30.73, 391100.0, 30.18
2011-04-20, 31.04, 31.39, 31.04, 31.14, 265700.0, 30.58
2011-04-21, 31.32, 31.45, 30.85, 30.92, 215700.0, 30.37
2011-04-25, 31.08, 31.45, 30.92, 30.98, 241200.0, 30.43
2011-04-26, 31.1, 31.98, 31.1, 31.92, 448200.0, 31.35
2011-04-27, 31.9, 31.9, 31.05, 31.35, 369600.0, 30.79
2011-04-28, 31.36, 31.75, 31.28, 31.51, 174000.0, 30.95
2011-04-29, 31.45, 31.53, 31.02, 31.41, 278000.0, 30.85
2011-05-02, 31.45, 31.93, 31.12, 31.92, 365200.0, 31.35
2011-05-03, 31.58, 31.9, 30.9, 31.08, 507900.0, 30.53
2011-05-04, 30.93, 31.3, 30.31, 30.75, 799800.0, 30.2
2011-05-05, 30.65, 31.98, 30.61, 31.54, 766600.0, 30.98
2011-05-06, 31.63, 31.9, 30.57, 30.66, 377800.0, 30.11
2011-05-09, 30.7, 31.51, 30.7, 31.13, 334500.0, 30.58
2011-05-10, 29.5, 30.61, 28.93, 30.24, 2013700.0, 29.7
2011-05-11, 30.18, 30.18, 29.15, 29.43, 1092400.0, 28.91
2011-05-12, 29.25, 29.34, 28.59, 29.1, 721000.0, 28.58
2011-05-13, 29.15, 29.15, 28.31, 28.42, 458900.0, 27.91
2011-05-16, 28.28, 28.6, 27.97, 28.1, 784100.0, 27.6
2011-05-17, 28.0, 28.0, 27.26, 27.59, 596300.0, 27.1
2011-05-18, 27.53, 28.54, 27.5, 28.43, 347200.0, 27.92
2011-05-19, 28.63, 28.74, 27.45, 27.64, 725000.0, 27.15
2011-05-20, 27.56, 27.79, 27.24, 27.44, 885400.0, 26.95
2011-05-23, 27.13, 27.3, 26.65, 27.25, 533100.0, 26.76
2011-05-24, 27.0, 27.32, 26.84, 26.96, 1098400.0, 26.48
2011-05-25, 26.89, 27.42, 26.72, 27.3, 411700.0, 26.81
2011-05-26, 27.31, 27.42, 26.23, 26.8, 1098900.0, 26.32
2011-05-27, 28.52, 28.67, 27.92, 28.02, 686200.0, 27.52
2011-05-31, 28.3, 28.44, 27.58, 28.05, 820900.0, 27.55
2011-06-01, 28.05, 28.31, 27.67, 27.67, 626100.0, 27.18
2011-06-02, 27.82, 28.22, 27.71, 27.86, 399300.0, 27.36
2011-06-03, 27.48, 27.85, 27.3, 27.67, 394100.0, 27.18
2011-06-06, 27.55, 27.69, 27.3, 27.38, 484400.0, 26.89
2011-06-07, 27.61, 27.7, 27.43, 27.47, 263100.0, 26.98
2011-06-08, 27.53, 27.65, 27.19, 27.23, 527100.0, 26.74
2011-06-09, 27.45, 27.92, 27.32, 27.53, 848200.0, 27.04
2011-06-10, 27.48, 27.48, 27.02, 27.26, 256500.0, 26.77
2011-06-13, 27.15, 27.59, 26.94, 27.2, 346200.0, 26.72
2011-06-14, 27.25, 27.59, 27.21, 27.4, 289600.0, 26.91
2011-06-15, 27.24, 27.42, 26.86, 27.2, 358100.0, 26.72
2011-06-16, 27.06, 28.1, 27.05, 28.02, 1118400.0, 27.52
2011-06-17, 28.23, 28.3, 27.81, 28.03, 403500.0, 27.53
2011-06-20, 27.99, 28.06, 27.75, 27.99, 290500.0, 27.49
2011-06-21, 28.09, 28.63, 28.09, 28.3, 293100.0, 27.8
2011-06-22, 28.24, 29.02, 28.24, 28.55, 279700.0, 28.04
2011-06-23, 28.25, 28.6, 27.76, 28.59, 268200.0, 28.08
2011-06-24, 28.66, 28.7, 28.01, 28.15, 564200.0, 27.65
2011-06-27, 28.1, 28.17, 27.5, 27.51, 460900.0, 27.02
2011-06-28, 27.65, 27.82, 27.44, 27.61, 698700.0, 27.12
2011-06-29, 27.63, 27.87, 27.5, 27.7, 608800.0, 27.21
2011-06-30, 27.8, 27.8, 27.6, 27.71, 1011300.0, 27.22
2011-07-01, 27.78, 27.99, 27.67, 27.74, 1154500.0, 27.25
2011-07-05, 27.62, 27.69, 26.29, 26.81, 2244200.0, 26.33
2011-07-06, 26.79, 26.89, 26.36, 26.41, 1217700.0, 25.94
2011-07-07, 26.63, 27.55, 26.49, 27.51, 3086000.0, 27.02
2011-07-08, 27.19, 27.53, 27.0, 27.49, 523900.0, 27.0
2011-07-11, 27.19, 27.26, 26.49, 26.63, 287300.0, 26.16
2011-07-12, 26.72, 26.95, 26.4, 26.5, 626200.0, 26.03
2011-07-13, 26.69, 26.94, 26.47, 26.58, 435800.0, 26.11
2011-07-14, 26.75, 26.75, 25.83, 25.89, 351700.0, 25.43
2011-07-15, 25.78, 25.82, 24.99, 25.07, 773500.0, 24.62
2011-07-18, 24.99, 24.99, 24.57, 24.7, 855200.0, 24.26
2011-07-19, 24.79, 25.38, 24.78, 25.3, 648600.0, 24.85
2011-07-20, 25.45, 26.29, 25.36, 26.29, 753100.0, 25.82
2011-07-21, 26.37, 27.39, 26.31, 26.93, 935100.0, 26.45
2011-07-22, 26.84, 27.16, 26.62, 26.93, 664600.0, 26.45
2011-07-25, 26.79, 26.83, 26.23, 26.26, 337500.0, 25.79
2011-07-26, 26.3, 26.3, 25.76, 25.8, 232600.0, 25.34
2011-07-27, 25.6, 25.6, 24.95, 25.21, 398300.0, 24.76
2011-07-28, 24.97, 25.21, 24.86, 24.98, 417100.0, 24.53
2011-07-29, 24.57, 25.17, 24.3, 24.98, 526600.0, 24.53
2011-08-01, 25.33, 25.47, 24.75, 25.35, 442700.0, 24.9
2011-08-02, 25.23, 25.47, 24.41, 24.42, 320700.0, 23.98
2011-08-03, 24.34, 24.35, 23.34, 24.1, 611200.0, 23.67
2011-08-04, 23.75, 23.75, 22.72, 22.75, 582300.0, 22.34
2011-08-05, 23.02, 23.33, 22.28, 22.75, 470000.0, 22.34
2011-08-08, 20.78, 22.63, 20.48, 20.59, 824300.0, 20.22
2011-08-09, 20.96, 21.82, 20.01, 21.82, 1821700.0, 21.43
2011-08-10, 21.3, 21.3, 19.39, 20.25, 1165200.0, 19.89
2011-08-11, 20.41, 21.95, 20.26, 21.82, 412700.0, 21.43
2011-08-12, 22.1, 22.31, 21.54, 22.25, 455000.0, 21.85
2011-08-15, 22.6, 22.9, 22.33, 22.78, 256400.0, 22.37
2011-08-16, 22.44, 23.05, 22.31, 22.61, 383000.0, 22.21
2011-08-17, 22.66, 23.11, 22.43, 22.7, 256800.0, 22.3
2011-08-18, 22.04, 22.13, 20.67, 21.0, 407900.0, 20.63
2011-08-19, 20.43, 21.49, 20.36, 20.72, 366400.0, 20.35
2011-08-22, 21.15, 21.39, 20.49, 20.71, 251500.0, 20.34
2011-08-23, 20.87, 21.16, 20.48, 20.99, 310600.0, 20.62
2011-08-24, 21.0, 21.52, 20.85, 21.36, 321300.0, 20.98
2011-08-25, 21.52, 21.65, 20.47, 20.85, 209100.0, 20.48
2011-08-26, 20.74, 21.82, 20.44, 21.8, 228800.0, 21.41
2011-08-29, 22.26, 22.54, 22.02, 22.49, 197800.0, 22.09
2011-08-30, 22.44, 23.02, 22.19, 22.88, 328200.0, 22.47
2011-08-31, 23.03, 23.6, 22.8, 23.03, 406900.0, 22.62
2011-09-01, 23.09, 23.09, 21.86, 21.93, 247800.0, 21.54
2011-09-02, 21.42, 21.58, 20.82, 20.85, 351000.0, 20.48
2011-09-06, 20.04, 20.65, 20.04, 20.59, 313000.0, 20.22
2011-09-07, 20.99, 21.43, 20.92, 21.34, 262000.0, 20.96
2011-09-08, 21.16, 21.44, 20.94, 21.1, 221000.0, 20.72
2011-09-09, 20.88, 20.88, 19.77, 19.89, 454600.0, 19.54
2011-09-12, 19.61, 19.88, 19.31, 19.72, 340500.0, 19.37
2011-09-13, 19.78, 20.48, 19.59, 20.44, 255700.0, 20.08
2011-09-14, 20.54, 20.95, 20.07, 20.59, 149300.0, 20.22
2011-09-15, 20.76, 21.2, 20.26, 21.2, 457300.0, 20.82
2011-09-16, 21.07, 21.29, 20.94, 21.2, 459100.0, 20.82
2011-09-19, 20.84, 21.12, 20.54, 21.04, 323000.0, 20.66
2011-09-20, 21.12, 21.31, 20.27, 20.3, 197800.0, 19.94
2011-09-21, 20.23, 20.45, 19.88, 19.88, 316000.0, 19.53
2011-09-22, 19.7, 19.71, 18.05, 18.54, 437500.0, 18.21
2011-09-23, 18.5, 19.82, 18.49, 19.77, 2559400.0, 19.42
2011-09-26, 19.85, 19.91, 19.07, 19.8, 517600.0, 19.45
2011-09-27, 20.36, 21.84, 20.12, 21.3, 518200.0, 20.92
2011-09-28, 21.22, 21.49, 20.39, 20.53, 512100.0, 20.16
2011-09-29, 20.91, 21.13, 20.2, 20.84, 331500.0, 20.47
2011-09-30, 20.53, 20.78, 19.54, 19.55, 538400.0, 19.2
2011-10-03, 19.36, 20.09, 19.25, 19.45, 782300.0, 19.1
2011-10-04, 19.1, 20.51, 18.91, 20.48, 525000.0, 20.11
2011-10-05, 20.43, 21.06, 20.17, 20.78, 531700.0, 20.41
2011-10-06, 20.8, 21.51, 20.65, 21.37, 278000.0, 20.99
2011-10-07, 21.75, 21.88, 20.44, 20.63, 230400.0, 20.26
2011-10-10, 20.93, 21.62, 20.93, 21.62, 237800.0, 21.23
2011-10-11, 21.35, 22.0, 21.35, 21.97, 262600.0, 21.58
2011-10-12, 22.06, 23.32, 21.95, 23.1, 617300.0, 22.69
2011-10-13, 22.81, 23.03, 22.36, 22.67, 394500.0, 22.27
2011-10-14, 22.87, 23.07, 22.35, 22.55, 267700.0, 22.15
2011-10-17, 22.37, 22.48, 21.44, 21.53, 171000.0, 21.15
2011-10-18, 21.61, 21.91, 21.28, 21.57, 407200.0, 21.19
2011-10-19, 21.46, 22.0, 21.27, 21.64, 415000.0, 21.25
2011-10-20, 21.72, 21.89, 21.32, 21.42, 248200.0, 21.04
2011-10-21, 21.64, 21.99, 21.42, 21.91, 409200.0, 21.52
2011-10-24, 21.97, 23.25, 21.97, 22.73, 376200.0, 22.32
2011-10-25, 22.5, 22.54, 21.55, 21.87, 370800.0, 21.48
2011-10-26, 22.29, 22.5, 21.76, 22.36, 116200.0, 21.96
2011-10-27, 23.13, 23.32, 22.94, 23.19, 355000.0, 22.78
2011-10-28, 23.06, 23.69, 22.74, 23.4, 431200.0, 22.98
2011-10-31, 22.93, 23.16, 21.97, 21.99, 322700.0, 21.6
2011-11-01, 21.19, 22.0, 21.0, 21.65, 495100.0, 21.26
2011-11-02, 21.96, 22.11, 21.54, 21.88, 250300.0, 21.49
2011-11-03, 21.77, 22.51, 21.4, 22.44, 379200.0, 22.04
2011-11-04, 22.22, 22.76, 21.93, 22.53, 161100.0, 22.13
2011-11-07, 22.78, 22.78, 21.89, 22.56, 214400.0, 22.16
2011-11-08, 23.5, 24.9, 23.5, 24.03, 775400.0, 23.6
2011-11-09, 23.57, 24.38, 22.95, 23.25, 470200.0, 22.84
2011-11-10, 23.62, 23.83, 22.88, 23.05, 318700.0, 22.64
2011-11-11, 23.33, 23.78, 23.24, 23.5, 202500.0, 23.08
2011-11-14, 23.44, 23.64, 23.31, 23.41, 203800.0, 22.99
2011-11-15, 23.25, 23.81, 23.12, 23.63, 166000.0, 23.21
2011-11-16, 23.33, 23.84, 23.21, 23.24, 258600.0, 22.83
2011-11-17, 23.21, 23.52, 22.58, 22.96, 396500.0, 22.55
2011-11-18, 23.11, 23.11, 22.57, 22.8, 291700.0, 22.39
2011-11-21, 22.3, 22.65, 22.15, 22.18, 281400.0, 21.78
2011-11-22, 22.18, 22.24, 21.92, 21.95, 267000.0, 21.56
2011-11-23, 21.7, 21.92, 21.58, 21.6, 215300.0, 21.21
2011-11-25, 21.46, 21.96, 21.38, 21.52, 118000.0, 21.14
2011-11-28, 22.29, 22.84, 22.24, 22.81, 304600.0, 22.4
2011-11-29, 22.86, 23.19, 22.29, 22.45, 522000.0, 22.05
2011-11-30, 24.88, 24.88, 22.42, 22.68, 604500.0, 22.28
2011-12-01, 22.51, 22.83, 22.42, 22.59, 389800.0, 22.19
2011-12-02, 22.87, 23.18, 22.36, 22.49, 306300.0, 22.09
2011-12-05, 22.63, 22.92, 22.35, 22.59, 443100.0, 22.19
2011-12-06, 22.48, 22.79, 22.38, 22.49, 301900.0, 22.09
2011-12-07, 22.32, 23.01, 21.99, 22.87, 892400.0, 22.46
2011-12-08, 22.66, 22.73, 21.89, 21.97, 139600.0, 21.58
2011-12-09, 21.97, 22.47, 21.81, 22.42, 127500.0, 22.02
2011-12-12, 22.03, 22.31, 21.54, 21.89, 240100.0, 21.5
2011-12-13, 21.94, 22.18, 21.48, 21.6, 213200.0, 21.21
2011-12-14, 21.39, 21.56, 20.89, 20.94, 300200.0, 20.57
2011-12-15, 21.18, 22.28, 21.14, 22.13, 918100.0, 21.74
2011-12-16, 22.27, 23.21, 21.57, 23.12, 1256800.0, 22.71
2011-12-19, 23.06, 23.74, 22.82, 23.01, 584600.0, 22.6
2011-12-20, 23.57, 23.88, 23.17, 23.38, 740500.0, 22.96
2011-12-21, 23.3, 24.45, 22.93, 24.15, 1120400.0, 23.72
2011-12-22, 24.2, 24.94, 23.97, 24.89, 594100.0, 24.45
2011-12-23, 24.97, 24.99, 24.73, 24.96, 471900.0, 24.52
2011-12-27, 24.81, 24.95, 24.68, 24.85, 183900.0, 24.41
2011-12-28, 24.76, 24.9, 24.19, 24.27, 248800.0, 23.84
2011-12-29, 24.24, 24.44, 23.8, 24.25, 557400.0, 23.82
2011-12-30, 24.27, 24.36, 23.93, 24.14, 243000.0, 23.71
2012-01-03, 24.73, 24.8, 23.4, 23.59, 946200.0, 23.17
2012-01-04, 23.39, 24.01, 23.3, 23.94, 706000.0, 23.51
2012-01-05, 23.74, 24.31, 23.51, 23.97, 386400.0, 23.54
2012-01-06, 23.91, 24.13, 23.38, 23.44, 364800.0, 23.02
2012-01-09, 23.56, 23.63, 23.34, 23.49, 305800.0, 23.07
2012-01-10, 23.78, 23.9, 23.6, 23.86, 286100.0, 23.43
2012-01-11, 23.8, 24.02, 23.74, 23.89, 213900.0, 23.46
2012-01-12, 24.22, 24.22, 23.65, 24.03, 316600.0, 23.6
2012-01-13, 23.84, 24.21, 23.6, 24.15, 537300.0, 23.72
2012-01-17, 24.38, 24.53, 24.06, 24.28, 310900.0, 23.85
2012-01-18, 24.23, 24.81, 23.88, 24.65, 458300.0, 24.21
2012-01-19, 24.81, 25.31, 24.73, 25.18, 615800.0, 24.73
2012-01-20, 25.24, 25.33, 24.93, 25.06, 414000.0, 24.61
2012-01-23, 24.99, 25.39, 24.62, 24.72, 297900.0, 24.28
2012-01-24, 24.53, 24.81, 24.43, 24.7, 728900.0, 24.26
2012-01-25, 24.6, 24.88, 24.58, 24.82, 874800.0, 24.38
2012-01-26, 25.02, 25.12, 24.72, 24.96, 465900.0, 24.52
2012-01-27, 24.81, 25.55, 24.7, 25.5, 399200.0, 25.05
2012-01-30, 25.36, 25.53, 25.01, 25.26, 339300.0, 24.81
2012-01-31, 25.5, 25.5, 24.74, 24.85, 272300.0, 24.41
2012-02-01, 25.04, 25.47, 24.94, 25.21, 607200.0, 24.76
2012-02-02, 25.22, 25.42, 24.88, 24.91, 415000.0, 24.47
2012-02-03, 25.14, 25.7, 25.07, 25.61, 592400.0, 25.15
2012-02-06, 25.42, 26.17, 25.42, 26.01, 581200.0, 25.55
2012-02-07, 25.91, 26.05, 25.78, 25.85, 568800.0, 25.39
2012-02-08, 26.0, 26.32, 25.77, 26.02, 1046400.0, 25.56
2012-02-09, 26.01, 26.47, 26.01, 26.29, 859300.0, 25.82
2012-02-10, 26.05, 26.72, 26.02, 26.56, 993900.0, 26.09
2012-02-13, 26.76, 26.76, 25.97, 26.19, 303600.0, 25.72
2012-02-14, 26.14, 26.26, 25.69, 25.94, 310600.0, 25.48
2012-02-15, 25.98, 25.98, 25.5, 25.56, 330400.0, 25.1
2012-02-16, 25.58, 26.13, 25.36, 26.01, 265400.0, 25.55
2012-02-17, 26.01, 26.43, 26.01, 26.19, 168100.0, 25.72
2012-02-21, 26.24, 26.49, 26.06, 26.15, 280100.0, 25.68
2012-02-22, 26.2, 26.34, 25.73, 25.82, 327900.0, 25.36
2012-02-23, 25.77, 26.4, 25.64, 26.32, 405800.0, 25.85
2012-02-24, 26.37, 26.51, 26.03, 26.12, 275600.0, 25.65
2012-02-27, 25.99, 26.26, 25.83, 26.09, 177500.0, 25.62
2012-02-28, 26.27, 26.43, 25.95, 26.06, 348400.0, 25.6
2012-02-29, 25.96, 26.3, 25.6, 25.74, 480100.0, 25.28
2012-03-01, 27.97, 29.2, 26.91, 27.16, 1598100.0, 26.68
2012-03-02, 27.28, 27.35, 26.76, 26.91, 375600.0, 26.43
2012-03-05, 26.89, 26.98, 26.54, 26.59, 771000.0, 26.12
2012-03-06, 26.21, 26.32, 25.94, 26.05, 386000.0, 25.59
2012-03-07, 26.08, 26.54, 26.05, 26.23, 304200.0, 25.76
2012-03-08, 26.4, 26.74, 26.23, 26.66, 577800.0, 26.18
2012-03-09, 26.58, 27.2, 26.41, 27.15, 593400.0, 26.67
2012-03-12, 27.01, 27.36, 26.9, 27.01, 327100.0, 26.53
2012-03-13, 27.03, 27.74, 27.03, 27.72, 499200.0, 27.23
2012-03-14, 27.7, 27.78, 27.33, 27.36, 366300.0, 26.87
2012-03-15, 27.28, 27.5, 26.59, 26.65, 1049300.0, 26.17
2012-03-16, 26.82, 26.99, 26.48, 26.72, 933100.0, 26.24
2012-03-19, 26.7, 27.2, 26.56, 27.12, 461200.0, 26.64
2012-03-20, 26.97, 27.93, 26.48, 26.83, 307800.0, 26.35
2012-03-21, 26.84, 26.94, 26.38, 26.62, 290000.0, 26.15
2012-03-22, 26.33, 26.62, 26.22, 26.31, 194700.0, 25.84
2012-03-23, 26.26, 26.54, 26.22, 26.3, 283800.0, 25.83
2012-03-26, 26.4, 26.8, 26.2, 26.45, 440800.0, 25.98
2012-03-27, 26.45, 26.67, 26.23, 26.25, 418900.0, 25.78
2012-03-28, 26.39, 26.47, 25.94, 26.2, 494600.0, 25.73
2012-03-29, 26.13, 26.17, 25.81, 25.99, 300000.0, 25.53
2012-03-30, 26.11, 26.2, 25.7, 25.75, 358000.0, 25.29
2012-04-02, 25.65, 26.22, 25.65, 25.92, 992800.0, 25.46
2012-04-03, 25.92, 26.01, 25.11, 25.73, 681700.0, 25.27
2012-04-04, 25.5, 25.65, 25.32, 25.47, 517500.0, 25.02
2012-04-05, 25.4, 25.59, 25.17, 25.28, 240600.0, 24.83
2012-04-09, 24.94, 25.08, 24.74, 24.78, 398300.0, 24.34
2012-04-10, 24.64, 24.66, 23.83, 23.87, 697900.0, 23.44
2012-04-11, 24.14, 24.3, 23.42, 23.74, 906000.0, 23.32
2012-04-12, 23.77, 24.42, 23.77, 24.3, 451300.0, 23.87
2012-04-13, 24.17, 24.17, 23.49, 23.64, 429100.0, 23.22
2012-04-16, 23.8, 24.07, 23.6, 23.63, 506100.0, 23.21
2012-04-17, 23.86, 23.9, 23.6, 23.7, 515700.0, 23.28
2012-04-18, 23.6, 23.66, 23.45, 23.52, 469700.0, 23.1
2012-04-19, 23.54, 23.66, 23.27, 23.42, 913300.0, 23.0
2012-04-20, 23.5, 23.65, 23.37, 23.45, 1152800.0, 23.03
2012-04-23, 23.19, 23.19, 22.89, 23.02, 670100.0, 22.61
2012-04-24, 23.12, 23.36, 23.05, 23.19, 440200.0, 22.78
2012-04-25, 23.37, 23.49, 23.28, 23.4, 393700.0, 22.98
2012-04-26, 23.35, 24.29, 23.34, 24.0, 1647200.0, 23.57
2012-04-27, 24.03, 24.49, 23.86, 24.43, 536200.0, 23.99
2012-04-30, 24.33, 24.71, 24.25, 24.6, 653600.0, 24.16
2012-05-01, 24.68, 25.46, 24.65, 25.0, 588600.0, 24.55
2012-05-02, 24.82, 25.11, 24.58, 25.01, 861200.0, 24.56
2012-05-03, 24.91, 25.38, 24.78, 25.09, 1370700.0, 24.64
2012-05-04, 25.01, 25.15, 24.76, 24.95, 1152800.0, 24.51
2012-05-07, 24.74, 25.06, 24.58, 24.79, 590000.0, 24.35
2012-05-08, 24.53, 24.76, 24.13, 24.5, 672000.0, 24.06
2012-05-09, 24.12, 24.93, 24.0, 24.53, 894800.0, 24.09
2012-05-10, 25.0, 26.24, 24.62, 24.91, 2372600.0, 24.47
2012-05-11, 25.34, 25.75, 24.81, 25.29, 849700.0, 24.84
2012-05-14, 25.04, 25.38, 24.69, 25.28, 1005500.0, 24.83
2012-05-15, 25.4, 25.58, 24.91, 25.13, 779900.0, 24.68
2012-05-16, 25.25, 25.51, 24.66, 24.68, 764200.0, 24.24
2012-05-17, 24.66, 24.81, 23.85, 24.01, 583900.0, 23.58
2012-05-18, 24.12, 24.28, 23.29, 23.38, 651000.0, 22.96
2012-05-21, 23.51, 24.36, 23.49, 24.19, 769800.0, 23.76
2012-05-22, 24.26, 24.32, 23.84, 24.02, 573200.0, 23.59
2012-05-23, 23.77, 24.23, 23.56, 24.19, 617000.0, 23.76
2012-05-24, 24.27, 24.37, 23.78, 24.0, 337000.0, 23.57
2012-05-25, 23.94, 24.36, 23.87, 24.01, 394600.0, 23.58
2012-05-29, 24.13, 25.07, 24.0, 24.82, 620400.0, 24.38
2012-05-30, 24.62, 24.62, 24.14, 24.37, 471100.0, 23.94
2012-05-31, 24.42, 24.77, 23.92, 24.65, 1009300.0, 24.21
2012-06-01, 24.03, 24.4, 23.8, 23.9, 604600.0, 23.47
2012-06-04, 23.85, 24.33, 23.14, 23.48, 901000.0, 23.06
2012-06-05, 23.44, 23.48, 22.86, 23.22, 613600.0, 22.81
2012-06-06, 23.25, 23.91, 23.04, 23.91, 1123500.0, 23.48
2012-06-07, 24.15, 24.85, 24.15, 24.35, 1225700.0, 23.92
2012-06-08, 24.26, 24.74, 23.97, 24.72, 531300.0, 24.28
2012-06-11, 24.85, 24.98, 23.75, 23.83, 632700.0, 23.41
2012-06-12, 23.83, 24.36, 23.74, 24.34, 245600.0, 23.91
2012-06-13, 24.12, 24.25, 23.4, 23.61, 446100.0, 23.19
2012-06-14, 23.62, 24.01, 23.53, 23.94, 373300.0, 23.51
2012-06-15, 23.96, 24.25, 23.7, 24.23, 411700.0, 23.8
2012-06-18, 24.08, 24.43, 23.87, 24.2, 475600.0, 23.77
2012-06-19, 24.33, 24.92, 24.2, 24.74, 557200.0, 24.3
2012-06-20, 24.74, 24.74, 24.13, 24.56, 430400.0, 24.12
2012-06-21, 24.62, 24.77, 23.83, 23.89, 380600.0, 23.46
2012-06-22, 23.98, 24.29, 23.74, 24.25, 628600.0, 23.82
2012-06-25, 23.79, 23.9, 23.49, 23.62, 692400.0, 23.2
2012-06-26, 23.65, 23.78, 23.46, 23.57, 435500.0, 23.15
2012-06-27, 23.65, 24.1, 23.62, 23.86, 352200.0, 23.43
2012-06-28, 23.61, 23.73, 23.31, 23.72, 630400.0, 23.3
2012-06-29, 24.25, 24.58, 24.1, 24.5, 730900.0, 24.06
2012-07-02, 24.59, 25.13, 24.45, 25.11, 707900.0, 24.66
2012-07-03, 25.11, 25.68, 24.95, 25.66, 414800.0, 25.2
2012-07-05, 25.53, 25.97, 25.48, 25.6, 391500.0, 25.14
2012-07-06, 25.26, 25.47, 25.1, 25.27, 329100.0, 24.82
2012-07-09, 25.21, 25.3, 24.96, 25.16, 346100.0, 24.71
2012-07-10, 25.29, 25.3, 24.58, 24.78, 297200.0, 24.34
2012-07-11, 24.67, 24.94, 24.37, 24.55, 272200.0, 24.11
2012-07-12, 24.3, 24.49, 24.12, 24.28, 357400.0, 23.85
2012-07-13, 24.33, 24.85, 24.33, 24.81, 326900.0, 24.37
2012-07-16, 24.71, 24.85, 24.56, 24.75, 175800.0, 24.31
2012-07-17, 24.78, 24.95, 24.44, 24.58, 221000.0, 24.14
2012-07-18, 24.49, 25.5, 24.49, 25.31, 518100.0, 24.86
2012-07-19, 25.29, 25.42, 24.76, 25.11, 312600.0, 24.66
2012-07-20, 24.75, 25.02, 24.6, 24.95, 425100.0, 24.51
2012-07-23, 24.42, 25.04, 24.39, 24.88, 263000.0, 24.44
2012-07-24, 24.8, 24.94, 24.0, 24.13, 284400.0, 23.7
2012-07-25, 24.3, 24.43, 23.86, 23.97, 318900.0, 23.54
2012-07-26, 24.4, 24.46, 24.17, 24.42, 139300.0, 23.98
2012-07-27, 24.65, 24.92, 24.31, 24.78, 215900.0, 24.34
2012-07-30, 24.95, 25.64, 24.92, 25.13, 347800.0, 24.68
2012-07-31, 25.07, 25.26, 24.73, 25.1, 310500.0, 24.65
2012-08-01, 25.23, 25.48, 24.89, 24.96, 214100.0, 24.52
2012-08-02, 24.74, 24.95, 24.4, 24.6, 174100.0, 24.16
2012-08-03, 25.1, 25.73, 24.9, 25.6, 407500.0, 25.14
2012-08-06, 25.53, 25.82, 25.4, 25.66, 535000.0, 25.2
2012-08-07, 25.93, 26.3, 25.7, 26.2, 462200.0, 25.73
2012-08-08, 26.27, 26.44, 25.58, 26.25, 497900.0, 25.78
2012-08-09, 26.29, 26.46, 25.96, 26.11, 396800.0, 25.64
2012-08-10, 26.12, 26.22, 25.64, 25.77, 360200.0, 25.31
2012-08-13, 25.8, 26.16, 25.69, 26.12, 379000.0, 25.65
2012-08-14, 26.12, 26.43, 26.05, 26.43, 434300.0, 25.96
2012-08-15, 26.32, 26.71, 26.15, 26.6, 230200.0, 26.13
2012-08-16, 26.47, 26.97, 26.36, 26.9, 237700.0, 26.42
2012-08-17, 26.86, 27.0, 26.63, 26.99, 294400.0, 26.51
2012-08-20, 26.96, 26.96, 26.43, 26.74, 204400.0, 26.26
2012-08-21, 26.79, 26.86, 25.3, 25.4, 1248700.0, 24.95
2012-08-22, 25.29, 25.76, 25.07, 25.69, 445200.0, 25.23
2012-08-23, 25.47, 25.67, 25.25, 25.4, 538400.0, 24.95
2012-08-24, 25.26, 25.38, 24.75, 24.87, 483100.0, 24.43
2012-08-27, 24.84, 25.07, 24.65, 24.67, 317700.0, 24.23
2012-08-28, 24.55, 24.73, 24.51, 24.58, 330800.0, 24.14
2012-08-29, 24.52, 24.78, 24.43, 24.65, 286900.0, 24.21
2012-08-30, 24.48, 24.68, 24.24, 24.43, 279900.0, 23.99
2012-08-31, 24.74, 24.85, 24.54, 24.67, 296700.0, 24.23
2012-09-04, 24.75, 24.83, 24.16, 24.48, 458600.0, 24.04
2012-09-05, 24.62, 24.93, 24.51, 24.7, 477000.0, 24.26
2012-09-06, 24.95, 25.3, 24.86, 25.17, 288000.0, 24.72
2012-09-07, 25.46, 25.58, 25.17, 25.28, 277800.0, 24.83
2012-09-10, 25.28, 25.45, 25.02, 25.05, 280500.0, 24.6
2012-09-11, 25.06, 25.48, 25.06, 25.2, 273000.0, 24.75
2012-09-12, 25.25, 25.65, 25.15, 25.65, 253600.0, 25.19
2012-09-13, 25.73, 25.89, 25.33, 25.66, 402700.0, 25.2
2012-09-14, 25.65, 26.34, 25.59, 26.26, 338700.0, 25.79
2012-09-17, 26.05, 26.18, 25.71, 25.84, 388800.0, 25.38
2012-09-18, 25.8, 26.01, 25.69, 25.91, 308400.0, 25.45
2012-09-19, 25.86, 26.43, 25.65, 26.24, 463600.0, 25.77
2012-09-20, 25.98, 26.25, 25.84, 26.0, 270100.0, 25.54
2012-09-21, 25.97, 26.32, 25.87, 25.87, 376700.0, 25.41
2012-09-24, 25.7, 25.91, 25.45, 25.74, 352600.0, 25.28
2012-09-25, 25.79, 25.91, 25.62, 25.68, 456000.0, 25.22
2012-09-26, 25.61, 25.64, 25.26, 25.51, 457100.0, 25.06
2012-09-27, 25.65, 25.65, 25.26, 25.49, 462800.0, 25.04
2012-09-28, 25.4, 25.55, 25.22, 25.47, 361800.0, 25.02
2012-10-01, 25.55, 25.7, 25.33, 25.39, 467900.0, 24.94
2012-10-02, 25.4, 25.81, 25.2, 25.56, 1068300.0, 25.1
2012-10-03, 25.55, 25.78, 25.4, 25.49, 312100.0, 25.04
2012-10-04, 25.6, 25.67, 25.27, 25.51, 372700.0, 25.06
2012-10-05, 25.66, 25.8, 25.47, 25.6, 250400.0, 25.14
2012-10-08, 25.44, 25.82, 25.35, 25.78, 262900.0, 25.32
2012-10-09, 25.9, 26.18, 25.69, 26.18, 734700.0, 25.71
2012-10-10, 26.09, 26.28, 25.83, 26.15, 692100.0, 25.68
2012-10-11, 26.36, 26.71, 26.24, 26.7, 615800.0, 26.22
2012-10-12, 26.7, 26.82, 26.47, 26.69, 742900.0, 26.21
2012-10-15, 26.67, 26.78, 26.45, 26.55, 368000.0, 26.08
2012-10-16, 26.6, 26.87, 26.58, 26.66, 705600.0, 26.18
2012-10-17, 26.8, 26.8, 26.05, 26.32, 583000.0, 25.85
2012-10-18, 26.2, 26.43, 26.14, 26.28, 363000.0, 25.81
2012-10-19, 26.19, 26.21, 25.52, 25.81, 517700.0, 25.35
2012-10-22, 25.81, 25.81, 25.25, 25.46, 929800.0, 25.01
2012-10-23, 25.22, 25.42, 24.88, 25.16, 669000.0, 24.71
2012-10-24, 25.27, 25.27, 24.82, 25.03, 822600.0, 24.58
2012-10-25, 25.04, 25.17, 24.88, 25.02, 506000.0, 24.57
2012-10-26, 24.96, 25.1, 24.52, 24.95, 786500.0, 24.51
2012-10-31, 25.0, 25.95, 24.77, 25.77, 818400.0, 25.31
2012-11-01, 25.86, 26.14, 25.85, 26.08, 411700.0, 25.62
2012-11-02, 26.15, 26.22, 25.87, 25.91, 278900.0, 25.45
2012-11-05, 25.87, 26.22, 25.81, 25.94, 665800.0, 25.48
2012-11-06, 25.89, 26.35, 25.68, 26.25, 999200.0, 25.78
2012-11-07, 26.03, 26.25, 25.89, 26.25, 548900.0, 25.78
2012-11-08, 25.9, 25.9, 22.86, 23.34, 2982600.0, 22.92
2012-11-09, 22.9, 23.73, 22.72, 23.37, 1283600.0, 22.95
2012-11-12, 23.35, 24.27, 23.34, 24.07, 1162900.0, 23.64
2012-11-13, 23.85, 24.08, 23.55, 23.71, 1031300.0, 23.29
2012-11-14, 23.78, 23.95, 23.39, 23.71, 1183700.0, 23.29
2012-11-15, 23.62, 24.08, 23.43, 23.59, 1221900.0, 23.25
2012-11-16, 23.58, 23.77, 23.24, 23.59, 762600.0, 23.25
2012-11-19, 23.76, 23.9, 23.52, 23.54, 686200.0, 23.2
2012-11-20, 23.48, 24.09, 23.26, 24.06, 1112200.0, 23.71
2012-11-21, 24.2, 24.74, 24.2, 24.4, 864400.0, 24.05
2012-11-23, 24.44, 24.78, 24.44, 24.59, 318200.0, 24.23
2012-11-26, 24.6, 25.0, 24.58, 24.72, 570300.0, 24.36
2012-11-27, 24.56, 24.98, 24.56, 24.77, 595100.0, 24.41
2012-11-28, 24.66, 25.05, 24.44, 24.76, 648600.0, 24.4
2012-11-29, 24.93, 25.11, 24.8, 25.01, 417400.0, 24.65
2012-11-30, 24.98, 25.29, 24.94, 25.19, 628800.0, 24.82
2012-12-03, 25.27, 25.27, 24.62, 24.63, 453800.0, 24.27
2012-12-04, 24.62, 24.84, 24.35, 24.54, 771200.0, 24.18
2012-12-05, 24.06, 24.67, 24.06, 24.54, 700900.0, 24.18
2012-12-06, 24.54, 25.02, 24.29, 25.01, 855900.0, 24.65
2012-12-07, 25.13, 25.25, 24.81, 25.03, 656600.0, 24.67
2012-12-10, 24.97, 25.51, 24.89, 25.51, 506000.0, 25.14
2012-12-11, 25.98, 25.98, 25.34, 25.39, 542800.0, 25.02
2012-12-12, 25.51, 25.84, 25.31, 25.35, 491800.0, 24.98
2012-12-13, 25.35, 25.54, 25.04, 25.41, 495800.0, 25.04
2012-12-14, 25.75, 25.75, 25.17, 25.21, 302300.0, 24.84
2012-12-17, 25.33, 25.56, 25.33, 25.49, 498100.0, 25.12
2012-12-18, 25.53, 25.99, 25.38, 25.95, 792400.0, 25.57
2012-12-19, 25.92, 25.99, 25.72, 25.84, 574700.0, 25.47
2012-12-20, 25.79, 25.99, 25.59, 25.99, 431900.0, 25.61
2012-12-21, 25.7, 25.84, 25.48, 25.67, 450300.0, 25.3
2012-12-24, 25.56, 25.93, 25.56, 25.61, 224100.0, 25.24
2012-12-26, 25.56, 25.74, 25.26, 25.42, 260000.0, 25.05
2012-12-27, 25.39, 25.74, 25.08, 25.65, 419100.0, 25.28
2012-12-28, 25.47, 25.52, 25.12, 25.19, 268300.0, 24.82
2012-12-31, 25.11, 26.54, 25.05, 26.2, 757300.0, 25.82
2013-01-02, 26.67, 26.87, 26.33, 26.5, 462200.0, 26.12
2013-01-03, 26.55, 27.06, 26.34, 26.68, 348900.0, 26.29
2013-01-04, 26.82, 26.94, 26.58, 26.63, 332900.0, 26.24
2013-01-07, 26.48, 26.71, 26.3, 26.32, 490000.0, 25.94
2013-01-08, 26.28, 26.46, 24.84, 25.7, 1653000.0, 25.33
2013-01-09, 25.71, 25.93, 25.38, 25.57, 978400.0, 25.2
2013-01-10, 25.71, 25.71, 24.96, 25.56, 884900.0, 25.19
2013-01-11, 25.25, 25.48, 24.96, 25.31, 927300.0, 24.94
2013-01-14, 25.37, 25.73, 25.27, 25.71, 963400.0, 25.34
2013-01-15, 25.51, 26.0, 25.48, 25.97, 738100.0, 25.59
2013-01-16, 25.87, 26.11, 25.7, 25.9, 428100.0, 25.52
2013-01-17, 26.1, 26.1, 25.71, 25.97, 587500.0, 25.59
2013-01-18, 26.84, 26.84, 26.0, 26.19, 579700.0, 25.81
2013-01-22, 26.19, 26.42, 25.96, 26.39, 612400.0, 26.01
2013-01-23, 26.36, 26.67, 26.29, 26.61, 729900.0, 26.22
2013-01-24, 26.65, 26.82, 26.42, 26.53, 629900.0, 26.15
2013-01-25, 26.66, 27.01, 26.34, 26.75, 1056000.0, 26.36
2013-01-28, 26.82, 26.82, 26.17, 26.26, 868300.0, 25.88
2013-01-29, 26.22, 26.47, 26.19, 26.46, 540600.0, 26.08
2013-01-30, 26.63, 27.44, 26.17, 26.19, 428200.0, 25.81
2013-01-31, 26.14, 26.66, 25.89, 26.64, 386000.0, 26.25
2013-02-01, 26.64, 26.71, 26.26, 26.62, 469800.0, 26.23
2013-02-04, 26.56, 26.64, 26.16, 26.39, 282500.0, 26.01
2013-02-05, 26.49, 26.9, 26.49, 26.63, 482800.0, 26.24
2013-02-06, 26.6, 26.84, 26.38, 26.79, 471200.0, 26.4
2013-02-07, 26.83, 26.83, 26.19, 26.65, 380300.0, 26.26
2013-02-08, 26.72, 26.79, 26.52, 26.59, 251500.0, 26.2
2013-02-11, 26.63, 26.65, 26.35, 26.54, 294300.0, 26.16
2013-02-12, 26.39, 26.51, 26.09, 26.29, 719300.0, 25.91
2013-02-13, 26.22, 26.41, 26.1, 26.26, 658700.0, 25.88
2013-02-14, 26.22, 26.56, 26.17, 26.48, 436000.0, 26.18
2013-02-15, 26.52, 26.73, 26.46, 26.66, 655400.0, 26.35
2013-02-19, 26.54, 26.74, 26.12, 26.67, 981100.0, 26.36
2013-02-20, 26.71, 26.74, 26.29, 26.3, 1239000.0, 26.0
2013-02-21, 26.26, 26.64, 26.0, 26.45, 910400.0, 26.15
2013-02-22, 26.56, 26.64, 26.46, 26.48, 610900.0, 26.18
2013-02-25, 26.64, 27.02, 26.14, 26.14, 732200.0, 25.84
2013-02-26, 26.29, 26.31, 25.49, 25.73, 967300.0, 25.43
2013-02-27, 25.75, 26.54, 25.75, 26.43, 801000.0, 26.13
2013-02-28, 29.93, 29.97, 26.55, 27.02, 3780200.0, 26.71
2013-03-01, 27.11, 27.11, 26.55, 27.11, 1304900.0, 26.8
2013-03-04, 27.12, 27.32, 26.67, 26.8, 737900.0, 26.49
2013-03-05, 26.76, 27.4, 26.71, 27.3, 1062400.0, 26.99
2013-03-06, 27.35, 27.52, 26.94, 27.32, 702400.0, 27.01
2013-03-07, 27.16, 27.72, 27.14, 27.71, 600400.0, 27.39
2013-03-08, 27.9, 28.02, 27.46, 27.48, 622600.0, 27.16
2013-03-11, 27.46, 27.55, 27.18, 27.32, 803400.0, 27.01
2013-03-12, 27.17, 27.64, 27.17, 27.5, 509200.0, 27.18
2013-03-13, 27.55, 28.1, 27.55, 27.91, 1071000.0, 27.59
2013-03-14, 27.98, 28.45, 27.9, 28.39, 583300.0, 28.06
2013-03-15, 28.28, 28.45, 28.02, 28.02, 1001600.0, 27.7
2013-03-18, 27.8, 28.41, 27.77, 28.29, 403200.0, 27.96
2013-03-19, 28.25, 28.45, 27.93, 28.15, 508400.0, 27.83
2013-03-20, 28.22, 28.47, 28.15, 28.39, 374100.0, 28.06
2013-03-21, 28.17, 28.39, 27.83, 27.97, 274600.0, 27.65
2013-03-22, 28.0, 28.2, 27.8, 28.01, 536700.0, 27.69
2013-03-25, 28.1, 28.32, 27.95, 28.32, 714000.0, 27.99
2013-03-26, 28.38, 28.74, 28.27, 28.37, 541400.0, 28.04
2013-03-27, 28.24, 28.24, 27.91, 28.03, 582300.0, 27.71
2013-03-28, 28.14, 28.48, 28.0, 28.41, 742700.0, 28.08
2013-04-01, 28.37, 28.57, 28.13, 28.27, 706700.0, 27.95
2013-04-02, 28.34, 28.36, 27.53, 27.63, 582800.0, 27.31
2013-04-03, 27.7, 27.92, 27.19, 27.28, 871300.0, 26.97
2013-04-04, 27.33, 27.65, 27.12, 27.3, 829900.0, 26.99
2013-04-05, 27.07, 27.38, 26.91, 27.24, 592200.0, 26.93
2013-04-08, 27.29, 27.53, 27.11, 27.37, 509900.0, 27.06
2013-04-09, 27.22, 27.35, 26.75, 26.89, 894500.0, 26.58
2013-04-10, 26.95, 27.27, 26.85, 27.23, 707300.0, 26.92
2013-04-11, 27.28, 27.56, 27.14, 27.56, 791700.0, 27.24
2013-04-12, 27.48, 27.61, 27.24, 27.3, 646600.0, 26.99
2013-04-15, 27.26, 27.38, 26.28, 26.32, 921100.0, 26.02
2013-04-16, 26.4, 26.63, 26.28, 26.63, 918700.0, 26.32
2013-04-17, 26.47, 26.98, 26.13, 26.3, 660000.0, 26.0
2013-04-18, 26.23, 26.49, 25.87, 25.91, 868700.0, 25.61
2013-04-19, 26.0, 26.14, 25.66, 25.93, 538100.0, 25.63
2013-04-22, 26.12, 26.5, 25.55, 26.09, 462500.0, 25.79
2013-04-23, 26.23, 26.54, 26.08, 26.47, 572300.0, 26.17
2013-04-24, 26.54, 26.99, 26.43, 26.5, 663700.0, 26.2
2013-04-25, 26.57, 26.85, 26.5, 26.61, 580300.0, 26.3
2013-04-26, 26.6, 26.7, 26.37, 26.46, 1045300.0, 26.16
2013-04-29, 26.6, 27.31, 26.5, 27.15, 595500.0, 26.84
2013-04-30, 27.16, 27.36, 26.81, 27.2, 544500.0, 26.89
2013-05-01, 27.11, 27.19, 26.74, 26.77, 539300.0, 26.46
2013-05-02, 26.89, 27.36, 26.89, 27.28, 426200.0, 26.97
2013-05-03, 27.52, 28.03, 27.52, 27.93, 521300.0, 27.61
2013-05-06, 27.88, 28.38, 27.88, 28.28, 708900.0, 27.96
2013-05-07, 28.54, 28.68, 28.21, 28.37, 731500.0, 28.04
2013-05-08, 27.15, 28.03, 26.28, 27.5, 1739200.0, 27.18
2013-05-09, 27.29, 27.38, 27.06, 27.1, 944900.0, 26.79
2013-05-10, 27.1, 27.54, 27.08, 27.54, 1091500.0, 27.22
2013-05-13, 27.46, 27.54, 26.9, 27.0, 633900.0, 26.69
2013-05-14, 27.11, 27.64, 27.11, 27.63, 647100.0, 27.31
2013-05-15, 27.56, 28.24, 27.56, 28.22, 623700.0, 27.98
2013-05-16, 28.28, 29.1, 28.25, 28.98, 1094600.0, 28.73
2013-05-17, 28.93, 29.72, 28.92, 29.63, 1223700.0, 29.37
2013-05-20, 29.44, 29.9, 29.35, 29.76, 959800.0, 29.5
2013-05-21, 29.82, 30.18, 29.64, 30.02, 1058300.0, 29.76
2013-05-22, 29.91, 30.15, 29.65, 29.79, 1241600.0, 29.53
2013-05-23, 29.48, 29.9, 29.38, 29.8, 1195100.0, 29.54
2013-05-24, 29.6, 29.77, 29.5, 29.7, 505700.0, 29.44
2013-05-28, 29.82, 30.23, 29.82, 29.95, 707800.0, 29.69
2013-05-29, 29.87, 30.06, 29.57, 29.9, 719800.0, 29.64
2013-05-30, 30.07, 30.08, 29.73, 29.84, 455800.0, 29.58
2013-05-31, 29.7, 29.96, 29.52, 29.68, 823300.0, 29.42
2013-06-03, 29.77, 29.9, 29.43, 29.77, 603900.0, 29.51
2013-06-04, 29.71, 29.89, 29.34, 29.67, 910700.0, 29.41
2013-06-05, 29.44, 29.66, 29.26, 29.4, 596700.0, 29.15
2013-06-06, 29.36, 29.7, 29.3, 29.66, 434700.0, 29.4
2013-06-07, 29.78, 30.47, 29.78, 30.42, 573400.0, 30.16
2013-06-10, 30.56, 30.56, 30.22, 30.34, 440400.0, 30.08
2013-06-11, 29.99, 30.22, 29.81, 29.98, 339100.0, 29.72
2013-06-12, 30.02, 30.17, 29.74, 29.8, 583100.0, 29.54
2013-06-13, 29.75, 30.27, 29.6, 30.01, 771400.0, 29.75
2013-06-14, 28.86, 30.43, 28.86, 30.18, 379500.0, 29.92
2013-06-17, 30.37, 30.52, 30.18, 30.24, 295500.0, 29.98
2013-06-18, 30.32, 30.84, 30.32, 30.67, 539400.0, 30.41
2013-06-19, 30.77, 30.77, 30.05, 30.05, 453000.0, 29.79
2013-06-20, 29.82, 29.93, 29.48, 29.49, 611500.0, 29.24
2013-06-21, 29.69, 29.81, 29.23, 29.45, 1089700.0, 29.2
2013-06-24, 29.29, 29.65, 29.15, 29.28, 534600.0, 29.03
2013-06-25, 29.58, 29.61, 29.24, 29.39, 741000.0, 29.14
2013-06-26, 29.49, 29.91, 29.33, 29.57, 468700.0, 29.32
2013-06-27, 29.79, 30.19, 29.6, 30.01, 718600.0, 29.75
2013-06-28, 29.84, 30.23, 29.72, 30.03, 822700.0, 29.77
2013-07-01, 30.14, 30.49, 30.0, 30.22, 411200.0, 29.96
2013-07-02, 30.21, 30.78, 30.17, 30.41, 325200.0, 30.15
2013-07-03, 30.24, 30.59, 30.13, 30.58, 292200.0, 30.32
2013-07-05, 30.81, 30.83, 30.54, 30.8, 210600.0, 30.53
2013-07-08, 30.84, 31.42, 30.81, 31.0, 449900.0, 30.73
2013-07-09, 31.07, 31.19, 30.83, 31.02, 384300.0, 30.75
2013-07-10, 31.08, 31.23, 30.85, 31.0, 495300.0, 30.73
2013-07-11, 31.25, 31.4, 31.01, 31.12, 565100.0, 30.85
2013-07-12, 31.1, 31.1, 30.83, 30.95, 542900.0, 30.68
2013-07-15, 30.95, 31.08, 30.73, 30.75, 660400.0, 30.49
2013-07-16, 30.82, 30.95, 30.59, 30.91, 397300.0, 30.64
2013-07-17, 30.97, 31.04, 30.67, 30.77, 481100.0, 30.5
2013-07-18, 30.87, 31.0, 30.69, 30.89, 642800.0, 30.62
2013-07-19, 30.94, 30.98, 30.66, 30.92, 488300.0, 30.65
2013-07-22, 30.92, 31.11, 30.82, 31.0, 551700.0, 30.73
2013-07-23, 31.09, 31.25, 30.8, 30.96, 593600.0, 30.69
2013-07-24, 31.08, 31.3, 30.72, 31.0, 357300.0, 30.73
2013-07-25, 30.94, 31.26, 30.84, 31.04, 260700.0, 30.77
2013-07-26, 30.95, 31.08, 30.67, 30.86, 227700.0, 30.59
2013-07-29, 30.8, 31.0, 30.59, 30.63, 366100.0, 30.37
2013-07-30, 30.76, 31.1, 30.54, 30.73, 545300.0, 30.47
2013-07-31, 30.98, 30.98, 30.48, 30.54, 575900.0, 30.28
2013-08-01, 30.69, 31.04, 30.69, 30.85, 484300.0, 30.58
2013-08-02, 30.94, 31.68, 30.71, 31.6, 531800.0, 31.33
2013-08-05, 31.55, 31.78, 31.46, 31.67, 317000.0, 31.4
2013-08-06, 31.6, 31.73, 31.02, 31.05, 246800.0, 30.78
2013-08-07, 31.0, 31.0, 30.44, 30.74, 441100.0, 30.48
2013-08-08, 31.15, 31.84, 31.14, 31.2, 601300.0, 30.93
2013-08-09, 31.26, 31.54, 31.12, 31.38, 326700.0, 31.11
2013-08-12, 31.37, 31.45, 30.58, 31.32, 301600.0, 31.05
2013-08-13, 31.26, 31.27, 30.87, 30.9, 367900.0, 30.63
2013-08-14, 30.83, 31.01, 30.75, 30.86, 250600.0, 30.59
2013-08-15, 30.62, 30.65, 30.13, 30.24, 257400.0, 29.98
2013-08-16, 30.08, 30.33, 29.99, 30.03, 198000.0, 29.85
2013-08-19, 30.02, 30.14, 29.95, 29.96, 266800.0, 29.78
2013-08-20, 30.02, 30.47, 30.02, 30.34, 302900.0, 30.16
2013-08-21, 30.28, 30.57, 29.97, 30.34, 327500.0, 30.16
2013-08-22, 30.39, 31.34, 30.2, 31.29, 558600.0, 31.1
2013-08-23, 31.27, 31.48, 31.16, 31.41, 406300.0, 31.22
2013-08-26, 31.46, 31.66, 31.39, 31.51, 250900.0, 31.32
2013-08-27, 31.17, 31.37, 31.02, 31.16, 446500.0, 30.97
2013-08-28, 31.23, 31.4, 31.09, 31.27, 406000.0, 31.08
2013-08-29, 31.24, 31.47, 30.9, 30.96, 605900.0, 30.77
2013-08-30, 31.05, 31.11, 30.83, 30.99, 288600.0, 30.8
2013-09-03, 31.23, 31.6, 31.16, 31.58, 582600.0, 31.39
2013-09-04, 31.63, 31.75, 31.38, 31.72, 517600.0, 31.53
2013-09-05, 31.67, 32.1, 31.54, 32.1, 496200.0, 31.91
2013-09-06, 32.17, 32.68, 31.88, 32.5, 499400.0, 32.31
2013-09-09, 32.61, 32.99, 32.58, 32.96, 403900.0, 32.76
2013-09-10, 33.0, 33.5, 32.99, 33.49, 375900.0, 33.29
2013-09-11, 33.44, 33.98, 33.34, 33.75, 580800.0, 33.55
2013-09-12, 33.67, 33.88, 33.55, 33.66, 743800.0, 33.46
2013-09-13, 33.78, 33.9, 33.6, 33.86, 546900.0, 33.66
2013-09-16, 33.97, 34.14, 33.69, 33.74, 462200.0, 33.54
2013-09-17, 33.74, 33.91, 33.32, 33.77, 359900.0, 33.57
2013-09-18, 33.71, 34.19, 33.53, 34.17, 457500.0, 33.97
2013-09-19, 34.21, 34.45, 34.06, 34.17, 426600.0, 33.97
2013-09-20, 34.22, 34.22, 33.77, 33.82, 772900.0, 33.62
2013-09-23, 33.68, 33.97, 33.44, 33.57, 512800.0, 33.37
2013-09-24, 33.44, 33.9, 33.39, 33.66, 341200.0, 33.46
2013-09-25, 33.81, 34.29, 33.6, 33.99, 527300.0, 33.79
2013-09-26, 34.08, 34.24, 33.91, 34.1, 455500.0, 33.9
2013-09-27, 34.09, 34.13, 33.83, 33.94, 254200.0, 33.74
2013-09-30, 33.6, 33.85, 33.3, 33.72, 331400.0, 33.52
2013-10-01, 33.69, 34.04, 33.57, 33.75, 543500.0, 33.55
2013-10-02, 33.74, 34.27, 33.05, 34.27, 450300.0, 34.06
2013-10-03, 34.29, 34.31, 33.53, 33.79, 468300.0, 33.59
2013-10-04, 33.77, 34.07, 33.73, 33.74, 233900.0, 33.54
2013-10-07, 33.62, 33.74, 33.52, 33.57, 422600.0, 33.37
2013-10-08, 33.51, 33.71, 32.87, 32.91, 365800.0, 32.71
2013-10-09, 32.91, 32.99, 32.41, 32.63, 394100.0, 32.43
2013-10-10, 32.87, 33.38, 32.65, 33.28, 324100.0, 33.08
2013-10-11, 33.33, 33.47, 33.16, 33.19, 622100.0, 32.99
2013-10-14, 33.14, 33.67, 32.93, 33.66, 536700.0, 33.46
2013-10-15, 33.71, 33.76, 32.84, 33.2, 638900.0, 33.0
2013-10-16, 33.26, 33.45, 33.04, 33.05, 349600.0, 32.85
2013-10-17, 33.05, 33.17, 32.9, 32.93, 1033600.0, 32.73
2013-10-18, 33.19, 33.36, 32.94, 32.97, 653900.0, 32.77
2013-10-21, 33.03, 33.08, 32.82, 32.9, 769600.0, 32.7
2013-10-22, 33.08, 33.21, 32.87, 32.98, 771300.0, 32.78
2013-10-23, 33.04, 33.08, 32.7, 32.87, 592400.0, 32.67
2013-10-24, 32.95, 33.15, 32.82, 32.88, 836100.0, 32.68
2013-10-25, 33.01, 33.02, 32.78, 32.87, 421200.0, 32.67
2013-10-28, 32.96, 32.96, 32.64, 32.77, 697800.0, 32.57
2013-10-29, 32.86, 32.89, 32.41, 32.5, 1050300.0, 32.31
2013-10-30, 32.56, 32.65, 31.96, 32.05, 1421600.0, 31.86
2013-10-31, 32.09, 32.26, 31.74, 32.21, 1392300.0, 32.02
2013-11-01, 32.25, 32.47, 31.77, 31.85, 1190600.0, 31.66
2013-11-04, 31.85, 32.51, 31.68, 32.43, 1307400.0, 32.24
2013-11-05, 32.23, 32.39, 31.6, 31.65, 1800400.0, 31.46
2013-11-06, 31.7, 31.77, 31.12, 31.19, 1112100.0, 31.0
2013-11-07, 31.24, 31.29, 30.94, 30.99, 1153800.0, 30.8
2013-11-08, 31.04, 31.56, 31.01, 31.55, 839600.0, 31.36
2013-11-11, 31.55, 31.71, 31.47, 31.64, 302900.0, 31.45
2013-11-12, 31.56, 31.85, 31.31, 31.49, 778100.0, 31.3
2013-11-13, 30.55, 32.03, 30.07, 31.96, 2388400.0, 31.77
2013-11-14, 31.83, 32.0, 31.2, 31.41, 1889300.0, 31.22
2013-11-15, 31.52, 31.73, 31.26, 31.73, 1585500.0, 31.54
2013-11-18, 31.85, 32.3, 31.68, 32.17, 1003500.0, 31.98
2013-11-19, 32.16, 32.3, 31.85, 31.91, 1207100.0, 31.72
2013-11-20, 31.89, 32.05, 31.64, 31.66, 1155500.0, 31.47
2013-11-21, 31.76, 32.11, 31.5, 31.99, 1067800.0, 31.9
2013-11-22, 31.99, 32.28, 31.82, 32.08, 678500.0, 31.99
2013-11-25, 32.26, 32.44, 31.95, 32.16, 597200.0, 32.07
2013-11-26, 32.2, 32.47, 32.06, 32.35, 903500.0, 32.26
2013-11-27, 32.45, 32.61, 32.4, 32.55, 495200.0, 32.46
2013-11-29, 32.64, 32.76, 32.44, 32.47, 155300.0, 32.38
2013-12-02, 32.33, 32.66, 32.21, 32.28, 669900.0, 32.19
2013-12-03, 32.16, 32.24, 31.93, 31.98, 707400.0, 31.89
2013-12-04, 31.84, 32.0, 31.64, 31.8, 760600.0, 31.71
2013-12-05, 31.76, 32.0, 31.62, 31.74, 725500.0, 31.65
2013-12-06, 31.97, 32.56, 31.92, 32.51, 632000.0, 32.42
2013-12-09, 32.55, 32.68, 32.47, 32.52, 440100.0, 32.43
2013-12-10, 32.42, 32.89, 32.29, 32.84, 711900.0, 32.75
2013-12-11, 32.99, 33.0, 32.66, 32.72, 1009000.0, 32.63
2013-12-12, 32.72, 32.91, 32.69, 32.85, 579900.0, 32.76
2013-12-13, 33.02, 33.12, 32.81, 33.05, 561200.0, 32.96
2013-12-16, 33.16, 33.8, 33.09, 33.7, 1247900.0, 33.6
2013-12-17, 33.64, 33.79, 33.39, 33.41, 1126500.0, 33.32
2013-12-18, 33.55, 33.8, 33.19, 33.64, 530800.0, 33.54
2013-12-19, 33.64, 33.76, 33.12, 33.69, 1663400.0, 33.59
2013-12-20, 33.88, 34.15, 33.69, 33.94, 1090600.0, 33.84
2013-12-23, 33.99, 34.12, 33.73, 33.85, 770100.0, 33.75
2013-12-24, 33.89, 34.18, 33.69, 34.1, 399600.0, 34.0
2013-12-26, 34.17, 34.52, 33.98, 34.48, 425700.0, 34.38
2013-12-27, 34.55, 34.63, 34.28, 34.37, 261200.0, 34.27
2013-12-30, 34.45, 34.61, 34.24, 34.52, 273400.0, 34.42
2013-12-31, 34.53, 34.67, 34.19, 34.19, 513600.0, 34.09
2014-01-02, 34.0, 34.15, 33.69, 34.01, 602600.0, 33.91
2014-01-03, 33.98, 34.28, 33.93, 34.24, 549100.0, 34.14
2014-01-06, 34.44, 34.51, 33.93, 34.35, 1144600.0, 34.25
2014-01-07, 34.49, 34.55, 34.32, 34.51, 597800.0, 34.41
2014-01-08, 34.6, 34.61, 34.1, 34.19, 477800.0, 34.09
2014-01-09, 34.14, 34.43, 34.04, 34.23, 541900.0, 34.13
2014-01-10, 34.31, 34.42, 34.11, 34.35, 340500.0, 34.25
2014-01-13, 34.44, 34.51, 34.17, 34.3, 430000.0, 34.2
2014-01-14, 34.35, 34.79, 34.35, 34.74, 669000.0, 34.64
2014-01-15, 34.94, 35.4, 34.85, 35.04, 982800.0, 34.94
2014-01-16, 35.0, 35.0, 34.78, 34.86, 407300.0, 34.76
2014-01-17, 34.85, 34.98, 34.71, 34.86, 358300.0, 34.76
2014-01-21, 35.0, 35.07, 34.83, 34.93, 302500.0, 34.83
2014-01-22, 35.01, 35.03, 34.77, 34.98, 242800.0, 34.88
2014-01-23, 34.85, 34.96, 34.62, 34.84, 641000.0, 34.74
2014-01-24, 34.7, 34.71, 33.5, 33.51, 699300.0, 33.41
2014-01-27, 33.73, 33.73, 32.8, 33.21, 1008900.0, 33.12
2014-01-28, 33.22, 33.52, 33.14, 33.5, 462600.0, 33.4
2014-01-29, 33.3, 33.78, 33.24, 33.38, 484700.0, 33.29
2014-01-30, 33.63, 34.13, 33.46, 34.12, 420700.0, 34.02
2014-01-31, 33.87, 34.54, 33.73, 34.28, 805600.0, 34.18
2014-02-03, 34.3, 34.42, 32.89, 32.95, 740800.0, 32.86
2014-02-04, 33.01, 33.39, 32.82, 33.13, 539700.0, 33.04
2014-02-05, 33.06, 33.21, 32.75, 32.96, 372300.0, 32.87
2014-02-06, 32.97, 33.41, 32.85, 33.37, 460600.0, 33.28
2014-02-07, 33.54, 33.85, 33.31, 33.41, 821400.0, 33.32
2014-02-10, 33.36, 33.39, 32.95, 33.05, 427100.0, 32.96
2014-02-11, 33.04, 33.68, 32.99, 33.68, 298300.0, 33.58
2014-02-12, 33.67, 34.02, 33.59, 33.79, 755600.0, 33.69
2014-02-13, 33.7, 34.11, 33.52, 34.08, 269100.0, 33.98
2014-02-14, 34.14, 34.26, 34.05, 34.17, 328300.0, 34.07
2014-02-18, 34.19, 34.95, 34.19, 34.94, 366500.0, 34.84
2014-02-19, 34.89, 35.0, 34.22, 34.52, 722300.0, 34.42
2014-02-20, 34.64, 34.98, 34.51, 34.97, 378200.0, 34.87
2014-02-21, 35.11, 35.13, 34.82, 34.96, 277900.0, 34.86
2014-02-24, 35.02, 35.33, 34.8, 34.86, 438800.0, 34.76
2014-02-25, 35.12, 35.3, 34.9, 35.23, 691200.0, 35.13
2014-02-26, 35.18, 35.35, 34.99, 35.13, 615900.0, 35.13
2014-02-27, 32.94, 34.77, 32.62, 32.75, 4828900.0, 32.75
2014-02-28, 32.77, 33.27, 32.39, 32.96, 1653800.0, 32.96
2014-03-03, 32.71, 33.0, 32.54, 32.69, 753500.0, 32.69
2014-03-04, 33.0, 33.4, 32.88, 32.93, 909700.0, 32.93
2014-03-05, 33.0, 33.27, 32.88, 33.09, 782300.0, 33.09
2014-03-06, 33.19, 33.4, 32.92, 33.15, 690200.0, 33.15
2014-03-07, 33.38, 33.47, 33.1, 33.43, 670800.0, 33.43
2014-03-10, 33.5, 33.57, 33.25, 33.31, 1075800.0, 33.31
2014-03-11, 33.16, 33.43, 32.97, 33.0, 990800.0, 33.0
2014-03-12, 32.99, 33.01, 32.74, 32.88, 782500.0, 32.88
2014-03-13, 32.89, 33.77, 32.89, 33.57, 1555400.0, 33.57
2014-03-14, 33.57, 33.66, 32.78, 32.82, 904900.0, 32.82
2014-03-17, 32.88, 33.26, 32.68, 32.85, 651000.0, 32.85
2014-03-18, 32.9, 33.54, 32.78, 33.52, 506800.0, 33.52
2014-03-19, 32.94, 33.5, 32.94, 33.4, 427100.0, 33.4
2014-03-20, 33.45, 33.54, 32.55, 32.63, 1073600.0, 32.63
2014-03-21, 32.84, 32.9, 32.64, 32.81, 2457400.0, 32.81
2014-03-24, 33.0, 33.1, 32.73, 32.74, 806200.0, 32.74
2014-03-25, 32.98, 33.01, 32.7, 32.9, 587500.0, 32.9
2014-03-26, 33.0, 33.12, 32.75, 32.8, 768800.0, 32.8
2014-03-27, 32.8, 32.96, 32.54, 32.6, 773300.0, 32.6
2014-03-28, 32.65, 32.98, 32.39, 32.53, 670400.0, 32.53
2014-03-31, 32.71, 33.29, 32.65, 33.2, 601600.0, 33.2
2014-04-01, 33.26, 33.46, 33.0, 33.06, 973600.0, 33.06
2014-04-02, 33.27, 34.38, 33.14, 34.36, 733000.0, 34.36
2014-04-03, 34.31, 34.63, 33.88, 33.91, 1182300.0, 33.91
2014-04-04, 34.13, 34.14, 33.52, 34.1, 697000.0, 34.1
2014-04-07, 34.03, 34.1, 33.63, 33.76, 959200.0, 33.76
2014-04-08, 33.62, 33.96, 33.5, 33.91, 901100.0, 33.91
2014-04-09, 33.91, 34.19, 33.85, 33.94, 1014400.0, 33.94
2014-04-10, 33.89, 34.21, 33.17, 33.25, 476800.0, 33.25
2014-04-11, 33.1, 33.16, 32.76, 32.84, 578600.0, 32.84
2014-04-14, 33.18, 33.6, 32.88, 33.49, 1470100.0, 33.49
2014-04-15, 33.72, 33.97, 33.25, 33.85, 1412200.0, 33.85
2014-04-16, 34.06, 34.11, 33.66, 33.8, 1097100.0, 33.8
2014-04-17, 33.92, 34.1, 33.71, 33.73, 496400.0, 33.73
2014-04-21, 33.9, 34.07, 33.71, 33.84, 809800.0, 33.84
2014-04-22, 33.89, 34.9, 33.81, 34.29, 1248400.0, 34.29
2014-04-23, 34.31, 34.42, 34.12, 34.17, 466200.0, 34.17
2014-04-24, 34.4, 34.4, 33.71, 34.07, 1222300.0, 34.07
2014-04-25, 34.05, 34.13, 33.72, 33.82, 733800.0, 33.82
2014-04-28, 33.91, 34.17, 33.7, 34.06, 1614700.0, 34.06
2014-04-29, 34.16, 34.74, 33.96, 34.69, 1142500.0, 34.69
2014-04-30, 34.9, 35.34, 34.73, 34.79, 1107100.0, 34.79
2014-05-01, 35.24, 36.0, 34.97, 35.45, 1884200.0, 35.45
2014-05-02, 35.73, 35.79, 35.45, 35.49, 767900.0, 35.49
2014-05-05, 35.38, 35.41, 34.82, 35.02, 960100.0, 35.02
2014-05-06, 35.0, 35.1, 34.73, 34.86, 829300.0, 34.86
2014-05-07, 34.8, 35.14, 34.45, 34.76, 1364200.0, 34.76
2014-05-08, 34.75, 34.89, 34.47, 34.63, 729100.0, 34.63
2014-05-09, 34.74, 34.74, 34.46, 34.64, 561500.0, 34.64
2014-05-12, 34.73, 35.2, 34.7, 34.81, 2181900.0, 34.81
2014-05-13, 34.3, 34.35, 32.3, 32.54, 3844700.0, 32.54
2014-05-14, 32.23, 32.59, 32.18, 32.42, 1868700.0, 32.42
2014-05-15, 32.28, 32.42, 31.72, 32.38, 1150800.0, 32.38
2014-05-16, 32.32, 32.33, 31.61, 31.96, 1437100.0, 31.96
2014-05-19, 31.78, 32.1, 31.78, 32.0, 825000.0, 31.9
2014-05-20, 31.94, 32.04, 31.69, 31.89, 919800.0, 31.79
2014-05-21, 31.8, 32.1, 31.58, 31.97, 777500.0, 31.97
2014-05-22, 31.93, 32.2, 31.6, 31.93, 1012600.0, 31.93
2014-05-23, 31.98, 32.38, 31.81, 32.24, 855100.0, 32.24
2014-05-27, 32.3, 32.97, 32.24, 32.71, 831300.0, 32.71
2014-05-28, 32.89, 32.9, 32.47, 32.58, 830200.0, 32.58
2014-05-29, 32.77, 32.98, 32.39, 32.39, 1031800.0, 32.39
2014-05-30, 32.46, 32.56, 32.29, 32.32, 856900.0, 32.32
2014-06-02, 32.49, 32.68, 32.09, 32.15, 971600.0, 32.15
2014-06-03, 32.07, 32.17, 31.85, 31.86, 1422300.0, 31.86
2014-06-04, 31.87, 32.24, 31.87, 31.9, 1090500.0, 31.9
2014-06-05, 32.05, 32.41, 31.97, 32.41, 2075600.0, 32.41
2014-06-06, 32.43, 33.02, 32.43, 32.78, 1239400.0, 32.78
2014-06-09, 32.78, 32.99, 32.76, 32.93, 909700.0, 32.93
2014-06-10, 32.91, 33.24, 32.82, 32.91, 531900.0, 32.91
2014-06-11, 32.8, 32.87, 32.38, 32.43, 595800.0, 32.43
2014-06-12, 32.39, 32.5, 32.15, 32.19, 454800.0, 32.19
2014-06-13, 32.17, 32.55, 32.06, 32.36, 546900.0, 32.36
2014-06-16, 32.31, 32.56, 32.13, 32.3, 580900.0, 32.3
2014-06-17, 32.26, 32.75, 32.26, 32.36, 660300.0, 32.36
2014-06-18, 32.36, 32.59, 32.15, 32.48, 519300.0, 32.48
2014-06-19, 32.43, 32.69, 32.29, 32.48, 476000.0, 32.48
2014-06-20, 32.42, 32.63, 32.29, 32.32, 770700.0, 32.32
2014-06-23, 32.48, 32.79, 32.33, 32.45, 491400.0, 32.45
2014-06-24, 32.41, 32.54, 32.07, 32.07, 554300.0, 32.07
2014-06-25, 32.12, 32.19, 31.83, 32.0, 622200.0, 32.0
2014-06-26, 32.0, 32.13, 31.88, 32.08, 350600.0, 32.08
2014-06-27, 32.0, 32.13, 31.9, 32.0, 1921300.0, 32.0
2014-06-30, 32.08, 32.52, 31.93, 32.46, 659200.0, 32.46
2014-07-01, 32.51, 32.72, 32.2, 32.55, 892500.0, 32.55
2014-07-02, 32.57, 33.04, 32.57, 32.82, 685900.0, 32.82
2014-07-03, 32.85, 33.18, 32.77, 33.0, 380600.0, 33.0
2014-07-07, 33.1, 33.17, 32.86, 32.88, 803500.0, 32.88
2014-07-08, 32.83, 33.08, 32.69, 32.69, 892700.0, 32.69
2014-07-09, 32.8, 32.9, 32.6, 32.84, 540100.0, 32.84
2014-07-10, 32.55, 32.64, 32.18, 32.31, 694500.0, 32.2
2014-07-11, 32.37, 32.58, 32.25, 32.54, 559800.0, 32.43
2014-07-14, 32.59, 33.06, 32.57, 32.94, 949800.0, 32.82
2014-07-15, 33.0, 33.06, 32.46, 32.75, 744800.0, 32.64
2014-07-16, 32.82, 33.48, 32.82, 33.0, 771800.0, 32.88
2014-07-17, 33.0, 33.07, 32.79, 32.86, 760300.0, 32.74
2014-07-18, 32.95, 33.13, 32.74, 33.1, 550100.0, 32.98
2014-07-21, 33.09, 33.57, 32.98, 33.43, 738700.0, 33.31
2014-07-22, 33.41, 33.5, 32.8, 32.94, 720400.0, 32.82
2014-07-23, 33.09, 33.28, 32.91, 33.2, 342200.0, 33.08
2014-07-24, 33.15, 33.29, 32.8, 32.9, 299100.0, 32.78
2014-07-25, 32.74, 32.88, 32.61, 32.76, 369700.0, 32.65
2014-07-28, 32.77, 32.79, 32.45, 32.46, 622100.0, 32.35
2014-07-29, 32.42, 32.48, 31.86, 31.88, 669500.0, 31.77
2014-07-30, 31.9, 32.02, 31.68, 31.92, 456400.0, 31.81
2014-07-31, 31.65, 32.22, 31.01, 31.04, 880300.0, 30.93
2014-08-01, 30.98, 31.31, 30.81, 31.07, 703100.0, 30.96
2014-08-04, 31.28, 31.38, 30.92, 31.05, 961900.0, 30.94
2014-08-05, 31.0, 31.31, 30.89, 31.01, 725500.0, 30.9
2014-08-06, 30.89, 31.09, 30.81, 30.9, 1050500.0, 30.79
2014-08-07, 27.9, 28.86, 27.52, 28.51, 4357600.0, 28.41
2014-08-08, 28.53, 29.28, 28.3, 29.13, 1767200.0, 29.03
2014-08-11, 29.14, 29.32, 28.97, 29.04, 1099300.0, 28.94
2014-08-12, 28.94, 29.12, 28.78, 28.9, 755300.0, 28.8
2014-08-13, 28.97, 29.19, 28.49, 28.59, 941100.0, 28.49
2014-08-14, 28.54, 28.75, 28.49, 28.53, 963200.0, 28.43
2014-08-15, 28.55, 28.74, 28.43, 28.54, 1172000.0, 28.44
2014-08-18, 28.51, 29.04, 28.42, 29.01, 1043100.0, 29.01
2014-08-19, 28.98, 29.11, 28.69, 28.76, 773000.0, 28.76
2014-08-20, 28.63, 28.97, 28.62, 28.9, 627300.0, 28.9
2014-08-21, 28.93, 29.26, 28.78, 29.09, 1219500.0, 29.09
2014-08-22, 29.0, 29.14, 28.66, 29.06, 675600.0, 29.06
2014-08-25, 29.28, 29.5, 29.13, 29.44, 840000.0, 29.44
2014-08-26, 29.42, 29.55, 29.19, 29.3, 524700.0, 29.3
2014-08-27, 29.31, 29.4, 28.94, 28.97, 504700.0, 28.97
2014-08-28, 28.86, 29.19, 28.76, 29.16, 406300.0, 29.16
2014-08-29, 29.13, 29.16, 28.94, 29.05, 274200.0, 29.05
2014-09-02, 29.13, 29.3, 28.89, 29.06, 497400.0, 29.06
2014-09-03, 29.09, 29.21, 28.75, 28.81, 486000.0, 28.81
2014-09-04, 28.86, 29.02, 28.75, 28.76, 296300.0, 28.66
2014-09-05, 28.75, 28.91, 28.55, 28.85, 249200.0, 28.75
2014-09-08, 28.71, 28.99, 28.67, 28.95, 648400.0, 28.85
2014-09-09, 28.93, 29.03, 28.65, 28.7, 369100.0, 28.6
2014-09-10, 28.72, 28.81, 28.48, 28.54, 533500.0, 28.45
2014-09-11, 28.46, 29.07, 28.31, 29.05, 517200.0, 28.95
2014-09-12, 29.0, 29.05, 28.61, 28.72, 748600.0, 28.62
2014-09-15, 28.71, 28.75, 28.51, 28.55, 444500.0, 28.46
2014-09-16, 28.59, 28.69, 28.2, 28.3, 2264600.0, 28.21
2014-09-17, 28.32, 28.7, 28.32, 28.56, 771200.0, 28.47
2014-09-18, 28.67, 28.91, 28.56, 28.66, 657600.0, 28.56
2014-09-19, 28.73, 28.74, 28.25, 28.29, 790400.0, 28.2
2014-09-22, 28.3, 28.41, 28.03, 28.07, 347800.0, 27.98
2014-09-23, 28.0, 28.11, 27.87, 27.9, 636500.0, 27.81
2014-09-24, 27.9, 28.01, 27.87, 27.9, 436100.0, 27.81
2014-09-25, 27.92, 28.04, 27.78, 27.87, 909100.0, 27.78
2014-09-26, 27.93, 28.07, 27.75, 28.04, 339800.0, 27.95
2014-09-29, 27.93, 28.09, 27.73, 27.9, 402500.0, 27.81
2014-09-30, 27.87, 27.9, 27.56, 27.69, 486200.0, 27.6
2014-10-01, 29.05, 29.93, 28.91, 29.9, 2300500.0, 29.8
2014-10-02, 30.05, 30.24, 29.5, 29.93, 1851800.0, 29.83
2014-10-03, 30.0, 30.0, 29.65, 29.81, 786400.0, 29.71
2014-10-06, 29.89, 30.01, 29.51, 29.79, 737100.0, 29.69
2014-10-07, 29.64, 29.83, 29.14, 29.24, 728200.0, 29.14
2014-10-08, 29.23, 29.5, 28.92, 29.45, 1129800.0, 29.35
2014-10-09, 29.45, 29.48, 28.56, 28.69, 669400.0, 28.59
2014-10-10, 28.62, 28.65, 28.12, 28.19, 775300.0, 28.1
2014-10-13, 28.39, 28.52, 27.89, 28.12, 688000.0, 28.03
2014-10-14, 28.17, 28.47, 28.0, 28.13, 579500.0, 28.04
2014-10-15, 27.79, 28.6, 27.42, 28.48, 666500.0, 28.39
2014-10-16, 28.02, 28.41, 27.91, 28.26, 918800.0, 28.17
2014-10-17, 28.45, 28.71, 28.08, 28.29, 485200.0, 28.2
2014-10-20, 28.29, 28.3, 27.52, 27.77, 804200.0, 27.68
2014-10-21, 27.88, 28.54, 27.82, 28.43, 599500.0, 28.34
2014-10-22, 28.42, 28.59, 28.1, 28.13, 397500.0, 28.04
2014-10-23, 28.41, 28.61, 28.27, 28.48, 511200.0, 28.39
2014-10-24, 28.42, 28.7, 28.39, 28.68, 312000.0, 28.58
2014-10-27, 28.74, 28.74, 28.32, 28.44, 549400.0, 28.35
2014-10-28, 28.48, 28.61, 28.32, 28.49, 758800.0, 28.4
2014-10-29, 28.51, 28.59, 28.21, 28.33, 705500.0, 28.24
2014-10-30, 28.24, 28.42, 28.03, 28.18, 568100.0, 28.09
2014-10-31, 28.57, 28.66, 28.14, 28.6, 1015300.0, 28.51
2014-11-03, 28.61, 28.94, 28.43, 28.74, 1002400.0, 28.64
2014-11-04, 28.68, 28.86, 28.55, 28.65, 660600.0, 28.56
2014-11-05, 28.73, 28.88, 28.55, 28.75, 710000.0, 28.65
2014-11-06, 30.49, 30.9, 29.8, 30.4, 4419600.0, 30.3
2014-11-07, 30.4, 30.46, 30.25, 30.29, 1710700.0, 30.19
2014-11-10, 30.36, 30.63, 30.26, 30.4, 1648900.0, 30.3
2014-11-11, 30.36, 30.41, 29.99, 30.15, 735100.0, 30.05
2014-11-12, 30.17, 30.47, 30.12, 30.43, 751500.0, 30.33
2014-11-13, 30.39, 30.42, 30.0, 30.2, 1226000.0, 30.1
2014-11-14, 30.15, 30.27, 30.1, 30.17, 1518100.0, 30.07
2014-11-17, 30.15, 30.24, 30.12, 30.16, 1137900.0, 30.06
2014-11-18, 30.21, 30.27, 29.93, 29.98, 1087200.0, 29.98
2014-11-19, 30.0, 30.19, 29.9, 30.04, 557900.0, 30.04
2014-11-20, 29.86, 30.17, 29.76, 30.13, 460800.0, 30.13
2014-11-21, 30.56, 30.74, 30.24, 30.34, 480800.0, 30.34
2014-11-24, 30.33, 30.56, 30.21, 30.55, 377600.0, 30.55
2014-11-25, 30.65, 30.75, 30.45, 30.68, 570100.0, 30.68
2014-11-26, 30.68, 30.73, 30.07, 30.17, 529300.0, 30.17
2014-11-28, 30.08, 30.1, 29.51, 29.63, 328100.0, 29.63
2014-12-01, 29.62, 29.62, 28.92, 28.94, 585600.0, 28.94
2014-12-02, 28.84, 29.14, 28.73, 29.11, 572000.0, 29.11
2014-12-03, 29.08, 29.84, 29.08, 29.7, 478200.0, 29.7
2014-12-04, 29.6, 29.78, 29.2, 29.45, 395600.0, 29.45
2014-12-05, 29.5, 29.73, 29.31, 29.61, 390700.0, 29.61
2014-12-08, 29.57, 29.57, 28.9, 29.1, 295800.0, 29.1
2014-12-09, 28.84, 29.21, 28.72, 29.18, 362400.0, 29.18
2014-12-10, 28.87, 29.18, 28.34, 28.4, 561400.0, 28.4
2014-12-11, 28.41, 28.75, 28.41, 28.51, 296200.0, 28.51
2014-12-12, 28.26, 28.26, 27.85, 27.97, 481500.0, 27.88
2014-12-15, 28.02, 28.14, 27.65, 27.93, 422200.0, 27.84
2014-12-16, 27.95, 28.26, 27.87, 28.07, 456800.0, 27.98
2014-12-17, 28.03, 28.28, 27.85, 28.21, 737400.0, 28.12
2014-12-18, 28.52, 29.37, 28.33, 29.33, 692700.0, 29.23
2014-12-19, 29.34, 29.63, 29.3, 29.32, 783600.0, 29.22
2014-12-22, 29.34, 30.07, 29.17, 30.07, 481400.0, 29.97
2014-12-23, 30.31, 30.66, 30.15, 30.46, 431000.0, 30.36
2014-12-24, 30.26, 30.43, 30.26, 30.3, 134700.0, 30.2
2014-12-26, 30.4, 30.66, 30.25, 30.32, 158100.0, 30.22
2014-12-29, 30.35, 30.81, 30.35, 30.7, 300000.0, 30.6
2014-12-30, 30.59, 30.85, 30.25, 30.45, 243800.0, 30.35
2014-12-31, 30.47, 30.67, 30.26, 30.3, 479300.0, 30.2
2015-01-02, 30.31, 30.41, 29.72, 30.06, 323700.0, 29.96
2015-01-05, 29.84, 29.95, 29.31, 29.38, 344900.0, 29.28
2015-01-06, 29.35, 29.38, 28.71, 29.1, 306700.0, 29.0
2015-01-07, 29.2, 29.29, 28.84, 28.94, 305600.0, 28.84
2015-01-08, 29.1, 29.45, 28.95, 29.3, 249000.0, 29.2
2015-01-09, 29.4, 29.4, 28.76, 28.81, 373900.0, 28.71
2015-01-12, 28.8, 28.91, 28.38, 28.45, 377900.0, 28.36
2015-01-13, 28.66, 28.87, 27.98, 28.16, 552800.0, 28.07
2015-01-14, 27.86, 28.07, 27.47, 27.81, 343000.0, 27.72
2015-01-15, 27.9, 27.9, 27.05, 27.06, 793300.0, 26.97
2015-01-16, 26.94, 27.26, 26.58, 27.15, 774200.0, 27.06
2015-01-20, 27.08, 27.32, 26.84, 27.13, 760900.0, 27.04
2015-01-21, 27.14, 27.44, 26.85, 27.01, 853400.0, 26.92
2015-01-22, 27.51, 28.07, 27.42, 27.71, 1067300.0, 27.62
2015-01-23, 27.7, 27.9, 27.46, 27.72, 550700.0, 27.63
2015-01-26, 27.67, 27.95, 27.47, 27.88, 432100.0, 27.79
2015-01-27, 27.5, 27.52, 26.94, 27.2, 641800.0, 27.11
2015-01-28, 27.48, 27.48, 26.96, 27.02, 572200.0, 26.93
2015-01-29, 26.97, 27.45, 26.8, 27.33, 1331800.0, 27.24
2015-01-30, 27.18, 27.43, 26.95, 27.23, 1019600.0, 27.14
2015-02-02, 27.36, 28.09, 27.34, 28.03, 542600.0, 27.94
2015-02-03, 28.21, 28.73, 28.09, 28.63, 584400.0, 28.53
2015-02-04, 28.5, 28.53, 27.78, 27.86, 512400.0, 27.77
2015-02-05, 27.86, 28.26, 27.79, 28.2, 373500.0, 28.11
2015-02-06, 28.33, 28.85, 28.23, 28.3, 481900.0, 28.21
2015-02-09, 28.28, 28.75, 28.28, 28.71, 504900.0, 28.61
2015-02-10, 28.82, 28.93, 28.56, 28.9, 476600.0, 28.8
2015-02-11, 28.84, 28.9, 28.5, 28.66, 319200.0, 28.56
2015-02-12, 28.83, 29.23, 28.81, 29.07, 270900.0, 28.97
2015-02-13, 29.15, 29.96, 29.07, 29.88, 690700.0, 29.78
2015-02-17, 29.81, 29.98, 29.68, 29.84, 510400.0, 29.74
2015-02-18, 29.83, 30.87, 29.7, 30.41, 754300.0, 30.31
2015-02-19, 30.39, 30.39, 30.12, 30.36, 307100.0, 30.26
2015-02-20, 30.26, 30.9, 30.21, 30.78, 414100.0, 30.68
2015-02-23, 30.67, 30.77, 30.39, 30.67, 254400.0, 30.57
2015-02-24, 30.6, 31.0, 30.57, 30.62, 466400.0, 30.52
2015-02-25, 30.56, 30.71, 30.0, 30.1, 900700.0, 30.0
2015-02-26, 29.77, 31.92, 29.59, 31.76, 1897000.0, 31.76
2015-02-27, 31.61, 31.61, 30.98, 31.04, 1156900.0, 31.04
2015-03-02, 30.99, 31.14, 30.62, 30.92, 991700.0, 30.92
2015-03-03, 30.81, 31.08, 30.64, 30.75, 1094800.0, 30.75
2015-03-04, 30.57, 30.8, 30.21, 30.78, 867700.0, 30.78
2015-03-05, 30.76, 30.83, 30.47, 30.5, 807700.0, 30.5
2015-03-06, 30.43, 30.75, 30.34, 30.38, 713100.0, 30.38
2015-03-09, 30.33, 30.4, 30.16, 30.19, 752800.0, 30.19
2015-03-10, 29.98, 30.05, 29.71, 29.8, 934400.0, 29.8
2015-03-11, 29.9, 30.32, 29.8, 30.06, 769100.0, 30.06
2015-03-12, 30.15, 30.46, 30.03, 30.13, 749200.0, 30.13
2015-03-13, 30.09, 30.14, 29.69, 29.84, 751400.0, 29.84
2015-03-16, 29.86, 29.98, 29.73, 29.87, 887800.0, 29.87
2015-03-17, 29.57, 29.75, 29.5, 29.62, 1105500.0, 29.62
2015-03-18, 29.54, 30.04, 29.5, 29.98, 1128200.0, 29.98
2015-03-19, 29.75, 30.06, 29.6, 29.73, 991800.0, 29.73
2015-03-20, 29.99, 30.48, 29.77, 30.41, 1537300.0, 30.41
2015-03-23, 30.42, 30.79, 30.37, 30.62, 686000.0, 30.62
2015-03-24, 30.65, 30.65, 30.33, 30.34, 515600.0, 30.34
2015-03-25, 30.44, 30.88, 30.4, 30.74, 731800.0, 30.74
2015-03-26, 30.64, 31.2, 30.58, 31.02, 786700.0, 31.02
2015-03-27, 31.0, 31.33, 30.98, 31.26, 704700.0, 31.26
2015-03-30, 31.41, 31.86, 31.24, 31.8, 754700.0, 31.8
2015-03-31, 31.639999, 32.279999, 31.450001, 32.09, 1073800.0, 31.99398
2015-04-01, 32.09, 32.139999, 31.6, 31.66, 847000.0, 31.565266
2015-04-02, 31.58, 31.77, 31.51, 31.629999, 860500.0, 31.535355
2015-04-06, 31.51, 31.98, 31.51, 31.82, 992900.0, 31.724787
2015-04-07, 31.83, 31.93, 31.52, 31.530001, 315600.0, 31.435656
2015-04-08, 31.51, 31.709999, 31.469999, 31.620001, 399400.0, 31.525387
2015-04-09, 31.639999, 31.719999, 31.559999, 31.67, 318000.0, 31.575237
2015-04-10, 31.65, 31.790001, 31.549999, 31.66, 415000.0, 31.565266
2015-04-13, 31.57, 31.76, 31.57, 31.700001, 426700.0, 31.605148
2015-04-14, 31.709999, 32.040001, 31.59, 32.029999, 591800.0, 31.934158
2015-04-15, 32.09, 32.529999, 31.98, 32.5, 624000.0, 32.402753
2015-04-16, 32.41, 32.52, 32.189999, 32.259998, 490300.0, 32.16347
2015-04-17, 32.029999, 32.16, 31.950001, 32.139999, 475600.0, 32.04383
2015-04-20, 32.32, 32.560001, 32.110001, 32.400002, 651700.0, 32.303054
2015-04-21, 32.549999, 32.549999, 32.34, 32.380001, 811400.0, 32.283113
2015-04-22, 32.450001, 32.57, 32.259998, 32.549999, 535300.0, 32.452603
2015-04-23, 32.509998, 32.68, 32.369999, 32.490002, 613300.0, 32.392785
2015-04-24, 32.470001, 32.650002, 32.200001, 32.32, 678600.0, 32.223291
2015-04-27, 32.43, 32.599998, 32.23, 32.290001, 1049100.0, 32.193382
2015-04-28, 32.23, 32.75, 32.209999, 32.700001, 456000.0, 32.602155
2015-04-29, 32.619999, 32.830002, 32.43, 32.650002, 581900.0, 32.552306
2015-04-30, 32.580002, 32.77, 32.25, 32.32, 720300.0, 32.223291
2015-05-01, 32.380001, 32.490002, 31.950001, 32.049999, 644800.0, 31.954099
2015-05-04, 32.049999, 32.490002, 32.049999, 32.299999, 604500.0, 32.203351
2015-05-05, 32.380001, 32.439999, 31.67, 31.73, 811100.0, 31.635057
2015-05-06, 31.91, 32.07, 31.610001, 31.870001, 404700.0, 31.774639
2015-05-07, 34.41, 34.639999, 33.119999, 34.040001, 1878400.0, 33.938146
2015-05-08, 34.389999, 34.389999, 33.639999, 33.639999, 1556800.0, 33.539341
2015-05-11, 33.580002, 33.720001, 33.400002, 33.419998, 687700.0, 33.319998
2015-05-12, 33.189999, 33.290001, 32.5, 33.209999, 1409900.0, 33.209999
2015-05-13, 33.290001, 33.720001, 33.139999, 33.439999, 1021900.0, 33.439999
2015-05-14, 33.599998, 33.599998, 33.41, 33.540001, 714400.0, 33.540001
2015-05-15, 33.540001, 33.57, 33.259998, 33.490002, 629400.0, 33.490002
2015-05-18, 33.389999, 33.560001, 33.240002, 33.52, 672400.0, 33.52
2015-05-19, 33.470001, 33.849998, 33.32, 33.650002, 1064100.0, 33.650002
2015-05-20, 33.720001, 33.720001, 32.98, 33.0, 800500.0, 33.0
2015-05-21, 33.0, 33.48, 32.799999, 33.240002, 1055100.0, 33.240002
2015-05-22, 33.119999, 33.18, 32.810001, 33.080002, 398800.0, 33.080002
2015-05-26, 32.919998, 33.119999, 32.529999, 32.709999, 462200.0, 32.709999
2015-05-27, 32.82, 33.080002, 32.549999, 33.009998, 680500.0, 33.009998
2015-05-28, 32.889999, 33.360001, 32.849998, 33.27, 717900.0, 33.27
2015-05-29, 33.299999, 33.439999, 33.029999, 33.290001, 456200.0, 33.290001
2015-06-01, 33.34, 33.740002, 33.259998, 33.57, 527100.0, 33.57
2015-06-02, 33.549999, 33.919998, 33.549999, 33.700001, 780500.0, 33.700001
2015-06-03, 33.75, 34.060001, 33.639999, 34.0, 321100.0, 34.0
2015-06-04, 33.82, 33.889999, 33.43, 33.66, 463100.0, 33.66
2015-06-05, 33.68, 33.869999, 33.41, 33.77, 235000.0, 33.77
2015-06-08, 33.68, 33.880001, 33.130001, 33.169998, 468700.0, 33.169998
2015-06-09, 33.220001, 33.360001, 33.07, 33.310001, 563100.0, 33.310001
2015-06-10, 33.349998, 33.689999, 33.310001, 33.529999, 591500.0, 33.529999
2015-06-11, 33.529999, 33.68, 33.099998, 33.400002, 920800.0, 33.400002
2015-06-12, 33.290001, 33.68, 33.169998, 33.610001, 626900.0, 33.610001
2015-06-15, 33.32, 33.669998, 32.919998, 33.509998, 986900.0, 33.509998
2015-06-16, 32.810001, 34.349998, 32.810001, 33.959999, 1212400.0, 33.959999
2015-06-17, 33.830002, 33.970001, 32.25, 32.59, 1687900.0, 32.59
2015-06-18, 32.639999, 32.639999, 31.82, 31.85, 2348000.0, 31.85
2015-06-19, 32.049999, 32.709999, 31.93, 32.66, 1476900.0, 32.66
2015-06-22, 32.790001, 33.139999, 32.619999, 33.029999, 820400.0, 33.029999
2015-06-23, 33.029999, 33.119999, 32.720001, 32.900002, 660500.0, 32.900002
2015-06-24, 32.779999, 33.240002, 32.599998, 33.16, 1558000.0, 33.16
2015-06-25, 33.32, 33.43, 33.009998, 33.259998, 798000.0, 33.259998
2015-06-26, 33.23, 33.700001, 33.049999, 33.639999, 1411300.0, 33.639999
2015-06-29, 33.259998, 33.259998, 32.630001, 32.68, 2045500.0, 32.68
2015-06-30, 32.799999, 33.060001, 32.740002, 32.799999, 1808500.0, 32.799999
