2008-05-27, 14.25, 14.25, 14.25, 14.25, 0.0, 13.75
2008-05-28, 14.25, 14.25, 14.25, 14.25, 0.0, 13.75
2008-05-29, 14.25, 14.25, 14.25, 14.25, 0.0, 13.75
2008-05-30, 14.25, 14.25, 14.25, 14.25, 0.0, 13.75
2008-06-02, 14.25, 14.25, 14.25, 14.25, 0.0, 13.75
2008-06-03, 14.25, 14.25, 14.25, 14.25, 0.0, 13.75
2008-06-04, 14.25, 14.25, 14.25, 14.25, 0.0, 13.75
2008-06-05, 14.25, 14.25, 14.25, 14.25, 0.0, 13.75
2008-06-06, 14.25, 14.25, 14.25, 14.25, 0.0, 13.75
2008-06-09, 14.25, 14.25, 14.25, 14.25, 0.0, 13.75
2008-06-10, 14.09, 14.09, 14.09, 14.09, 2000.0, 13.59
2008-06-11, 14.09, 14.09, 14.09, 14.09, 0.0, 13.59
2008-06-12, 14.09, 14.09, 14.09, 14.09, 0.0, 13.59
2008-06-13, 14.09, 14.09, 14.09, 14.09, 0.0, 13.59
2008-06-16, 14.09, 14.09, 14.09, 14.09, 0.0, 13.59
2008-06-17, 14.09, 14.09, 14.09, 14.09, 0.0, 13.59
2008-06-18, 14.09, 14.09, 14.09, 14.09, 0.0, 13.59
2008-06-19, 14.09, 14.09, 14.09, 14.09, 0.0, 13.59
2008-06-20, 14.09, 14.09, 14.09, 14.09, 0.0, 13.59
2008-06-23, 14.09, 14.09, 14.09, 14.09, 0.0, 13.59
2008-06-24, 14.09, 14.09, 14.09, 14.09, 0.0, 13.59
2008-06-25, 14.09, 14.09, 14.09, 14.09, 0.0, 13.59
2008-06-26, 14.09, 14.09, 14.09, 14.09, 0.0, 13.59
2008-06-27, 14.09, 14.09, 14.09, 14.09, 0.0, 13.59
2008-06-30, 13.9, 13.9, 13.9, 13.9, 500.0, 13.41
2008-07-01, 13.65, 13.65, 13.65, 13.65, 500.0, 13.17
2008-07-02, 13.65, 13.65, 13.65, 13.65, 0.0, 13.17
2008-07-03, 13.65, 13.65, 13.65, 13.65, 0.0, 13.17
2008-07-07, 13.65, 13.65, 13.65, 13.65, 0.0, 13.17
2008-07-08, 13.65, 13.65, 13.65, 13.65, 0.0, 13.17
2008-07-09, 13.65, 13.65, 13.65, 13.65, 0.0, 13.17
2008-07-10, 13.65, 13.65, 13.65, 13.65, 0.0, 13.17
2008-07-11, 13.65, 13.65, 13.65, 13.65, 0.0, 13.17
2008-07-14, 13.65, 13.65, 13.65, 13.65, 0.0, 13.17
2008-07-15, 12.0, 12.0, 12.0, 12.0, 10500.0, 11.58
2008-07-16, 12.0, 12.0, 12.0, 12.0, 0.0, 11.58
2008-07-17, 12.0, 12.0, 12.0, 12.0, 0.0, 11.58
2008-07-18, 12.0, 12.0, 12.0, 12.0, 0.0, 11.58
2008-07-21, 12.0, 12.0, 12.0, 12.0, 0.0, 11.58
2008-07-22, 12.0, 12.0, 12.0, 12.0, 0.0, 11.58
2008-07-23, 12.0, 12.0, 12.0, 12.0, 0.0, 11.58
2008-07-24, 12.0, 12.0, 12.0, 12.0, 0.0, 11.58
2008-07-25, 12.0, 12.0, 12.0, 12.0, 0.0, 11.58
2008-07-28, 12.0, 12.0, 12.0, 12.0, 0.0, 11.58
2008-07-29, 12.0, 12.0, 12.0, 12.0, 0.0, 11.58
2008-07-30, 12.0, 12.0, 12.0, 12.0, 0.0, 11.58
2008-07-31, 12.0, 12.0, 12.0, 12.0, 0.0, 11.58
2008-08-01, 12.0, 12.0, 12.0, 12.0, 0.0, 11.58
2008-08-04, 12.0, 12.0, 12.0, 12.0, 0.0, 11.58
2008-08-05, 12.0, 12.0, 12.0, 12.0, 0.0, 11.58
2008-08-06, 12.0, 12.0, 12.0, 12.0, 0.0, 11.58
2008-08-07, 12.0, 12.0, 12.0, 12.0, 0.0, 11.58
2008-08-08, 12.0, 12.0, 12.0, 12.0, 0.0, 11.58
2008-08-11, 12.0, 12.0, 12.0, 12.0, 0.0, 11.58
2008-08-12, 12.0, 12.0, 12.0, 12.0, 0.0, 11.58
2008-08-13, 12.0, 12.0, 12.0, 12.0, 0.0, 11.58
2008-08-14, 12.0, 12.0, 12.0, 12.0, 0.0, 11.58
2008-08-15, 12.0, 12.0, 12.0, 12.0, 0.0, 11.58
2008-08-18, 12.0, 12.0, 12.0, 12.0, 0.0, 11.58
2008-08-19, 12.0, 12.0, 12.0, 12.0, 0.0, 11.58
2008-08-20, 12.0, 12.0, 12.0, 12.0, 0.0, 11.58
2008-08-21, 12.0, 12.0, 12.0, 12.0, 0.0, 11.58
2008-08-22, 12.0, 12.0, 12.0, 12.0, 0.0, 11.58
2008-08-25, 12.0, 12.0, 12.0, 12.0, 0.0, 11.58
2008-08-26, 12.0, 12.0, 12.0, 12.0, 0.0, 11.58
2008-08-27, 12.0, 12.0, 12.0, 12.0, 0.0, 11.58
2008-08-28, 12.0, 12.0, 12.0, 12.0, 0.0, 11.58
2008-08-29, 12.0, 12.0, 12.0, 12.0, 0.0, 11.58
2008-09-02, 12.0, 12.0, 12.0, 12.0, 0.0, 11.58
2008-09-03, 12.0, 12.0, 12.0, 12.0, 0.0, 11.58
2008-09-04, 12.0, 12.0, 12.0, 12.0, 0.0, 11.58
2008-09-05, 12.0, 12.0, 12.0, 12.0, 0.0, 11.58
2008-09-08, 12.0, 12.0, 12.0, 12.0, 0.0, 11.58
2008-09-09, 12.0, 12.0, 12.0, 12.0, 0.0, 11.58
2008-09-10, 12.0, 12.0, 12.0, 12.0, 0.0, 11.58
2008-09-11, 12.0, 12.0, 12.0, 12.0, 0.0, 11.58
2008-09-12, 12.0, 12.0, 12.0, 12.0, 0.0, 11.58
2008-09-15, 9.32, 9.32, 9.32, 9.32, 2000.0, 8.99
2008-09-16, 9.32, 9.32, 9.32, 9.32, 0.0, 8.99
2008-09-17, 9.32, 9.32, 9.32, 9.32, 0.0, 8.99
2008-09-18, 9.32, 9.32, 9.32, 9.32, 0.0, 8.99
2008-09-19, 9.32, 9.32, 9.32, 9.32, 0.0, 8.99
2008-09-22, 9.32, 9.32, 9.32, 9.32, 0.0, 8.99
2008-09-23, 9.32, 9.32, 9.32, 9.32, 0.0, 8.99
2008-09-24, 9.32, 9.32, 9.32, 9.32, 0.0, 8.99
2008-09-25, 9.32, 9.32, 9.32, 9.32, 0.0, 8.99
2008-09-26, 9.32, 9.32, 9.32, 9.32, 0.0, 8.99
2008-09-29, 7.55, 7.55, 7.55, 7.55, 1000.0, 7.28
2008-09-30, 7.3, 7.3, 7.3, 7.3, 1000.0, 7.04
2008-10-01, 7.3, 7.3, 7.3, 7.3, 0.0, 7.04
2008-10-02, 7.3, 7.3, 7.3, 7.3, 0.0, 7.04
2008-10-03, 7.3, 7.3, 7.3, 7.3, 0.0, 7.04
2008-10-06, 7.3, 7.3, 7.3, 7.3, 0.0, 7.04
2008-10-07, 7.3, 7.3, 7.3, 7.3, 0.0, 7.04
2008-10-08, 7.3, 7.3, 7.3, 7.3, 0.0, 7.04
2008-10-09, 6.0, 6.0, 5.66, 6.0, 600.0, 5.79
2008-10-10, 6.0, 6.0, 6.0, 6.0, 0.0, 5.79
2008-10-13, 6.0, 6.0, 6.0, 6.0, 0.0, 5.79
2008-10-14, 6.0, 6.0, 6.0, 6.0, 0.0, 5.79
2008-10-15, 6.0, 6.0, 6.0, 6.0, 0.0, 5.79
2008-10-16, 6.0, 6.0, 6.0, 6.0, 0.0, 5.79
2008-10-17, 6.0, 6.0, 6.0, 6.0, 0.0, 5.79
2008-10-20, 4.3, 4.3, 4.3, 4.3, 300.0, 4.15
2008-10-21, 4.3, 4.3, 4.3, 4.3, 0.0, 4.15
2008-10-22, 4.3, 4.3, 4.3, 4.3, 0.0, 4.15
2008-10-23, 4.3, 4.3, 4.3, 4.3, 0.0, 4.15
2008-10-24, 4.3, 4.3, 4.3, 4.3, 0.0, 4.15
2008-10-27, 3.1, 3.1, 3.1, 3.1, 200.0, 2.99
2008-10-28, 3.1, 3.1, 3.1, 3.1, 0.0, 2.99
2008-10-29, 3.1, 3.1, 3.1, 3.1, 0.0, 2.99
2008-10-30, 3.1, 3.1, 3.1, 3.1, 0.0, 2.99
2008-10-31, 3.1, 3.1, 3.1, 3.1, 0.0, 2.99
2008-11-03, 3.1, 3.1, 3.1, 3.1, 0.0, 2.99
2008-11-04, 3.1, 3.1, 3.1, 3.1, 0.0, 2.99
2008-11-05, 3.1, 3.1, 3.1, 3.1, 0.0, 2.99
2008-11-06, 3.1, 3.1, 3.1, 3.1, 0.0, 2.99
2008-11-07, 3.1, 3.1, 3.1, 3.1, 0.0, 2.99
2008-11-10, 3.1, 3.1, 3.1, 3.1, 0.0, 2.99
2008-11-11, 3.1, 3.1, 3.1, 3.1, 0.0, 2.99
2008-11-12, 3.1, 3.1, 3.1, 3.1, 0.0, 2.99
2008-11-13, 3.1, 3.1, 3.1, 3.1, 0.0, 2.99
2008-11-14, 3.1, 3.1, 3.1, 3.1, 0.0, 2.99
2008-11-17, 3.1, 3.1, 3.1, 3.1, 0.0, 2.99
2008-11-18, 3.1, 3.1, 3.1, 3.1, 0.0, 2.99
2008-11-19, 3.1, 3.1, 3.1, 3.1, 0.0, 2.99
2008-11-20, 3.1, 3.1, 3.1, 3.1, 0.0, 2.99
2008-11-21, 3.1, 3.1, 3.1, 3.1, 0.0, 2.99
2008-11-24, 3.1, 3.1, 3.1, 3.1, 0.0, 2.99
2008-11-25, 3.1, 3.1, 3.1, 3.1, 0.0, 2.99
2008-11-26, 3.1, 3.1, 3.1, 3.1, 0.0, 2.99
2008-11-28, 3.1, 3.1, 3.1, 3.1, 0.0, 2.99
2008-12-01, 3.1, 3.1, 3.1, 3.1, 0.0, 2.99
2008-12-02, 3.1, 3.1, 3.1, 3.1, 0.0, 2.99
2008-12-03, 3.1, 3.1, 3.1, 3.1, 0.0, 2.99
2008-12-04, 3.1, 3.1, 3.1, 3.1, 0.0, 2.99
2008-12-05, 3.1, 3.1, 3.1, 3.1, 0.0, 2.99
2008-12-08, 3.1, 3.1, 3.1, 3.1, 0.0, 2.99
2008-12-09, 3.1, 3.1, 3.1, 3.1, 0.0, 2.99
2008-12-10, 3.1, 3.1, 3.1, 3.1, 0.0, 2.99
2008-12-11, 3.1, 3.1, 3.1, 3.1, 0.0, 2.99
2008-12-12, 3.1, 3.1, 3.1, 3.1, 0.0, 2.99
2008-12-15, 3.39, 3.39, 3.39, 3.39, 800.0, 3.27
2008-12-16, 3.39, 3.39, 3.39, 3.39, 0.0, 3.27
2008-12-17, 3.39, 3.39, 3.39, 3.39, 0.0, 3.27
2008-12-18, 3.62, 3.62, 3.62, 3.62, 2000.0, 3.49
2008-12-19, 3.62, 3.62, 3.62, 3.62, 0.0, 3.49
2008-12-22, 3.62, 3.62, 3.62, 3.62, 0.0, 3.49
2008-12-23, 3.62, 3.62, 3.62, 3.62, 0.0, 3.49
2008-12-24, 3.62, 3.62, 3.62, 3.62, 0.0, 3.49
2008-12-26, 3.62, 3.62, 3.62, 3.62, 0.0, 3.49
2008-12-29, 3.62, 3.62, 3.62, 3.62, 0.0, 3.49
2008-12-30, 3.62, 3.62, 3.62, 3.62, 0.0, 3.49
2008-12-31, 3.8, 3.85, 3.8, 3.85, 30000.0, 3.71
2009-01-02, 4.1, 4.1, 4.05, 4.1, 42600.0, 3.96
2009-01-05, 4.1, 4.1, 4.1, 4.1, 0.0, 3.96
2009-01-06, 4.7, 4.7, 4.7, 4.7, 28000.0, 4.53
2009-01-07, 4.25, 4.25, 4.25, 4.25, 1000.0, 4.1
2009-01-08, 4.25, 4.25, 4.25, 4.25, 0.0, 4.1
2009-01-09, 4.25, 4.25, 4.25, 4.25, 0.0, 4.1
2009-01-12, 3.7, 3.7, 3.7, 3.7, 200.0, 3.57
2009-01-13, 3.64, 3.73, 3.64, 3.73, 27500.0, 3.6
2009-01-14, 3.73, 3.73, 3.73, 3.73, 0.0, 3.6
2009-01-15, 3.73, 3.73, 3.73, 3.73, 0.0, 3.6
2009-01-16, 3.73, 3.73, 3.73, 3.73, 0.0, 3.6
2009-01-20, 3.73, 3.73, 3.73, 3.73, 0.0, 3.6
2009-01-21, 3.73, 3.73, 3.73, 3.73, 0.0, 3.6
2009-01-22, 3.73, 3.73, 3.73, 3.73, 0.0, 3.6
2009-01-23, 3.73, 3.73, 3.73, 3.73, 0.0, 3.6
2009-01-26, 3.73, 3.73, 3.73, 3.73, 0.0, 3.6
2009-01-27, 3.95, 3.95, 3.95, 3.95, 1600.0, 3.81
2009-01-28, 3.95, 3.95, 3.95, 3.95, 0.0, 3.81
2009-01-29, 3.95, 3.95, 3.95, 3.95, 0.0, 3.81
2009-01-30, 3.95, 3.95, 3.95, 3.95, 0.0, 3.81
2009-02-02, 3.95, 3.95, 3.95, 3.95, 0.0, 3.81
2009-02-03, 3.95, 3.95, 3.95, 3.95, 0.0, 3.81
2009-02-04, 3.95, 3.95, 3.95, 3.95, 0.0, 3.81
2009-02-05, 3.95, 3.95, 3.95, 3.95, 0.0, 3.81
2009-02-06, 3.95, 3.95, 3.95, 3.95, 0.0, 3.81
2009-02-09, 3.95, 3.95, 3.95, 3.95, 0.0, 3.81
2009-02-10, 3.95, 3.95, 3.95, 3.95, 0.0, 3.81
2009-02-11, 3.95, 3.95, 3.95, 3.95, 0.0, 3.81
2009-02-12, 3.95, 3.95, 3.95, 3.95, 0.0, 3.81
2009-02-13, 3.95, 3.95, 3.95, 3.95, 0.0, 3.81
2009-02-17, 3.95, 3.95, 3.95, 3.95, 0.0, 3.81
2009-02-18, 3.95, 3.95, 3.95, 3.95, 0.0, 3.81
2009-02-19, 3.95, 3.95, 3.95, 3.95, 0.0, 3.81
2009-02-20, 3.95, 3.95, 3.95, 3.95, 0.0, 3.81
2009-02-23, 3.95, 3.95, 3.95, 3.95, 0.0, 3.81
2009-02-24, 3.95, 3.95, 3.95, 3.95, 0.0, 3.81
2009-02-25, 3.95, 3.95, 3.95, 3.95, 0.0, 3.81
2009-02-26, 3.95, 3.95, 3.95, 3.95, 0.0, 3.81
2009-02-27, 3.95, 3.95, 3.95, 3.95, 0.0, 3.81
2009-03-02, 3.95, 3.95, 3.95, 3.95, 0.0, 3.81
2009-03-03, 3.95, 3.95, 3.95, 3.95, 0.0, 3.81
2009-03-04, 3.95, 3.95, 3.95, 3.95, 0.0, 3.81
2009-03-05, 3.95, 3.95, 3.95, 3.95, 0.0, 3.81
2009-03-06, 3.95, 3.95, 3.95, 3.95, 0.0, 3.81
2009-03-09, 3.95, 3.95, 3.95, 3.95, 0.0, 3.81
2009-03-10, 3.95, 3.95, 3.95, 3.95, 0.0, 3.81
2009-03-11, 3.95, 3.95, 3.95, 3.95, 0.0, 3.81
2009-03-12, 3.95, 3.95, 3.95, 3.95, 0.0, 3.81
2009-03-13, 3.95, 3.95, 3.95, 3.95, 0.0, 3.81
2009-03-16, 3.95, 3.95, 3.95, 3.95, 0.0, 3.81
2009-03-17, 3.95, 3.95, 3.95, 3.95, 0.0, 3.81
2009-03-18, 3.95, 3.95, 3.95, 3.95, 0.0, 3.81
2009-03-19, 3.95, 3.95, 3.95, 3.95, 0.0, 3.81
2009-03-20, 3.95, 3.95, 3.95, 3.95, 0.0, 3.81
2009-03-23, 3.95, 3.95, 3.95, 3.95, 0.0, 3.81
2009-03-24, 3.95, 3.95, 3.95, 3.95, 0.0, 3.81
2009-03-25, 3.95, 3.95, 3.95, 3.95, 0.0, 3.81
2009-03-26, 3.95, 3.95, 3.95, 3.95, 0.0, 3.81
2009-03-27, 3.95, 3.95, 3.95, 3.95, 0.0, 3.81
2009-03-30, 3.95, 3.95, 3.95, 3.95, 0.0, 3.81
2009-03-31, 3.95, 3.95, 3.95, 3.95, 0.0, 3.81
2009-04-01, 3.95, 3.95, 3.95, 3.95, 0.0, 3.81
2009-04-02, 3.95, 3.95, 3.95, 3.95, 0.0, 3.81
2009-04-03, 3.95, 3.95, 3.95, 3.95, 0.0, 3.81
2009-04-06, 3.95, 3.95, 3.95, 3.95, 0.0, 3.81
2009-04-07, 3.95, 3.95, 3.95, 3.95, 0.0, 3.81
2009-04-08, 3.95, 3.95, 3.95, 3.95, 0.0, 3.81
2009-04-09, 3.95, 3.95, 3.95, 3.95, 0.0, 3.81
2009-04-13, 3.95, 3.95, 3.95, 3.95, 0.0, 3.81
2009-04-14, 3.95, 3.95, 3.95, 3.95, 0.0, 3.81
2009-04-15, 3.95, 3.95, 3.95, 3.95, 0.0, 3.81
2009-04-16, 3.95, 3.95, 3.95, 3.95, 0.0, 3.81
2009-04-17, 3.95, 3.95, 3.95, 3.95, 0.0, 3.81
2009-04-20, 3.95, 3.95, 3.95, 3.95, 0.0, 3.81
2009-04-21, 3.95, 3.95, 3.95, 3.95, 0.0, 3.81
2009-04-22, 3.95, 3.95, 3.95, 3.95, 0.0, 3.81
2009-04-23, 3.95, 3.95, 3.95, 3.95, 0.0, 3.81
2009-04-24, 3.95, 3.95, 3.95, 3.95, 0.0, 3.81
2009-04-27, 3.95, 3.95, 3.95, 3.95, 0.0, 3.81
2009-04-28, 3.95, 3.95, 3.95, 3.95, 0.0, 3.81
2009-04-29, 3.95, 3.95, 3.95, 3.95, 0.0, 3.81
2009-04-30, 5.3, 5.3, 5.3, 5.3, 2000.0, 5.11
2009-05-01, 5.3, 5.3, 5.3, 5.3, 0.0, 5.11
2009-05-04, 5.3, 5.3, 5.3, 5.3, 0.0, 5.11
2009-05-05, 5.3, 5.3, 5.3, 5.3, 0.0, 5.11
2009-05-06, 5.3, 5.3, 5.3, 5.3, 0.0, 5.11
2009-05-07, 5.3, 5.3, 5.3, 5.3, 0.0, 5.11
2009-05-08, 5.3, 5.3, 5.3, 5.3, 0.0, 5.11
2009-05-11, 5.3, 5.3, 5.3, 5.3, 0.0, 5.11
2009-05-12, 5.3, 5.3, 5.3, 5.3, 0.0, 5.11
2009-05-13, 5.25, 5.25, 5.25, 5.25, 3000.0, 5.06
2009-05-14, 5.25, 5.25, 5.25, 5.25, 0.0, 5.06
2009-05-15, 5.25, 5.25, 5.25, 5.25, 0.0, 5.06
2009-05-18, 5.25, 5.25, 5.25, 5.25, 0.0, 5.06
2009-05-19, 5.25, 5.25, 5.25, 5.25, 0.0, 5.06
2009-05-20, 5.25, 5.25, 5.25, 5.25, 0.0, 5.06
2009-05-21, 5.25, 5.25, 5.25, 5.25, 0.0, 5.06
2009-05-22, 5.25, 5.25, 5.25, 5.25, 0.0, 5.06
2009-05-26, 5.25, 5.25, 5.25, 5.25, 0.0, 5.06
2009-05-27, 5.25, 5.25, 5.25, 5.25, 0.0, 5.06
2009-05-28, 5.25, 5.25, 5.25, 5.25, 0.0, 5.06
2009-05-29, 5.25, 5.25, 5.25, 5.25, 0.0, 5.06
2009-06-01, 7.3, 7.3, 7.3, 7.3, 3000.0, 7.04
2009-06-02, 7.3, 7.3, 7.3, 7.3, 0.0, 7.04
2009-06-03, 7.3, 7.3, 7.3, 7.3, 0.0, 7.04
2009-06-04, 7.3, 7.3, 7.3, 7.3, 0.0, 7.04
2009-06-05, 7.3, 7.3, 7.3, 7.3, 0.0, 7.04
2009-06-08, 6.81, 6.81, 6.8, 6.8, 1200.0, 6.56
2009-06-09, 6.8, 6.8, 6.8, 6.8, 0.0, 6.56
2009-06-10, 6.8, 6.8, 6.8, 6.8, 0.0, 6.56
2009-06-11, 6.8, 6.8, 6.8, 6.8, 0.0, 6.56
2009-06-12, 6.8, 6.8, 6.8, 6.8, 0.0, 6.56
2009-06-15, 6.8, 6.8, 6.8, 6.8, 0.0, 6.56
2009-06-16, 6.8, 6.8, 6.8, 6.8, 0.0, 6.56
2009-06-17, 6.8, 6.8, 6.8, 6.8, 0.0, 6.56
2009-06-18, 6.8, 6.8, 6.8, 6.8, 0.0, 6.56
2009-06-19, 6.8, 6.8, 6.8, 6.8, 0.0, 6.56
2009-06-22, 5.96, 5.96, 5.96, 5.96, 3000.0, 5.75
2009-06-23, 5.96, 5.96, 5.96, 5.96, 0.0, 5.75
2009-06-24, 5.96, 5.96, 5.96, 5.96, 0.0, 5.75
2009-06-25, 5.96, 5.96, 5.96, 5.96, 0.0, 5.75
2009-06-26, 5.96, 5.96, 5.96, 5.96, 0.0, 5.75
2009-06-29, 6.3, 6.3, 6.3, 6.3, 2000.0, 6.08
2009-06-30, 6.25, 6.25, 6.25, 6.25, 3000.0, 6.03
2009-07-01, 6.25, 6.25, 6.25, 6.25, 0.0, 6.03
2009-07-02, 6.25, 6.25, 6.25, 6.25, 0.0, 6.03
2009-07-06, 6.25, 6.25, 6.25, 6.25, 0.0, 6.03
2009-07-07, 6.25, 6.25, 6.25, 6.25, 0.0, 6.03
2009-07-08, 6.25, 6.25, 6.25, 6.25, 0.0, 6.03
2009-07-09, 6.25, 6.25, 6.25, 6.25, 0.0, 6.03
2009-07-10, 6.25, 6.25, 6.25, 6.25, 0.0, 6.03
2009-07-13, 6.25, 6.25, 6.25, 6.25, 0.0, 6.03
2009-07-14, 6.25, 6.25, 6.25, 6.25, 0.0, 6.03
2009-07-15, 6.25, 6.25, 6.25, 6.25, 0.0, 6.03
2009-07-16, 6.25, 6.25, 6.25, 6.25, 0.0, 6.03
2009-07-17, 6.25, 6.25, 6.25, 6.25, 0.0, 6.03
2009-07-20, 6.25, 6.25, 6.25, 6.25, 0.0, 6.03
2009-07-21, 6.5, 6.5, 6.5, 6.5, 200.0, 6.27
2009-07-22, 6.5, 6.5, 6.5, 6.5, 0.0, 6.27
2009-07-23, 6.5, 6.5, 6.5, 6.5, 0.0, 6.27
2009-07-24, 6.5, 6.5, 6.5, 6.5, 0.0, 6.27
2009-07-27, 6.5, 6.5, 6.5, 6.5, 0.0, 6.27
2009-07-28, 6.5, 6.5, 6.5, 6.5, 0.0, 6.27
2009-07-29, 6.5, 6.5, 6.5, 6.5, 0.0, 6.27
2009-07-30, 6.5, 6.5, 6.5, 6.5, 0.0, 6.27
2009-07-31, 6.5, 6.5, 6.5, 6.5, 0.0, 6.27
2009-08-03, 6.5, 6.5, 6.5, 6.5, 0.0, 6.27
2009-08-04, 6.5, 6.5, 6.5, 6.5, 0.0, 6.27
2009-08-05, 6.5, 6.5, 6.5, 6.5, 0.0, 6.27
2009-08-06, 6.5, 6.5, 6.5, 6.5, 0.0, 6.27
2009-08-07, 6.5, 6.5, 6.5, 6.5, 0.0, 6.27
2009-08-10, 6.5, 6.5, 6.5, 6.5, 0.0, 6.27
2009-08-11, 6.5, 6.5, 6.5, 6.5, 0.0, 6.27
2009-08-12, 6.5, 6.5, 6.5, 6.5, 0.0, 6.27
2009-08-13, 6.5, 6.5, 6.5, 6.5, 0.0, 6.27
2009-08-14, 6.5, 6.5, 6.5, 6.5, 0.0, 6.27
2009-08-17, 6.5, 6.5, 6.5, 6.5, 0.0, 6.27
2009-08-18, 6.5, 6.5, 6.5, 6.5, 0.0, 6.27
2009-08-19, 6.5, 6.5, 6.5, 6.5, 0.0, 6.27
2009-08-20, 6.5, 6.5, 6.5, 6.5, 0.0, 6.27
2009-08-21, 6.5, 6.5, 6.5, 6.5, 0.0, 6.27
2009-08-24, 6.5, 6.5, 6.5, 6.5, 0.0, 6.27
2009-08-25, 6.5, 6.5, 6.5, 6.5, 0.0, 6.27
2009-08-26, 6.5, 6.5, 6.5, 6.5, 0.0, 6.27
2009-08-27, 6.5, 6.5, 6.5, 6.5, 0.0, 6.27
2009-08-28, 6.5, 6.5, 6.5, 6.5, 0.0, 6.27
2009-08-31, 6.5, 6.5, 6.5, 6.5, 0.0, 6.27
2009-09-01, 6.5, 6.5, 6.5, 6.5, 0.0, 6.27
2009-09-02, 6.5, 6.5, 6.5, 6.5, 0.0, 6.27
2009-09-03, 6.5, 6.5, 6.5, 6.5, 0.0, 6.27
2009-09-04, 6.5, 6.5, 6.5, 6.5, 0.0, 6.27
2009-09-08, 7.7, 7.7, 7.7, 7.7, 5000.0, 7.43
2009-09-09, 7.7, 7.7, 7.7, 7.7, 2000.0, 7.43
2009-09-10, 7.7, 7.7, 7.7, 7.7, 0.0, 7.43
2009-09-11, 7.7, 7.7, 7.7, 7.7, 0.0, 7.43
2009-09-14, 7.7, 7.7, 7.7, 7.7, 0.0, 7.43
2009-09-15, 7.85, 7.85, 7.85, 7.85, 4000.0, 7.57
2009-09-16, 7.85, 7.85, 7.85, 7.85, 0.0, 7.57
2009-09-17, 7.85, 7.85, 7.85, 7.85, 0.0, 7.57
2009-09-18, 7.85, 7.85, 7.85, 7.85, 0.0, 7.57
2009-09-21, 7.85, 7.85, 7.85, 7.85, 0.0, 7.57
2009-09-22, 7.85, 7.85, 7.85, 7.85, 0.0, 7.57
2009-09-23, 7.85, 7.85, 7.85, 7.85, 0.0, 7.57
2009-09-24, 7.85, 7.85, 7.85, 7.85, 0.0, 7.57
2009-09-25, 7.85, 7.85, 7.85, 7.85, 0.0, 7.57
2009-09-28, 7.85, 7.85, 7.85, 7.85, 0.0, 7.57
2009-09-29, 7.7, 7.7, 7.7, 7.7, 2000.0, 7.43
2009-09-30, 7.7, 7.7, 7.7, 7.7, 0.0, 7.43
2009-10-01, 7.7, 7.7, 7.7, 7.7, 0.0, 7.43
2009-10-02, 7.7, 7.7, 7.7, 7.7, 0.0, 7.43
2009-10-05, 7.7, 7.7, 7.7, 7.7, 0.0, 7.43
2009-10-06, 7.7, 7.7, 7.7, 7.7, 0.0, 7.43
2009-10-07, 7.7, 7.7, 7.7, 7.7, 0.0, 7.43
2009-10-08, 7.7, 7.7, 7.7, 7.7, 0.0, 7.43
2009-10-09, 7.7, 7.7, 7.7, 7.7, 0.0, 7.43
2009-10-12, 7.7, 7.7, 7.7, 7.7, 0.0, 7.43
2009-10-13, 8.35, 8.35, 8.35, 8.35, 3000.0, 8.06
2009-10-14, 9.0, 9.0, 9.0, 9.0, 100.0, 8.68
2009-10-15, 9.0, 9.0, 9.0, 9.0, 0.0, 8.68
2009-10-16, 8.55, 8.55, 8.55, 8.55, 2000.0, 8.25
2009-10-19, 8.55, 8.55, 8.55, 8.55, 0.0, 8.25
2009-10-20, 8.55, 8.55, 8.55, 8.55, 0.0, 8.25
2009-10-21, 8.55, 8.55, 8.55, 8.55, 0.0, 8.25
2009-10-22, 8.55, 8.55, 8.55, 8.55, 0.0, 8.25
2009-10-23, 8.55, 8.55, 8.55, 8.55, 0.0, 8.25
2009-10-26, 8.66, 8.66, 8.66, 8.66, 2900.0, 8.35
2009-10-27, 8.66, 8.66, 8.66, 8.66, 0.0, 8.35
2009-10-28, 8.66, 8.66, 8.66, 8.66, 0.0, 8.35
2009-10-29, 8.66, 8.66, 8.66, 8.66, 0.0, 8.35
2009-10-30, 8.66, 8.66, 8.66, 8.66, 0.0, 8.35
2009-11-02, 8.66, 8.66, 8.66, 8.66, 0.0, 8.35
2009-11-03, 8.66, 8.66, 8.66, 8.66, 0.0, 8.35
2009-11-04, 8.66, 8.66, 8.66, 8.66, 0.0, 8.35
2009-11-05, 8.66, 8.66, 8.66, 8.66, 0.0, 8.35
2009-11-06, 8.66, 8.66, 8.66, 8.66, 0.0, 8.35
2009-11-09, 8.66, 8.66, 8.66, 8.66, 0.0, 8.35
2009-11-10, 8.66, 8.66, 8.66, 8.66, 0.0, 8.35
2009-11-11, 8.66, 8.66, 8.66, 8.66, 0.0, 8.35
2009-11-12, 8.66, 8.66, 8.66, 8.66, 0.0, 8.35
2009-11-13, 8.66, 8.66, 8.66, 8.66, 0.0, 8.35
2009-11-16, 8.66, 8.66, 8.66, 8.66, 0.0, 8.35
2009-11-17, 8.66, 8.66, 8.66, 8.66, 0.0, 8.35
2009-11-18, 8.66, 8.66, 8.66, 8.66, 0.0, 8.35
2009-11-19, 8.66, 8.66, 8.66, 8.66, 0.0, 8.35
2009-11-20, 8.66, 8.66, 8.66, 8.66, 0.0, 8.35
2009-11-23, 8.66, 8.66, 8.66, 8.66, 0.0, 8.35
2009-11-24, 8.66, 8.66, 8.66, 8.66, 0.0, 8.35
2009-11-25, 8.66, 8.66, 8.66, 8.66, 0.0, 8.35
2009-11-27, 8.66, 8.66, 8.66, 8.66, 0.0, 8.35
2009-11-30, 8.66, 8.66, 8.66, 8.66, 0.0, 8.35
2009-12-01, 8.66, 8.66, 8.66, 8.66, 0.0, 8.35
2009-12-02, 8.66, 8.66, 8.66, 8.66, 0.0, 8.35
2009-12-03, 8.8, 8.8, 8.8, 8.8, 2000.0, 8.49
2009-12-04, 8.8, 8.8, 8.8, 8.8, 0.0, 8.49
2009-12-07, 8.8, 8.8, 8.8, 8.8, 0.0, 8.49
2009-12-08, 8.8, 8.8, 8.8, 8.8, 0.0, 8.49
2009-12-09, 8.8, 8.8, 8.8, 8.8, 0.0, 8.49
2009-12-10, 8.8, 8.8, 8.8, 8.8, 0.0, 8.49
2009-12-11, 8.8, 8.8, 8.8, 8.8, 0.0, 8.49
2009-12-14, 8.8, 8.8, 8.8, 8.8, 0.0, 8.49
2009-12-15, 8.8, 8.8, 8.8, 8.8, 0.0, 8.49
2009-12-16, 8.8, 8.8, 8.8, 8.8, 0.0, 8.49
2009-12-17, 8.8, 8.8, 8.8, 8.8, 0.0, 8.49
2009-12-18, 8.8, 8.8, 8.8, 8.8, 0.0, 8.49
2009-12-21, 8.8, 8.8, 8.8, 8.8, 0.0, 8.49
2009-12-22, 8.8, 8.8, 8.8, 8.8, 0.0, 8.49
2009-12-23, 8.8, 8.8, 8.8, 8.8, 0.0, 8.49
2009-12-24, 8.8, 8.8, 8.8, 8.8, 0.0, 8.49
2009-12-28, 8.8, 8.8, 8.8, 8.8, 0.0, 8.49
2009-12-29, 8.8, 8.8, 8.8, 8.8, 0.0, 8.49
2009-12-30, 8.8, 8.8, 8.8, 8.8, 0.0, 8.49
2009-12-31, 8.8, 8.8, 8.8, 8.8, 0.0, 8.49
2010-01-04, 8.9, 8.9, 8.9, 8.9, 100.0, 8.59
2010-01-05, 8.9, 8.9, 8.9, 8.9, 0.0, 8.59
2010-01-06, 8.9, 8.9, 8.9, 8.9, 0.0, 8.59
2010-01-07, 8.9, 8.9, 8.9, 8.9, 0.0, 8.59
2010-01-08, 8.9, 8.9, 8.9, 8.9, 0.0, 8.59
2010-01-11, 8.9, 8.9, 8.9, 8.9, 0.0, 8.59
2010-01-12, 8.9, 8.9, 8.9, 8.9, 0.0, 8.59
2010-01-13, 9.2, 9.2, 5.65, 5.65, 8600.0, 5.45
2010-01-14, 5.65, 5.65, 5.65, 5.65, 0.0, 5.45
2010-01-15, 5.65, 5.65, 5.65, 5.65, 0.0, 5.45
2010-01-19, 5.65, 5.65, 5.65, 5.65, 0.0, 5.45
2010-01-20, 5.65, 5.65, 5.65, 5.65, 0.0, 5.45
2010-01-21, 5.65, 5.65, 5.65, 5.65, 0.0, 5.45
2010-01-22, 5.65, 5.65, 5.65, 5.65, 0.0, 5.45
2010-01-25, 5.65, 5.65, 5.65, 5.65, 0.0, 5.45
2010-01-26, 5.65, 5.65, 5.65, 5.65, 0.0, 5.45
2010-01-27, 5.65, 5.65, 5.65, 5.65, 0.0, 5.45
2010-01-28, 5.65, 5.65, 5.65, 5.65, 0.0, 5.45
2010-01-29, 5.65, 5.65, 5.65, 5.65, 0.0, 5.45
2010-02-01, 5.65, 5.65, 5.65, 5.65, 0.0, 5.45
2010-02-02, 5.65, 5.65, 5.65, 5.65, 0.0, 5.45
2010-02-03, 5.65, 5.65, 5.65, 5.65, 0.0, 5.45
2010-02-04, 5.65, 5.65, 5.65, 5.65, 0.0, 5.45
2010-02-05, 5.65, 5.65, 5.65, 5.65, 0.0, 5.45
2010-02-08, 5.65, 5.65, 5.65, 5.65, 0.0, 5.45
2010-02-09, 5.65, 5.65, 5.65, 5.65, 0.0, 5.45
2010-02-10, 5.65, 5.65, 5.65, 5.65, 0.0, 5.45
2010-02-11, 5.65, 5.65, 5.65, 5.65, 0.0, 5.45
2010-02-12, 5.65, 5.65, 5.65, 5.65, 0.0, 5.45
2010-02-16, 5.65, 5.65, 5.65, 5.65, 0.0, 5.45
2010-02-17, 5.65, 5.65, 5.65, 5.65, 0.0, 5.45
2010-02-18, 5.65, 5.65, 5.65, 5.65, 0.0, 5.45
2010-02-19, 5.65, 5.65, 5.65, 5.65, 0.0, 5.45
2010-02-22, 5.65, 5.65, 5.65, 5.65, 0.0, 5.45
2010-02-23, 5.65, 5.65, 5.65, 5.65, 0.0, 5.45
2010-02-24, 5.65, 5.65, 5.65, 5.65, 0.0, 5.45
2010-02-25, 5.65, 5.65, 5.65, 5.65, 0.0, 5.45
2010-02-26, 5.65, 5.65, 5.65, 5.65, 0.0, 5.45
2010-03-01, 8.4, 8.4, 8.4, 8.4, 2000.0, 8.1
2010-03-02, 8.4, 8.4, 8.4, 8.4, 0.0, 8.1
2010-03-03, 8.4, 8.4, 8.4, 8.4, 0.0, 8.1
2010-03-04, 8.4, 8.4, 8.4, 8.4, 0.0, 8.1
2010-03-05, 8.4, 8.4, 8.4, 8.4, 0.0, 8.1
2010-03-08, 8.4, 8.4, 8.4, 8.4, 0.0, 8.1
2010-03-09, 8.4, 8.4, 8.4, 8.4, 0.0, 8.1
2010-03-10, 8.4, 8.4, 8.4, 8.4, 0.0, 8.1
2010-03-11, 8.4, 8.4, 8.4, 8.4, 0.0, 8.1
2010-03-12, 8.4, 8.4, 8.4, 8.4, 0.0, 8.1
2010-03-15, 8.4, 8.4, 8.4, 8.4, 0.0, 8.1
2010-03-16, 8.4, 8.4, 8.4, 8.4, 0.0, 8.1
2010-03-17, 8.4, 8.4, 8.4, 8.4, 0.0, 8.1
2010-03-18, 8.4, 8.4, 8.4, 8.4, 0.0, 8.1
2010-03-19, 8.4, 8.4, 8.4, 8.4, 0.0, 8.1
2010-03-22, 8.4, 8.4, 8.4, 8.4, 0.0, 8.1
2010-03-23, 8.4, 8.4, 8.4, 8.4, 0.0, 8.1
2010-03-24, 8.4, 8.4, 8.4, 8.4, 0.0, 8.1
2010-03-25, 8.4, 8.4, 8.4, 8.4, 0.0, 8.1
2010-03-26, 8.4, 8.4, 8.4, 8.4, 0.0, 8.1
2010-03-29, 8.4, 8.4, 8.4, 8.4, 0.0, 8.1
2010-03-30, 8.4, 8.4, 8.4, 8.4, 0.0, 8.1
2010-03-31, 8.4, 8.4, 8.4, 8.4, 0.0, 8.1
2010-04-01, 8.4, 8.4, 8.4, 8.4, 0.0, 8.1
2010-04-05, 8.4, 8.4, 8.4, 8.4, 0.0, 8.1
2010-04-06, 8.4, 8.4, 8.4, 8.4, 0.0, 8.1
2010-04-07, 8.4, 8.4, 8.4, 8.4, 0.0, 8.1
2010-04-08, 8.4, 8.4, 8.4, 8.4, 0.0, 8.1
2010-04-09, 8.4, 8.4, 8.4, 8.4, 0.0, 8.1
2010-04-12, 8.4, 8.4, 8.4, 8.4, 0.0, 8.1
2010-04-13, 8.4, 8.4, 8.4, 8.4, 0.0, 8.1
2010-04-14, 8.4, 8.4, 8.4, 8.4, 0.0, 8.1
2010-04-15, 8.4, 8.4, 8.4, 8.4, 0.0, 8.1
2010-04-16, 8.4, 8.4, 8.4, 8.4, 0.0, 8.1
2010-04-19, 8.4, 8.4, 8.4, 8.4, 0.0, 8.1
2010-04-20, 8.4, 8.4, 8.4, 8.4, 0.0, 8.1
2010-04-21, 8.4, 8.4, 8.4, 8.4, 0.0, 8.1
2010-04-22, 8.4, 8.4, 8.4, 8.4, 0.0, 8.1
2010-04-23, 8.4, 8.4, 8.4, 8.4, 0.0, 8.1
2010-04-26, 8.4, 8.4, 8.4, 8.4, 0.0, 8.1
2010-04-27, 8.4, 8.4, 8.4, 8.4, 0.0, 8.1
2010-04-28, 8.4, 8.4, 8.4, 8.4, 0.0, 8.1
2010-04-29, 8.4, 8.4, 8.4, 8.4, 0.0, 8.1
2010-04-30, 8.4, 8.4, 8.4, 8.4, 0.0, 8.1
2010-05-03, 8.4, 8.4, 8.4, 8.4, 0.0, 8.1
2010-05-04, 8.4, 8.4, 8.4, 8.4, 0.0, 8.1
2010-05-05, 8.4, 8.4, 8.4, 8.4, 0.0, 8.1
2010-05-06, 8.4, 8.4, 8.4, 8.4, 0.0, 8.1
2010-05-07, 8.4, 8.4, 8.4, 8.4, 0.0, 8.1
2010-05-10, 8.4, 8.4, 8.4, 8.4, 0.0, 8.1
2010-05-11, 8.4, 8.4, 8.4, 8.4, 0.0, 8.1
2010-05-12, 8.4, 8.4, 8.4, 8.4, 0.0, 8.1
2010-05-13, 8.4, 8.4, 8.4, 8.4, 0.0, 8.1
2010-05-14, 8.4, 8.4, 8.4, 8.4, 0.0, 8.1
2010-05-17, 8.4, 8.4, 8.4, 8.4, 0.0, 8.1
2010-05-18, 8.4, 8.4, 8.4, 8.4, 0.0, 8.1
2010-05-19, 8.4, 8.4, 8.4, 8.4, 0.0, 8.1
2010-05-20, 8.4, 8.4, 8.4, 8.4, 0.0, 8.1
2010-05-21, 8.4, 8.4, 8.4, 8.4, 0.0, 8.1
2010-05-24, 8.4, 8.4, 8.4, 8.4, 0.0, 8.1
2010-05-25, 8.4, 8.4, 8.4, 8.4, 0.0, 8.1
2010-05-26, 8.4, 8.4, 8.4, 8.4, 0.0, 8.1
2010-05-27, 8.2, 8.2, 8.2, 8.2, 500.0, 7.91
2010-05-28, 8.2, 8.2, 8.2, 8.2, 0.0, 7.91
2010-06-01, 8.35, 8.35, 8.35, 8.35, 500.0, 8.06
2010-06-02, 8.35, 8.35, 8.35, 8.35, 0.0, 8.06
2010-06-03, 8.35, 8.35, 8.35, 8.35, 0.0, 8.06
2010-06-04, 8.35, 8.35, 8.35, 8.35, 0.0, 8.06
2010-06-07, 8.35, 8.35, 8.35, 8.35, 0.0, 8.06
2010-06-08, 8.35, 8.35, 8.35, 8.35, 0.0, 8.06
2010-06-09, 8.35, 8.35, 8.35, 8.35, 0.0, 8.06
2010-06-10, 8.35, 8.35, 8.35, 8.35, 0.0, 8.06
2010-06-11, 8.35, 8.35, 8.35, 8.35, 0.0, 8.06
2010-06-14, 8.35, 8.35, 8.35, 8.35, 0.0, 8.06
2010-06-15, 8.35, 8.35, 8.35, 8.35, 0.0, 8.06
2010-06-16, 8.35, 8.35, 8.35, 8.35, 0.0, 8.06
2010-06-17, 8.35, 8.35, 8.35, 8.35, 0.0, 8.06
2010-06-18, 8.35, 8.35, 8.35, 8.35, 0.0, 8.06
2010-06-21, 8.35, 8.35, 8.35, 8.35, 0.0, 8.06
2010-06-22, 8.35, 8.35, 8.35, 8.35, 0.0, 8.06
2010-06-23, 8.35, 8.35, 8.35, 8.35, 0.0, 8.06
2010-06-24, 8.35, 8.35, 8.35, 8.35, 0.0, 8.06
2010-06-25, 8.35, 8.35, 8.35, 8.35, 0.0, 8.06
2010-06-28, 8.35, 8.35, 8.35, 8.35, 0.0, 8.06
2010-06-29, 8.35, 8.35, 8.35, 8.35, 0.0, 8.06
2010-06-30, 8.35, 8.35, 8.35, 8.35, 0.0, 8.06
2010-07-01, 8.35, 8.35, 8.35, 8.35, 0.0, 8.06
2010-07-02, 8.35, 8.35, 8.35, 8.35, 0.0, 8.06
2010-07-06, 8.35, 8.35, 8.35, 8.35, 0.0, 8.06
2010-07-07, 8.35, 8.35, 8.35, 8.35, 0.0, 8.06
2010-07-08, 8.35, 8.35, 8.35, 8.35, 0.0, 8.06
2010-07-09, 8.2, 8.2, 8.2, 8.2, 400.0, 7.91
2010-07-12, 8.2, 8.2, 8.2, 8.2, 0.0, 7.91
2010-07-13, 8.2, 8.2, 8.2, 8.2, 0.0, 7.91
2010-07-14, 8.2, 8.2, 8.2, 8.2, 0.0, 7.91
2010-07-15, 8.2, 8.2, 8.2, 8.2, 0.0, 7.91
2010-07-16, 8.2, 8.2, 8.2, 8.2, 0.0, 7.91
2010-07-19, 8.2, 8.2, 8.2, 8.2, 0.0, 7.91
2010-07-20, 8.2, 8.2, 8.2, 8.2, 0.0, 7.91
2010-07-21, 8.2, 8.2, 8.2, 8.2, 0.0, 7.91
2010-07-22, 8.2, 8.2, 8.2, 8.2, 0.0, 7.91
2010-07-23, 8.2, 8.2, 8.2, 8.2, 0.0, 7.91
2010-07-26, 8.2, 8.2, 8.2, 8.2, 0.0, 7.91
2010-07-27, 8.2, 8.2, 8.2, 8.2, 0.0, 7.91
2010-07-28, 8.2, 8.2, 8.2, 8.2, 0.0, 7.91
2010-07-29, 8.2, 8.2, 8.2, 8.2, 0.0, 7.91
2010-07-30, 8.2, 8.2, 8.2, 8.2, 0.0, 7.91
2010-08-02, 8.2, 8.2, 8.2, 8.2, 0.0, 7.91
2010-08-03, 8.2, 8.2, 8.2, 8.2, 0.0, 7.91
2010-08-04, 8.2, 8.2, 8.2, 8.2, 0.0, 7.91
2010-08-05, 8.2, 8.2, 8.2, 8.2, 0.0, 7.91
2010-08-06, 8.2, 8.2, 8.2, 8.2, 0.0, 7.91
2010-08-09, 8.2, 8.2, 8.2, 8.2, 0.0, 7.91
2010-08-10, 8.2, 8.2, 8.2, 8.2, 0.0, 7.91
2010-08-11, 8.2, 8.2, 8.2, 8.2, 0.0, 7.91
2010-08-12, 8.2, 8.2, 8.2, 8.2, 0.0, 7.91
2010-08-13, 8.2, 8.2, 8.2, 8.2, 0.0, 7.91
2010-08-16, 8.2, 8.2, 8.2, 8.2, 0.0, 7.91
2010-08-17, 8.2, 8.2, 8.2, 8.2, 0.0, 7.91
2010-08-18, 8.2, 8.2, 8.2, 8.2, 0.0, 7.91
2010-08-19, 8.2, 8.2, 8.2, 8.2, 0.0, 7.91
2010-08-20, 8.2, 8.2, 8.2, 8.2, 0.0, 7.91
2010-08-23, 8.2, 8.2, 8.2, 8.2, 0.0, 7.91
2010-08-24, 8.2, 8.2, 8.2, 8.2, 0.0, 7.91
2010-08-25, 8.2, 8.2, 8.2, 8.2, 0.0, 7.91
2010-08-26, 8.2, 8.2, 8.2, 8.2, 0.0, 7.91
2010-08-27, 8.2, 8.2, 8.2, 8.2, 0.0, 7.91
2010-08-30, 8.2, 8.2, 8.2, 8.2, 0.0, 7.91
2010-08-31, 8.2, 8.2, 8.2, 8.2, 0.0, 7.91
2010-09-01, 8.2, 8.2, 8.2, 8.2, 0.0, 7.91
2010-09-02, 8.2, 8.2, 8.2, 8.2, 0.0, 7.91
2010-09-03, 8.2, 8.2, 8.2, 8.2, 0.0, 7.91
2010-09-07, 8.2, 8.2, 8.2, 8.2, 0.0, 7.91
2010-09-08, 8.2, 8.2, 8.2, 8.2, 0.0, 7.91
2010-09-09, 8.2, 8.2, 8.2, 8.2, 0.0, 7.91
2010-09-10, 8.2, 8.2, 8.2, 8.2, 0.0, 7.91
2010-09-13, 8.2, 8.2, 8.2, 8.2, 0.0, 7.91
2010-09-14, 8.2, 8.2, 8.2, 8.2, 0.0, 7.91
2010-09-15, 8.2, 8.2, 8.2, 8.2, 0.0, 7.91
2010-09-16, 8.2, 8.2, 8.2, 8.2, 0.0, 7.91
2010-09-17, 8.2, 8.2, 8.2, 8.2, 0.0, 7.91
2010-09-20, 8.2, 8.2, 8.2, 8.2, 0.0, 7.91
2010-09-21, 8.2, 8.2, 8.2, 8.2, 0.0, 7.91
2010-09-22, 8.2, 8.2, 8.2, 8.2, 0.0, 7.91
2010-09-23, 8.2, 8.2, 8.2, 8.2, 0.0, 7.91
2010-09-24, 8.2, 8.2, 8.2, 8.2, 0.0, 7.91
2010-09-27, 8.2, 8.2, 8.2, 8.2, 0.0, 7.91
2010-09-28, 8.2, 8.2, 8.2, 8.2, 0.0, 7.91
2010-09-29, 8.2, 8.2, 8.2, 8.2, 0.0, 7.91
2010-09-30, 8.2, 8.2, 8.2, 8.2, 0.0, 7.91
2010-10-01, 8.2, 8.2, 8.2, 8.2, 0.0, 7.91
2010-10-04, 8.2, 8.2, 8.2, 8.2, 0.0, 7.91
2010-10-05, 8.2, 8.2, 8.2, 8.2, 0.0, 7.91
2010-10-06, 8.2, 8.2, 8.2, 8.2, 0.0, 7.91
2010-10-07, 8.2, 8.2, 8.2, 8.2, 0.0, 7.91
2010-10-08, 8.2, 8.2, 8.2, 8.2, 0.0, 7.91
2010-10-11, 8.2, 8.2, 8.2, 8.2, 0.0, 7.91
2010-10-12, 10.55, 10.55, 10.55, 10.55, 200.0, 10.18
2010-10-13, 10.55, 10.55, 10.55, 10.55, 0.0, 10.18
2010-10-14, 11.27, 11.27, 11.27, 11.27, 500.0, 10.87
2010-10-15, 11.17, 11.17, 11.14, 11.14, 400.0, 10.75
2010-10-18, 11.14, 11.14, 11.14, 11.14, 0.0, 10.75
2010-10-19, 11.14, 11.14, 11.14, 11.14, 0.0, 10.75
2010-10-20, 11.14, 11.14, 11.14, 11.14, 0.0, 10.75
2010-10-21, 10.45, 10.45, 10.45, 10.45, 500.0, 10.08
2010-10-22, 10.4, 10.4, 10.4, 10.4, 200.0, 10.03
2010-10-25, 10.4, 10.4, 10.4, 10.4, 0.0, 10.03
2010-10-26, 10.4, 10.4, 10.4, 10.4, 0.0, 10.03
2010-10-27, 10.4, 10.4, 10.4, 10.4, 0.0, 10.03
2010-10-28, 10.55, 10.55, 10.55, 10.55, 300.0, 10.18
2010-10-29, 10.55, 10.55, 10.55, 10.55, 0.0, 10.18
2010-11-01, 10.55, 10.55, 10.55, 10.55, 0.0, 10.18
2010-11-02, 10.55, 10.55, 10.55, 10.55, 0.0, 10.18
2010-11-03, 10.55, 10.55, 10.55, 10.55, 0.0, 10.18
2010-11-04, 10.55, 10.55, 10.55, 10.55, 0.0, 10.18
2010-11-05, 10.55, 10.55, 10.55, 10.55, 0.0, 10.18
2010-11-08, 10.55, 10.55, 10.55, 10.55, 0.0, 10.18
2010-11-09, 11.7, 11.7, 11.7, 11.7, 3000.0, 11.29
2010-11-10, 11.7, 11.7, 11.7, 11.7, 0.0, 11.29
2010-11-11, 11.7, 11.7, 11.7, 11.7, 0.0, 11.29
2010-11-12, 11.7, 11.7, 11.7, 11.7, 0.0, 11.29
2010-11-15, 11.7, 11.7, 11.7, 11.7, 0.0, 11.29
2010-11-16, 11.7, 11.7, 11.7, 11.7, 0.0, 11.29
2010-11-17, 11.37, 11.37, 11.15, 11.15, 1400.0, 10.76
2010-11-18, 11.15, 11.15, 11.15, 11.15, 0.0, 10.76
2010-11-19, 11.15, 11.15, 11.15, 11.15, 0.0, 10.76
2010-11-22, 11.15, 11.15, 11.15, 11.15, 0.0, 10.76
2010-11-23, 11.15, 11.15, 11.15, 11.15, 0.0, 10.76
2010-11-24, 11.15, 11.15, 11.15, 11.15, 0.0, 10.76
2010-11-26, 11.25, 11.25, 11.25, 11.25, 700.0, 10.85
2010-11-29, 11.25, 11.25, 11.25, 11.25, 0.0, 10.85
2010-11-30, 11.25, 11.25, 11.25, 11.25, 0.0, 10.85
2010-12-01, 11.25, 11.25, 11.25, 11.25, 0.0, 10.85
2010-12-02, 11.25, 11.25, 11.25, 11.25, 0.0, 10.85
2010-12-03, 11.25, 11.25, 11.25, 11.25, 0.0, 10.85
2010-12-06, 11.25, 11.25, 11.25, 11.25, 0.0, 10.85
2010-12-07, 11.25, 11.25, 11.25, 11.25, 0.0, 10.85
2010-12-08, 11.25, 11.25, 11.25, 11.25, 0.0, 10.85
2010-12-09, 11.25, 11.25, 11.25, 11.25, 0.0, 10.85
2010-12-10, 11.25, 11.25, 11.25, 11.25, 0.0, 10.85
2010-12-13, 11.25, 11.25, 11.25, 11.25, 0.0, 10.85
2010-12-14, 11.25, 11.25, 11.25, 11.25, 0.0, 10.85
2010-12-15, 11.25, 11.25, 11.25, 11.25, 0.0, 10.85
2010-12-16, 11.25, 11.25, 11.25, 11.25, 0.0, 10.85
2010-12-17, 11.25, 11.25, 11.25, 11.25, 0.0, 10.85
2010-12-20, 11.25, 11.25, 11.25, 11.25, 0.0, 10.85
2010-12-21, 11.25, 11.25, 11.25, 11.25, 0.0, 10.85
2010-12-22, 11.25, 11.25, 11.25, 11.25, 0.0, 10.85
2010-12-23, 11.25, 11.25, 11.25, 11.25, 0.0, 10.85
2010-12-27, 11.25, 11.25, 11.25, 11.25, 0.0, 10.85
2010-12-28, 11.25, 11.25, 11.25, 11.25, 0.0, 10.85
2010-12-29, 11.25, 11.25, 11.25, 11.25, 0.0, 10.85
2010-12-30, 11.25, 11.25, 11.25, 11.25, 0.0, 10.85
2010-12-31, 12.4, 12.4, 12.4, 12.4, 1000.0, 11.96
2011-01-03, 12.4, 12.4, 12.4, 12.4, 0.0, 11.96
2011-01-04, 12.4, 12.4, 12.4, 12.4, 0.0, 11.96
2011-01-05, 12.4, 12.4, 12.4, 12.4, 0.0, 11.96
2011-01-06, 12.4, 12.4, 12.4, 12.4, 0.0, 11.96
2011-01-07, 12.4, 12.4, 12.4, 12.4, 0.0, 11.96
2011-01-10, 12.4, 12.4, 12.4, 12.4, 0.0, 11.96
2011-01-11, 12.4, 12.4, 12.4, 12.4, 0.0, 11.96
2011-01-12, 12.4, 12.4, 12.4, 12.4, 0.0, 11.96
2011-01-13, 12.4, 12.4, 12.4, 12.4, 0.0, 11.96
2011-01-14, 12.4, 12.4, 12.4, 12.4, 0.0, 11.96
2011-01-18, 12.4, 12.4, 12.4, 12.4, 0.0, 11.96
2011-01-19, 12.4, 12.4, 12.4, 12.4, 0.0, 11.96
2011-01-20, 12.4, 12.4, 12.4, 12.4, 0.0, 11.96
2011-01-21, 12.4, 12.4, 12.4, 12.4, 0.0, 11.96
2011-01-24, 12.4, 12.4, 12.4, 12.4, 0.0, 11.96
2011-01-25, 12.4, 12.4, 12.4, 12.4, 0.0, 11.96
2011-01-26, 12.4, 12.4, 12.4, 12.4, 0.0, 11.96
2011-01-27, 12.4, 12.4, 12.4, 12.4, 0.0, 11.96
2011-01-28, 12.4, 12.4, 12.4, 12.4, 0.0, 11.96
2011-01-31, 12.4, 12.4, 12.4, 12.4, 0.0, 11.96
2011-02-01, 12.4, 12.4, 12.4, 12.4, 0.0, 11.96
2011-02-02, 12.4, 12.4, 12.4, 12.4, 0.0, 11.96
2011-02-03, 12.4, 12.4, 12.4, 12.4, 0.0, 11.96
2011-02-04, 12.4, 12.4, 12.4, 12.4, 0.0, 11.96
2011-02-07, 12.4, 12.4, 12.4, 12.4, 0.0, 11.96
2011-02-08, 12.4, 12.4, 12.4, 12.4, 0.0, 11.96
2011-02-09, 12.4, 12.4, 12.4, 12.4, 0.0, 11.96
2011-02-10, 12.4, 12.4, 12.4, 12.4, 0.0, 11.96
2011-02-11, 12.4, 12.4, 12.4, 12.4, 0.0, 11.96
2011-02-14, 12.4, 12.4, 12.4, 12.4, 0.0, 11.96
2011-02-15, 12.4, 12.4, 12.4, 12.4, 0.0, 11.96
2011-02-16, 12.4, 12.4, 12.4, 12.4, 0.0, 11.96
2011-02-17, 12.4, 12.4, 12.4, 12.4, 0.0, 11.96
2011-02-18, 12.4, 12.4, 12.4, 12.4, 0.0, 11.96
2011-02-22, 12.4, 12.4, 12.4, 12.4, 0.0, 11.96
2011-02-23, 12.4, 12.4, 12.4, 12.4, 0.0, 11.96
2011-02-24, 12.4, 12.4, 12.4, 12.4, 0.0, 11.96
2011-02-25, 12.4, 12.4, 12.4, 12.4, 0.0, 11.96
2011-02-28, 12.65, 12.65, 12.65, 12.65, 6000.0, 12.2
2011-03-01, 12.65, 12.65, 12.65, 12.65, 0.0, 12.2
2011-03-02, 12.65, 12.65, 12.65, 12.65, 0.0, 12.2
2011-03-03, 12.65, 12.65, 12.65, 12.65, 0.0, 12.2
2011-03-04, 12.65, 12.65, 12.65, 12.65, 0.0, 12.2
2011-03-07, 12.65, 12.65, 12.65, 12.65, 0.0, 12.2
2011-03-08, 12.65, 12.65, 12.65, 12.65, 0.0, 12.2
2011-03-09, 12.65, 12.65, 12.65, 12.65, 0.0, 12.2
2011-03-10, 12.65, 12.65, 12.65, 12.65, 0.0, 12.2
2011-03-11, 12.65, 12.65, 12.65, 12.65, 0.0, 12.2
2011-03-14, 12.65, 12.65, 12.65, 12.65, 0.0, 12.2
2011-03-15, 12.65, 12.65, 12.65, 12.65, 0.0, 12.2
2011-03-16, 12.65, 12.65, 12.65, 12.65, 0.0, 12.2
2011-03-17, 12.65, 12.65, 12.65, 12.65, 0.0, 12.2
2011-03-18, 12.65, 12.65, 12.65, 12.65, 0.0, 12.2
2011-03-21, 12.65, 12.65, 12.65, 12.65, 0.0, 12.2
2011-03-22, 12.65, 12.65, 12.65, 12.65, 0.0, 12.2
2011-03-23, 12.65, 12.65, 12.65, 12.65, 0.0, 12.2
2011-03-24, 12.65, 12.65, 12.65, 12.65, 0.0, 12.2
2011-03-25, 12.65, 12.65, 12.65, 12.65, 0.0, 12.2
2011-03-28, 12.65, 12.65, 12.65, 12.65, 0.0, 12.2
2011-03-29, 12.65, 12.65, 12.65, 12.65, 0.0, 12.2
2011-03-30, 12.65, 12.65, 12.65, 12.65, 0.0, 12.2
2011-03-31, 12.65, 12.65, 12.65, 12.65, 0.0, 12.2
2011-04-01, 12.65, 12.65, 12.65, 12.65, 0.0, 12.2
2011-04-04, 12.65, 12.65, 12.65, 12.65, 0.0, 12.2
2011-04-05, 12.65, 12.65, 12.65, 12.65, 0.0, 12.2
2011-04-06, 12.65, 12.65, 12.65, 12.65, 0.0, 12.2
2011-04-07, 12.65, 12.65, 12.65, 12.65, 0.0, 12.2
2011-04-08, 12.65, 12.65, 12.65, 12.65, 0.0, 12.2
2011-04-11, 12.65, 12.65, 12.65, 12.65, 0.0, 12.2
2011-04-12, 12.65, 12.65, 12.65, 12.65, 0.0, 12.2
2011-04-13, 12.65, 12.65, 12.65, 12.65, 0.0, 12.2
2011-04-14, 12.65, 12.65, 12.65, 12.65, 0.0, 12.2
2011-04-15, 12.65, 12.65, 12.65, 12.65, 0.0, 12.2
2011-04-18, 12.65, 12.65, 12.65, 12.65, 0.0, 12.2
2011-04-19, 12.65, 12.65, 12.65, 12.65, 0.0, 12.2
2011-04-20, 12.65, 12.65, 12.65, 12.65, 0.0, 12.2
2011-04-21, 12.65, 12.65, 12.65, 12.65, 0.0, 12.2
2011-04-25, 12.65, 12.65, 12.65, 12.65, 0.0, 12.2
2011-04-26, 12.65, 12.65, 12.65, 12.65, 0.0, 12.2
2011-04-27, 12.65, 12.65, 12.65, 12.65, 0.0, 12.2
2011-04-28, 12.65, 12.65, 12.65, 12.65, 0.0, 12.2
2011-04-29, 12.65, 12.65, 12.65, 12.65, 0.0, 12.2
2011-05-02, 12.65, 12.65, 12.65, 12.65, 0.0, 12.2
2011-05-03, 12.65, 12.65, 12.65, 12.65, 0.0, 12.2
2011-05-04, 12.65, 12.65, 12.65, 12.65, 0.0, 12.2
2011-05-05, 12.65, 12.65, 12.65, 12.65, 0.0, 12.2
2011-05-06, 12.65, 12.65, 12.65, 12.65, 0.0, 12.2
2011-05-09, 12.65, 12.65, 12.65, 12.65, 0.0, 12.2
2011-05-10, 12.65, 12.65, 12.65, 12.65, 0.0, 12.2
2011-05-11, 12.65, 12.65, 12.65, 12.65, 0.0, 12.2
2011-05-12, 12.65, 12.65, 12.65, 12.65, 0.0, 12.2
2011-05-13, 12.65, 12.65, 12.65, 12.65, 0.0, 12.2
2011-05-16, 12.65, 12.65, 12.65, 12.65, 0.0, 12.2
2011-05-17, 12.65, 12.65, 12.65, 12.65, 0.0, 12.2
2011-05-18, 12.65, 12.65, 12.65, 12.65, 0.0, 12.2
2011-05-19, 12.65, 12.65, 12.65, 12.65, 0.0, 12.2
2011-05-20, 12.65, 12.65, 12.65, 12.65, 0.0, 12.2
2011-05-23, 12.65, 12.65, 12.65, 12.65, 0.0, 12.2
2011-05-24, 12.65, 12.65, 12.65, 12.65, 0.0, 12.2
2011-05-25, 12.65, 12.65, 12.65, 12.65, 0.0, 12.2
2011-05-26, 12.65, 12.65, 12.65, 12.65, 0.0, 12.2
2011-05-27, 12.65, 12.65, 12.65, 12.65, 0.0, 12.2
2011-05-31, 12.65, 12.65, 12.65, 12.65, 0.0, 12.2
2011-06-01, 12.65, 12.65, 12.65, 12.65, 0.0, 12.2
2011-06-02, 12.65, 12.65, 12.65, 12.65, 0.0, 12.2
2011-06-03, 12.65, 12.65, 12.65, 12.65, 0.0, 12.2
2011-06-06, 12.65, 12.65, 12.65, 12.65, 0.0, 12.2
2011-06-07, 12.65, 12.65, 12.65, 12.65, 0.0, 12.2
2011-06-08, 12.65, 12.65, 12.65, 12.65, 0.0, 12.2
2011-06-09, 12.65, 12.65, 12.65, 12.65, 0.0, 12.2
2011-06-10, 11.25, 11.79, 11.25, 11.79, 4600.0, 11.37
2011-06-13, 11.79, 11.79, 11.79, 11.79, 0.0, 11.37
2011-06-14, 11.79, 11.79, 11.79, 11.79, 0.0, 11.37
2011-06-15, 11.79, 11.79, 11.79, 11.79, 0.0, 11.37
2011-06-16, 11.79, 11.79, 11.79, 11.79, 0.0, 11.37
2011-06-17, 11.79, 11.79, 11.79, 11.79, 0.0, 11.37
2011-06-20, 11.79, 11.79, 11.79, 11.79, 0.0, 11.37
2011-06-21, 11.79, 11.79, 11.79, 11.79, 0.0, 11.37
2011-06-22, 11.79, 11.79, 11.79, 11.79, 0.0, 11.37
2011-06-23, 11.79, 11.79, 11.79, 11.79, 0.0, 11.37
2011-06-24, 11.79, 11.79, 11.79, 11.79, 0.0, 11.37
2011-06-27, 11.79, 11.79, 11.79, 11.79, 0.0, 11.37
2011-06-28, 11.79, 11.79, 11.79, 11.79, 0.0, 11.37
2011-06-29, 11.79, 11.79, 11.79, 11.79, 0.0, 11.37
2011-06-30, 11.79, 11.79, 11.79, 11.79, 0.0, 11.37
2011-07-01, 11.79, 11.79, 11.79, 11.79, 0.0, 11.37
2011-07-05, 11.79, 11.79, 11.79, 11.79, 0.0, 11.37
2011-07-06, 11.79, 11.79, 11.79, 11.79, 0.0, 11.37
2011-07-07, 11.79, 11.79, 11.79, 11.79, 0.0, 11.37
2011-07-08, 12.15, 12.15, 12.15, 12.15, 1700.0, 11.72
2011-07-11, 12.15, 12.15, 12.15, 12.15, 0.0, 11.72
2011-07-12, 12.0, 12.0, 12.0, 12.0, 200.0, 11.58
2011-07-13, 12.0, 12.0, 12.0, 12.0, 0.0, 11.58
2011-07-14, 12.0, 12.0, 12.0, 12.0, 0.0, 11.58
2011-07-15, 12.2, 12.2, 12.2, 12.2, 200.0, 11.77
2011-07-18, 12.2, 12.2, 12.2, 12.2, 0.0, 11.77
2011-07-19, 12.2, 12.2, 12.2, 12.2, 0.0, 11.77
2011-07-20, 12.2, 12.2, 12.2, 12.2, 0.0, 11.77
2011-07-21, 12.2, 12.2, 12.2, 12.2, 0.0, 11.77
2011-07-22, 12.2, 12.2, 12.2, 12.2, 0.0, 11.77
2011-07-25, 12.2, 12.2, 12.2, 12.2, 0.0, 11.77
2011-07-26, 12.2, 12.2, 12.2, 12.2, 0.0, 11.77
2011-07-27, 12.2, 12.2, 12.2, 12.2, 0.0, 11.77
2011-07-28, 12.2, 12.2, 12.2, 12.2, 0.0, 11.77
2011-07-29, 12.2, 12.2, 12.2, 12.2, 0.0, 11.77
2011-08-01, 12.2, 12.2, 12.2, 12.2, 0.0, 11.77
2011-08-02, 12.2, 12.2, 12.2, 12.2, 0.0, 11.77
2011-08-03, 12.2, 12.2, 12.2, 12.2, 0.0, 11.77
2011-08-04, 12.2, 12.2, 12.2, 12.2, 0.0, 11.77
2011-08-05, 12.2, 12.2, 12.2, 12.2, 0.0, 11.77
2011-08-08, 12.2, 12.2, 12.2, 12.2, 0.0, 11.77
2011-08-09, 12.2, 12.2, 12.2, 12.2, 0.0, 11.77
2011-08-10, 12.2, 12.2, 12.2, 12.2, 0.0, 11.77
2011-08-11, 12.2, 12.2, 12.2, 12.2, 0.0, 11.77
2011-08-12, 11.25, 11.25, 11.25, 11.25, 3300.0, 10.85
2011-08-15, 11.25, 11.25, 11.25, 11.25, 0.0, 10.85
2011-08-16, 11.25, 11.25, 11.25, 11.25, 0.0, 10.85
2011-08-17, 11.25, 11.25, 11.25, 11.25, 0.0, 10.85
2011-08-18, 11.25, 11.25, 11.25, 11.25, 0.0, 10.85
2011-08-19, 11.25, 11.25, 11.25, 11.25, 0.0, 10.85
2011-08-22, 11.25, 11.25, 11.25, 11.25, 0.0, 10.85
2011-08-23, 11.25, 11.25, 11.25, 11.25, 0.0, 10.85
2011-08-24, 11.25, 11.25, 11.25, 11.25, 0.0, 10.85
2011-08-25, 11.25, 11.25, 11.25, 11.25, 0.0, 10.85
2011-08-26, 11.25, 11.25, 11.25, 11.25, 0.0, 10.85
2011-08-29, 11.25, 11.25, 11.25, 11.25, 0.0, 10.85
2011-08-30, 11.25, 11.25, 11.25, 11.25, 0.0, 10.85
2011-08-31, 11.32, 11.32, 11.32, 11.32, 200.0, 10.92
2011-09-01, 11.32, 11.32, 11.32, 11.32, 0.0, 10.92
2011-09-02, 11.32, 11.32, 11.32, 11.32, 0.0, 10.92
2011-09-06, 11.32, 11.32, 11.32, 11.32, 0.0, 10.92
2011-09-07, 11.32, 11.32, 11.32, 11.32, 0.0, 10.92
2011-09-08, 11.32, 11.32, 11.32, 11.32, 0.0, 10.92
2011-09-09, 11.32, 11.32, 11.32, 11.32, 0.0, 10.92
2011-09-12, 10.4, 10.5, 10.4, 10.5, 5100.0, 10.13
2011-09-13, 10.5, 10.5, 10.5, 10.5, 0.0, 10.13
2011-09-14, 10.5, 10.5, 10.5, 10.5, 0.0, 10.13
2011-09-15, 10.5, 10.5, 10.5, 10.5, 0.0, 10.13
2011-09-16, 10.5, 10.5, 10.5, 10.5, 0.0, 10.13
2011-09-19, 10.5, 10.5, 10.5, 10.5, 0.0, 10.13
2011-09-20, 10.5, 10.5, 10.5, 10.5, 0.0, 10.13
2011-09-21, 10.5, 10.5, 10.5, 10.5, 0.0, 10.13
2011-09-22, 10.5, 10.5, 10.5, 10.5, 0.0, 10.13
2011-09-23, 10.5, 10.5, 10.5, 10.5, 0.0, 10.13
2011-09-26, 10.5, 10.5, 10.5, 10.5, 0.0, 10.13
2011-09-27, 10.5, 10.5, 10.5, 10.5, 0.0, 10.13
2011-09-28, 10.5, 10.5, 10.5, 10.5, 0.0, 10.13
2011-09-29, 10.5, 10.5, 10.5, 10.5, 0.0, 10.13
2011-09-30, 10.5, 10.5, 10.5, 10.5, 0.0, 10.13
2011-10-03, 8.75, 8.75, 8.75, 8.75, 400.0, 8.44
2011-10-04, 8.75, 8.75, 8.75, 8.75, 0.0, 8.44
2011-10-05, 8.75, 8.75, 8.75, 8.75, 0.0, 8.44
2011-10-06, 8.75, 8.75, 8.75, 8.75, 0.0, 8.44
2011-10-07, 8.75, 8.75, 8.75, 8.75, 0.0, 8.44
2011-10-10, 8.75, 8.75, 8.75, 8.75, 0.0, 8.44
2011-10-11, 8.75, 8.75, 8.75, 8.75, 0.0, 8.44
2011-10-12, 8.75, 8.75, 8.75, 8.75, 0.0, 8.44
2011-10-13, 8.75, 8.75, 8.75, 8.75, 0.0, 8.44
2011-10-14, 8.75, 8.75, 8.75, 8.75, 0.0, 8.44
2011-10-17, 8.75, 8.75, 8.75, 8.75, 0.0, 8.44
2011-10-18, 8.75, 8.75, 8.75, 8.75, 0.0, 8.44
2011-10-19, 8.75, 8.75, 8.75, 8.75, 0.0, 8.44
2011-10-20, 8.75, 8.75, 8.75, 8.75, 0.0, 8.44
2011-10-21, 8.75, 8.75, 8.75, 8.75, 0.0, 8.44
2011-10-24, 8.75, 8.75, 8.75, 8.75, 0.0, 8.44
2011-10-25, 8.75, 8.75, 8.75, 8.75, 0.0, 8.44
2011-10-26, 8.75, 8.75, 8.75, 8.75, 0.0, 8.44
2011-10-27, 8.75, 8.75, 8.75, 8.75, 0.0, 8.44
2011-10-28, 8.75, 8.75, 8.75, 8.75, 0.0, 8.44
2011-10-31, 8.75, 8.75, 8.75, 8.75, 0.0, 8.44
2011-11-01, 8.75, 8.75, 8.75, 8.75, 0.0, 8.44
2011-11-02, 8.75, 8.75, 8.75, 8.75, 0.0, 8.44
2011-11-03, 8.75, 8.75, 8.75, 8.75, 0.0, 8.44
2011-11-04, 8.75, 8.75, 8.75, 8.75, 0.0, 8.44
2011-11-07, 8.75, 8.75, 8.75, 8.75, 0.0, 8.44
2011-11-08, 8.75, 8.75, 8.75, 8.75, 0.0, 8.44
2011-11-09, 8.75, 8.75, 8.75, 8.75, 0.0, 8.44
2011-11-10, 8.75, 8.75, 8.75, 8.75, 0.0, 8.44
2011-11-11, 8.75, 8.75, 8.75, 8.75, 0.0, 8.44
2011-11-14, 8.75, 8.75, 8.75, 8.75, 0.0, 8.44
2011-11-15, 8.75, 8.75, 8.75, 8.75, 0.0, 8.44
2011-11-16, 8.75, 8.75, 8.75, 8.75, 0.0, 8.44
2011-11-17, 8.75, 8.75, 8.75, 8.75, 0.0, 8.44
2011-11-18, 8.75, 8.75, 8.75, 8.75, 0.0, 8.44
2011-11-21, 8.75, 8.75, 8.75, 8.75, 0.0, 8.44
2011-11-22, 8.75, 8.75, 8.75, 8.75, 0.0, 8.44
2011-11-23, 8.95, 8.95, 8.95, 8.95, 3300.0, 8.63
2011-11-25, 8.95, 8.95, 8.95, 8.95, 0.0, 8.63
2011-11-28, 8.95, 8.95, 8.95, 8.95, 0.0, 8.63
2011-11-29, 8.95, 8.95, 8.95, 8.95, 0.0, 8.63
2011-11-30, 8.95, 8.95, 8.95, 8.95, 0.0, 8.63
2011-12-01, 8.95, 8.95, 8.95, 8.95, 0.0, 8.63
2011-12-02, 8.95, 8.95, 8.95, 8.95, 0.0, 8.63
2011-12-05, 8.95, 8.95, 8.95, 8.95, 0.0, 8.63
2011-12-06, 8.95, 8.95, 8.95, 8.95, 0.0, 8.63
2011-12-07, 8.95, 8.95, 8.95, 8.95, 0.0, 8.63
2011-12-08, 8.95, 8.95, 8.95, 8.95, 0.0, 8.63
2011-12-09, 8.95, 8.95, 8.95, 8.95, 0.0, 8.63
2011-12-12, 8.95, 8.95, 8.95, 8.95, 0.0, 8.63
2011-12-13, 8.95, 8.95, 8.95, 8.95, 0.0, 8.63
2011-12-14, 8.95, 8.95, 8.95, 8.95, 0.0, 8.63
2011-12-15, 8.95, 8.95, 8.95, 8.95, 0.0, 8.63
2011-12-16, 9.27, 9.27, 9.27, 9.27, 600.0, 8.94
2011-12-19, 9.26, 9.26, 9.26, 9.26, 3100.0, 8.93
2011-12-20, 9.26, 9.26, 9.26, 9.26, 0.0, 8.93
2011-12-21, 9.26, 9.26, 9.26, 9.26, 0.0, 8.93
2011-12-22, 9.26, 9.26, 9.26, 9.26, 0.0, 8.93
2011-12-23, 9.7, 9.7, 9.7, 9.7, 500.0, 9.36
2011-12-27, 9.7, 9.7, 9.7, 9.7, 0.0, 9.36
2011-12-28, 9.7, 9.7, 9.7, 9.7, 0.0, 9.36
2011-12-29, 9.7, 9.7, 9.7, 9.7, 0.0, 9.36
2011-12-30, 9.7, 9.7, 9.7, 9.7, 0.0, 9.36
2012-01-03, 9.7, 9.7, 9.7, 9.7, 0.0, 9.36
2012-01-04, 9.7, 9.7, 9.7, 9.7, 0.0, 9.36
2012-01-05, 9.7, 9.7, 9.7, 9.7, 0.0, 9.36
2012-01-06, 9.7, 9.7, 9.7, 9.7, 0.0, 9.36
2012-01-09, 9.7, 9.7, 9.7, 9.7, 0.0, 9.36
2012-01-10, 9.7, 9.7, 9.7, 9.7, 0.0, 9.36
2012-01-11, 9.7, 9.7, 9.7, 9.7, 0.0, 9.36
2012-01-12, 9.7, 9.7, 9.7, 9.7, 0.0, 9.36
2012-01-13, 9.7, 9.7, 9.7, 9.7, 0.0, 9.36
2012-01-17, 9.7, 9.7, 9.7, 9.7, 0.0, 9.36
2012-01-18, 9.7, 9.7, 9.7, 9.7, 0.0, 9.36
2012-01-19, 9.7, 9.7, 9.7, 9.7, 0.0, 9.36
2012-01-20, 9.7, 9.7, 9.7, 9.7, 0.0, 9.36
2012-01-23, 9.7, 9.7, 9.7, 9.7, 0.0, 9.36
2012-01-24, 9.7, 9.7, 9.7, 9.7, 0.0, 9.36
2012-01-25, 9.7, 9.7, 9.7, 9.7, 0.0, 9.36
2012-01-26, 11.25, 11.25, 11.25, 11.25, 1000.0, 10.85
2012-01-27, 11.25, 11.25, 11.25, 11.25, 0.0, 10.85
2012-01-30, 11.25, 11.25, 11.25, 11.25, 0.0, 10.85
2012-01-31, 11.25, 11.25, 11.25, 11.25, 0.0, 10.85
2012-02-01, 11.25, 11.25, 11.25, 11.25, 0.0, 10.85
2012-02-02, 11.25, 11.25, 11.25, 11.25, 0.0, 10.85
2012-02-03, 11.25, 11.25, 11.25, 11.25, 0.0, 10.85
2012-02-06, 11.62, 11.62, 11.62, 11.62, 5000.0, 11.21
2012-02-07, 11.62, 11.62, 11.62, 11.62, 0.0, 11.21
2012-02-08, 11.62, 11.62, 11.62, 11.62, 0.0, 11.21
2012-02-09, 11.62, 11.62, 11.62, 11.62, 0.0, 11.21
2012-02-10, 11.62, 11.62, 11.62, 11.62, 0.0, 11.21
2012-02-13, 11.62, 11.62, 11.62, 11.62, 0.0, 11.21
2012-02-14, 11.05, 11.05, 11.05, 11.05, 3000.0, 10.66
2012-02-15, 11.05, 11.05, 11.05, 11.05, 0.0, 10.66
2012-02-16, 11.05, 11.05, 11.05, 11.05, 0.0, 10.66
2012-02-17, 11.05, 11.05, 11.05, 11.05, 0.0, 10.66
2012-02-21, 11.05, 11.05, 11.05, 11.05, 0.0, 10.66
2012-02-22, 11.05, 11.05, 11.05, 11.05, 0.0, 10.66
2012-02-23, 11.05, 11.05, 11.05, 11.05, 0.0, 10.66
2012-02-24, 11.5, 11.5, 11.5, 11.5, 200.0, 11.09
2012-02-27, 11.5, 11.5, 11.5, 11.5, 0.0, 11.09
2012-02-28, 11.5, 11.5, 11.5, 11.5, 0.0, 11.09
2012-02-29, 11.5, 11.5, 11.5, 11.5, 0.0, 11.09
2012-03-01, 11.5, 11.5, 11.5, 11.5, 800.0, 11.09
2012-03-02, 11.5, 11.5, 11.5, 11.5, 0.0, 11.09
2012-03-05, 11.4, 11.4, 11.4, 11.4, 1000.0, 11.0
2012-03-06, 11.4, 11.4, 11.4, 11.4, 0.0, 11.0
2012-03-07, 11.4, 11.4, 11.4, 11.4, 0.0, 11.0
2012-03-08, 11.4, 11.4, 11.4, 11.4, 0.0, 11.0
2012-03-09, 11.4, 11.4, 11.4, 11.4, 0.0, 11.0
2012-03-12, 11.4, 11.4, 11.4, 11.4, 0.0, 11.0
2012-03-13, 11.4, 11.4, 11.4, 11.4, 0.0, 11.0
2012-03-14, 11.4, 11.4, 11.4, 11.4, 0.0, 11.0
2012-03-15, 11.4, 11.4, 11.4, 11.4, 0.0, 11.0
2012-03-16, 11.4, 11.4, 11.4, 11.4, 0.0, 11.0
2012-03-19, 11.4, 11.4, 11.4, 11.4, 0.0, 11.0
2012-03-20, 11.4, 11.4, 11.4, 11.4, 0.0, 11.0
2012-03-21, 11.4, 11.4, 11.4, 11.4, 0.0, 11.0
2012-03-22, 11.4, 11.4, 11.4, 11.4, 0.0, 11.0
2012-03-23, 11.4, 11.4, 11.4, 11.4, 0.0, 11.0
2012-03-26, 11.4, 11.4, 11.4, 11.4, 0.0, 11.0
2012-03-27, 11.4, 11.4, 11.4, 11.4, 0.0, 11.0
2012-03-28, 11.4, 11.4, 11.4, 11.4, 0.0, 11.0
2012-03-29, 10.4, 10.4, 10.4, 10.4, 700.0, 10.03
2012-03-30, 10.4, 10.4, 10.4, 10.4, 0.0, 10.03
2012-04-02, 10.4, 10.4, 10.4, 10.4, 0.0, 10.03
2012-04-03, 10.4, 10.4, 10.4, 10.4, 0.0, 10.03
2012-04-04, 10.4, 10.4, 10.4, 10.4, 0.0, 10.03
2012-04-05, 10.4, 10.4, 10.4, 10.4, 0.0, 10.03
2012-04-09, 10.4, 10.4, 10.4, 10.4, 0.0, 10.03
2012-04-10, 10.4, 10.4, 10.4, 10.4, 0.0, 10.03
2012-04-11, 10.4, 10.4, 10.4, 10.4, 0.0, 10.03
2012-04-12, 10.4, 10.4, 10.4, 10.4, 600.0, 10.03
2012-04-13, 10.4, 10.4, 10.4, 10.4, 0.0, 10.03
2012-04-16, 10.4, 10.4, 10.4, 10.4, 0.0, 10.03
2012-04-17, 10.4, 10.4, 10.4, 10.4, 0.0, 10.03
2012-04-18, 10.4, 10.4, 10.4, 10.4, 0.0, 10.03
2012-04-19, 10.4, 10.4, 10.4, 10.4, 0.0, 10.03
2012-04-20, 10.4, 10.4, 10.4, 10.4, 0.0, 10.03
2012-04-23, 10.4, 10.4, 10.4, 10.4, 0.0, 10.03
2012-04-24, 10.4, 10.4, 10.4, 10.4, 0.0, 10.03
2012-04-25, 10.4, 10.4, 10.4, 10.4, 0.0, 10.03
2012-04-26, 10.4, 10.4, 10.4, 10.4, 0.0, 10.03
2012-04-27, 10.4, 10.4, 10.4, 10.4, 0.0, 10.03
2012-04-30, 10.4, 10.4, 10.4, 10.4, 0.0, 10.03
2012-05-01, 10.4, 10.4, 10.4, 10.4, 0.0, 10.03
2012-05-02, 10.4, 10.4, 10.4, 10.4, 0.0, 10.03
2012-05-03, 10.4, 10.4, 10.4, 10.4, 0.0, 10.03
2012-05-04, 10.4, 10.4, 10.4, 10.4, 0.0, 10.03
2012-05-07, 10.4, 10.4, 10.4, 10.4, 0.0, 10.03
2012-05-08, 9.85, 9.85, 9.85, 9.85, 400.0, 9.5
2012-05-09, 9.85, 9.85, 9.85, 9.85, 0.0, 9.5
2012-05-10, 9.85, 9.85, 9.85, 9.85, 0.0, 9.5
2012-05-11, 9.85, 9.85, 9.85, 9.85, 0.0, 9.5
2012-05-14, 9.85, 9.85, 9.85, 9.85, 0.0, 9.5
2012-05-15, 9.85, 9.85, 9.85, 9.85, 0.0, 9.5
2012-05-16, 9.85, 9.85, 9.85, 9.85, 0.0, 9.5
2012-05-17, 9.85, 9.85, 9.85, 9.85, 0.0, 9.5
2012-05-18, 9.85, 9.85, 9.85, 9.85, 0.0, 9.5
2012-05-21, 9.85, 9.85, 9.85, 9.85, 0.0, 9.5
2012-05-22, 9.15, 9.15, 9.15, 9.15, 1000.0, 8.83
2012-05-23, 8.85, 8.85, 8.85, 8.85, 400.0, 8.54
2012-05-24, 8.85, 8.85, 8.85, 8.85, 0.0, 8.54
2012-05-25, 8.85, 8.85, 8.85, 8.85, 0.0, 8.54
2012-05-29, 8.85, 8.85, 8.85, 8.85, 0.0, 8.54
2012-05-30, 8.85, 8.85, 8.85, 8.85, 0.0, 8.54
2012-05-31, 8.85, 8.85, 8.85, 8.85, 0.0, 8.54
2012-06-01, 8.85, 8.85, 8.85, 8.85, 0.0, 8.54
2012-06-04, 8.85, 8.85, 8.85, 8.85, 0.0, 8.54
2012-06-05, 8.85, 8.85, 8.85, 8.85, 0.0, 8.54
2012-06-06, 8.85, 8.85, 8.85, 8.85, 0.0, 8.54
2012-06-07, 8.85, 8.85, 8.85, 8.85, 0.0, 8.54
2012-06-08, 8.85, 8.85, 8.85, 8.85, 0.0, 8.54
2012-06-11, 8.85, 8.85, 8.85, 8.85, 0.0, 8.54
2012-06-12, 8.85, 8.85, 8.85, 8.85, 0.0, 8.54
2012-06-13, 8.85, 8.85, 8.85, 8.85, 0.0, 8.54
2012-06-14, 8.85, 8.85, 8.85, 8.85, 0.0, 8.54
2012-06-15, 8.85, 8.85, 8.85, 8.85, 0.0, 8.54
2012-06-18, 8.85, 8.85, 8.85, 8.85, 0.0, 8.54
2012-06-19, 8.85, 8.85, 8.85, 8.85, 0.0, 8.54
2012-06-20, 8.85, 8.85, 8.85, 8.85, 0.0, 8.54
2012-06-21, 8.85, 8.85, 8.85, 8.85, 0.0, 8.54
2012-06-22, 8.85, 8.85, 8.85, 8.85, 0.0, 8.54
2012-06-25, 8.85, 8.85, 8.85, 8.85, 0.0, 8.54
2012-06-26, 8.85, 8.85, 8.85, 8.85, 0.0, 8.54
2012-06-27, 8.85, 8.85, 8.85, 8.85, 0.0, 8.54
2012-06-28, 8.85, 8.85, 8.85, 8.85, 0.0, 8.54
2012-06-29, 8.85, 8.85, 8.85, 8.85, 0.0, 8.54
2012-07-02, 8.85, 8.85, 8.85, 8.85, 0.0, 8.54
2012-07-03, 8.85, 8.85, 8.85, 8.85, 0.0, 8.54
2012-07-05, 8.85, 8.85, 8.85, 8.85, 0.0, 8.54
2012-07-06, 8.85, 8.85, 8.85, 8.85, 0.0, 8.54
2012-07-09, 8.85, 8.85, 8.85, 8.85, 0.0, 8.54
2012-07-10, 8.85, 8.85, 8.85, 8.85, 0.0, 8.54
2012-07-11, 8.85, 8.85, 8.85, 8.85, 0.0, 8.54
2012-07-12, 8.85, 8.85, 8.85, 8.85, 0.0, 8.54
2012-07-13, 8.85, 8.85, 8.85, 8.85, 0.0, 8.54
2012-07-16, 8.85, 8.85, 8.85, 8.85, 0.0, 8.54
2012-07-17, 8.85, 8.85, 8.85, 8.85, 0.0, 8.54
2012-07-18, 8.85, 8.85, 8.85, 8.85, 0.0, 8.54
2012-07-19, 8.85, 8.85, 8.85, 8.85, 0.0, 8.54
2012-07-20, 8.3, 8.3, 8.3, 8.3, 700.0, 8.01
2012-07-23, 8.3, 8.3, 8.3, 8.3, 0.0, 8.01
2012-07-24, 8.3, 8.3, 8.3, 8.3, 0.0, 8.01
2012-07-25, 8.3, 8.3, 8.3, 8.3, 0.0, 8.01
2012-07-26, 8.3, 8.3, 8.3, 8.3, 0.0, 8.01
2012-07-27, 8.3, 8.3, 8.3, 8.3, 0.0, 8.01
2012-07-30, 8.3, 8.3, 8.3, 8.3, 0.0, 8.01
2012-07-31, 8.3, 8.3, 8.3, 8.3, 0.0, 8.01
2012-08-01, 8.3, 8.3, 8.3, 8.3, 0.0, 8.01
2012-08-02, 8.3, 8.3, 8.3, 8.3, 0.0, 8.01
2012-08-03, 8.3, 8.3, 8.3, 8.3, 0.0, 8.01
2012-08-06, 8.3, 8.3, 8.3, 8.3, 0.0, 8.01
2012-08-07, 8.3, 8.3, 8.3, 8.3, 0.0, 8.01
2012-08-08, 8.3, 8.3, 8.3, 8.3, 0.0, 8.01
2012-08-09, 8.3, 8.3, 8.3, 8.3, 0.0, 8.01
2012-08-10, 8.3, 8.3, 8.3, 8.3, 0.0, 8.01
2012-08-13, 8.3, 8.3, 8.3, 8.3, 0.0, 8.01
2012-08-14, 8.3, 8.3, 8.3, 8.3, 0.0, 8.01
2012-08-15, 8.3, 8.3, 8.3, 8.3, 0.0, 8.01
2012-08-16, 8.3, 8.3, 8.3, 8.3, 0.0, 8.01
2012-08-17, 8.3, 8.3, 8.3, 8.3, 0.0, 8.01
2012-08-20, 8.3, 8.3, 8.3, 8.3, 0.0, 8.01
2012-08-21, 8.3, 8.3, 8.3, 8.3, 0.0, 8.01
2012-08-22, 8.3, 8.3, 8.3, 8.3, 0.0, 8.01
2012-08-23, 8.3, 8.3, 8.3, 8.3, 0.0, 8.01
2012-08-24, 8.3, 8.3, 8.3, 8.3, 0.0, 8.01
2012-08-27, 8.3, 8.3, 8.3, 8.3, 0.0, 8.01
2012-08-28, 8.3, 8.3, 8.3, 8.3, 0.0, 8.01
2012-08-29, 8.3, 8.3, 8.3, 8.3, 0.0, 8.01
2012-08-30, 8.3, 8.3, 8.3, 8.3, 0.0, 8.01
2012-08-31, 8.3, 8.3, 8.3, 8.3, 0.0, 8.01
2012-09-04, 8.3, 8.3, 8.3, 8.3, 0.0, 8.01
2012-09-05, 8.3, 8.3, 8.3, 8.3, 0.0, 8.01
2012-09-06, 8.3, 8.3, 8.3, 8.3, 0.0, 8.01
2012-09-07, 8.3, 8.3, 8.3, 8.3, 0.0, 8.01
2012-09-10, 8.3, 8.3, 8.3, 8.3, 0.0, 8.01
2012-09-11, 8.3, 8.3, 8.3, 8.3, 0.0, 8.01
2012-09-12, 8.3, 8.3, 8.3, 8.3, 0.0, 8.01
2012-09-13, 8.3, 8.3, 8.3, 8.3, 0.0, 8.01
2012-09-14, 8.3, 8.3, 8.3, 8.3, 0.0, 8.01
2012-09-17, 8.3, 8.3, 8.3, 8.3, 0.0, 8.01
2012-09-18, 9.6, 9.6, 9.6, 9.6, 1000.0, 9.26
2012-09-19, 9.6, 9.6, 9.6, 9.6, 0.0, 9.26
2012-09-20, 9.46, 9.46, 9.46, 9.46, 1000.0, 9.13
2012-09-21, 9.46, 9.46, 9.46, 9.46, 0.0, 9.13
2012-09-24, 9.46, 9.46, 9.46, 9.46, 0.0, 9.13
2012-09-25, 9.46, 9.46, 9.46, 9.46, 0.0, 9.13
2012-09-26, 9.46, 9.46, 9.46, 9.46, 0.0, 9.13
2012-09-27, 9.46, 9.46, 9.46, 9.46, 0.0, 9.13
2012-09-28, 9.46, 9.46, 9.46, 9.46, 0.0, 9.13
2012-10-01, 9.46, 9.46, 9.46, 9.46, 0.0, 9.13
2012-10-02, 9.46, 9.46, 9.46, 9.46, 0.0, 9.13
2012-10-03, 9.46, 9.46, 9.46, 9.46, 0.0, 9.13
2012-10-04, 9.46, 9.46, 9.46, 9.46, 0.0, 9.13
2012-10-05, 9.46, 9.46, 9.46, 9.46, 0.0, 9.13
2012-10-08, 9.46, 9.46, 9.46, 9.46, 0.0, 9.13
2012-10-09, 9.46, 9.46, 9.46, 9.46, 0.0, 9.13
2012-10-10, 9.46, 9.46, 9.46, 9.46, 0.0, 9.13
2012-10-11, 9.46, 9.46, 9.46, 9.46, 0.0, 9.13
2012-10-12, 9.46, 9.46, 9.46, 9.46, 0.0, 9.13
2012-10-15, 9.46, 9.46, 9.46, 9.46, 0.0, 9.13
2012-10-16, 9.46, 9.46, 9.46, 9.46, 0.0, 9.13
2012-10-17, 9.46, 9.46, 9.46, 9.46, 0.0, 9.13
2012-10-18, 9.46, 9.46, 9.46, 9.46, 0.0, 9.13
2012-10-19, 9.46, 9.46, 9.46, 9.46, 0.0, 9.13
2012-10-22, 9.46, 9.46, 9.46, 9.46, 0.0, 9.13
2012-10-23, 9.46, 9.46, 9.46, 9.46, 0.0, 9.13
2012-10-24, 9.46, 9.46, 9.46, 9.46, 0.0, 9.13
2012-10-25, 9.46, 9.46, 9.46, 9.46, 0.0, 9.13
2012-10-26, 9.46, 9.46, 9.46, 9.46, 0.0, 9.13
2012-10-31, 9.46, 9.46, 9.46, 9.46, 0.0, 9.13
2012-11-01, 9.46, 9.46, 9.46, 9.46, 0.0, 9.13
2012-11-02, 9.46, 9.46, 9.46, 9.46, 0.0, 9.13
2012-11-05, 9.46, 9.46, 9.46, 9.46, 0.0, 9.13
2012-11-06, 9.46, 9.46, 9.46, 9.46, 0.0, 9.13
2012-11-07, 9.46, 9.46, 9.46, 9.46, 0.0, 9.13
2012-11-08, 9.46, 9.46, 9.46, 9.46, 0.0, 9.13
2012-11-09, 9.46, 9.46, 9.46, 9.46, 0.0, 9.13
2012-11-12, 9.46, 9.46, 9.46, 9.46, 0.0, 9.13
2012-11-13, 9.46, 9.46, 9.46, 9.46, 0.0, 9.13
2012-11-14, 9.46, 9.46, 9.46, 9.46, 0.0, 9.13
2012-11-15, 9.46, 9.46, 9.46, 9.46, 0.0, 9.13
2012-11-16, 9.46, 9.46, 9.46, 9.46, 0.0, 9.13
2012-11-19, 9.46, 9.46, 9.46, 9.46, 0.0, 9.13
2012-11-20, 9.46, 9.46, 9.46, 9.46, 0.0, 9.13
2012-11-21, 9.46, 9.46, 9.46, 9.46, 0.0, 9.13
2012-11-23, 9.46, 9.46, 9.46, 9.46, 0.0, 9.13
2012-11-26, 9.46, 9.46, 9.46, 9.46, 0.0, 9.13
2012-11-27, 9.46, 9.46, 9.46, 9.46, 0.0, 9.13
2012-11-28, 9.46, 9.46, 9.46, 9.46, 0.0, 9.13
2012-11-29, 9.46, 9.46, 9.46, 9.46, 0.0, 9.13
2012-11-30, 9.46, 9.46, 9.46, 9.46, 0.0, 9.13
2012-12-03, 9.46, 9.46, 9.46, 9.46, 0.0, 9.13
2012-12-04, 9.46, 9.46, 9.46, 9.46, 0.0, 9.13
2012-12-05, 9.46, 9.46, 9.46, 9.46, 0.0, 9.13
2012-12-06, 9.46, 9.46, 9.46, 9.46, 0.0, 9.13
2012-12-07, 9.46, 9.46, 9.46, 9.46, 0.0, 9.13
2012-12-10, 9.46, 9.46, 9.46, 9.46, 0.0, 9.13
2012-12-11, 9.46, 9.46, 9.46, 9.46, 0.0, 9.13
2012-12-12, 9.46, 9.46, 9.46, 9.46, 0.0, 9.13
2012-12-13, 9.46, 9.46, 9.46, 9.46, 0.0, 9.13
2012-12-14, 9.46, 9.46, 9.46, 9.46, 0.0, 9.13
2012-12-17, 9.46, 9.46, 9.46, 9.46, 0.0, 9.13
2012-12-18, 9.46, 9.46, 9.46, 9.46, 0.0, 9.13
2012-12-19, 9.46, 9.46, 9.46, 9.46, 0.0, 9.13
2012-12-20, 9.46, 9.46, 9.46, 9.46, 0.0, 9.13
2012-12-21, 9.46, 9.46, 9.46, 9.46, 0.0, 9.13
2012-12-24, 9.46, 9.46, 9.46, 9.46, 0.0, 9.13
2012-12-26, 9.46, 9.46, 9.46, 9.46, 0.0, 9.13
2012-12-27, 9.46, 9.46, 9.46, 9.46, 0.0, 9.13
2012-12-28, 9.46, 9.46, 9.46, 9.46, 0.0, 9.13
2012-12-31, 9.46, 9.46, 9.46, 9.46, 0.0, 9.13
2013-01-02, 9.46, 9.46, 9.46, 9.46, 0.0, 9.13
2013-01-03, 9.46, 9.46, 9.46, 9.46, 0.0, 9.13
2013-01-04, 9.46, 9.46, 9.46, 9.46, 0.0, 9.13
2013-01-07, 9.46, 9.46, 9.46, 9.46, 0.0, 9.13
2013-01-08, 9.46, 9.46, 9.46, 9.46, 0.0, 9.13
2013-01-09, 9.46, 9.46, 9.46, 9.46, 0.0, 9.13
2013-01-10, 9.46, 9.46, 9.46, 9.46, 0.0, 9.13
2013-01-11, 9.46, 9.46, 9.46, 9.46, 0.0, 9.13
2013-01-14, 9.46, 9.46, 9.46, 9.46, 0.0, 9.13
2013-01-15, 9.46, 9.46, 9.46, 9.46, 0.0, 9.13
2013-01-16, 9.46, 9.46, 9.46, 9.46, 0.0, 9.13
2013-01-17, 9.46, 9.46, 9.46, 9.46, 0.0, 9.13
2013-01-18, 9.46, 9.46, 9.46, 9.46, 0.0, 9.13
2013-01-22, 9.46, 9.46, 9.46, 9.46, 0.0, 9.13
2013-01-23, 9.52, 9.52, 9.52, 9.52, 3000.0, 9.18
2013-01-24, 9.52, 9.52, 9.52, 9.52, 0.0, 9.18
2013-01-25, 9.52, 9.52, 9.52, 9.52, 0.0, 9.18
2013-01-28, 9.52, 9.52, 9.52, 9.52, 0.0, 9.18
2013-01-29, 9.52, 9.52, 9.52, 9.52, 0.0, 9.18
2013-01-30, 9.52, 9.52, 9.52, 9.52, 0.0, 9.18
2013-01-31, 9.52, 9.52, 9.52, 9.52, 0.0, 9.18
2013-02-01, 9.52, 9.52, 9.52, 9.52, 0.0, 9.18
2013-02-04, 9.52, 9.52, 9.52, 9.52, 0.0, 9.18
2013-02-05, 9.52, 9.52, 9.52, 9.52, 0.0, 9.18
2013-02-06, 9.52, 9.52, 9.52, 9.52, 0.0, 9.18
2013-02-07, 9.52, 9.52, 9.52, 9.52, 0.0, 9.18
2013-02-08, 9.52, 9.52, 9.52, 9.52, 0.0, 9.18
2013-02-11, 9.52, 9.52, 9.52, 9.52, 0.0, 9.18
2013-02-12, 9.52, 9.52, 9.52, 9.52, 0.0, 9.18
2013-02-13, 9.52, 9.52, 9.52, 9.52, 0.0, 9.18
2013-02-14, 9.52, 9.52, 9.52, 9.52, 0.0, 9.18
2013-02-15, 9.52, 9.52, 9.52, 9.52, 0.0, 9.18
2013-02-19, 9.18, 9.18, 9.18, 9.18, 1000.0, 8.86
2013-02-20, 9.18, 9.18, 9.18, 9.18, 0.0, 8.86
2013-02-21, 9.18, 9.18, 9.18, 9.18, 0.0, 8.86
2013-02-22, 9.18, 9.18, 9.18, 9.18, 0.0, 8.86
2013-02-25, 9.18, 9.18, 9.18, 9.18, 0.0, 8.86
2013-02-26, 9.18, 9.18, 9.18, 9.18, 0.0, 8.86
2013-02-27, 9.18, 9.18, 9.18, 9.18, 0.0, 8.86
2013-02-28, 9.18, 9.18, 9.18, 9.18, 0.0, 8.86
2013-03-01, 9.18, 9.18, 9.18, 9.18, 0.0, 8.86
2013-03-04, 9.18, 9.18, 9.18, 9.18, 0.0, 8.86
2013-03-05, 9.18, 9.18, 9.18, 9.18, 0.0, 8.86
2013-03-06, 9.18, 9.18, 9.18, 9.18, 0.0, 8.86
2013-03-07, 9.18, 9.18, 9.18, 9.18, 0.0, 8.86
2013-03-08, 9.18, 9.18, 9.18, 9.18, 0.0, 8.86
2013-03-11, 9.18, 9.18, 9.18, 9.18, 0.0, 8.86
2013-03-12, 9.18, 9.18, 9.18, 9.18, 0.0, 8.86
2013-03-13, 9.18, 9.18, 9.18, 9.18, 0.0, 8.86
2013-03-14, 9.18, 9.18, 9.18, 9.18, 0.0, 8.86
2013-03-15, 9.18, 9.18, 9.18, 9.18, 0.0, 8.86
2013-03-18, 9.18, 9.18, 9.18, 9.18, 0.0, 8.86
2013-03-19, 9.18, 9.18, 9.18, 9.18, 0.0, 8.86
2013-03-20, 9.18, 9.18, 9.18, 9.18, 0.0, 8.86
2013-03-21, 9.18, 9.18, 9.18, 9.18, 0.0, 8.86
2013-03-22, 9.18, 9.18, 9.18, 9.18, 0.0, 8.86
2013-03-25, 9.18, 9.18, 9.18, 9.18, 0.0, 8.86
2013-03-26, 9.18, 9.18, 9.18, 9.18, 0.0, 8.86
2013-03-27, 9.18, 9.18, 9.18, 9.18, 0.0, 8.86
2013-03-28, 9.18, 9.18, 9.18, 9.18, 0.0, 8.86
2013-04-01, 9.18, 9.18, 9.18, 9.18, 0.0, 8.86
2013-04-02, 9.18, 9.18, 9.18, 9.18, 0.0, 8.86
2013-04-03, 9.18, 9.18, 9.18, 9.18, 0.0, 8.86
2013-04-04, 9.18, 9.18, 9.18, 9.18, 0.0, 8.86
2013-04-05, 9.18, 9.18, 9.18, 9.18, 0.0, 8.86
2013-04-08, 9.18, 9.18, 9.18, 9.18, 0.0, 8.86
2013-04-09, 9.18, 9.18, 9.18, 9.18, 0.0, 8.86
2013-04-10, 9.18, 9.18, 9.18, 9.18, 0.0, 8.86
2013-04-11, 9.18, 9.18, 9.18, 9.18, 0.0, 8.86
2013-04-12, 9.18, 9.18, 9.18, 9.18, 0.0, 8.86
2013-04-15, 9.18, 9.18, 9.18, 9.18, 0.0, 8.86
2013-04-16, 9.18, 9.18, 9.18, 9.18, 0.0, 8.86
2013-04-17, 9.18, 9.18, 9.18, 9.18, 0.0, 8.86
2013-04-18, 9.18, 9.18, 9.18, 9.18, 0.0, 8.86
2013-04-19, 9.18, 9.18, 9.18, 9.18, 0.0, 8.86
2013-04-22, 9.18, 9.18, 9.18, 9.18, 0.0, 8.86
2013-04-23, 9.18, 9.18, 9.18, 9.18, 0.0, 8.86
2013-04-24, 9.18, 9.18, 9.18, 9.18, 0.0, 8.86
2013-04-25, 9.18, 9.18, 9.18, 9.18, 0.0, 8.86
2013-04-26, 9.18, 9.18, 9.18, 9.18, 0.0, 8.86
2013-04-29, 9.18, 9.18, 9.18, 9.18, 0.0, 8.86
2013-04-30, 9.18, 9.18, 9.18, 9.18, 0.0, 8.86
2013-05-01, 9.18, 9.18, 9.18, 9.18, 0.0, 8.86
2013-05-02, 9.18, 9.18, 9.18, 9.18, 0.0, 8.86
2013-05-03, 9.18, 9.18, 9.18, 9.18, 0.0, 8.86
2013-05-06, 9.18, 9.18, 9.18, 9.18, 0.0, 8.86
2013-05-07, 7.82, 7.82, 7.82, 7.82, 900.0, 7.54
2013-05-08, 7.82, 7.82, 7.82, 7.82, 0.0, 7.54
2013-05-09, 7.82, 7.82, 7.82, 7.82, 0.0, 7.54
2013-05-10, 7.82, 7.82, 7.82, 7.82, 0.0, 7.54
2013-05-13, 7.82, 7.82, 7.82, 7.82, 0.0, 7.54
2013-05-14, 7.7, 7.7, 7.7, 7.7, 6800.0, 7.43
2013-05-15, 7.7, 7.7, 7.7, 7.7, 0.0, 7.43
2013-05-16, 7.7, 7.7, 7.7, 7.7, 0.0, 7.43
2013-05-17, 7.7, 7.7, 7.7, 7.7, 0.0, 7.43
2013-05-20, 7.7, 7.7, 7.7, 7.7, 0.0, 7.43
2013-05-21, 7.7, 7.7, 7.7, 7.7, 0.0, 7.43
2013-05-22, 7.7, 7.7, 7.7, 7.7, 0.0, 7.43
2013-05-23, 7.7, 7.7, 7.7, 7.7, 0.0, 7.43
2013-05-24, 7.7, 7.7, 7.7, 7.7, 0.0, 7.43
2013-05-28, 7.7, 7.7, 7.7, 7.7, 0.0, 7.43
2013-05-29, 7.7, 7.7, 7.7, 7.7, 0.0, 7.43
2013-05-30, 7.7, 7.7, 7.7, 7.7, 0.0, 7.43
2013-05-31, 7.7, 7.7, 7.7, 7.7, 0.0, 7.43
2013-06-03, 7.7, 7.7, 7.7, 7.7, 0.0, 7.43
2013-06-04, 7.7, 7.7, 7.7, 7.7, 0.0, 7.43
2013-06-05, 7.7, 7.7, 7.7, 7.7, 0.0, 7.43
2013-06-06, 7.7, 7.7, 7.7, 7.7, 0.0, 7.43
2013-06-07, 7.7, 7.7, 7.7, 7.7, 0.0, 7.43
2013-06-10, 7.7, 7.7, 7.7, 7.7, 0.0, 7.43
2013-06-11, 7.7, 7.7, 7.7, 7.7, 0.0, 7.43
2013-06-12, 7.7, 7.7, 7.7, 7.7, 0.0, 7.43
2013-06-13, 7.7, 7.7, 7.7, 7.7, 0.0, 7.43
2013-06-14, 7.7, 7.7, 7.7, 7.7, 0.0, 7.43
2013-06-17, 7.7, 7.7, 7.7, 7.7, 0.0, 7.43
2013-06-18, 7.7, 7.7, 7.7, 7.7, 0.0, 7.43
2013-06-19, 7.7, 7.7, 7.7, 7.7, 0.0, 7.43
2013-06-20, 7.7, 7.7, 7.7, 7.7, 0.0, 7.43
2013-06-21, 7.7, 7.7, 7.7, 7.7, 0.0, 7.43
2013-06-24, 7.7, 7.7, 7.7, 7.7, 0.0, 7.43
2013-06-25, 7.7, 7.7, 7.7, 7.7, 0.0, 7.43
2013-06-26, 7.7, 7.7, 7.7, 7.7, 0.0, 7.43
2013-06-27, 7.7, 7.7, 7.7, 7.7, 0.0, 7.43
2013-06-28, 7.7, 7.7, 7.7, 7.7, 0.0, 7.43
2013-07-01, 7.7, 7.7, 7.7, 7.7, 0.0, 7.43
2013-07-02, 7.7, 7.7, 7.7, 7.7, 0.0, 7.43
2013-07-03, 7.7, 7.7, 7.7, 7.7, 0.0, 7.43
2013-07-05, 7.7, 7.7, 7.7, 7.7, 0.0, 7.43
2013-07-08, 7.7, 7.7, 7.7, 7.7, 0.0, 7.43
2013-07-09, 7.7, 7.7, 7.7, 7.7, 0.0, 7.43
2013-07-10, 7.7, 7.7, 7.7, 7.7, 0.0, 7.43
2013-07-11, 6.78, 6.78, 6.78, 6.78, 900.0, 6.54
2013-07-12, 6.7, 6.7, 6.7, 6.7, 1700.0, 6.46
2013-07-15, 6.7, 6.7, 6.7, 6.7, 0.0, 6.46
2013-07-16, 6.7, 6.7, 6.7, 6.7, 0.0, 6.46
2013-07-17, 6.7, 6.7, 6.7, 6.7, 0.0, 6.46
2013-07-18, 6.7, 6.7, 6.7, 6.7, 0.0, 6.46
2013-07-19, 6.7, 6.7, 6.7, 6.7, 0.0, 6.46
2013-07-22, 6.7, 6.7, 6.7, 6.7, 0.0, 6.46
2013-07-23, 6.7, 6.7, 6.7, 6.7, 0.0, 6.46
2013-07-24, 6.7, 6.7, 6.7, 6.7, 0.0, 6.46
2013-07-25, 6.7, 6.7, 6.7, 6.7, 0.0, 6.46
2013-07-26, 6.7, 6.7, 6.7, 6.7, 0.0, 6.46
2013-07-29, 6.7, 6.7, 6.7, 6.7, 0.0, 6.46
2013-07-30, 6.96, 6.96, 6.96, 6.96, 3000.0, 6.71
2013-07-31, 6.96, 6.96, 6.96, 6.96, 0.0, 6.71
2013-08-01, 6.96, 6.96, 6.96, 6.96, 0.0, 6.71
2013-08-02, 7.21, 7.21, 7.21, 7.21, 200.0, 6.96
2013-08-05, 7.21, 7.21, 7.21, 7.21, 0.0, 6.96
2013-08-06, 7.21, 7.21, 7.21, 7.21, 0.0, 6.96
2013-08-07, 7.21, 7.21, 7.21, 7.21, 0.0, 6.96
2013-08-08, 7.21, 7.21, 7.21, 7.21, 0.0, 6.96
2013-08-09, 7.21, 7.21, 7.21, 7.21, 0.0, 6.96
2013-08-12, 7.21, 7.21, 7.21, 7.21, 0.0, 6.96
2013-08-13, 7.21, 7.21, 7.21, 7.21, 0.0, 6.96
2013-08-14, 7.21, 7.21, 7.21, 7.21, 0.0, 6.96
2013-08-15, 7.21, 7.21, 7.21, 7.21, 0.0, 6.96
2013-08-16, 7.21, 7.21, 7.21, 7.21, 0.0, 6.96
2013-08-19, 7.21, 7.21, 7.21, 7.21, 0.0, 6.96
2013-08-20, 7.21, 7.21, 7.21, 7.21, 0.0, 6.96
2013-08-21, 7.21, 7.21, 7.21, 7.21, 0.0, 6.96
2013-08-22, 7.21, 7.21, 7.21, 7.21, 0.0, 6.96
2013-08-23, 7.21, 7.21, 7.21, 7.21, 0.0, 6.96
2013-08-26, 7.21, 7.21, 7.21, 7.21, 0.0, 6.96
2013-08-27, 7.21, 7.21, 7.21, 7.21, 0.0, 6.96
2013-08-28, 7.21, 7.21, 7.21, 7.21, 0.0, 6.96
2013-08-29, 7.21, 7.21, 7.21, 7.21, 0.0, 6.96
2013-08-30, 7.21, 7.21, 7.21, 7.21, 0.0, 6.96
2013-09-03, 7.21, 7.21, 7.21, 7.21, 0.0, 6.96
2013-09-04, 7.21, 7.21, 7.21, 7.21, 0.0, 6.96
2013-09-05, 7.21, 7.21, 7.21, 7.21, 0.0, 6.96
2013-09-06, 7.21, 7.21, 7.21, 7.21, 0.0, 6.96
2013-09-09, 7.21, 7.21, 7.21, 7.21, 0.0, 6.96
2013-09-10, 7.21, 7.21, 7.21, 7.21, 0.0, 6.96
2013-09-11, 7.21, 7.21, 7.21, 7.21, 0.0, 6.96
2013-09-12, 7.21, 7.21, 7.21, 7.21, 0.0, 6.96
2013-09-13, 7.21, 7.21, 7.21, 7.21, 0.0, 6.96
2013-09-16, 7.21, 7.21, 7.21, 7.21, 0.0, 6.96
2013-09-17, 7.21, 7.21, 7.21, 7.21, 0.0, 6.96
2013-09-18, 7.21, 7.21, 7.21, 7.21, 0.0, 6.96
2013-09-19, 7.21, 7.21, 7.21, 7.21, 0.0, 6.96
2013-09-20, 7.21, 7.21, 7.21, 7.21, 0.0, 6.96
2013-09-23, 7.21, 7.21, 7.21, 7.21, 0.0, 6.96
2013-09-24, 7.21, 7.21, 7.21, 7.21, 0.0, 6.96
2013-09-25, 7.21, 7.21, 7.21, 7.21, 0.0, 6.96
2013-09-26, 7.21, 7.21, 7.21, 7.21, 0.0, 6.96
2013-09-27, 7.21, 7.21, 7.21, 7.21, 0.0, 6.96
2013-09-30, 7.21, 7.21, 7.21, 7.21, 0.0, 6.96
2013-10-01, 7.21, 7.21, 7.21, 7.21, 0.0, 6.96
2013-10-02, 7.21, 7.21, 7.21, 7.21, 0.0, 6.96
2013-10-03, 7.21, 7.21, 7.21, 7.21, 0.0, 6.96
2013-10-04, 7.21, 7.21, 7.21, 7.21, 0.0, 6.96
2013-10-07, 7.21, 7.21, 7.21, 7.21, 0.0, 6.96
2013-10-08, 7.21, 7.21, 7.21, 7.21, 0.0, 6.96
2013-10-09, 7.21, 7.21, 7.21, 7.21, 0.0, 6.96
2013-10-10, 7.21, 7.21, 7.21, 7.21, 0.0, 6.96
2013-10-11, 7.21, 7.21, 7.21, 7.21, 0.0, 6.96
2013-10-14, 7.21, 7.21, 7.21, 7.21, 0.0, 6.96
2013-10-15, 7.21, 7.21, 7.21, 7.21, 0.0, 6.96
2013-10-16, 7.21, 7.21, 7.21, 7.21, 0.0, 6.96
2013-10-17, 7.21, 7.21, 7.21, 7.21, 0.0, 6.96
2013-10-18, 7.21, 7.21, 7.21, 7.21, 0.0, 6.96
2013-10-21, 7.21, 7.21, 7.21, 7.21, 0.0, 6.96
2013-10-22, 7.21, 7.21, 7.21, 7.21, 0.0, 6.96
2013-10-23, 7.21, 7.21, 7.21, 7.21, 0.0, 6.96
2013-10-24, 7.21, 7.21, 7.21, 7.21, 0.0, 6.96
2013-10-25, 7.21, 7.21, 7.21, 7.21, 0.0, 6.96
2013-10-28, 7.21, 7.21, 7.21, 7.21, 0.0, 6.96
2013-10-29, 7.21, 7.21, 7.21, 7.21, 0.0, 6.96
2013-10-30, 7.21, 7.21, 7.21, 7.21, 0.0, 6.96
2013-10-31, 7.21, 7.21, 7.21, 7.21, 0.0, 6.96
2013-11-01, 7.21, 7.21, 7.21, 7.21, 0.0, 6.96
2013-11-04, 7.21, 7.21, 7.21, 7.21, 0.0, 6.96
2013-11-05, 7.21, 7.21, 7.21, 7.21, 0.0, 6.96
2013-11-06, 7.21, 7.21, 7.21, 7.21, 0.0, 6.96
2013-11-07, 7.21, 7.21, 7.21, 7.21, 0.0, 6.96
2013-11-08, 7.21, 7.21, 7.21, 7.21, 0.0, 6.96
2013-11-11, 7.21, 7.21, 7.21, 7.21, 0.0, 6.96
2013-11-12, 7.21, 7.21, 7.21, 7.21, 0.0, 6.96
2013-11-13, 7.21, 7.21, 7.21, 7.21, 0.0, 6.96
2013-11-14, 7.21, 7.21, 7.21, 7.21, 0.0, 6.96
2013-11-15, 7.21, 7.21, 7.21, 7.21, 0.0, 6.96
2013-11-18, 7.21, 7.21, 7.21, 7.21, 0.0, 6.96
2013-11-19, 7.21, 7.21, 7.21, 7.21, 0.0, 6.96
2013-11-20, 7.21, 7.21, 7.21, 7.21, 0.0, 6.96
2013-11-21, 7.21, 7.21, 7.21, 7.21, 0.0, 6.96
2013-11-22, 7.15, 7.15, 7.15, 7.15, 300.0, 6.9
2013-11-25, 7.15, 7.15, 7.15, 7.15, 0.0, 6.9
2013-11-26, 7.15, 7.15, 7.15, 7.15, 0.0, 6.9
2013-11-27, 7.15, 7.15, 7.15, 7.15, 0.0, 6.9
2013-11-29, 7.15, 7.15, 7.15, 7.15, 0.0, 6.9
2013-12-02, 7.15, 7.15, 7.15, 7.15, 0.0, 6.9
2013-12-03, 7.15, 7.15, 7.15, 7.15, 0.0, 6.9
2013-12-04, 7.15, 7.15, 7.15, 7.15, 0.0, 6.9
2013-12-05, 7.15, 7.15, 7.15, 7.15, 0.0, 6.9
2013-12-06, 7.15, 7.15, 7.15, 7.15, 0.0, 6.9
2013-12-09, 7.15, 7.15, 7.15, 7.15, 0.0, 6.9
2013-12-10, 7.15, 7.15, 7.15, 7.15, 0.0, 6.9
2013-12-11, 7.15, 7.15, 7.15, 7.15, 0.0, 6.9
2013-12-12, 7.15, 7.15, 7.15, 7.15, 0.0, 6.9
2013-12-13, 7.15, 7.15, 7.15, 7.15, 0.0, 6.9
2013-12-16, 7.15, 7.15, 7.15, 7.15, 0.0, 6.9
2013-12-17, 7.15, 7.15, 7.15, 7.15, 0.0, 6.9
2013-12-18, 7.15, 7.15, 7.15, 7.15, 0.0, 6.9
2013-12-19, 7.15, 7.15, 7.15, 7.15, 0.0, 6.9
2013-12-20, 7.15, 7.15, 7.15, 7.15, 0.0, 6.9
2013-12-23, 7.15, 7.15, 7.15, 7.15, 0.0, 6.9
2013-12-24, 7.15, 7.15, 7.15, 7.15, 0.0, 6.9
2013-12-26, 7.15, 7.15, 7.15, 7.15, 0.0, 6.9
2013-12-27, 7.4, 7.4, 7.4, 7.4, 2600.0, 7.14
2013-12-30, 7.4, 7.4, 7.4, 7.4, 0.0, 7.14
2013-12-31, 7.4, 7.4, 7.4, 7.4, 0.0, 7.14
2014-01-02, 7.4, 7.4, 7.4, 7.4, 0.0, 7.14
2014-01-03, 7.4, 7.4, 7.4, 7.4, 0.0, 7.14
2014-01-06, 7.34, 7.34, 7.34, 7.34, 500.0, 7.08
2014-01-07, 7.34, 7.34, 7.34, 7.34, 0.0, 7.08
2014-01-08, 7.34, 7.34, 7.34, 7.34, 0.0, 7.08
2014-01-09, 7.34, 7.34, 7.34, 7.34, 0.0, 7.08
2014-01-10, 7.34, 7.34, 7.34, 7.34, 0.0, 7.08
2014-01-13, 7.34, 7.34, 7.34, 7.34, 0.0, 7.08
2014-01-14, 7.34, 7.34, 7.34, 7.34, 0.0, 7.08
2014-01-15, 7.34, 7.34, 7.34, 7.34, 0.0, 7.08
2014-01-16, 7.34, 7.34, 7.34, 7.34, 0.0, 7.08
2014-01-17, 7.34, 7.34, 7.34, 7.34, 0.0, 7.08
2014-01-21, 7.34, 7.34, 7.34, 7.34, 0.0, 7.08
2014-01-22, 7.34, 7.34, 7.34, 7.34, 0.0, 7.08
2014-01-23, 7.34, 7.34, 7.34, 7.34, 0.0, 7.08
2014-01-24, 7.34, 7.34, 7.34, 7.34, 0.0, 7.08
2014-01-27, 7.34, 7.34, 7.34, 7.34, 0.0, 7.08
2014-01-28, 7.34, 7.34, 7.34, 7.34, 0.0, 7.08
2014-01-29, 7.34, 7.34, 7.34, 7.34, 0.0, 7.08
2014-01-30, 7.34, 7.34, 7.34, 7.34, 0.0, 7.08
2014-01-31, 7.34, 7.34, 7.34, 7.34, 0.0, 7.08
2014-02-03, 7.34, 7.34, 7.34, 7.34, 0.0, 7.08
2014-02-04, 7.34, 7.34, 7.34, 7.34, 0.0, 7.08
2014-02-05, 7.34, 7.34, 7.34, 7.34, 0.0, 7.08
2014-02-06, 7.34, 7.34, 7.34, 7.34, 0.0, 7.08
2014-02-07, 7.34, 7.34, 7.34, 7.34, 0.0, 7.08
2014-02-10, 7.34, 7.34, 7.34, 7.34, 0.0, 7.08
2014-02-11, 7.34, 7.34, 7.34, 7.34, 0.0, 7.08
2014-02-12, 7.34, 7.34, 7.34, 7.34, 0.0, 7.08
2014-02-13, 7.34, 7.34, 7.34, 7.34, 0.0, 7.08
2014-02-14, 7.34, 7.34, 7.34, 7.34, 0.0, 7.08
2014-02-18, 7.34, 7.34, 7.34, 7.34, 0.0, 7.08
2014-02-19, 7.34, 7.34, 7.34, 7.34, 0.0, 7.08
2014-02-20, 7.34, 7.34, 7.34, 7.34, 0.0, 7.08
2014-02-21, 7.34, 7.34, 7.34, 7.34, 0.0, 7.08
2014-02-24, 7.34, 7.34, 7.34, 7.34, 0.0, 7.08
2014-02-25, 7.34, 7.34, 7.34, 7.34, 0.0, 7.08
2014-02-26, 7.34, 7.34, 7.34, 7.34, 0.0, 7.08
2014-02-27, 7.34, 7.34, 7.34, 7.34, 0.0, 7.08
2014-02-28, 7.34, 7.34, 7.34, 7.34, 0.0, 7.08
2014-03-03, 7.34, 7.34, 7.34, 7.34, 0.0, 7.08
2014-03-04, 7.34, 7.34, 7.34, 7.34, 0.0, 7.08
2014-03-05, 7.34, 7.34, 7.34, 7.34, 0.0, 7.34
2014-03-06, 7.34, 7.34, 7.34, 7.34, 0.0, 7.34
2014-03-07, 7.34, 7.34, 7.34, 7.34, 0.0, 7.34
2014-03-10, 7.34, 7.34, 7.34, 7.34, 0.0, 7.34
2014-03-11, 7.34, 7.34, 7.34, 7.34, 0.0, 7.34
2014-03-12, 7.34, 7.34, 7.34, 7.34, 0.0, 7.34
2014-03-13, 7.7, 7.7, 7.7, 7.7, 1900.0, 7.7
2014-03-14, 7.7, 7.7, 7.7, 7.7, 0.0, 7.7
2014-03-17, 7.7, 7.7, 7.7, 7.7, 0.0, 7.7
2014-03-18, 7.55, 7.55, 7.55, 7.55, 900.0, 7.55
2014-03-19, 7.45, 7.45, 7.45, 7.45, 500.0, 7.45
2014-03-20, 7.45, 7.45, 7.45, 7.45, 0.0, 7.45
2014-03-21, 7.45, 7.45, 7.45, 7.45, 0.0, 7.45
2014-03-24, 7.45, 7.45, 7.45, 7.45, 0.0, 7.45
2014-03-25, 7.45, 7.45, 7.45, 7.45, 0.0, 7.45
2014-03-26, 7.45, 7.45, 7.45, 7.45, 0.0, 7.45
2014-03-27, 7.45, 7.45, 7.45, 7.45, 0.0, 7.45
2014-03-28, 7.45, 7.45, 7.45, 7.45, 0.0, 7.45
2014-03-31, 7.45, 7.45, 7.45, 7.45, 0.0, 7.45
2014-04-01, 7.45, 7.45, 7.45, 7.45, 0.0, 7.45
2014-04-02, 7.45, 7.45, 7.45, 7.45, 0.0, 7.45
2014-04-03, 7.45, 7.45, 7.45, 7.45, 0.0, 7.45
2014-04-04, 7.45, 7.45, 7.45, 7.45, 0.0, 7.45
2014-04-07, 7.45, 7.45, 7.45, 7.45, 0.0, 7.45
2014-04-08, 7.75, 7.75, 7.75, 7.75, 4900.0, 7.75
2014-04-09, 7.75, 7.75, 7.75, 7.75, 0.0, 7.75
2014-04-10, 7.75, 7.75, 7.75, 7.75, 0.0, 7.75
2014-04-11, 7.75, 7.75, 7.75, 7.75, 0.0, 7.75
2014-04-14, 7.75, 7.75, 7.75, 7.75, 0.0, 7.75
2014-04-15, 7.75, 7.75, 7.75, 7.75, 0.0, 7.75
2014-04-16, 7.75, 7.75, 7.75, 7.75, 0.0, 7.75
2014-04-17, 7.75, 7.75, 7.75, 7.75, 0.0, 7.75
2014-04-21, 7.75, 7.75, 7.75, 7.75, 0.0, 7.75
2014-04-22, 7.75, 7.75, 7.75, 7.75, 0.0, 7.75
2014-04-23, 7.75, 7.75, 7.75, 7.75, 0.0, 7.75
2014-04-24, 7.75, 7.75, 7.75, 7.75, 0.0, 7.75
2014-04-25, 7.75, 7.75, 7.75, 7.75, 0.0, 7.75
2014-04-28, 7.75, 7.75, 7.75, 7.75, 0.0, 7.75
2014-04-29, 7.75, 7.75, 7.75, 7.75, 0.0, 7.75
2014-04-30, 7.75, 7.75, 7.75, 7.75, 0.0, 7.75
2014-05-01, 7.75, 7.75, 7.75, 7.75, 0.0, 7.75
2014-05-02, 7.75, 7.75, 7.75, 7.75, 0.0, 7.75
2014-05-05, 7.75, 7.75, 7.75, 7.75, 0.0, 7.75
2014-05-06, 7.75, 7.75, 7.75, 7.75, 0.0, 7.75
2014-05-07, 7.75, 7.75, 7.75, 7.75, 0.0, 7.75
2014-05-08, 7.75, 7.75, 7.75, 7.75, 0.0, 7.75
2014-05-09, 7.75, 7.75, 7.75, 7.75, 0.0, 7.75
2014-05-12, 7.75, 7.75, 7.75, 7.75, 0.0, 7.75
2014-05-13, 7.75, 7.75, 7.75, 7.75, 0.0, 7.75
2014-05-14, 7.75, 7.75, 7.75, 7.75, 0.0, 7.75
2014-05-15, 7.75, 7.75, 7.75, 7.75, 0.0, 7.75
2014-05-16, 7.75, 7.75, 7.75, 7.75, 0.0, 7.75
2014-05-19, 7.75, 7.75, 7.75, 7.75, 0.0, 7.75
2014-05-20, 7.75, 7.75, 7.75, 7.75, 0.0, 7.75
2014-05-21, 7.75, 7.75, 7.75, 7.75, 0.0, 7.75
2014-05-22, 7.75, 7.75, 7.75, 7.75, 0.0, 7.75
2014-05-23, 7.75, 7.75, 7.75, 7.75, 0.0, 7.75
2014-05-27, 7.75, 7.75, 7.75, 7.75, 0.0, 7.75
2014-05-28, 7.75, 7.75, 7.75, 7.75, 0.0, 7.75
2014-05-29, 7.75, 7.75, 7.75, 7.75, 0.0, 7.75
2014-05-30, 7.75, 7.75, 7.75, 7.75, 0.0, 7.75
2014-06-02, 7.75, 7.75, 7.75, 7.75, 0.0, 7.75
2014-06-03, 7.75, 7.75, 7.75, 7.75, 0.0, 7.75
2014-06-04, 7.75, 7.75, 7.75, 7.75, 0.0, 7.75
2014-06-05, 7.75, 7.75, 7.75, 7.75, 0.0, 7.75
2014-06-06, 7.75, 7.75, 7.75, 7.75, 0.0, 7.75
2014-06-09, 7.8, 7.8, 7.8, 7.8, 10400.0, 7.8
2014-06-10, 7.8, 7.8, 7.8, 7.8, 0.0, 7.8
2014-06-11, 7.8, 7.8, 7.8, 7.8, 0.0, 7.8
2014-06-12, 7.8, 7.8, 7.8, 7.8, 0.0, 7.8
2014-06-13, 7.8, 7.8, 7.8, 7.8, 0.0, 7.8
2014-06-16, 7.8, 7.8, 7.8, 7.8, 0.0, 7.8
2014-06-17, 7.8, 7.8, 7.8, 7.8, 0.0, 7.8
2014-06-18, 7.8, 7.8, 7.8, 7.8, 0.0, 7.8
2014-06-19, 7.8, 7.8, 7.8, 7.8, 0.0, 7.8
2014-06-20, 7.8, 7.8, 7.8, 7.8, 0.0, 7.8
2014-06-23, 7.7, 7.7, 7.7, 7.7, 600.0, 7.7
2014-06-24, 7.7, 7.7, 7.7, 7.7, 0.0, 7.7
2014-06-25, 7.7, 7.7, 7.7, 7.7, 0.0, 7.7
2014-06-26, 7.7, 7.7, 7.7, 7.7, 0.0, 7.7
2014-06-27, 7.7, 7.7, 7.7, 7.7, 0.0, 7.7
2014-06-30, 7.7, 7.7, 7.7, 7.7, 0.0, 7.7
2014-07-01, 7.7, 7.7, 7.7, 7.7, 0.0, 7.7
2014-07-02, 7.7, 7.7, 7.7, 7.7, 0.0, 7.7
2014-07-03, 7.7, 7.7, 7.7, 7.7, 0.0, 7.7
2014-07-07, 7.7, 7.7, 7.7, 7.7, 0.0, 7.7
2014-07-08, 7.7, 7.7, 7.7, 7.7, 0.0, 7.7
2014-07-09, 7.7, 7.7, 7.7, 7.7, 0.0, 7.7
2014-07-10, 7.7, 7.7, 7.7, 7.7, 0.0, 7.7
2014-07-11, 7.7, 7.7, 7.7, 7.7, 0.0, 7.7
2014-07-14, 7.7, 7.7, 7.7, 7.7, 0.0, 7.7
2014-07-15, 7.7, 7.7, 7.7, 7.7, 0.0, 7.7
2014-07-16, 7.7, 7.7, 7.7, 7.7, 0.0, 7.7
2014-07-17, 7.7, 7.7, 7.7, 7.7, 0.0, 7.7
2014-07-18, 7.7, 7.7, 7.7, 7.7, 0.0, 7.7
2014-07-21, 7.7, 7.7, 7.7, 7.7, 0.0, 7.7
2014-07-22, 7.7, 7.7, 7.7, 7.7, 0.0, 7.7
2014-07-23, 7.7, 7.7, 7.7, 7.7, 0.0, 7.7
2014-07-24, 7.7, 7.7, 7.7, 7.7, 0.0, 7.7
2014-07-25, 7.7, 7.7, 7.7, 7.7, 0.0, 7.7
2014-07-28, 7.7, 7.7, 7.7, 7.7, 0.0, 7.7
2014-07-29, 7.7, 7.7, 7.7, 7.7, 0.0, 7.7
2014-07-30, 7.7, 7.7, 7.7, 7.7, 0.0, 7.7
2014-07-31, 7.7, 7.7, 7.7, 7.7, 0.0, 7.7
2014-08-01, 7.7, 7.7, 7.7, 7.7, 0.0, 7.7
2014-08-04, 7.7, 7.7, 7.7, 7.7, 0.0, 7.7
2014-08-05, 7.7, 7.7, 7.7, 7.7, 0.0, 7.7
2014-08-06, 7.7, 7.7, 7.7, 7.7, 0.0, 7.7
2014-08-07, 7.7, 7.7, 7.7, 7.7, 0.0, 7.7
2014-08-08, 7.7, 7.7, 7.7, 7.7, 0.0, 7.7
2014-08-11, 7.7, 7.7, 7.7, 7.7, 0.0, 7.7
2014-08-12, 7.7, 7.7, 7.7, 7.7, 0.0, 7.7
2014-08-13, 7.7, 7.7, 7.7, 7.7, 0.0, 7.7
2014-08-14, 7.7, 7.7, 7.7, 7.7, 0.0, 7.7
2014-08-15, 7.7, 7.7, 7.7, 7.7, 0.0, 7.7
2014-08-18, 7.7, 7.7, 7.7, 7.7, 0.0, 7.7
2014-08-19, 7.7, 7.7, 7.7, 7.7, 0.0, 7.7
2014-08-20, 7.7, 7.7, 7.7, 7.7, 0.0, 7.7
2014-08-21, 7.7, 7.7, 7.7, 7.7, 0.0, 7.57
2014-08-22, 7.7, 7.7, 7.7, 7.7, 0.0, 7.57
2014-08-25, 7.7, 7.7, 7.7, 7.7, 0.0, 7.57
2014-08-26, 7.7, 7.7, 7.7, 7.7, 0.0, 7.57
2014-08-27, 7.7, 7.7, 7.7, 7.7, 0.0, 7.7
2014-08-28, 7.7, 7.7, 7.7, 7.7, 0.0, 7.7
2014-08-29, 7.7, 7.7, 7.7, 7.7, 0.0, 7.7
2014-09-02, 7.7, 7.7, 7.7, 7.7, 0.0, 7.7
2014-09-03, 7.7, 7.7, 7.7, 7.7, 0.0, 7.7
2014-09-04, 7.7, 7.7, 7.7, 7.7, 0.0, 7.7
2014-09-05, 7.7, 7.7, 7.7, 7.7, 0.0, 7.7
2014-09-08, 7.7, 7.7, 7.7, 7.7, 0.0, 7.7
2014-09-09, 7.7, 7.7, 7.7, 7.7, 0.0, 7.7
2014-09-10, 7.7, 7.7, 7.7, 7.7, 0.0, 7.7
2014-09-11, 7.7, 7.7, 7.7, 7.7, 0.0, 7.7
2014-09-12, 7.7, 7.7, 7.7, 7.7, 0.0, 7.7
2014-09-15, 7.7, 7.7, 7.7, 7.7, 0.0, 7.7
2014-09-16, 7.7, 7.7, 7.7, 7.7, 0.0, 7.7
2014-09-17, 7.7, 7.7, 7.7, 7.7, 0.0, 7.7
2014-09-18, 7.7, 7.7, 7.7, 7.7, 0.0, 7.7
2014-09-19, 7.7, 7.7, 7.7, 7.7, 0.0, 7.7
2014-09-22, 7.7, 7.7, 7.7, 7.7, 0.0, 7.7
2014-09-23, 7.7, 7.7, 7.7, 7.7, 0.0, 7.7
2014-09-24, 7.7, 7.7, 7.7, 7.7, 0.0, 7.7
2014-09-25, 7.7, 7.7, 7.7, 7.7, 0.0, 7.7
2014-09-26, 7.7, 7.7, 7.7, 7.7, 0.0, 7.7
2014-09-29, 7.7, 7.7, 7.7, 7.7, 0.0, 7.7
2014-09-30, 7.7, 7.7, 7.7, 7.7, 0.0, 7.7
2014-10-01, 7.7, 7.7, 7.7, 7.7, 0.0, 7.7
2014-10-02, 7.7, 7.7, 7.7, 7.7, 0.0, 7.7
2014-10-03, 7.7, 7.7, 7.7, 7.7, 0.0, 7.7
2014-10-06, 7.7, 7.7, 7.7, 7.7, 0.0, 7.7
2014-10-07, 7.7, 7.7, 7.7, 7.7, 0.0, 7.7
2014-10-08, 7.7, 7.7, 7.7, 7.7, 0.0, 7.7
2014-10-09, 7.7, 7.7, 7.7, 7.7, 0.0, 7.7
2014-10-10, 7.7, 7.7, 7.7, 7.7, 0.0, 7.7
2014-10-13, 7.7, 7.7, 7.7, 7.7, 0.0, 7.7
2014-10-14, 7.7, 7.7, 7.7, 7.7, 0.0, 7.7
2014-10-15, 7.7, 7.7, 7.7, 7.7, 0.0, 7.7
2014-10-16, 7.7, 7.7, 7.7, 7.7, 0.0, 7.7
2014-10-17, 7.7, 7.7, 7.7, 7.7, 0.0, 7.7
2014-10-20, 7.7, 7.7, 7.7, 7.7, 0.0, 7.7
2014-10-21, 7.7, 7.7, 7.7, 7.7, 0.0, 7.7
2014-10-22, 7.7, 7.7, 7.7, 7.7, 0.0, 7.7
2014-10-23, 7.7, 7.7, 7.7, 7.7, 0.0, 7.7
2014-10-24, 7.7, 7.7, 7.7, 7.7, 0.0, 7.7
2014-10-27, 7.7, 7.7, 7.7, 7.7, 0.0, 7.7
2014-10-28, 7.7, 7.7, 7.7, 7.7, 0.0, 7.7
2014-10-29, 7.7, 7.7, 7.7, 7.7, 0.0, 7.7
2014-10-30, 7.7, 7.7, 7.7, 7.7, 0.0, 7.7
2014-10-31, 7.7, 7.7, 7.7, 7.7, 0.0, 7.7
2014-11-03, 7.7, 7.7, 7.7, 7.7, 0.0, 7.7
2014-11-04, 7.7, 7.7, 7.7, 7.7, 0.0, 7.7
2014-11-05, 7.7, 7.7, 7.7, 7.7, 0.0, 7.7
2014-11-06, 7.7, 7.7, 7.7, 7.7, 0.0, 7.7
2014-11-07, 7.7, 7.7, 7.7, 7.7, 0.0, 7.7
2014-11-10, 7.7, 7.7, 7.7, 7.7, 0.0, 7.7
2014-11-11, 7.7, 7.7, 7.7, 7.7, 0.0, 7.7
2014-11-12, 7.7, 7.7, 7.7, 7.7, 0.0, 7.7
2014-11-13, 7.7, 7.7, 7.7, 7.7, 0.0, 7.7
2014-11-14, 7.7, 7.7, 7.7, 7.7, 0.0, 7.7
2014-11-17, 7.7, 7.7, 7.7, 7.7, 0.0, 7.7
2014-11-18, 7.7, 7.7, 7.7, 7.7, 0.0, 7.7
2014-11-19, 7.7, 7.7, 7.7, 7.7, 0.0, 7.7
2014-11-20, 7.7, 7.7, 7.7, 7.7, 0.0, 7.7
2014-11-21, 7.7, 7.7, 7.7, 7.7, 0.0, 7.7
2014-11-24, 7.7, 7.7, 7.7, 7.7, 0.0, 7.7
2014-11-25, 7.7, 7.7, 7.7, 7.7, 0.0, 7.7
2014-11-26, 7.7, 7.7, 7.7, 7.7, 0.0, 7.7
2014-11-28, 7.7, 7.7, 7.7, 7.7, 0.0, 7.7
2014-12-01, 7.7, 7.7, 7.7, 7.7, 0.0, 7.7
2014-12-02, 7.7, 7.7, 7.7, 7.7, 0.0, 7.7
2014-12-03, 7.7, 7.7, 7.7, 7.7, 0.0, 7.7
2014-12-04, 7.7, 7.7, 7.7, 7.7, 0.0, 7.7
2014-12-05, 7.7, 7.7, 7.7, 7.7, 0.0, 7.7
2014-12-08, 7.7, 7.7, 7.7, 7.7, 0.0, 7.7
2014-12-09, 4.93, 4.93, 4.93, 4.93, 8700.0, 4.93
2014-12-10, 4.93, 4.93, 4.93, 4.93, 0.0, 4.93
2014-12-11, 4.93, 4.93, 4.93, 4.93, 0.0, 4.93
2014-12-12, 4.93, 4.93, 4.93, 4.93, 0.0, 4.71
2014-12-15, 4.93, 4.93, 4.93, 4.93, 0.0, 4.71
2014-12-16, 4.93, 4.93, 4.93, 4.93, 0.0, 4.71
2014-12-17, 4.93, 4.93, 4.93, 4.93, 0.0, 4.71
2014-12-18, 4.93, 4.93, 4.93, 4.93, 0.0, 4.71
2014-12-19, 4.93, 4.93, 4.93, 4.93, 0.0, 4.71
2014-12-22, 4.93, 4.93, 4.93, 4.93, 0.0, 4.71
2014-12-23, 4.93, 4.93, 4.93, 4.93, 0.0, 4.71
2014-12-24, 4.93, 4.93, 4.93, 4.93, 0.0, 4.71
2014-12-26, 4.93, 4.93, 4.93, 4.93, 0.0, 4.71
2014-12-29, 4.93, 4.93, 4.93, 4.93, 0.0, 4.71
2014-12-30, 4.93, 4.93, 4.93, 4.93, 0.0, 4.71
2014-12-31, 4.93, 4.93, 4.93, 4.93, 0.0, 4.71
2015-01-02, 4.93, 4.93, 4.93, 4.93, 0.0, 4.71
2015-01-05, 4.93, 4.93, 4.93, 4.93, 0.0, 4.71
2015-01-06, 4.93, 4.93, 4.93, 4.93, 0.0, 4.71
2015-01-07, 4.79, 4.79, 4.79, 4.79, 2000.0, 4.57
2015-01-08, 4.79, 4.79, 4.79, 4.79, 0.0, 4.57
2015-01-09, 4.79, 4.79, 4.79, 4.79, 0.0, 4.57
2015-01-12, 4.79, 4.79, 4.79, 4.79, 0.0, 4.57
2015-01-13, 4.79, 4.79, 4.79, 4.79, 0.0, 4.57
2015-01-14, 4.79, 4.79, 4.79, 4.79, 0.0, 4.57
2015-01-15, 4.79, 4.79, 4.79, 4.79, 0.0, 4.57
2015-01-16, 4.79, 4.79, 4.79, 4.79, 0.0, 4.57
2015-01-20, 4.79, 4.79, 4.79, 4.79, 0.0, 4.57
2015-01-21, 4.79, 4.79, 4.79, 4.79, 0.0, 4.57
2015-01-22, 4.79, 4.79, 4.79, 4.79, 0.0, 4.57
2015-01-23, 4.79, 4.79, 4.79, 4.79, 0.0, 4.57
2015-01-26, 4.79, 4.79, 4.79, 4.79, 0.0, 4.57
2015-01-27, 4.79, 4.79, 4.79, 4.79, 0.0, 4.57
2015-01-28, 4.79, 4.79, 4.79, 4.79, 0.0, 4.57
2015-01-29, 4.79, 4.79, 4.79, 4.79, 0.0, 4.57
2015-01-30, 4.79, 4.79, 4.79, 4.79, 0.0, 4.57
2015-02-02, 4.79, 4.79, 4.79, 4.79, 0.0, 4.57
2015-02-03, 4.79, 4.79, 4.79, 4.79, 0.0, 4.57
2015-02-04, 4.79, 4.79, 4.79, 4.79, 0.0, 4.57
2015-02-05, 4.79, 4.79, 4.79, 4.79, 0.0, 4.57
2015-02-06, 4.79, 4.79, 4.79, 4.79, 0.0, 4.57
2015-02-09, 4.79, 4.79, 4.79, 4.79, 0.0, 4.57
2015-02-10, 4.79, 4.79, 4.79, 4.79, 0.0, 4.57
2015-02-11, 4.79, 4.79, 4.79, 4.79, 0.0, 4.57
2015-02-12, 4.79, 4.79, 4.79, 4.79, 0.0, 4.57
2015-02-13, 4.79, 4.79, 4.79, 4.79, 0.0, 4.57
2015-02-17, 4.79, 4.79, 4.79, 4.79, 0.0, 4.57
2015-02-18, 4.79, 4.79, 4.79, 4.79, 0.0, 4.57
2015-02-19, 4.79, 4.79, 4.79, 4.79, 0.0, 4.57
2015-02-20, 4.79, 4.79, 4.79, 4.79, 0.0, 4.57
2015-02-23, 4.79, 4.79, 4.79, 4.79, 0.0, 4.57
2015-02-24, 4.79, 4.79, 4.79, 4.79, 0.0, 4.57
2015-02-25, 4.79, 4.79, 4.79, 4.79, 0.0, 4.57
2015-02-26, 4.79, 4.79, 4.79, 4.79, 0.0, 4.57
2015-02-27, 4.79, 4.79, 4.79, 4.79, 0.0, 4.57
2015-03-02, 4.79, 4.79, 4.79, 4.79, 0.0, 4.57
2015-03-03, 4.79, 4.79, 4.79, 4.79, 0.0, 4.57
2015-03-04, 4.79, 4.79, 4.79, 4.79, 0.0, 4.57
2015-03-05, 4.79, 4.79, 4.79, 4.79, 0.0, 4.57
2015-03-06, 4.79, 4.79, 4.79, 4.79, 0.0, 4.57
2015-03-09, 4.79, 4.79, 4.79, 4.79, 0.0, 4.57
2015-03-10, 4.79, 4.79, 4.79, 4.79, 0.0, 4.57
2015-03-11, 4.79, 4.79, 4.79, 4.79, 0.0, 4.57
2015-03-12, 4.79, 4.79, 4.79, 4.79, 0.0, 4.57
2015-03-13, 4.79, 4.79, 4.79, 4.79, 0.0, 4.57
2015-03-16, 4.79, 4.79, 4.79, 4.79, 0.0, 4.57
2015-03-17, 4.79, 4.79, 4.79, 4.79, 0.0, 4.57
2015-03-18, 4.79, 4.79, 4.79, 4.79, 0.0, 4.57
2015-03-19, 4.79, 4.79, 4.79, 4.79, 0.0, 4.57
2015-03-20, 4.79, 4.79, 4.79, 4.79, 0.0, 4.57
2015-03-23, 4.79, 4.79, 4.79, 4.79, 0.0, 4.57
2015-03-24, 4.79, 4.79, 4.79, 4.79, 0.0, 4.57
2015-03-25, 4.79, 4.79, 4.79, 4.79, 0.0, 4.57
2015-03-26, 4.79, 4.79, 4.79, 4.79, 0.0, 4.79
2015-03-27, 4.79, 4.79, 4.79, 4.79, 0.0, 4.79
2015-03-30, 4.79, 4.79, 4.79, 4.79, 0.0, 4.79
2015-03-31, 4.79, 4.79, 4.79, 4.79, 0.0, 4.79
2015-04-01, 4.79, 4.79, 4.79, 4.79, 0.0, 4.79
2015-04-02, 4.79, 4.79, 4.79, 4.79, 0.0, 4.79
2015-04-06, 4.79, 4.79, 4.79, 4.79, 0.0, 4.79
2015-04-07, 4.79, 4.79, 4.79, 4.79, 0.0, 4.79
2015-04-08, 4.79, 4.79, 4.79, 4.79, 0.0, 4.79
2015-04-09, 4.79, 4.79, 4.79, 4.79, 0.0, 4.79
2015-04-10, 4.79, 4.79, 4.79, 4.79, 0.0, 4.79
2015-04-13, 4.79, 4.79, 4.79, 4.79, 0.0, 4.79
2015-04-14, 4.79, 4.79, 4.79, 4.79, 0.0, 4.79
2015-04-15, 4.79, 4.79, 4.79, 4.79, 0.0, 4.79
2015-04-16, 4.79, 4.79, 4.79, 4.79, 0.0, 4.79
2015-04-17, 4.79, 4.79, 4.79, 4.79, 0.0, 4.79
2015-04-20, 4.79, 4.79, 4.79, 4.79, 0.0, 4.79
2015-04-21, 4.79, 4.79, 4.79, 4.79, 0.0, 4.79
2015-04-22, 4.79, 4.79, 4.79, 4.79, 0.0, 4.79
2015-04-23, 4.79, 4.79, 4.79, 4.79, 0.0, 4.79
2015-04-24, 4.79, 4.79, 4.79, 4.79, 0.0, 4.79
2015-04-27, 4.79, 4.79, 4.79, 4.79, 0.0, 4.79
2015-04-28, 4.79, 4.79, 4.79, 4.79, 0.0, 4.79
2015-04-29, 4.79, 4.79, 4.79, 4.79, 0.0, 4.79
2015-04-30, 4.79, 4.79, 4.79, 4.79, 0.0, 4.79
2015-05-01, 4.79, 4.79, 4.79, 4.79, 0.0, 4.79
2015-05-04, 4.79, 4.79, 4.79, 4.79, 0.0, 4.79
2015-05-05, 4.79, 4.79, 4.79, 4.79, 0.0, 4.79
2015-05-06, 4.79, 4.79, 4.79, 4.79, 0.0, 4.79
2015-05-07, 4.79, 4.79, 4.79, 4.79, 0.0, 4.79
2015-05-08, 4.79, 4.79, 4.79, 4.79, 0.0, 4.79
2015-05-11, 4.79, 4.79, 4.79, 4.79, 0.0, 4.79
2015-05-12, 4.79, 4.79, 4.79, 4.79, 0.0, 4.79
2015-05-13, 4.79, 4.79, 4.79, 4.79, 0.0, 4.79
2015-05-14, 4.79, 4.79, 4.79, 4.79, 0.0, 4.79
2015-05-15, 4.79, 4.79, 4.79, 4.79, 0.0, 4.79
2015-05-18, 4.79, 4.79, 4.79, 4.79, 0.0, 4.79
2015-05-19, 4.79, 4.79, 4.79, 4.79, 0.0, 4.79
2015-05-20, 4.79, 4.79, 4.79, 4.79, 0.0, 4.79
2015-05-21, 4.79, 4.79, 4.79, 4.79, 0.0, 4.79
2015-05-22, 4.79, 4.79, 4.79, 4.79, 0.0, 4.79
2015-05-26, 4.79, 4.79, 4.79, 4.79, 0.0, 4.79
2015-05-27, 4.79, 4.79, 4.79, 4.79, 0.0, 4.79
2015-05-28, 4.79, 4.79, 4.79, 4.79, 0.0, 4.79
2015-05-29, 4.79, 4.79, 4.79, 4.79, 0.0, 4.79
2015-06-01, 4.79, 4.79, 4.79, 4.79, 0.0, 4.79
2015-06-02, 4.79, 4.79, 4.79, 4.79, 0.0, 4.79
2015-06-03, 4.79, 4.79, 4.79, 4.79, 0.0, 4.79
2015-06-04, 4.79, 4.79, 4.79, 4.79, 0.0, 4.79
2015-06-05, 4.79, 4.79, 4.79, 4.79, 0.0, 4.79
2015-06-08, 4.79, 4.79, 4.79, 4.79, 0.0, 4.79
2015-06-09, 4.79, 4.79, 4.79, 4.79, 0.0, 4.79
2015-06-10, 4.79, 4.79, 4.79, 4.79, 0.0, 4.79
2015-06-11, 4.79, 4.79, 4.79, 4.79, 0.0, 4.79
2015-06-12, 4.79, 4.79, 4.79, 4.79, 0.0, 4.79
2015-06-15, 4.79, 4.79, 4.79, 4.79, 0.0, 4.79
2015-06-16, 4.79, 4.79, 4.79, 4.79, 0.0, 4.79
2015-06-17, 4.79, 4.79, 4.79, 4.79, 0.0, 4.79
2015-06-18, 4.79, 4.79, 4.79, 4.79, 0.0, 4.79
2015-06-19, 4.79, 4.79, 4.79, 4.79, 0.0, 4.79
2015-06-22, 4.79, 4.79, 4.79, 4.79, 0.0, 4.79
2015-06-23, 4.79, 4.79, 4.79, 4.79, 0.0, 4.79
2015-06-24, 4.79, 4.79, 4.79, 4.79, 0.0, 4.79
2015-06-25, 4.79, 4.79, 4.79, 4.79, 0.0, 4.79
2015-06-26, 4.79, 4.79, 4.79, 4.79, 0.0, 4.79
2015-06-29, 4.79, 4.79, 4.79, 4.79, 0.0, 4.79
2015-06-30, 4.79, 4.79, 4.79, 4.79, 0.0, 4.79
2015-07-01, 4.79, 4.79, 4.79, 4.79, 0.0, 4.79
2015-07-02, 4.79, 4.79, 4.79, 4.79, 0.0, 4.79
2015-07-06, 4.79, 4.79, 4.79, 4.79, 0.0, 4.79
2015-07-07, 4.79, 4.79, 4.79, 4.79, 0.0, 4.79
2015-07-08, 4.79, 4.79, 4.79, 4.79, 0.0, 4.67
2015-07-09, 4.79, 4.79, 4.79, 4.79, 0.0, 4.67
2015-07-10, 4.79, 4.79, 4.79, 4.79, 0.0, 4.67
2015-07-13, 4.79, 4.79, 4.79, 4.79, 0.0, 4.67
2015-07-14, 4.79, 4.79, 4.79, 4.79, 0.0, 4.67
2015-07-15, 4.79, 4.79, 4.79, 4.79, 0.0, 4.67
2015-07-16, 4.79, 4.79, 4.79, 4.79, 0.0, 4.67
2015-07-17, 4.79, 4.79, 4.79, 4.79, 0.0, 4.67
2015-07-20, 4.79, 4.79, 4.79, 4.79, 0.0, 4.67
2015-07-21, 4.79, 4.79, 4.79, 4.79, 0.0, 4.67
2015-07-22, 4.79, 4.79, 4.79, 4.79, 0.0, 4.67
2015-07-23, 4.79, 4.79, 4.79, 4.79, 0.0, 4.67
2015-07-24, 4.79, 4.79, 4.79, 4.79, 0.0, 4.67
2015-07-27, 4.79, 4.79, 4.79, 4.79, 0.0, 4.67
2015-07-28, 4.79, 4.79, 4.79, 4.79, 0.0, 4.67
2015-07-29, 4.79, 4.79, 4.79, 4.79, 0.0, 4.67
2015-07-30, 4.79, 4.79, 4.79, 4.79, 0.0, 4.67
2015-07-31, 4.79, 4.79, 4.79, 4.79, 0.0, 4.67
2015-08-03, 4.79, 4.79, 4.79, 4.79, 0.0, 4.67
2015-08-04, 4.79, 4.79, 4.79, 4.79, 0.0, 4.67
2015-08-05, 4.79, 4.79, 4.79, 4.79, 0.0, 4.67
2015-08-06, 4.79, 4.79, 4.79, 4.79, 0.0, 4.67
2015-08-07, 4.79, 4.79, 4.79, 4.79, 0.0, 4.67
2015-08-10, 4.79, 4.79, 4.79, 4.79, 0.0, 4.67
2015-08-11, 4.79, 4.79, 4.79, 4.79, 0.0, 4.67
2015-08-12, 4.79, 4.79, 4.79, 4.79, 0.0, 4.67
2015-08-13, 4.79, 4.79, 4.79, 4.79, 0.0, 4.67
2015-08-14, 4.79, 4.79, 4.79, 4.79, 0.0, 4.67
2015-08-17, 4.79, 4.79, 4.79, 4.79, 0.0, 4.67
2015-08-18, 4.79, 4.79, 4.79, 4.79, 0.0, 4.67
2015-08-19, 4.79, 4.79, 4.79, 4.79, 0.0, 4.67
2015-08-20, 4.79, 4.79, 4.79, 4.79, 0.0, 4.67
2015-08-21, 4.79, 4.79, 4.79, 4.79, 0.0, 4.67
2015-08-24, 4.79, 4.79, 4.79, 4.79, 0.0, 4.67
2015-08-25, 4.79, 4.79, 4.79, 4.79, 0.0, 4.67
2015-08-26, 4.79, 4.79, 4.79, 4.79, 0.0, 4.67
2015-08-27, 4.79, 4.79, 4.79, 4.79, 0.0, 4.79
2015-08-28, 4.79, 4.79, 4.79, 4.79, 0.0, 4.79
2015-08-31, 4.79, 4.79, 4.79, 4.79, 0.0, 4.79
2015-09-01, 4.79, 4.79, 4.79, 4.79, 0.0, 4.79
2015-09-02, 4.79, 4.79, 4.79, 4.79, 0.0, 4.79
2015-09-03, 4.79, 4.79, 4.79, 4.79, 0.0, 4.79
2015-09-04, 4.79, 4.79, 4.79, 4.79, 0.0, 4.79
2015-09-08, 4.79, 4.79, 4.79, 4.79, 0.0, 4.79
2015-09-09, 4.79, 4.79, 4.79, 4.79, 0.0, 4.79
2015-09-10, 4.79, 4.79, 4.79, 4.79, 0.0, 4.79
2015-09-11, 4.79, 4.79, 4.79, 4.79, 0.0, 4.79
2015-09-14, 4.79, 4.79, 4.79, 4.79, 0.0, 4.426621
2015-09-15, 4.79, 4.79, 4.79, 4.79, 0.0, 4.426621
2015-09-16, 4.79, 4.79, 4.79, 4.79, 0.0, 4.426621
2015-09-17, 4.79, 4.79, 4.79, 4.79, 0.0, 4.426621
2015-09-18, 4.79, 4.79, 4.79, 4.79, 0.0, 4.426621
2015-09-21, 4.79, 4.79, 4.79, 4.79, 0.0, 4.426621
2015-09-22, 4.79, 4.79, 4.79, 4.79, 0.0, 4.426621
2015-09-23, 4.79, 4.79, 4.79, 4.79, 0.0, 4.426621
2015-09-24, 4.79, 4.79, 4.79, 4.79, 0.0, 4.426621
2015-09-25, 4.79, 4.79, 4.79, 4.79, 0.0, 4.426621
2015-09-28, 4.79, 4.79, 4.79, 4.79, 0.0, 4.426621
2015-09-29, 4.79, 4.79, 4.79, 4.79, 0.0, 4.426621
2015-09-30, 4.79, 4.79, 4.79, 4.79, 0.0, 4.426621
2015-10-01, 4.79, 4.79, 4.79, 4.79, 0.0, 4.426621
2015-10-02, 4.79, 4.79, 4.79, 4.79, 0.0, 4.426621
2015-10-05, 4.79, 4.79, 4.79, 4.79, 0.0, 4.426621
2015-10-06, 4.79, 4.79, 4.79, 4.79, 0.0, 4.426621
2015-10-07, 4.79, 4.79, 4.79, 4.79, 0.0, 4.426621
2015-10-08, 3.5, 3.5, 3.5, 3.5, 2300.0, 3.234483
2015-10-09, 3.5, 3.5, 3.5, 3.5, 0.0, 3.234483
2015-10-12, 3.5, 3.5, 3.5, 3.5, 0.0, 3.234483
2015-10-13, 3.5, 3.5, 3.5, 3.5, 0.0, 3.234483
2015-10-14, 3.5, 3.5, 3.5, 3.5, 0.0, 3.234483
2015-10-15, 3.5, 3.5, 3.5, 3.5, 0.0, 3.234483
2015-10-16, 3.5, 3.5, 3.5, 3.5, 0.0, 3.234483
2015-10-19, 3.5, 3.5, 3.5, 3.5, 0.0, 3.234483
2015-10-20, 3.5, 3.5, 3.5, 3.5, 0.0, 3.234483
2015-10-21, 3.5, 3.5, 3.5, 3.5, 0.0, 3.234483
2015-10-22, 3.5, 3.5, 3.5, 3.5, 0.0, 3.234483
2015-10-23, 3.5, 3.5, 3.5, 3.5, 0.0, 3.234483
2015-10-26, 3.5, 3.5, 3.5, 3.5, 0.0, 3.234483
2015-10-27, 3.5, 3.5, 3.5, 3.5, 0.0, 3.234483
2015-10-28, 3.5, 3.5, 3.5, 3.5, 0.0, 3.234483
2015-10-29, 3.5, 3.5, 3.5, 3.5, 0.0, 3.234483
2015-10-30, 3.5, 3.5, 3.5, 3.5, 0.0, 3.234483
2015-11-02, 3.5, 3.5, 3.5, 3.5, 0.0, 3.234483
2015-11-03, 3.5, 3.5, 3.5, 3.5, 0.0, 3.234483
2015-11-04, 3.5, 3.5, 3.5, 3.5, 0.0, 3.234483
2015-11-05, 3.5, 3.5, 3.5, 3.5, 0.0, 3.234483
2015-11-06, 3.5, 3.5, 3.5, 3.5, 0.0, 3.234483
2015-11-09, 3.5, 3.5, 3.5, 3.5, 0.0, 3.234483
2015-11-10, 3.5, 3.5, 3.5, 3.5, 0.0, 3.234483
2015-11-11, 3.5, 3.5, 3.5, 3.5, 0.0, 3.234483
2015-11-12, 3.5, 3.5, 3.5, 3.5, 0.0, 3.234483
2015-11-13, 3.5, 3.5, 3.5, 3.5, 0.0, 3.234483
2015-11-16, 3.5, 3.5, 3.5, 3.5, 0.0, 3.234483
2015-11-17, 3.5, 3.5, 3.5, 3.5, 0.0, 3.234483
2015-11-18, 3.5, 3.5, 3.5, 3.5, 0.0, 3.234483
2015-11-19, 3.5, 3.5, 3.5, 3.5, 0.0, 3.234483
2015-11-20, 3.5, 3.5, 3.5, 3.5, 0.0, 3.234483
2015-11-23, 3.5, 3.5, 3.5, 3.5, 0.0, 3.234483
2015-11-24, 3.5, 3.5, 3.5, 3.5, 0.0, 3.234483
2015-11-25, 3.5, 3.5, 3.5, 3.5, 0.0, 3.234483
2015-11-27, 3.5, 3.5, 3.5, 3.5, 0.0, 3.234483
2015-11-30, 3.5, 3.5, 3.5, 3.5, 0.0, 3.234483
2015-12-01, 3.5, 3.5, 3.5, 3.5, 0.0, 3.234483
2015-12-02, 3.5, 3.5, 3.5, 3.5, 0.0, 3.234483
2015-12-03, 3.5, 3.5, 3.5, 3.5, 0.0, 3.234483
2015-12-04, 3.5, 3.5, 3.5, 3.5, 0.0, 3.234483
2015-12-07, 3.5, 3.5, 3.5, 3.5, 0.0, 3.234483
2015-12-08, 2.6, 2.6, 2.6, 2.6, 500.0, 2.402759
2015-12-09, 2.6, 2.6, 2.6, 2.6, 0.0, 2.402759
2015-12-10, 2.76, 2.76, 2.76, 2.76, 1600.0, 2.550621
2015-12-11, 2.76, 2.76, 2.76, 2.76, 0.0, 2.550621
2015-12-14, 2.61, 2.61, 2.61, 2.61, 7800.0, 2.412
2015-12-15, 2.61, 2.61, 2.61, 2.61, 0.0, 2.412
2015-12-16, 2.61, 2.61, 2.61, 2.61, 0.0, 2.412
2015-12-17, 2.61, 2.61, 2.61, 2.61, 0.0, 2.412
2015-12-18, 2.61, 2.61, 2.61, 2.61, 0.0, 2.412
2015-12-21, 2.61, 2.61, 2.61, 2.61, 0.0, 2.412
2015-12-22, 2.61, 2.61, 2.61, 2.61, 0.0, 2.412
2015-12-23, 2.61, 2.61, 2.61, 2.61, 0.0, 2.412
2015-12-24, 2.61, 2.61, 2.61, 2.61, 0.0, 2.412
2015-12-28, 2.61, 2.61, 2.61, 2.61, 0.0, 2.412
2015-12-29, 2.61, 2.61, 2.61, 2.61, 0.0, 2.412
2015-12-30, 2.61, 2.61, 2.61, 2.61, 0.0, 2.412
2015-12-31, 2.61, 2.61, 2.61, 2.61, 0.0, 2.412
2016-01-04, 2.61, 2.61, 2.61, 2.61, 0.0, 2.412
2016-01-05, 2.61, 2.61, 2.61, 2.61, 0.0, 2.412
2016-01-06, 2.61, 2.61, 2.61, 2.61, 0.0, 2.412
2016-01-07, 2.61, 2.61, 2.61, 2.61, 0.0, 2.412
2016-01-08, 2.61, 2.61, 2.61, 2.61, 0.0, 2.412
2016-01-11, 2.61, 2.61, 2.61, 2.61, 0.0, 2.412
2016-01-12, 2.61, 2.61, 2.61, 2.61, 0.0, 2.412
2016-01-13, 2.61, 2.61, 2.61, 2.61, 0.0, 2.412
2016-01-14, 2.61, 2.61, 2.61, 2.61, 0.0, 2.412
2016-01-15, 2.61, 2.61, 2.61, 2.61, 0.0, 2.412
2016-01-19, 2.61, 2.61, 2.61, 2.61, 0.0, 2.412
2016-01-20, 2.61, 2.61, 2.61, 2.61, 0.0, 2.412
2016-01-21, 2.61, 2.61, 2.61, 2.61, 0.0, 2.412
2016-01-22, 2.61, 2.61, 2.61, 2.61, 0.0, 2.412
2016-01-25, 2.61, 2.61, 2.61, 2.61, 0.0, 2.412
2016-01-26, 2.61, 2.61, 2.61, 2.61, 0.0, 2.412
2016-01-27, 2.61, 2.61, 2.61, 2.61, 0.0, 2.412
2016-01-28, 2.61, 2.61, 2.61, 2.61, 0.0, 2.412
2016-01-29, 2.61, 2.61, 2.61, 2.61, 0.0, 2.412
2016-02-01, 2.61, 2.61, 2.61, 2.61, 0.0, 2.412
2016-02-02, 2.61, 2.61, 2.61, 2.61, 0.0, 2.412
2016-02-03, 2.61, 2.61, 2.61, 2.61, 0.0, 2.412
2016-02-04, 2.61, 2.61, 2.61, 2.61, 0.0, 2.412
2016-02-05, 2.61, 2.61, 2.61, 2.61, 0.0, 2.412
2016-02-08, 2.61, 2.61, 2.61, 2.61, 0.0, 2.412
2016-02-09, 2.61, 2.61, 2.61, 2.61, 0.0, 2.412
2016-02-10, 2.61, 2.61, 2.61, 2.61, 0.0, 2.412
2016-02-11, 2.61, 2.61, 2.61, 2.61, 0.0, 2.412
2016-02-12, 2.61, 2.61, 2.61, 2.61, 0.0, 2.412
2016-02-16, 2.61, 2.61, 2.61, 2.61, 0.0, 2.412
2016-02-17, 2.61, 2.61, 2.61, 2.61, 0.0, 2.412
2016-02-18, 2.61, 2.61, 2.61, 2.61, 0.0, 2.412
2016-02-19, 2.61, 2.61, 2.61, 2.61, 0.0, 2.412
2016-02-22, 2.61, 2.61, 2.61, 2.61, 0.0, 2.412
2016-02-23, 2.61, 2.61, 2.61, 2.61, 0.0, 2.412
2016-02-24, 2.61, 2.61, 2.61, 2.61, 0.0, 2.412
2016-02-25, 2.61, 2.61, 2.61, 2.61, 0.0, 2.412
2016-02-26, 2.61, 2.61, 2.61, 2.61, 0.0, 2.412
2016-02-29, 2.61, 2.61, 2.61, 2.61, 0.0, 2.412
2016-03-01, 2.61, 2.61, 2.61, 2.61, 0.0, 2.412
2016-03-02, 2.61, 2.61, 2.61, 2.61, 0.0, 2.412
2016-03-03, 2.61, 2.61, 2.61, 2.61, 0.0, 2.412
2016-03-04, 2.61, 2.61, 2.61, 2.61, 0.0, 2.412
2016-03-07, 2.61, 2.61, 2.61, 2.61, 0.0, 2.412
2016-03-08, 2.61, 2.61, 2.61, 2.61, 0.0, 2.412
2016-03-09, 2.61, 2.61, 2.61, 2.61, 0.0, 2.412
2016-03-10, 2.61, 2.61, 2.61, 2.61, 0.0, 2.412
2016-03-11, 2.61, 2.61, 2.61, 2.61, 0.0, 2.412
2016-03-14, 2.61, 2.61, 2.61, 2.61, 0.0, 2.412
2016-03-15, 2.61, 2.61, 2.61, 2.61, 0.0, 2.412
2016-03-16, 2.61, 2.61, 2.61, 2.61, 0.0, 2.412
2016-03-17, 2.61, 2.61, 2.61, 2.61, 0.0, 2.412
2016-03-18, 2.61, 2.61, 2.61, 2.61, 0.0, 2.412
2016-03-21, 2.61, 2.61, 2.61, 2.61, 0.0, 2.412
2016-03-22, 2.61, 2.61, 2.61, 2.61, 0.0, 2.412
2016-03-23, 2.61, 2.61, 2.61, 2.61, 0.0, 2.412
2016-03-24, 2.61, 2.61, 2.61, 2.61, 0.0, 2.61
2016-03-28, 2.61, 2.61, 2.61, 2.61, 0.0, 2.61
2016-03-29, 2.61, 2.61, 2.61, 2.61, 0.0, 2.61
2016-03-30, 2.61, 2.61, 2.61, 2.61, 0.0, 2.61
2016-03-31, 2.61, 2.61, 2.61, 2.61, 0.0, 2.61
2016-04-01, 2.61, 2.61, 2.61, 2.61, 0.0, 2.61
2016-04-04, 2.61, 2.61, 2.61, 2.61, 0.0, 2.61
2016-04-05, 2.61, 2.61, 2.61, 2.61, 0.0, 2.61
2016-04-06, 2.61, 2.61, 2.61, 2.61, 0.0, 2.61
2016-04-07, 2.61, 2.61, 2.61, 2.61, 0.0, 2.61
2016-04-08, 2.61, 2.61, 2.61, 2.61, 0.0, 2.61
2016-04-11, 2.61, 2.61, 2.61, 2.61, 0.0, 2.61
2016-04-12, 2.61, 2.61, 2.61, 2.61, 0.0, 2.61
2016-04-13, 2.61, 2.61, 2.61, 2.61, 0.0, 2.61
2016-04-14, 2.61, 2.61, 2.61, 2.61, 0.0, 2.61
2016-04-15, 2.61, 2.61, 2.61, 2.61, 0.0, 2.61
2016-04-18, 2.61, 2.61, 2.61, 2.61, 0.0, 2.61
2016-04-19, 2.61, 2.61, 2.61, 2.61, 0.0, 2.61
2016-04-20, 2.61, 2.61, 2.61, 2.61, 0.0, 2.61
2016-04-21, 2.61, 2.61, 2.61, 2.61, 0.0, 2.61
2016-04-22, 2.61, 2.61, 2.61, 2.61, 0.0, 2.61
2016-04-25, 2.61, 2.61, 2.61, 2.61, 0.0, 2.61
2016-04-26, 2.61, 2.61, 2.61, 2.61, 0.0, 2.61
2016-04-27, 2.61, 2.61, 2.61, 2.61, 0.0, 2.61
2016-04-28, 2.61, 2.61, 2.61, 2.61, 0.0, 2.61
2016-04-29, 2.61, 2.61, 2.61, 2.61, 0.0, 2.61
2016-05-02, 2.61, 2.61, 2.61, 2.61, 0.0, 2.61
2016-05-03, 2.61, 2.61, 2.61, 2.61, 0.0, 2.61
2016-05-04, 2.61, 2.61, 2.61, 2.61, 0.0, 2.61
2016-05-05, 2.61, 2.61, 2.61, 2.61, 0.0, 2.61
2016-05-06, 2.61, 2.61, 2.61, 2.61, 0.0, 2.61
2016-05-09, 2.61, 2.61, 2.61, 2.61, 0.0, 2.61
2016-05-10, 2.61, 2.61, 2.61, 2.61, 0.0, 2.61
2016-05-11, 2.61, 2.61, 2.61, 2.61, 0.0, 2.61
2016-05-12, 2.61, 2.61, 2.61, 2.61, 0.0, 2.61
2016-05-13, 2.61, 2.61, 2.61, 2.61, 0.0, 2.61
2016-05-16, 2.61, 2.61, 2.61, 2.61, 0.0, 2.61
2016-05-17, 2.61, 2.61, 2.61, 2.61, 0.0, 2.61
2016-05-18, 2.61, 2.61, 2.61, 2.61, 0.0, 2.61
2016-05-19, 2.61, 2.61, 2.61, 2.61, 0.0, 2.61
2016-05-20, 2.61, 2.61, 2.61, 2.61, 0.0, 2.61
2016-05-23, 2.61, 2.61, 2.61, 2.61, 0.0, 2.61
2016-05-24, 2.61, 2.61, 2.61, 2.61, 0.0, 2.61
2016-05-25, 2.61, 2.61, 2.61, 2.61, 0.0, 2.61
2016-05-26, 2.61, 2.61, 2.61, 2.61, 0.0, 2.61
2016-05-27, 2.61, 2.61, 2.61, 2.61, 0.0, 2.61
2016-05-31, 2.61, 2.61, 2.61, 2.61, 0.0, 2.61
2016-06-01, 2.61, 2.61, 2.61, 2.61, 0.0, 2.61
2016-06-02, 2.61, 2.61, 2.61, 2.61, 0.0, 2.61
2016-06-03, 2.61, 2.61, 2.61, 2.61, 0.0, 2.61
2016-06-06, 2.61, 2.61, 2.61, 2.61, 0.0, 2.61
2016-06-07, 2.61, 2.61, 2.61, 2.61, 0.0, 2.61
2016-06-08, 2.61, 2.61, 2.61, 2.61, 0.0, 2.61
2016-06-09, 2.61, 2.61, 2.61, 2.61, 0.0, 2.61
2016-06-10, 2.61, 2.61, 2.61, 2.61, 0.0, 2.61
2016-06-13, 2.61, 2.61, 2.61, 2.61, 0.0, 2.61
2016-06-14, 2.61, 2.61, 2.61, 2.61, 0.0, 2.61
2016-06-15, 2.61, 2.61, 2.61, 2.61, 0.0, 2.61
2016-06-16, 2.61, 2.61, 2.61, 2.61, 0.0, 2.61
2016-06-17, 2.61, 2.61, 2.61, 2.61, 0.0, 2.61
2016-06-20, 3.52, 3.52, 3.52, 3.52, 2000.0, 3.52
2016-06-21, 3.52, 3.52, 3.52, 3.52, 0.0, 3.52
2016-06-22, 3.52, 3.52, 3.52, 3.52, 0.0, 3.52
2016-06-23, 3.52, 3.52, 3.52, 3.52, 0.0, 3.52
2016-06-24, 3.52, 3.52, 3.52, 3.52, 0.0, 3.52
2016-06-27, 3.52, 3.52, 3.52, 3.52, 0.0, 3.52
2016-06-28, 3.52, 3.52, 3.52, 3.52, 0.0, 3.52
2016-06-29, 3.52, 3.52, 3.52, 3.52, 0.0, 3.52
2016-06-30, 3.52, 3.52, 3.52, 3.52, 0.0, 3.52
2016-07-01, 3.52, 3.52, 3.52, 3.52, 0.0, 3.52
2016-07-05, 3.52, 3.52, 3.52, 3.52, 0.0, 3.52
2016-07-06, 3.52, 3.52, 3.52, 3.52, 0.0, 3.52
