2008-11-18, 10.05, 10.05, 10.05, 10.05, 1000.0, 10.05
2008-11-19, 10.05, 10.05, 10.05, 10.05, 0.0, 10.05
2008-11-20, 10.05, 10.05, 10.05, 10.05, 0.0, 10.05
2008-11-21, 10.05, 10.05, 10.05, 10.05, 200.0, 10.05
2008-11-24, 10.05, 10.05, 10.05, 10.05, 800.0, 10.05
2008-11-25, 10.05, 10.05, 10.05, 10.05, 0.0, 10.05
2008-11-26, 9.9, 9.9, 9.9, 9.9, 800.0, 9.9
2008-11-28, 9.9, 9.9, 9.9, 9.9, 0.0, 9.9
2008-12-01, 9.9, 9.9, 9.9, 9.9, 0.0, 9.9
2008-12-02, 9.9, 9.9, 9.9, 9.9, 0.0, 9.9
2008-12-03, 9.9, 9.9, 9.9, 9.9, 0.0, 9.9
2008-12-04, 9.9, 9.9, 9.9, 9.9, 0.0, 9.9
2008-12-05, 9.9, 9.9, 9.9, 9.9, 0.0, 9.9
2008-12-08, 9.9, 9.9, 9.9, 9.9, 0.0, 9.9
2008-12-09, 9.9, 9.9, 9.9, 9.9, 0.0, 9.9
2008-12-10, 9.9, 9.9, 9.9, 9.9, 0.0, 9.9
2008-12-11, 9.9, 9.9, 9.9, 9.9, 0.0, 9.9
2008-12-12, 9.9, 9.9, 9.9, 9.9, 0.0, 9.9
2008-12-15, 9.9, 9.9, 9.9, 9.9, 0.0, 9.9
2008-12-16, 9.9, 9.9, 9.9, 9.9, 1400.0, 9.9
2008-12-17, 9.9, 9.9, 9.9, 9.9, 0.0, 9.9
2008-12-18, 9.9, 9.9, 9.9, 9.9, 0.0, 9.9
2008-12-19, 9.9, 9.9, 9.9, 9.9, 0.0, 9.9
2008-12-22, 9.9, 9.9, 9.9, 9.9, 0.0, 9.9
2008-12-23, 9.9, 9.9, 9.9, 9.9, 0.0, 9.9
2008-12-24, 9.9, 9.9, 9.9, 9.9, 0.0, 9.9
2008-12-26, 9.9, 9.9, 9.9, 9.9, 0.0, 9.9
2008-12-29, 9.9, 9.9, 9.9, 9.9, 0.0, 9.9
2008-12-30, 9.9, 9.9, 9.9, 9.9, 0.0, 9.9
2008-12-31, 9.9, 9.9, 9.9, 9.9, 0.0, 9.9
2009-01-02, 9.9, 9.9, 9.9, 9.9, 0.0, 9.9
2009-01-05, 9.9, 9.9, 9.9, 9.9, 0.0, 9.9
2009-01-06, 9.9, 9.9, 9.9, 9.9, 0.0, 9.9
2009-01-07, 9.9, 9.9, 9.9, 9.9, 1500.0, 9.9
2009-01-08, 10.05, 10.1, 10.05, 10.05, 700.0, 10.05
2009-01-09, 10.05, 10.05, 10.05, 10.05, 0.0, 10.05
2009-01-12, 10.05, 10.05, 10.05, 10.05, 0.0, 10.05
2009-01-13, 10.05, 10.05, 10.05, 10.05, 0.0, 10.05
2009-01-14, 10.05, 10.05, 10.05, 10.05, 0.0, 10.05
2009-01-15, 10.05, 10.05, 10.05, 10.05, 0.0, 10.05
2009-01-16, 10.05, 10.05, 10.05, 10.05, 0.0, 10.05
2009-01-20, 10.05, 10.05, 10.05, 10.05, 0.0, 10.05
2009-01-21, 10.05, 10.05, 10.05, 10.05, 0.0, 10.05
2009-01-22, 10.05, 10.05, 10.05, 10.05, 0.0, 10.05
2009-01-23, 10.05, 10.05, 10.05, 10.05, 0.0, 10.05
2009-01-26, 10.05, 10.05, 10.05, 10.05, 0.0, 10.05
2009-01-27, 10.05, 10.75, 10.05, 10.75, 2200.0, 10.75
2009-01-28, 10.75, 10.75, 10.75, 10.75, 0.0, 10.75
2009-01-29, 10.7, 10.7, 10.7, 10.7, 500.0, 10.7
2009-01-30, 10.7, 10.7, 10.7, 10.7, 0.0, 10.7
2009-02-02, 10.7, 10.7, 10.7, 10.7, 0.0, 10.7
2009-02-03, 10.7, 10.7, 10.7, 10.7, 0.0, 10.7
2009-02-04, 10.05, 10.05, 10.05, 10.05, 500.0, 10.05
2009-02-05, 10.0, 10.0, 10.0, 10.0, 500.0, 10.0
2009-02-06, 9.91, 9.91, 9.91, 9.91, 1000.0, 9.91
2009-02-09, 9.91, 9.91, 9.91, 9.91, 0.0, 9.91
2009-02-10, 9.91, 9.91, 9.91, 9.91, 0.0, 9.91
2009-02-11, 9.91, 9.91, 9.91, 9.91, 0.0, 9.91
2009-02-12, 9.91, 9.91, 9.91, 9.91, 0.0, 9.91
2009-02-13, 9.91, 9.91, 9.91, 9.91, 0.0, 9.91
2009-02-17, 9.91, 9.91, 9.91, 9.91, 0.0, 9.91
2009-02-18, 10.0, 10.0, 10.0, 10.0, 5000.0, 10.0
2009-02-19, 10.0, 10.0, 10.0, 10.0, 0.0, 10.0
2009-02-20, 10.0, 10.0, 10.0, 10.0, 0.0, 10.0
2009-02-23, 10.0, 10.0, 10.0, 10.0, 0.0, 10.0
2009-02-24, 10.0, 10.0, 10.0, 10.0, 0.0, 10.0
2009-02-25, 10.0, 10.0, 10.0, 10.0, 0.0, 10.0
2009-02-26, 10.0, 10.0, 10.0, 10.0, 0.0, 10.0
2009-02-27, 10.0, 10.0, 10.0, 10.0, 0.0, 10.0
2009-03-02, 10.0, 10.0, 10.0, 10.0, 0.0, 10.0
2009-03-03, 10.0, 10.0, 10.0, 10.0, 0.0, 10.0
2009-03-04, 10.0, 10.0, 10.0, 10.0, 0.0, 10.0
2009-03-05, 10.0, 10.0, 10.0, 10.0, 0.0, 10.0
2009-03-06, 10.0, 10.0, 10.0, 10.0, 0.0, 10.0
2009-03-09, 10.0, 10.0, 10.0, 10.0, 0.0, 10.0
2009-03-10, 10.0, 10.0, 10.0, 10.0, 0.0, 10.0
2009-03-11, 10.0, 10.0, 10.0, 10.0, 0.0, 10.0
2009-03-12, 10.0, 10.0, 10.0, 10.0, 0.0, 10.0
2009-03-13, 10.0, 10.0, 10.0, 10.0, 0.0, 10.0
2009-03-16, 10.0, 10.0, 10.0, 10.0, 1100.0, 10.0
2009-03-17, 10.0, 10.0, 10.0, 10.0, 0.0, 10.0
2009-03-18, 10.5, 10.5, 10.5, 10.5, 100.0, 10.5
2009-03-19, 10.5, 10.5, 10.05, 10.05, 700.0, 10.05
2009-03-20, 10.5, 10.5, 10.49, 10.49, 500.0, 10.49
2009-03-23, 10.49, 10.49, 10.49, 10.49, 0.0, 10.49
2009-03-24, 10.49, 10.49, 10.49, 10.49, 0.0, 10.49
2009-03-25, 10.49, 10.49, 10.49, 10.49, 0.0, 10.49
2009-03-26, 10.49, 10.49, 10.49, 10.49, 0.0, 10.49
2009-03-27, 10.49, 10.49, 10.49, 10.49, 0.0, 10.49
2009-03-30, 10.49, 10.49, 10.49, 10.49, 0.0, 10.49
2009-03-31, 10.49, 10.49, 10.49, 10.49, 0.0, 10.49
2009-04-01, 10.49, 10.49, 10.49, 10.49, 0.0, 10.49
2009-04-02, 10.49, 10.49, 10.49, 10.49, 0.0, 10.49
2009-04-03, 10.49, 10.49, 10.49, 10.49, 0.0, 10.49
2009-04-06, 10.49, 10.49, 10.49, 10.49, 0.0, 10.49
2009-04-07, 10.49, 10.49, 10.49, 10.49, 0.0, 10.49
2009-04-08, 10.49, 10.49, 10.49, 10.49, 0.0, 10.49
2009-04-09, 10.49, 10.49, 10.49, 10.49, 0.0, 10.49
2009-04-13, 10.49, 10.49, 10.49, 10.49, 0.0, 10.49
2009-04-14, 10.49, 10.49, 10.49, 10.49, 0.0, 10.49
2009-04-15, 10.49, 10.49, 10.49, 10.49, 0.0, 10.49
2009-04-16, 10.49, 10.49, 10.49, 10.49, 0.0, 10.49
2009-04-17, 10.49, 10.49, 10.49, 10.49, 0.0, 10.49
2009-04-20, 10.49, 10.49, 10.49, 10.49, 0.0, 10.49
2009-04-21, 10.49, 10.49, 10.49, 10.49, 0.0, 10.49
2009-04-22, 10.49, 10.49, 10.49, 10.49, 0.0, 10.49
2009-04-23, 10.49, 10.49, 10.49, 10.49, 0.0, 10.49
2009-04-24, 10.49, 10.49, 10.49, 10.49, 0.0, 10.49
2009-04-27, 10.49, 10.49, 10.49, 10.49, 0.0, 10.49
2009-04-28, 10.25, 10.25, 10.25, 10.25, 200.0, 10.25
2009-04-29, 10.25, 10.25, 10.25, 10.25, 0.0, 10.25
2009-04-30, 10.25, 10.25, 10.25, 10.25, 0.0, 10.25
2009-05-01, 10.25, 10.25, 10.25, 10.25, 0.0, 10.25
2009-05-04, 10.25, 10.25, 10.25, 10.25, 0.0, 10.25
2009-05-05, 10.25, 10.25, 10.25, 10.25, 0.0, 10.25
2009-05-06, 10.25, 10.25, 10.25, 10.25, 0.0, 10.25
2009-05-07, 10.25, 10.25, 10.25, 10.25, 0.0, 10.25
2009-05-08, 10.25, 10.25, 10.25, 10.25, 0.0, 10.25
2009-05-11, 10.25, 10.25, 10.25, 10.25, 0.0, 10.25
2009-05-12, 10.25, 10.25, 10.25, 10.25, 0.0, 10.25
2009-05-13, 10.25, 10.25, 10.25, 10.25, 0.0, 10.25
2009-05-14, 10.25, 10.25, 10.25, 10.25, 0.0, 10.25
2009-05-15, 10.25, 10.25, 10.25, 10.25, 0.0, 10.25
2009-05-18, 10.25, 10.25, 10.25, 10.25, 0.0, 10.25
2009-05-19, 10.25, 10.25, 10.25, 10.25, 500.0, 10.25
2009-05-20, 10.25, 10.25, 10.25, 10.25, 0.0, 10.25
2009-05-21, 10.25, 10.25, 10.25, 10.25, 0.0, 10.25
2009-05-22, 10.25, 10.25, 10.25, 10.25, 0.0, 10.25
2009-05-26, 10.25, 10.25, 10.25, 10.25, 0.0, 10.25
2009-05-27, 10.25, 10.25, 10.25, 10.25, 0.0, 10.25
2009-05-28, 10.25, 10.25, 10.25, 10.25, 0.0, 10.25
2009-05-29, 10.25, 10.25, 10.25, 10.25, 0.0, 10.25
2009-06-01, 10.25, 10.25, 10.25, 10.25, 0.0, 10.25
2009-06-02, 10.25, 10.7, 10.25, 10.7, 1000.0, 10.7
2009-06-03, 10.5, 10.7, 10.5, 10.7, 700.0, 10.7
2009-06-04, 10.7, 10.7, 10.7, 10.7, 0.0, 10.7
2009-06-05, 10.7, 10.7, 10.7, 10.7, 0.0, 10.7
2009-06-08, 10.7, 10.7, 10.7, 10.7, 0.0, 10.7
2009-06-09, 10.7, 10.7, 10.7, 10.7, 0.0, 10.7
2009-06-10, 10.7, 10.7, 10.7, 10.7, 0.0, 10.7
2009-06-11, 10.7, 10.7, 10.7, 10.7, 0.0, 10.7
2009-06-12, 10.7, 10.7, 10.7, 10.7, 0.0, 10.7
2009-06-15, 11.5, 11.5, 11.5, 11.5, 100.0, 11.5
2009-06-16, 11.5, 11.5, 11.5, 11.5, 300.0, 11.5
2009-06-17, 11.5, 11.5, 11.5, 11.5, 0.0, 11.5
2009-06-18, 10.75, 10.75, 10.75, 10.75, 200.0, 10.75
2009-06-19, 10.75, 10.75, 10.75, 10.75, 0.0, 10.75
2009-06-22, 11.5, 11.5, 11.5, 11.5, 200.0, 11.5
2009-06-23, 11.5, 11.5, 11.5, 11.5, 0.0, 11.5
2009-06-24, 11.5, 11.5, 11.5, 11.5, 0.0, 11.5
2009-06-25, 11.5, 11.5, 11.5, 11.5, 0.0, 11.5
2009-06-26, 11.5, 11.5, 11.5, 11.5, 0.0, 11.5
2009-06-29, 11.5, 11.5, 11.5, 11.5, 0.0, 11.5
2009-06-30, 11.5, 11.5, 11.5, 11.5, 0.0, 11.5
2009-07-01, 11.5, 11.5, 11.5, 11.5, 0.0, 11.5
2009-07-02, 11.5, 11.5, 11.5, 11.5, 0.0, 11.5
2009-07-06, 11.5, 11.5, 11.5, 11.5, 0.0, 11.5
2009-07-07, 11.5, 11.5, 11.5, 11.5, 0.0, 11.5
2009-07-08, 10.75, 10.75, 10.75, 10.75, 200.0, 10.75
2009-07-09, 10.75, 10.75, 10.75, 10.75, 0.0, 10.75
2009-07-10, 10.75, 10.75, 10.75, 10.75, 0.0, 10.75
2009-07-13, 10.75, 10.75, 10.75, 10.75, 0.0, 10.75
2009-07-14, 10.75, 10.75, 10.75, 10.75, 0.0, 10.75
2009-07-15, 10.75, 10.75, 10.75, 10.75, 0.0, 10.75
2009-07-16, 10.75, 10.75, 10.75, 10.75, 700.0, 10.75
2009-07-17, 10.75, 10.75, 10.75, 10.75, 0.0, 10.75
2009-07-20, 10.75, 10.75, 10.75, 10.75, 0.0, 10.75
2009-07-21, 10.75, 10.75, 10.75, 10.75, 0.0, 10.75
2009-07-22, 10.75, 10.75, 10.75, 10.75, 0.0, 10.75
2009-07-23, 10.75, 10.75, 10.75, 10.75, 0.0, 10.75
2009-07-24, 10.75, 10.75, 10.75, 10.75, 200.0, 10.75
2009-07-27, 10.55, 10.7, 10.55, 10.7, 1100.0, 10.7
2009-07-28, 10.7, 10.7, 10.7, 10.7, 400.0, 10.7
2009-07-29, 10.7, 10.7, 10.7, 10.7, 0.0, 10.7
2009-07-30, 10.7, 10.7, 10.7, 10.7, 0.0, 10.7
2009-07-31, 10.7, 10.7, 10.7, 10.7, 0.0, 10.7
2009-08-03, 10.7, 10.7, 10.7, 10.7, 0.0, 10.7
2009-08-04, 10.01, 10.01, 10.01, 10.01, 400.0, 10.01
2009-08-05, 10.01, 10.01, 10.01, 10.01, 0.0, 10.01
2009-08-06, 10.01, 10.01, 10.01, 10.01, 0.0, 10.01
2009-08-07, 10.01, 10.01, 10.01, 10.01, 0.0, 10.01
2009-08-10, 10.01, 10.01, 10.01, 10.01, 0.0, 10.01
2009-08-11, 10.01, 10.01, 10.01, 10.01, 0.0, 10.01
2009-08-12, 10.0, 10.0, 10.0, 10.0, 700.0, 10.0
2009-08-13, 10.0, 10.0, 10.0, 10.0, 0.0, 10.0
2009-08-14, 11.5, 12.0, 10.02, 10.02, 1000.0, 10.02
2009-08-17, 10.02, 10.02, 10.02, 10.02, 0.0, 10.02
2009-08-18, 10.02, 10.02, 10.02, 10.02, 0.0, 10.02
2009-08-19, 10.02, 10.02, 10.02, 10.02, 0.0, 10.02
2009-08-20, 10.02, 10.02, 10.02, 10.02, 0.0, 10.02
2009-08-21, 10.02, 10.02, 10.02, 10.02, 0.0, 10.02
2009-08-24, 10.0, 12.0, 10.0, 12.0, 2700.0, 12.0
2009-08-25, 12.0, 12.0, 12.0, 12.0, 0.0, 12.0
2009-08-26, 11.0, 11.0, 11.0, 11.0, 200.0, 11.0
2009-08-27, 11.0, 11.0, 11.0, 11.0, 0.0, 11.0
2009-08-28, 11.99, 12.0, 11.99, 12.0, 200.0, 12.0
2009-08-31, 12.0, 12.0, 12.0, 12.0, 0.0, 12.0
2009-09-01, 12.0, 12.0, 12.0, 12.0, 0.0, 12.0
2009-09-02, 11.0, 11.0, 11.0, 11.0, 200.0, 11.0
2009-09-03, 11.0, 11.0, 11.0, 11.0, 0.0, 11.0
2009-09-04, 11.0, 11.0, 11.0, 11.0, 0.0, 11.0
2009-09-08, 11.0, 11.0, 11.0, 11.0, 0.0, 11.0
2009-09-09, 11.0, 11.0, 11.0, 11.0, 0.0, 11.0
2009-09-10, 11.0, 11.0, 11.0, 11.0, 0.0, 11.0
2009-09-11, 11.0, 11.0, 11.0, 11.0, 0.0, 11.0
2009-09-14, 11.0, 11.0, 11.0, 11.0, 0.0, 11.0
2009-09-15, 11.0, 11.0, 11.0, 11.0, 0.0, 11.0
2009-09-16, 11.0, 11.0, 11.0, 11.0, 200.0, 11.0
2009-09-17, 11.0, 11.0, 11.0, 11.0, 0.0, 11.0
2009-09-18, 11.0, 11.0, 11.0, 11.0, 0.0, 11.0
2009-09-21, 11.0, 11.0, 11.0, 11.0, 0.0, 11.0
2009-09-22, 11.0, 11.0, 11.0, 11.0, 0.0, 11.0
2009-09-23, 11.0, 11.0, 11.0, 11.0, 0.0, 11.0
2009-09-24, 10.5, 10.5, 10.5, 10.5, 400.0, 10.5
2009-09-25, 10.5, 10.5, 10.5, 10.5, 0.0, 10.5
2009-09-28, 9.15, 11.5, 9.15, 11.5, 700.0, 11.5
2009-09-29, 11.5, 11.5, 11.5, 11.5, 0.0, 11.5
2009-09-30, 11.5, 11.5, 11.5, 11.5, 0.0, 11.5
2009-10-01, 11.5, 11.5, 11.5, 11.5, 0.0, 11.5
2009-10-02, 11.5, 11.5, 11.5, 11.5, 0.0, 11.5
2009-10-05, 11.5, 11.5, 11.5, 11.5, 0.0, 11.5
2009-10-06, 11.5, 11.5, 11.5, 11.5, 0.0, 11.5
2009-10-07, 11.5, 11.5, 11.5, 11.5, 0.0, 11.5
2009-10-08, 11.5, 11.5, 11.5, 11.5, 0.0, 11.5
2009-10-09, 11.0, 15.0, 11.0, 15.0, 600.0, 15.0
2009-10-12, 15.0, 15.0, 15.0, 15.0, 0.0, 15.0
2009-10-13, 15.0, 15.0, 15.0, 15.0, 0.0, 15.0
2009-10-14, 15.0, 15.0, 15.0, 15.0, 0.0, 15.0
2009-10-15, 15.0, 15.0, 15.0, 15.0, 0.0, 15.0
2009-10-16, 14.0, 14.0, 13.99, 14.0, 800.0, 14.0
2009-10-19, 14.0, 14.0, 14.0, 14.0, 0.0, 14.0
2009-10-20, 13.95, 13.95, 13.95, 13.95, 300.0, 13.95
2009-10-21, 13.9, 13.9, 12.0, 12.0, 700.0, 12.0
2009-10-22, 12.0, 13.95, 12.0, 13.95, 400.0, 13.95
2009-10-23, 13.95, 13.95, 13.95, 13.95, 0.0, 13.95
2009-10-26, 11.5, 13.9, 11.5, 13.9, 1500.0, 13.9
2009-10-27, 12.75, 13.7, 12.75, 13.7, 700.0, 13.7
2009-10-28, 13.7, 13.7, 13.7, 13.7, 100.0, 13.7
2009-10-29, 13.7, 13.7, 13.7, 13.7, 0.0, 13.7
2009-10-30, 13.7, 13.7, 13.7, 13.7, 0.0, 13.7
2009-11-02, 13.7, 13.7, 13.7, 13.7, 0.0, 13.7
2009-11-03, 13.7, 13.7, 13.7, 13.7, 0.0, 13.7
2009-11-04, 13.5, 13.5, 13.5, 13.5, 100.0, 13.5
2009-11-05, 13.5, 13.5, 13.5, 13.5, 0.0, 13.5
2009-11-06, 13.5, 13.5, 13.5, 13.5, 0.0, 13.5
2009-11-09, 13.5, 13.5, 13.5, 13.5, 0.0, 13.5
2009-11-10, 13.5, 13.5, 13.5, 13.5, 0.0, 13.5
2009-11-11, 13.5, 13.5, 13.5, 13.5, 0.0, 13.5
2009-11-12, 13.5, 13.5, 13.5, 13.5, 0.0, 13.5
2009-11-13, 12.9, 12.9, 12.9, 12.9, 100.0, 12.9
2009-11-16, 12.9, 12.9, 12.9, 12.9, 0.0, 12.9
2009-11-17, 12.9, 12.9, 12.9, 12.9, 0.0, 12.9
2009-11-18, 12.9, 12.9, 12.9, 12.9, 0.0, 12.9
2009-11-19, 12.9, 12.9, 12.9, 12.9, 300.0, 12.9
2009-11-20, 12.9, 12.9, 12.9, 12.9, 0.0, 12.9
2009-11-23, 12.9, 12.9, 12.9, 12.9, 0.0, 12.9
2009-11-24, 12.9, 12.9, 12.9, 12.9, 0.0, 12.9
2009-11-25, 13.2, 13.2, 13.2, 13.2, 300.0, 13.2
2009-11-27, 13.2, 13.2, 13.2, 13.2, 0.0, 13.2
2009-11-30, 13.2, 13.2, 13.2, 13.2, 0.0, 13.2
2009-12-01, 13.2, 13.2, 13.2, 13.2, 0.0, 13.2
2009-12-02, 13.2, 13.2, 13.2, 13.2, 0.0, 13.2
2009-12-03, 12.1, 12.1, 12.1, 12.1, 500.0, 12.1
2009-12-04, 12.1, 12.1, 12.1, 12.1, 0.0, 12.1
2009-12-07, 12.1, 12.1, 12.1, 12.1, 0.0, 12.1
2009-12-08, 12.1, 12.1, 12.1, 12.1, 0.0, 12.1
2009-12-09, 12.1, 12.1, 12.1, 12.1, 0.0, 12.1
2009-12-10, 13.5, 13.5, 12.0, 12.0, 1400.0, 12.0
2009-12-11, 12.0, 12.0, 11.75, 12.0, 3900.0, 12.0
2009-12-14, 12.0, 12.0, 12.0, 12.0, 0.0, 12.0
2009-12-15, 12.0, 12.0, 12.0, 12.0, 0.0, 12.0
2009-12-16, 12.0, 12.0, 12.0, 12.0, 0.0, 12.0
2009-12-17, 13.25, 13.25, 13.25, 13.25, 300.0, 13.25
2009-12-18, 13.25, 13.25, 13.25, 13.25, 0.0, 13.25
2009-12-21, 11.5, 11.5, 11.5, 11.5, 500.0, 11.5
2009-12-22, 11.75, 11.75, 11.75, 11.75, 200.0, 11.75
2009-12-23, 11.75, 11.75, 11.75, 11.75, 0.0, 11.75
2009-12-24, 11.75, 11.75, 11.75, 11.75, 0.0, 11.75
2009-12-28, 10.72, 10.72, 10.72, 10.72, 700.0, 10.72
2009-12-29, 10.72, 10.72, 10.72, 10.72, 0.0, 10.72
2009-12-30, 11.5, 11.5, 11.5, 11.5, 600.0, 11.5
2009-12-31, 11.5, 11.5, 11.5, 11.5, 0.0, 11.5
2010-01-04, 11.5, 11.5, 11.5, 11.5, 0.0, 11.5
2010-01-05, 11.5, 11.5, 11.5, 11.5, 0.0, 11.5
2010-01-06, 11.75, 11.75, 11.75, 11.75, 500.0, 11.75
2010-01-07, 11.75, 11.75, 11.75, 11.75, 0.0, 11.75
2010-01-08, 11.75, 11.75, 11.75, 11.75, 0.0, 11.75
2010-01-11, 11.75, 11.75, 11.75, 11.75, 0.0, 11.75
2010-01-12, 11.75, 11.75, 11.75, 11.75, 0.0, 11.75
2010-01-13, 11.75, 11.75, 11.75, 11.75, 0.0, 11.75
2010-01-14, 11.75, 11.75, 11.75, 11.75, 500.0, 11.75
2010-01-15, 12.5, 12.5, 12.5, 12.5, 200.0, 12.5
2010-01-19, 12.5, 12.5, 12.5, 12.5, 0.0, 12.5
2010-01-20, 12.5, 12.5, 12.5, 12.5, 0.0, 12.5
2010-01-21, 12.5, 12.5, 12.5, 12.5, 0.0, 12.5
2010-01-22, 12.5, 12.5, 12.5, 12.5, 0.0, 12.5
2010-01-25, 12.5, 12.5, 12.5, 12.5, 0.0, 12.5
2010-01-26, 12.5, 12.5, 12.5, 12.5, 0.0, 12.5
2010-01-27, 12.5, 12.5, 12.5, 12.5, 0.0, 12.5
2010-01-28, 12.5, 12.5, 12.5, 12.5, 0.0, 12.5
2010-01-29, 12.5, 12.5, 12.5, 12.5, 0.0, 12.5
2010-02-01, 12.5, 12.5, 12.5, 12.5, 0.0, 12.5
2010-02-02, 12.5, 12.5, 12.5, 12.5, 0.0, 12.5
2010-02-03, 12.5, 12.5, 12.5, 12.5, 0.0, 12.5
2010-02-04, 12.5, 12.5, 12.5, 12.5, 0.0, 12.5
2010-02-05, 12.5, 12.5, 12.5, 12.5, 0.0, 12.5
2010-02-08, 12.5, 12.5, 12.5, 12.5, 0.0, 12.5
2010-02-09, 12.5, 12.5, 12.5, 12.5, 0.0, 12.5
2010-02-10, 12.5, 12.5, 12.5, 12.5, 0.0, 12.5
2010-02-11, 12.5, 12.5, 12.5, 12.5, 0.0, 12.5
2010-02-12, 12.0, 12.0, 12.0, 12.0, 200.0, 12.0
2010-02-16, 12.0, 12.0, 12.0, 12.0, 0.0, 12.0
2010-02-17, 12.0, 12.0, 12.0, 12.0, 0.0, 12.0
2010-02-18, 12.45, 12.45, 12.45, 12.45, 5000.0, 12.45
2010-02-19, 12.45, 12.45, 12.45, 12.45, 0.0, 12.45
2010-02-22, 12.45, 12.45, 12.45, 12.45, 0.0, 12.45
2010-02-23, 11.75, 11.75, 11.5, 11.5, 1700.0, 11.5
2010-02-24, 12.5, 12.5, 11.0, 11.95, 7500.0, 11.95
2010-02-25, 11.95, 11.95, 11.95, 11.95, 0.0, 11.95
2010-02-26, 11.95, 12.5, 11.95, 12.5, 1600.0, 12.5
2010-03-01, 12.25, 12.5, 12.25, 12.5, 2200.0, 12.5
2010-03-02, 12.5, 12.5, 12.5, 12.5, 600.0, 12.5
2010-03-03, 12.25, 12.5, 12.25, 12.5, 200.0, 12.5
2010-03-04, 12.5, 12.5, 12.5, 12.5, 0.0, 12.5
2010-03-05, 12.5, 12.5, 12.5, 12.5, 0.0, 12.5
2010-03-08, 12.5, 12.65, 12.5, 12.65, 400.0, 12.65
2010-03-09, 12.65, 12.65, 12.65, 12.65, 0.0, 12.65
2010-03-10, 12.65, 13.5, 12.65, 13.5, 500.0, 13.5
2010-03-11, 13.5, 13.5, 13.5, 13.5, 300.0, 13.5
2010-03-12, 13.5, 13.5, 13.5, 13.5, 0.0, 13.5
2010-03-15, 13.5, 13.5, 13.5, 13.5, 0.0, 13.5
2010-03-16, 11.85, 11.85, 11.85, 11.85, 500.0, 11.85
2010-03-17, 13.0, 13.0, 13.0, 13.0, 500.0, 13.0
2010-03-18, 11.85, 13.0, 11.85, 13.0, 1700.0, 13.0
2010-03-19, 13.0, 13.0, 13.0, 13.0, 0.0, 13.0
2010-03-22, 13.0, 13.0, 13.0, 13.0, 0.0, 13.0
2010-03-23, 13.0, 13.0, 13.0, 13.0, 300.0, 13.0
2010-03-24, 11.91, 11.91, 11.91, 11.91, 200.0, 11.91
2010-03-25, 11.91, 11.91, 11.91, 11.91, 0.0, 11.91
2010-03-26, 11.91, 11.91, 11.91, 11.91, 0.0, 11.91
2010-03-29, 11.91, 11.91, 11.91, 11.91, 0.0, 11.91
2010-03-30, 11.91, 11.91, 11.91, 11.91, 0.0, 11.91
2010-03-31, 13.0, 14.96, 11.9, 11.9, 900.0, 11.9
2010-04-01, 12.0, 12.0, 12.0, 12.0, 200.0, 12.0
2010-04-05, 12.0, 12.0, 12.0, 12.0, 0.0, 12.0
2010-04-06, 12.0, 12.0, 12.0, 12.0, 0.0, 12.0
2010-04-07, 12.0, 12.0, 12.0, 12.0, 0.0, 12.0
2010-04-08, 12.0, 12.0, 12.0, 12.0, 0.0, 12.0
2010-04-09, 13.86, 14.75, 13.86, 14.75, 1300.0, 14.75
2010-04-12, 14.75, 14.75, 14.75, 14.75, 0.0, 14.75
2010-04-13, 14.0, 14.0, 14.0, 14.0, 500.0, 14.0
2010-04-14, 14.0, 14.0, 14.0, 14.0, 0.0, 14.0
2010-04-15, 14.0, 14.0, 14.0, 14.0, 600.0, 14.0
2010-04-16, 14.75, 14.75, 14.75, 14.75, 200.0, 14.75
2010-04-19, 14.96, 14.96, 14.96, 14.96, 800.0, 14.96
2010-04-20, 15.75, 15.75, 15.75, 15.75, 200.0, 15.75
2010-04-21, 15.75, 15.75, 15.75, 15.75, 0.0, 15.75
2010-04-22, 15.75, 15.75, 15.75, 15.75, 0.0, 15.75
2010-04-23, 15.75, 15.75, 15.75, 15.75, 0.0, 15.75
2010-04-26, 15.75, 15.75, 15.75, 15.75, 0.0, 15.75
2010-04-27, 15.75, 15.75, 15.75, 15.75, 0.0, 15.75
2010-04-28, 15.0, 15.09, 14.05, 15.09, 7300.0, 15.09
2010-04-29, 15.09, 15.09, 15.09, 15.09, 500.0, 15.09
2010-04-30, 15.09, 15.09, 15.09, 15.09, 300.0, 15.09
2010-05-03, 15.09, 15.09, 15.09, 15.09, 1600.0, 15.09
2010-05-04, 15.09, 15.09, 15.09, 15.09, 200.0, 15.09
2010-05-05, 14.7, 14.7, 14.7, 14.7, 500.0, 14.7
2010-05-06, 14.7, 14.7, 14.7, 14.7, 0.0, 14.7
2010-05-07, 14.7, 14.7, 14.7, 14.7, 900.0, 14.7
2010-05-10, 15.09, 15.19, 15.09, 15.19, 900.0, 15.19
2010-05-11, 15.18, 15.19, 15.18, 15.19, 6100.0, 15.19
2010-05-12, 15.19, 15.19, 15.19, 15.19, 0.0, 15.19
2010-05-13, 15.19, 15.19, 15.19, 15.19, 0.0, 15.19
2010-05-14, 15.19, 15.25, 15.19, 15.25, 800.0, 15.25
2010-05-17, 15.25, 15.25, 15.25, 15.25, 200.0, 15.25
2010-05-18, 15.25, 15.25, 15.25, 15.25, 0.0, 15.25
2010-05-19, 15.25, 15.25, 15.25, 15.25, 0.0, 15.25
2010-05-20, 15.25, 15.25, 15.25, 15.25, 0.0, 15.25
2010-05-21, 15.25, 15.25, 15.25, 15.25, 0.0, 15.25
2010-05-24, 15.0, 15.0, 15.0, 15.0, 400.0, 15.0
2010-05-25, 15.0, 15.0, 15.0, 15.0, 200.0, 15.0
2010-05-26, 15.0, 15.0, 15.0, 15.0, 0.0, 15.0
2010-05-27, 14.5, 14.5, 14.25, 14.25, 400.0, 14.25
2010-05-28, 13.53, 14.24, 13.53, 14.24, 1300.0, 14.24
2010-06-01, 14.24, 14.24, 14.24, 14.24, 0.0, 14.24
2010-06-02, 14.24, 14.24, 14.24, 14.24, 0.0, 14.24
2010-06-03, 14.24, 14.24, 14.24, 14.24, 0.0, 14.24
2010-06-04, 14.24, 14.24, 14.24, 14.24, 0.0, 14.24
2010-06-07, 14.24, 14.24, 14.24, 14.24, 0.0, 14.24
2010-06-08, 14.24, 14.24, 14.24, 14.24, 0.0, 14.24
2010-06-09, 14.24, 14.24, 14.24, 14.24, 0.0, 14.24
2010-06-10, 14.0, 14.0, 14.0, 14.0, 500.0, 14.0
2010-06-11, 14.0, 14.0, 14.0, 14.0, 300.0, 14.0
2010-06-14, 14.0, 14.0, 14.0, 14.0, 400.0, 14.0
2010-06-15, 14.0, 14.0, 14.0, 14.0, 0.0, 14.0
2010-06-16, 14.0, 14.0, 14.0, 14.0, 0.0, 14.0
2010-06-17, 14.0, 14.0, 14.0, 14.0, 0.0, 14.0
2010-06-18, 14.0, 14.0, 14.0, 14.0, 0.0, 14.0
2010-06-21, 14.0, 14.0, 13.11, 13.11, 300.0, 13.11
2010-06-22, 13.1, 15.0, 13.1, 14.99, 500.0, 14.99
2010-06-23, 15.0, 15.0, 15.0, 15.0, 100.0, 15.0
2010-06-24, 15.0, 15.0, 15.0, 15.0, 0.0, 15.0
2010-06-25, 14.95, 14.95, 14.95, 14.95, 400.0, 14.95
2010-06-28, 14.95, 14.95, 14.95, 14.95, 0.0, 14.95
2010-06-29, 12.75, 13.99, 12.75, 13.99, 700.0, 13.99
2010-06-30, 14.0, 14.0, 14.0, 14.0, 500.0, 14.0
2010-07-01, 14.0, 14.0, 14.0, 14.0, 0.0, 14.0
2010-07-02, 14.0, 14.0, 14.0, 14.0, 0.0, 14.0
2010-07-06, 14.0, 14.0, 14.0, 14.0, 0.0, 14.0
2010-07-07, 14.0, 14.0, 14.0, 14.0, 0.0, 14.0
2010-07-08, 14.0, 14.0, 14.0, 14.0, 0.0, 14.0
2010-07-09, 14.0, 14.0, 14.0, 14.0, 0.0, 14.0
2010-07-12, 14.0, 14.0, 14.0, 14.0, 500.0, 14.0
2010-07-13, 14.0, 14.0, 14.0, 14.0, 0.0, 14.0
2010-07-14, 13.95, 14.0, 13.25, 13.25, 1500.0, 13.25
2010-07-15, 14.85, 14.85, 14.85, 14.85, 100.0, 14.85
2010-07-16, 14.85, 14.85, 14.85, 14.85, 0.0, 14.85
2010-07-19, 14.85, 14.85, 14.85, 14.85, 0.0, 14.85
2010-07-20, 14.85, 14.85, 14.85, 14.85, 0.0, 14.85
2010-07-21, 14.85, 14.85, 13.25, 13.25, 700.0, 13.25
2010-07-22, 15.0, 15.0, 15.0, 15.0, 600.0, 15.0
2010-07-23, 15.0, 15.0, 15.0, 15.0, 0.0, 15.0
2010-07-26, 15.0, 15.0, 15.0, 15.0, 0.0, 15.0
2010-07-27, 14.75, 14.75, 14.75, 14.75, 200.0, 14.75
2010-07-28, 13.91, 13.91, 13.91, 13.91, 300.0, 13.91
2010-07-29, 13.91, 13.91, 13.91, 13.91, 0.0, 13.91
2010-07-30, 14.0, 14.75, 14.0, 14.65, 2800.0, 14.65
2010-08-02, 14.65, 14.65, 14.65, 14.65, 0.0, 14.65
2010-08-03, 14.65, 14.65, 14.65, 14.65, 0.0, 14.65
2010-08-04, 14.65, 14.65, 14.65, 14.65, 1000.0, 14.65
2010-08-05, 14.65, 14.65, 14.65, 14.65, 0.0, 14.65
2010-08-06, 14.65, 14.65, 14.65, 14.65, 0.0, 14.65
2010-08-09, 14.65, 14.65, 14.65, 14.65, 0.0, 14.65
2010-08-10, 14.65, 14.65, 14.65, 14.65, 0.0, 14.65
2010-08-11, 14.65, 14.65, 14.65, 14.65, 0.0, 14.65
2010-08-12, 14.65, 14.65, 14.65, 14.65, 0.0, 14.65
2010-08-13, 14.65, 14.65, 14.65, 14.65, 0.0, 14.65
2010-08-16, 15.0, 15.0, 14.9, 15.0, 1800.0, 15.0
2010-08-17, 15.0, 15.0, 15.0, 15.0, 0.0, 15.0
2010-08-18, 15.0, 15.0, 15.0, 15.0, 0.0, 15.0
2010-08-19, 15.0, 15.0, 15.0, 15.0, 400.0, 15.0
2010-08-20, 15.0, 15.0, 15.0, 15.0, 0.0, 15.0
2010-08-23, 14.95, 15.0, 14.5, 15.0, 2900.0, 15.0
2010-08-24, 15.0, 15.0, 15.0, 15.0, 0.0, 15.0
2010-08-25, 15.0, 15.0, 15.0, 15.0, 0.0, 15.0
2010-08-26, 14.75, 15.5, 14.75, 15.5, 1400.0, 15.5
2010-08-27, 15.5, 15.5, 15.5, 15.5, 0.0, 15.5
2010-08-30, 15.52, 15.52, 15.52, 15.52, 300.0, 15.52
2010-08-31, 15.52, 15.52, 15.52, 15.52, 0.0, 15.52
2010-09-01, 15.52, 15.52, 15.52, 15.52, 0.0, 15.52
2010-09-02, 15.52, 15.52, 15.52, 15.52, 0.0, 15.52
2010-09-03, 15.52, 15.52, 15.52, 15.52, 0.0, 15.52
2010-09-07, 15.52, 15.52, 15.52, 15.52, 0.0, 15.52
2010-09-08, 15.52, 16.5, 15.52, 16.5, 500.0, 16.5
2010-09-09, 17.5, 17.5, 17.49, 17.5, 400.0, 17.5
2010-09-10, 17.5, 17.5, 17.5, 17.5, 0.0, 17.5
2010-09-13, 17.25, 17.25, 17.25, 17.25, 200.0, 17.25
2010-09-14, 17.25, 17.87, 17.25, 17.87, 300.0, 17.87
2010-09-15, 18.5, 18.5, 17.87, 18.49, 600.0, 18.49
2010-09-16, 19.5, 23.0, 19.5, 23.0, 300.0, 23.0
2010-09-17, 23.0, 23.0, 22.5, 22.5, 600.0, 22.5
2010-09-20, 22.5, 22.5, 22.5, 22.5, 0.0, 22.5
2010-09-21, 22.0, 22.0, 22.0, 22.0, 300.0, 22.0
2010-09-22, 22.25, 22.25, 22.25, 22.25, 200.0, 22.25
2010-09-23, 22.25, 22.92, 22.25, 22.71, 2100.0, 22.71
2010-09-24, 22.71, 22.71, 22.71, 22.71, 0.0, 22.71
2010-09-27, 25.0, 25.0, 22.75, 22.75, 600.0, 22.75
2010-09-28, 20.88, 22.75, 20.88, 22.0, 1500.0, 22.0
2010-09-29, 22.0, 22.0, 22.0, 22.0, 0.0, 22.0
2010-09-30, 22.0, 22.0, 22.0, 22.0, 0.0, 22.0
2010-10-01, 22.0, 22.0, 22.0, 22.0, 300.0, 22.0
2010-10-04, 21.75, 21.75, 19.0, 19.0, 600.0, 19.0
2010-10-05, 20.0, 20.0, 18.25, 18.25, 1700.0, 18.25
2010-10-06, 19.0, 19.0, 19.0, 19.0, 300.0, 19.0
2010-10-07, 19.0, 19.0, 19.0, 19.0, 400.0, 19.0
2010-10-08, 22.0, 22.92, 20.0, 20.0, 1000.0, 20.0
2010-10-11, 20.0, 20.0, 20.0, 20.0, 600.0, 20.0
2010-10-12, 20.0, 20.0, 20.0, 20.0, 0.0, 20.0
2010-10-13, 21.0, 21.0, 21.0, 21.0, 400.0, 21.0
2010-10-14, 21.0, 21.0, 21.0, 21.0, 1000.0, 21.0
2010-10-15, 18.7, 20.0, 18.7, 20.0, 600.0, 20.0
2010-10-18, 21.0, 21.0, 18.8, 18.8, 400.0, 18.8
2010-10-19, 18.8, 18.8, 18.8, 18.8, 0.0, 18.8
2010-10-20, 19.99, 19.99, 19.99, 19.99, 300.0, 19.99
2010-10-21, 20.0, 20.0, 20.0, 20.0, 600.0, 20.0
2010-10-22, 21.0, 21.0, 21.0, 21.0, 300.0, 21.0
2010-10-25, 21.0, 21.0, 21.0, 21.0, 0.0, 21.0
2010-10-26, 21.0, 21.0, 21.0, 21.0, 300.0, 21.0
2010-10-27, 21.0, 21.0, 21.0, 21.0, 0.0, 21.0
2010-10-28, 21.0, 21.0, 21.0, 21.0, 300.0, 21.0
2010-10-29, 21.0, 21.0, 21.0, 21.0, 0.0, 21.0
2010-11-01, 21.0, 21.0, 21.0, 21.0, 0.0, 21.0
2010-11-02, 19.2, 19.2, 17.0, 17.5, 6500.0, 17.5
2010-11-03, 16.53, 16.53, 16.53, 16.53, 2000.0, 16.53
2010-11-04, 18.0, 20.25, 18.0, 19.9, 2000.0, 19.9
2010-11-05, 19.9, 20.5, 19.9, 20.5, 700.0, 20.5
2010-11-08, 20.5, 20.5, 20.5, 20.5, 100.0, 20.5
2010-11-09, 20.5, 20.5, 20.5, 20.5, 0.0, 20.5
2010-11-10, 20.25, 21.0, 20.25, 21.0, 800.0, 21.0
2010-11-11, 21.0, 21.0, 21.0, 21.0, 0.0, 21.0
2010-11-12, 21.0, 21.0, 21.0, 21.0, 0.0, 21.0
2010-11-15, 21.0, 21.0, 21.0, 21.0, 0.0, 21.0
2010-11-16, 21.0, 21.0, 21.0, 21.0, 0.0, 21.0
2010-11-17, 21.0, 21.0, 21.0, 21.0, 0.0, 21.0
2010-11-18, 18.5, 18.5, 18.5, 18.5, 200.0, 18.5
2010-11-19, 18.5, 18.5, 18.5, 18.5, 0.0, 18.5
2010-11-22, 18.45, 18.45, 18.45, 18.45, 300.0, 18.45
2010-11-23, 18.45, 18.45, 18.45, 18.45, 0.0, 18.45
2010-11-24, 18.0, 18.0, 18.0, 18.0, 500.0, 18.0
2010-11-26, 18.0, 18.0, 18.0, 18.0, 0.0, 18.0
2010-11-29, 18.0, 18.0, 18.0, 18.0, 0.0, 18.0
2010-11-30, 18.0, 18.0, 18.0, 18.0, 0.0, 18.0
2010-12-01, 18.0, 18.0, 18.0, 18.0, 0.0, 18.0
2010-12-02, 18.0, 18.0, 18.0, 18.0, 0.0, 18.0
2010-12-03, 19.0, 19.0, 19.0, 19.0, 200.0, 19.0
2010-12-06, 19.0, 19.0, 19.0, 19.0, 0.0, 19.0
2010-12-07, 18.23, 18.23, 18.23, 18.23, 300.0, 18.23
2010-12-08, 18.0, 18.07, 18.0, 18.0, 1700.0, 18.0
2010-12-09, 18.0, 18.0, 18.0, 18.0, 0.0, 18.0
2010-12-10, 18.25, 18.25, 18.25, 18.25, 500.0, 18.25
2010-12-13, 18.25, 18.25, 18.25, 18.25, 300.0, 18.25
2010-12-14, 18.25, 18.25, 18.25, 18.25, 0.0, 18.25
2010-12-15, 18.25, 19.0, 18.1, 19.0, 1400.0, 19.0
2010-12-16, 19.0, 19.0, 19.0, 19.0, 0.0, 19.0
2010-12-17, 19.0, 19.0, 19.0, 19.0, 0.0, 19.0
2010-12-20, 19.0, 19.0, 19.0, 19.0, 0.0, 19.0
2010-12-21, 18.99, 20.0, 18.99, 20.0, 600.0, 20.0
2010-12-22, 20.0, 20.0, 20.0, 20.0, 0.0, 20.0
2010-12-23, 20.0, 20.0, 20.0, 20.0, 0.0, 20.0
2010-12-27, 20.0, 20.0, 20.0, 20.0, 0.0, 20.0
2010-12-28, 20.48, 20.48, 20.4, 20.4, 200.0, 20.4
2010-12-29, 20.4, 20.4, 20.4, 20.4, 0.0, 20.4
2010-12-30, 20.4, 20.4, 20.4, 20.4, 0.0, 20.4
2010-12-31, 20.4, 20.4, 20.4, 20.4, 0.0, 20.4
2011-01-03, 20.4, 20.4, 20.4, 20.4, 0.0, 20.4
2011-01-04, 20.4, 20.4, 20.4, 20.4, 0.0, 20.4
2011-01-05, 20.4, 20.4, 20.4, 20.4, 0.0, 20.4
2011-01-06, 20.39, 20.39, 20.39, 20.39, 100.0, 20.39
2011-01-07, 20.39, 20.39, 20.39, 20.39, 0.0, 20.39
2011-01-10, 18.0, 18.0, 18.0, 18.0, 100.0, 18.0
2011-01-11, 17.5, 17.5, 17.5, 17.5, 1700.0, 17.5
2011-01-12, 17.5, 17.5, 16.9, 16.9, 800.0, 16.9
2011-01-13, 16.9, 16.9, 16.9, 16.9, 0.0, 16.9
2011-01-14, 16.9, 16.9, 16.9, 16.9, 0.0, 16.9
2011-01-18, 19.0, 19.0, 19.0, 19.0, 100.0, 19.0
2011-01-19, 18.75, 18.75, 18.75, 18.75, 100.0, 18.75
2011-01-20, 18.75, 20.25, 18.75, 19.58, 700.0, 19.58
2011-01-21, 19.5, 20.4, 19.5, 20.4, 2300.0, 20.4
2011-01-24, 19.6, 19.6, 19.6, 19.6, 100.0, 19.6
2011-01-25, 20.44, 20.44, 20.44, 20.44, 300.0, 20.44
2011-01-26, 20.44, 20.44, 20.44, 20.44, 0.0, 20.44
2011-01-27, 20.44, 20.44, 20.44, 20.44, 0.0, 20.44
2011-01-28, 20.44, 20.44, 20.44, 20.44, 0.0, 20.44
2011-01-31, 20.44, 20.44, 20.44, 20.44, 0.0, 20.44
2011-02-01, 20.44, 20.44, 20.44, 20.44, 0.0, 20.44
2011-02-02, 20.44, 20.44, 20.44, 20.44, 0.0, 20.44
2011-02-03, 20.44, 20.44, 20.44, 20.44, 0.0, 20.44
2011-02-04, 21.0, 21.0, 21.0, 21.0, 400.0, 21.0
2011-02-07, 21.0, 21.0, 21.0, 21.0, 0.0, 21.0
2011-02-08, 21.0, 21.0, 21.0, 21.0, 0.0, 21.0
2011-02-09, 21.0, 21.0, 21.0, 21.0, 0.0, 21.0
2011-02-10, 21.0, 21.0, 21.0, 21.0, 0.0, 21.0
2011-02-11, 21.0, 21.0, 21.0, 21.0, 0.0, 21.0
2011-02-14, 21.0, 21.0, 21.0, 21.0, 0.0, 21.0
2011-02-15, 21.0, 21.0, 21.0, 21.0, 0.0, 21.0
2011-02-16, 21.0, 21.0, 21.0, 21.0, 0.0, 21.0
2011-02-17, 21.0, 21.0, 21.0, 21.0, 0.0, 21.0
2011-02-18, 18.47, 18.47, 18.47, 18.47, 900.0, 18.47
2011-02-22, 18.47, 18.47, 18.47, 18.47, 0.0, 18.47
2011-02-23, 18.47, 18.47, 18.47, 18.47, 0.0, 18.47
2011-02-24, 18.47, 18.47, 18.47, 18.47, 400.0, 18.47
2011-02-25, 18.47, 18.47, 18.47, 18.47, 0.0, 18.47
2011-02-28, 18.47, 18.47, 18.47, 18.47, 0.0, 18.47
2011-03-01, 18.47, 18.47, 18.47, 18.47, 0.0, 18.47
2011-03-02, 18.47, 18.47, 18.47, 18.47, 0.0, 18.47
2011-03-03, 18.47, 18.47, 18.47, 18.47, 0.0, 18.47
2011-03-04, 18.52, 18.52, 18.52, 18.52, 500.0, 18.52
2011-03-07, 18.52, 18.52, 18.52, 18.52, 1900.0, 18.52
2011-03-08, 18.52, 18.52, 18.52, 18.52, 0.0, 18.52
2011-03-09, 18.52, 18.52, 18.52, 18.52, 0.0, 18.52
2011-03-10, 18.52, 18.52, 18.52, 18.52, 0.0, 18.52
2011-03-11, 18.52, 18.52, 18.52, 18.52, 0.0, 18.52
2011-03-14, 18.52, 18.52, 18.52, 18.52, 0.0, 18.52
2011-03-15, 18.52, 18.52, 18.52, 18.52, 0.0, 18.52
2011-03-16, 18.52, 18.52, 18.52, 18.52, 0.0, 18.52
2011-03-17, 18.52, 18.52, 18.52, 18.52, 0.0, 18.52
2011-03-18, 19.5, 19.5, 19.5, 19.5, 300.0, 19.5
2011-03-21, 19.5, 19.5, 19.5, 19.5, 0.0, 19.5
2011-03-22, 18.0, 18.0, 18.0, 18.0, 700.0, 18.0
2011-03-23, 17.5, 19.74, 17.5, 19.69, 500.0, 19.69
2011-03-24, 19.69, 19.69, 19.69, 19.69, 0.0, 19.69
2011-03-25, 19.45, 19.45, 19.44, 19.44, 300.0, 19.44
2011-03-28, 19.44, 19.44, 19.44, 19.44, 0.0, 19.44
2011-03-29, 19.44, 19.44, 19.44, 19.44, 0.0, 19.44
2011-03-30, 19.45, 19.45, 19.45, 19.45, 300.0, 19.45
2011-03-31, 18.2, 18.2, 18.2, 18.2, 100.0, 18.2
2011-04-01, 18.2, 18.2, 18.2, 18.2, 0.0, 18.2
2011-04-04, 18.2, 18.2, 18.2, 18.2, 0.0, 18.2
2011-04-05, 18.2, 18.2, 18.2, 18.2, 100.0, 18.2
2011-04-06, 19.15, 19.99, 19.15, 19.99, 800.0, 19.99
2011-04-07, 19.95, 19.99, 19.95, 19.99, 400.0, 19.99
2011-04-08, 19.99, 19.99, 19.99, 19.99, 0.0, 19.99
2011-04-11, 19.99, 20.0, 19.98, 19.98, 800.0, 19.98
2011-04-12, 19.98, 19.98, 19.98, 19.98, 0.0, 19.98
2011-04-13, 19.98, 19.98, 19.98, 19.98, 0.0, 19.98
2011-04-14, 19.98, 19.98, 19.98, 19.98, 0.0, 19.98
2011-04-15, 19.0, 19.0, 19.0, 19.0, 300.0, 19.0
2011-04-18, 19.0, 19.0, 19.0, 19.0, 0.0, 19.0
2011-04-19, 19.0, 19.0, 19.0, 19.0, 0.0, 19.0
2011-04-20, 19.95, 21.0, 19.95, 21.0, 600.0, 21.0
2011-04-21, 21.0, 21.0, 21.0, 21.0, 0.0, 21.0
2011-04-25, 21.0, 21.0, 21.0, 21.0, 0.0, 21.0
2011-04-26, 21.0, 21.0, 21.0, 21.0, 0.0, 21.0
2011-04-27, 21.0, 21.0, 20.99, 20.99, 500.0, 20.99
2011-04-28, 20.99, 20.99, 20.99, 20.99, 0.0, 20.99
2011-04-29, 20.99, 20.99, 20.99, 20.99, 0.0, 20.99
2011-05-02, 20.99, 20.99, 20.99, 20.99, 0.0, 20.99
2011-05-03, 20.99, 20.99, 20.99, 20.99, 0.0, 20.99
2011-05-04, 20.99, 20.99, 20.99, 20.99, 0.0, 20.99
2011-05-05, 21.0, 22.5, 21.0, 21.0, 1800.0, 21.0
2011-05-06, 23.95, 23.95, 23.95, 23.95, 200.0, 23.95
2011-05-09, 23.95, 23.95, 23.95, 23.95, 0.0, 23.95
2011-05-10, 23.95, 23.95, 23.95, 23.95, 0.0, 23.95
2011-05-11, 23.95, 23.95, 23.95, 23.95, 0.0, 23.95
2011-05-12, 23.95, 23.95, 23.95, 23.95, 0.0, 23.95
2011-05-13, 23.0, 23.0, 23.0, 23.0, 1600.0, 23.0
2011-05-16, 23.0, 23.0, 23.0, 23.0, 0.0, 23.0
2011-05-17, 23.0, 23.0, 23.0, 23.0, 0.0, 23.0
2011-05-18, 23.0, 23.0, 23.0, 23.0, 0.0, 23.0
2011-05-19, 23.0, 23.0, 23.0, 23.0, 0.0, 23.0
2011-05-20, 23.0, 23.0, 23.0, 23.0, 0.0, 23.0
2011-05-23, 23.0, 23.0, 23.0, 23.0, 0.0, 23.0
2011-05-24, 23.0, 23.0, 23.0, 23.0, 0.0, 23.0
2011-05-25, 22.0, 22.0, 22.0, 22.0, 200.0, 22.0
2011-05-26, 22.0, 22.0, 22.0, 22.0, 0.0, 22.0
2011-05-27, 22.0, 22.0, 22.0, 22.0, 0.0, 22.0
2011-05-31, 22.0, 22.0, 22.0, 22.0, 200.0, 22.0
2011-06-01, 22.0, 22.0, 22.0, 22.0, 0.0, 22.0
2011-06-02, 22.89, 22.89, 22.89, 22.89, 300.0, 22.89
2011-06-03, 22.89, 22.89, 22.89, 22.89, 0.0, 22.89
2011-06-06, 22.09, 22.09, 22.09, 22.09, 300.0, 22.09
2011-06-07, 22.09, 22.09, 22.09, 22.09, 0.0, 22.09
2011-06-08, 22.09, 22.09, 22.09, 22.09, 0.0, 22.09
2011-06-09, 22.09, 22.09, 22.09, 22.09, 0.0, 22.09
2011-06-10, 22.09, 22.09, 22.09, 22.09, 0.0, 22.09
2011-06-13, 22.09, 22.09, 22.09, 22.09, 0.0, 22.09
2011-06-14, 22.09, 22.09, 22.09, 22.09, 0.0, 22.09
2011-06-15, 22.09, 22.09, 22.09, 22.09, 0.0, 22.09
2011-06-16, 23.0, 23.0, 23.0, 23.0, 200.0, 23.0
2011-06-17, 23.0, 23.0, 23.0, 23.0, 0.0, 23.0
2011-06-20, 23.0, 23.0, 23.0, 23.0, 0.0, 23.0
2011-06-21, 23.0, 23.0, 23.0, 23.0, 0.0, 23.0
2011-06-22, 23.0, 23.0, 23.0, 23.0, 0.0, 23.0
2011-06-23, 23.0, 23.0, 23.0, 23.0, 0.0, 23.0
2011-06-24, 23.0, 23.0, 23.0, 23.0, 100.0, 23.0
2011-06-27, 23.0, 23.0, 23.0, 23.0, 0.0, 23.0
2011-06-28, 23.0, 23.0, 23.0, 23.0, 200.0, 23.0
2011-06-29, 23.0, 23.0, 23.0, 23.0, 500.0, 23.0
2011-06-30, 23.0, 23.0, 23.0, 23.0, 0.0, 23.0
2011-07-01, 23.0, 23.0, 23.0, 23.0, 0.0, 23.0
2011-07-05, 23.0, 23.0, 23.0, 23.0, 0.0, 23.0
2011-07-06, 23.0, 23.0, 23.0, 23.0, 0.0, 23.0
2011-07-07, 23.0, 23.0, 23.0, 23.0, 0.0, 23.0
2011-07-08, 23.0, 23.0, 23.0, 23.0, 200.0, 23.0
2011-07-11, 23.0, 23.0, 23.0, 23.0, 0.0, 23.0
2011-07-12, 23.0, 23.0, 23.0, 23.0, 0.0, 23.0
2011-07-13, 23.0, 23.0, 23.0, 23.0, 0.0, 23.0
2011-07-14, 23.0, 23.0, 23.0, 23.0, 0.0, 23.0
2011-07-15, 23.0, 23.0, 23.0, 23.0, 200.0, 23.0
2011-07-18, 23.0, 23.0, 23.0, 23.0, 0.0, 23.0
2011-07-19, 23.0, 23.0, 23.0, 23.0, 1000.0, 23.0
2011-07-20, 23.1, 23.1, 23.1, 23.1, 200.0, 23.1
2011-07-21, 23.1, 23.1, 23.1, 23.1, 0.0, 23.1
2011-07-22, 21.5, 21.5, 20.0, 20.0, 1800.0, 20.0
2011-07-25, 20.0, 20.0, 20.0, 20.0, 0.0, 20.0
2011-07-26, 22.75, 22.75, 22.25, 22.25, 700.0, 22.25
2011-07-27, 22.25, 22.25, 22.25, 22.25, 0.0, 22.25
2011-07-28, 22.25, 22.25, 22.25, 22.25, 0.0, 22.25
2011-07-29, 22.25, 22.25, 22.25, 22.25, 0.0, 22.25
2011-08-01, 22.25, 22.25, 22.25, 22.25, 0.0, 22.25
2011-08-02, 22.25, 22.25, 22.25, 22.25, 0.0, 22.25
2011-08-03, 22.25, 22.25, 22.25, 22.25, 0.0, 22.25
2011-08-04, 22.25, 22.25, 22.25, 22.25, 0.0, 22.25
2011-08-05, 22.75, 22.75, 22.75, 22.75, 200.0, 22.75
2011-08-08, 22.75, 22.75, 22.75, 22.75, 0.0, 22.75
2011-08-09, 19.75, 19.75, 19.75, 19.75, 400.0, 19.75
2011-08-10, 19.75, 19.75, 19.75, 19.75, 0.0, 19.75
2011-08-11, 19.55, 19.55, 19.55, 19.55, 200.0, 19.55
2011-08-12, 19.55, 19.55, 19.55, 19.55, 0.0, 19.55
2011-08-15, 19.75, 19.75, 19.75, 19.75, 1000.0, 19.75
2011-08-16, 19.75, 19.75, 19.75, 19.75, 0.0, 19.75
2011-08-17, 19.75, 19.75, 19.75, 19.75, 0.0, 19.75
2011-08-18, 19.75, 19.75, 19.75, 19.75, 200.0, 19.75
2011-08-19, 19.75, 19.75, 19.75, 19.75, 0.0, 19.75
2011-08-22, 20.96, 20.96, 20.96, 20.96, 100.0, 20.96
2011-08-23, 20.25, 20.25, 20.24, 20.25, 900.0, 20.25
2011-08-24, 20.25, 20.25, 20.25, 20.25, 800.0, 20.25
2011-08-25, 20.25, 20.25, 20.25, 20.25, 0.0, 20.25
2011-08-26, 20.25, 20.25, 20.25, 20.25, 0.0, 20.25
2011-08-29, 20.25, 20.25, 20.25, 20.25, 0.0, 20.25
2011-08-30, 20.25, 20.25, 20.25, 20.25, 0.0, 20.25
2011-08-31, 19.98, 19.98, 19.98, 19.98, 1000.0, 19.98
2011-09-01, 19.75, 19.75, 19.75, 19.75, 700.0, 19.75
2011-09-02, 19.75, 19.75, 19.75, 19.75, 0.0, 19.75
2011-09-06, 18.6, 18.6, 18.6, 18.6, 400.0, 18.6
2011-09-07, 18.6, 18.6, 18.6, 18.6, 0.0, 18.6
2011-09-08, 18.6, 18.6, 18.6, 18.6, 0.0, 18.6
2011-09-09, 18.6, 18.6, 18.6, 18.6, 0.0, 18.6
2011-09-12, 18.6, 18.6, 18.6, 18.6, 0.0, 18.6
2011-09-13, 18.6, 18.6, 18.6, 18.6, 0.0, 18.6
2011-09-14, 18.6, 18.6, 18.6, 18.6, 0.0, 18.6
2011-09-15, 18.6, 18.6, 18.6, 18.6, 0.0, 18.6
2011-09-16, 18.6, 18.6, 18.6, 18.6, 0.0, 18.6
2011-09-19, 18.6, 18.6, 18.6, 18.6, 0.0, 18.6
2011-09-20, 19.94, 19.94, 19.94, 19.94, 1200.0, 19.94
2011-09-21, 19.94, 19.94, 19.94, 19.94, 0.0, 19.94
2011-09-22, 19.94, 19.94, 19.94, 19.94, 0.0, 19.94
2011-09-23, 19.94, 19.94, 19.94, 19.94, 0.0, 19.94
2011-09-26, 19.94, 19.94, 19.94, 19.94, 0.0, 19.94
2011-09-27, 19.85, 19.85, 19.85, 19.85, 200.0, 19.85
2011-09-28, 19.84, 19.85, 19.84, 19.85, 600.0, 19.85
2011-09-29, 19.85, 19.85, 19.85, 19.85, 0.0, 19.85
2011-09-30, 21.0, 21.0, 21.0, 21.0, 200.0, 21.0
2011-10-03, 21.0, 21.0, 21.0, 21.0, 0.0, 21.0
2011-10-04, 21.0, 21.0, 21.0, 21.0, 0.0, 21.0
2011-10-05, 20.99, 21.0, 20.99, 21.0, 400.0, 21.0
2011-10-06, 21.0, 21.0, 21.0, 21.0, 0.0, 21.0
2011-10-07, 19.85, 19.85, 19.85, 19.85, 100.0, 19.85
2011-10-10, 19.85, 19.85, 19.85, 19.85, 0.0, 19.85
2011-10-11, 19.85, 19.85, 19.85, 19.85, 0.0, 19.85
2011-10-12, 21.0, 23.0, 21.0, 23.0, 700.0, 23.0
2011-10-13, 23.0, 23.0, 23.0, 23.0, 0.0, 23.0
2011-10-14, 22.95, 22.95, 22.95, 22.95, 300.0, 22.95
2011-10-17, 22.9, 22.9, 22.9, 22.9, 400.0, 22.9
2011-10-18, 22.95, 24.0, 22.95, 24.0, 800.0, 24.0
2011-10-19, 24.0, 24.0, 24.0, 24.0, 0.0, 24.0
2011-10-20, 24.0, 24.0, 24.0, 24.0, 0.0, 24.0
2011-10-21, 24.0, 24.0, 24.0, 24.0, 0.0, 24.0
2011-10-24, 24.0, 24.0, 24.0, 24.0, 0.0, 24.0
2011-10-25, 22.0, 22.0, 22.0, 22.0, 100.0, 22.0
2011-10-26, 22.0, 22.0, 22.0, 22.0, 100.0, 22.0
2011-10-27, 22.0, 22.0, 22.0, 22.0, 400.0, 22.0
2011-10-28, 22.0, 22.0, 22.0, 22.0, 100.0, 22.0
2011-10-31, 22.0, 22.0, 22.0, 22.0, 0.0, 22.0
2011-11-01, 22.0, 22.0, 22.0, 22.0, 0.0, 22.0
2011-11-02, 22.0, 22.0, 22.0, 22.0, 0.0, 22.0
2011-11-03, 22.0, 22.0, 22.0, 22.0, 0.0, 22.0
2011-11-04, 22.0, 22.0, 22.0, 22.0, 0.0, 22.0
2011-11-07, 22.0, 22.0, 22.0, 22.0, 0.0, 22.0
2011-11-08, 22.0, 22.0, 22.0, 22.0, 0.0, 22.0
2011-11-09, 22.0, 22.0, 22.0, 22.0, 0.0, 22.0
2011-11-10, 22.0, 22.0, 22.0, 22.0, 0.0, 22.0
2011-11-11, 22.0, 22.0, 22.0, 22.0, 100.0, 22.0
2011-11-14, 20.0, 20.0, 18.1, 18.1, 1300.0, 18.1
2011-11-15, 19.0, 19.0, 19.0, 19.0, 1000.0, 19.0
2011-11-16, 18.2, 20.0, 18.2, 19.0, 1100.0, 19.0
2011-11-17, 19.0, 19.0, 19.0, 19.0, 0.0, 19.0
2011-11-18, 20.25, 20.25, 20.25, 20.25, 400.0, 20.25
2011-11-21, 20.25, 20.25, 20.25, 20.25, 0.0, 20.25
2011-11-22, 20.25, 20.25, 20.25, 20.25, 0.0, 20.25
2011-11-23, 20.25, 20.25, 20.25, 20.25, 0.0, 20.25
2011-11-25, 20.25, 20.25, 20.25, 20.25, 0.0, 20.25
2011-11-28, 20.25, 20.25, 20.25, 20.25, 0.0, 20.25
2011-11-29, 19.95, 20.0, 19.95, 20.0, 500.0, 20.0
2011-11-30, 20.0, 20.25, 20.0, 20.25, 3100.0, 20.25
2011-12-01, 20.25, 20.25, 20.25, 20.25, 0.0, 20.25
2011-12-02, 20.25, 20.25, 20.25, 20.25, 700.0, 20.25
2011-12-05, 20.25, 20.25, 20.25, 20.25, 0.0, 20.25
2011-12-06, 20.25, 20.25, 20.25, 20.25, 400.0, 20.25
2011-12-07, 20.2, 20.2, 20.2, 20.2, 400.0, 20.2
2011-12-08, 22.0, 22.0, 22.0, 22.0, 300.0, 22.0
2011-12-09, 22.0, 22.0, 22.0, 22.0, 0.0, 22.0
2011-12-12, 22.0, 22.0, 22.0, 22.0, 0.0, 22.0
2011-12-13, 22.0, 22.0, 22.0, 22.0, 0.0, 22.0
2011-12-14, 22.0, 22.0, 22.0, 22.0, 0.0, 22.0
2011-12-15, 22.0, 22.0, 22.0, 22.0, 0.0, 22.0
2011-12-16, 22.0, 22.0, 22.0, 22.0, 0.0, 22.0
2011-12-19, 22.0, 22.0, 22.0, 22.0, 0.0, 22.0
2011-12-20, 22.0, 22.0, 22.0, 22.0, 0.0, 22.0
2011-12-21, 22.0, 22.0, 22.0, 22.0, 0.0, 22.0
2011-12-22, 22.0, 22.0, 22.0, 22.0, 0.0, 22.0
2011-12-23, 22.0, 22.0, 22.0, 22.0, 0.0, 22.0
2011-12-27, 22.0, 22.0, 22.0, 22.0, 0.0, 22.0
2011-12-28, 22.0, 22.0, 22.0, 22.0, 0.0, 22.0
2011-12-29, 22.0, 22.0, 22.0, 22.0, 0.0, 22.0
2011-12-30, 22.0, 22.0, 22.0, 22.0, 0.0, 22.0
2012-01-03, 22.0, 22.0, 22.0, 22.0, 0.0, 22.0
2012-01-04, 22.0, 22.0, 22.0, 22.0, 700.0, 22.0
2012-01-05, 22.0, 22.0, 22.0, 22.0, 0.0, 22.0
2012-01-06, 22.0, 22.0, 22.0, 22.0, 700.0, 22.0
2012-01-09, 22.0, 22.0, 22.0, 22.0, 0.0, 22.0
2012-01-10, 21.8, 21.8, 21.8, 21.8, 200.0, 21.8
2012-01-11, 21.8, 21.8, 21.8, 21.8, 0.0, 21.8
2012-01-12, 21.8, 21.8, 21.8, 21.8, 0.0, 21.8
2012-01-13, 21.8, 21.8, 21.8, 21.8, 0.0, 21.8
2012-01-17, 22.0, 24.0, 22.0, 24.0, 500.0, 24.0
2012-01-18, 24.0, 24.0, 24.0, 24.0, 0.0, 24.0
2012-01-19, 24.0, 24.0, 24.0, 24.0, 0.0, 24.0
2012-01-20, 24.0, 24.0, 24.0, 24.0, 0.0, 24.0
2012-01-23, 24.0, 24.0, 24.0, 24.0, 0.0, 24.0
2012-01-24, 24.0, 24.0, 24.0, 24.0, 0.0, 24.0
2012-01-25, 19.5, 19.5, 19.5, 19.5, 200.0, 19.5
2012-01-26, 19.5, 19.5, 19.5, 19.5, 0.0, 19.5
2012-01-27, 19.5, 19.5, 19.5, 19.5, 0.0, 19.5
2012-01-30, 19.5, 19.5, 19.5, 19.5, 0.0, 19.5
2012-01-31, 19.5, 19.5, 19.5, 19.5, 0.0, 19.5
2012-02-01, 19.5, 19.5, 19.5, 19.5, 0.0, 19.5
2012-02-02, 19.6, 23.9, 19.6, 23.9, 700.0, 23.9
2012-02-03, 23.75, 23.75, 23.75, 23.75, 100.0, 23.75
2012-02-06, 20.25, 23.75, 20.25, 20.26, 700.0, 20.26
2012-02-07, 20.26, 20.26, 20.26, 20.26, 0.0, 20.26
2012-02-08, 22.0, 23.0, 22.0, 23.0, 600.0, 23.0
2012-02-09, 23.0, 23.0, 23.0, 23.0, 0.0, 23.0
2012-02-10, 23.0, 23.5, 23.0, 23.5, 600.0, 23.5
2012-02-13, 23.75, 23.75, 23.75, 23.75, 1000.0, 23.75
2012-02-14, 23.75, 23.75, 23.75, 23.75, 0.0, 23.75
2012-02-15, 23.75, 23.75, 23.75, 23.75, 0.0, 23.75
2012-02-16, 23.75, 23.75, 23.75, 23.75, 0.0, 23.75
2012-02-17, 23.25, 23.25, 23.25, 23.25, 200.0, 23.25
2012-02-21, 24.0, 24.0, 24.0, 24.0, 300.0, 24.0
2012-02-22, 24.0, 24.0, 24.0, 24.0, 0.0, 24.0
2012-02-23, 24.0, 24.0, 24.0, 24.0, 700.0, 24.0
2012-02-24, 24.0, 24.0, 24.0, 24.0, 0.0, 24.0
2012-02-27, 20.5, 20.5, 20.1, 20.1, 600.0, 20.1
2012-02-28, 20.1, 20.1, 20.1, 20.1, 0.0, 20.1
2012-02-29, 20.1, 20.1, 20.1, 20.1, 0.0, 20.1
2012-03-01, 20.1, 21.5, 20.1, 21.5, 1000.0, 21.5
2012-03-02, 21.5, 21.5, 21.5, 21.5, 0.0, 21.5
2012-03-05, 21.5, 21.5, 21.5, 21.5, 0.0, 21.5
2012-03-06, 21.5, 21.5, 21.5, 21.5, 0.0, 21.5
2012-03-07, 21.5, 21.5, 21.5, 21.5, 0.0, 21.5
2012-03-08, 21.5, 21.5, 21.5, 21.5, 0.0, 21.5
2012-03-09, 20.11, 22.0, 19.75, 22.0, 900.0, 22.0
2012-03-12, 21.8, 21.8, 21.8, 21.8, 200.0, 21.8
2012-03-13, 23.74, 23.74, 23.74, 23.74, 700.0, 23.74
2012-03-14, 23.74, 23.74, 23.74, 23.74, 0.0, 23.74
2012-03-15, 22.5, 22.5, 22.5, 22.5, 200.0, 22.5
2012-03-16, 22.5, 22.5, 22.5, 22.5, 400.0, 22.5
2012-03-19, 22.5, 22.5, 22.5, 22.5, 0.0, 22.5
2012-03-20, 23.0, 23.0, 21.11, 21.11, 1300.0, 21.11
2012-03-21, 21.11, 21.11, 21.11, 21.11, 0.0, 21.11
2012-03-22, 21.11, 21.11, 21.11, 21.11, 0.0, 21.11
2012-03-23, 21.11, 21.11, 21.11, 21.11, 0.0, 21.11
2012-03-26, 21.11, 21.11, 21.11, 21.11, 0.0, 21.11
2012-03-27, 21.11, 21.11, 21.11, 21.11, 0.0, 21.11
2012-03-28, 21.11, 21.11, 21.11, 21.11, 0.0, 21.11
2012-03-29, 20.0, 20.0, 19.75, 19.75, 1000.0, 19.75
2012-03-30, 18.35, 19.0, 17.35, 19.0, 1300.0, 19.0
2012-04-02, 19.0, 19.0, 17.6, 18.97, 700.0, 18.97
2012-04-03, 18.9, 22.5, 18.9, 22.5, 1200.0, 22.5
2012-04-04, 22.75, 22.75, 22.75, 22.75, 200.0, 22.75
2012-04-05, 20.0, 22.5, 20.0, 22.5, 500.0, 22.5
2012-04-09, 22.5, 22.5, 22.5, 22.5, 0.0, 22.5
2012-04-10, 22.5, 22.5, 22.5, 22.5, 0.0, 22.5
2012-04-11, 22.5, 22.5, 22.5, 22.5, 0.0, 22.5
2012-04-12, 22.5, 22.5, 22.5, 22.5, 0.0, 22.5
2012-04-13, 22.5, 22.5, 22.5, 22.5, 0.0, 22.5
2012-04-16, 22.5, 22.5, 22.5, 22.5, 0.0, 22.5
2012-04-17, 22.5, 22.5, 22.5, 22.5, 800.0, 22.5
2012-04-18, 22.5, 22.5, 22.5, 22.5, 0.0, 22.5
2012-04-19, 22.75, 22.75, 22.75, 22.75, 100.0, 22.75
2012-04-20, 22.75, 22.75, 22.75, 22.75, 0.0, 22.75
2012-04-23, 22.75, 22.75, 22.75, 22.75, 0.0, 22.75
2012-04-24, 22.75, 22.75, 22.75, 22.75, 200.0, 22.75
2012-04-25, 22.75, 22.75, 22.75, 22.75, 0.0, 22.75
2012-04-26, 22.75, 22.75, 22.75, 22.75, 0.0, 22.75
2012-04-27, 22.75, 22.75, 22.75, 22.75, 0.0, 22.75
2012-04-30, 22.75, 22.75, 22.75, 22.75, 0.0, 22.75
2012-05-01, 22.75, 22.75, 22.75, 22.75, 0.0, 22.75
2012-05-02, 22.75, 22.75, 22.75, 22.75, 0.0, 22.75
2012-05-03, 22.75, 22.75, 22.75, 22.75, 0.0, 22.75
2012-05-04, 22.75, 22.75, 22.75, 22.75, 0.0, 22.75
2012-05-07, 22.75, 22.75, 22.75, 22.75, 0.0, 22.75
2012-05-08, 21.0, 21.0, 20.05, 20.05, 1000.0, 20.05
2012-05-09, 20.05, 20.05, 20.05, 20.05, 0.0, 20.05
2012-05-10, 20.15, 20.15, 20.1, 20.1, 300.0, 20.1
2012-05-11, 20.1, 20.1, 19.75, 19.75, 2000.0, 19.75
2012-05-14, 19.75, 19.75, 19.75, 19.75, 0.0, 19.75
2012-05-15, 19.75, 19.75, 19.75, 19.75, 1000.0, 19.75
2012-05-16, 19.75, 19.75, 19.75, 19.75, 0.0, 19.75
2012-05-17, 20.0, 20.0, 20.0, 20.0, 400.0, 20.0
2012-05-18, 20.05, 20.05, 20.05, 20.05, 200.0, 20.05
2012-05-21, 20.05, 20.05, 20.05, 20.05, 0.0, 20.05
2012-05-22, 20.05, 20.05, 20.05, 20.05, 0.0, 20.05
2012-05-23, 20.05, 20.05, 20.05, 20.05, 0.0, 20.05
2012-05-24, 20.05, 20.05, 20.05, 20.05, 0.0, 20.05
2012-05-25, 20.25, 20.25, 20.25, 20.25, 2300.0, 20.25
2012-05-29, 20.25, 20.25, 20.25, 20.25, 0.0, 20.25
2012-05-30, 20.59, 20.59, 20.59, 20.59, 2500.0, 20.59
2012-05-31, 20.31, 20.31, 20.25, 20.25, 3100.0, 20.25
2012-06-01, 20.25, 20.25, 20.25, 20.25, 3800.0, 20.25
2012-06-04, 20.25, 20.25, 20.25, 20.25, 1000.0, 20.25
2012-06-05, 20.25, 20.25, 20.25, 20.25, 3000.0, 20.25
2012-06-06, 20.25, 20.25, 20.25, 20.25, 1200.0, 20.25
2012-06-07, 20.25, 20.25, 20.25, 20.25, 0.0, 20.25
2012-06-08, 20.25, 20.25, 20.25, 20.25, 0.0, 20.25
2012-06-11, 20.25, 20.25, 20.25, 20.25, 0.0, 20.25
2012-06-12, 20.25, 20.25, 20.25, 20.25, 0.0, 20.25
2012-06-13, 20.25, 20.25, 20.25, 20.25, 0.0, 20.25
2012-06-14, 20.21, 20.21, 20.21, 20.21, 200.0, 20.21
2012-06-15, 19.75, 19.75, 19.75, 19.75, 10000.0, 19.75
2012-06-18, 19.75, 19.75, 19.75, 19.75, 0.0, 19.75
2012-06-19, 19.75, 19.75, 19.75, 19.75, 0.0, 19.75
2012-06-20, 19.75, 19.75, 19.75, 19.75, 0.0, 19.75
2012-06-21, 19.75, 19.75, 19.75, 19.75, 0.0, 19.75
2012-06-22, 20.25, 22.0, 20.25, 22.0, 500.0, 22.0
2012-06-25, 22.0, 22.0, 22.0, 22.0, 0.0, 22.0
2012-06-26, 22.0, 22.0, 22.0, 22.0, 0.0, 22.0
2012-06-27, 22.0, 22.0, 22.0, 22.0, 0.0, 22.0
2012-06-28, 22.0, 22.0, 22.0, 22.0, 0.0, 22.0
2012-06-29, 22.0, 22.0, 22.0, 22.0, 0.0, 22.0
2012-07-02, 18.1, 21.99, 18.1, 21.99, 400.0, 21.99
2012-07-03, 21.99, 21.99, 21.99, 21.99, 0.0, 21.99
2012-07-05, 21.8, 21.8, 21.8, 21.8, 500.0, 21.8
2012-07-06, 21.8, 21.8, 21.8, 21.8, 0.0, 21.8
2012-07-09, 21.8, 21.8, 21.8, 21.8, 0.0, 21.8
2012-07-10, 21.8, 21.8, 21.8, 21.8, 0.0, 21.8
2012-07-11, 21.99, 22.0, 21.99, 22.0, 400.0, 22.0
2012-07-12, 22.0, 22.0, 22.0, 22.0, 0.0, 22.0
2012-07-13, 22.0, 22.0, 22.0, 22.0, 0.0, 22.0
2012-07-16, 22.0, 22.0, 22.0, 22.0, 0.0, 22.0
2012-07-17, 22.0, 22.0, 22.0, 22.0, 0.0, 22.0
2012-07-18, 23.95, 23.95, 23.95, 23.95, 200.0, 23.95
2012-07-19, 23.95, 23.95, 23.95, 23.95, 0.0, 23.95
2012-07-20, 23.95, 23.95, 23.95, 23.95, 0.0, 23.95
2012-07-23, 23.95, 23.95, 23.95, 23.95, 0.0, 23.95
2012-07-24, 23.95, 23.95, 23.95, 23.95, 0.0, 23.95
2012-07-25, 23.95, 23.95, 23.95, 23.95, 0.0, 23.95
2012-07-26, 23.95, 23.95, 23.95, 23.95, 0.0, 23.95
2012-07-27, 19.75, 23.65, 19.75, 23.65, 800.0, 23.65
2012-07-30, 23.65, 23.65, 23.65, 23.65, 0.0, 23.65
2012-07-31, 23.65, 23.65, 23.65, 23.65, 0.0, 23.65
2012-08-01, 23.65, 23.65, 23.65, 23.65, 0.0, 23.65
2012-08-02, 23.65, 23.65, 23.65, 23.65, 0.0, 23.65
2012-08-03, 23.65, 23.65, 23.65, 23.65, 0.0, 23.65
2012-08-06, 23.65, 23.65, 23.65, 23.65, 0.0, 23.65
2012-08-07, 23.65, 23.65, 23.65, 23.65, 0.0, 23.65
2012-08-08, 23.65, 23.65, 23.65, 23.65, 0.0, 23.65
2012-08-09, 23.65, 23.65, 23.65, 23.65, 0.0, 23.65
2012-08-10, 23.65, 23.65, 23.65, 23.65, 0.0, 23.65
2012-08-13, 23.65, 23.65, 23.65, 23.65, 0.0, 23.65
2012-08-14, 23.65, 23.65, 23.65, 23.65, 0.0, 23.65
2012-08-15, 20.5, 20.5, 20.5, 20.5, 200.0, 20.5
2012-08-16, 20.5, 20.5, 20.5, 20.5, 0.0, 20.5
2012-08-17, 20.5, 20.5, 20.5, 20.5, 0.0, 20.5
2012-08-20, 20.5, 20.5, 20.5, 20.5, 0.0, 20.5
2012-08-21, 20.5, 20.5, 20.5, 20.5, 400.0, 20.5
2012-08-22, 20.5, 20.5, 20.5, 20.5, 0.0, 20.5
2012-08-23, 20.5, 20.5, 20.5, 20.5, 0.0, 20.5
2012-08-24, 20.5, 20.5, 20.5, 20.5, 0.0, 20.5
2012-08-27, 20.5, 20.5, 20.5, 20.5, 0.0, 20.5
2012-08-28, 20.5, 20.5, 20.5, 20.5, 0.0, 20.5
2012-08-29, 20.5, 20.5, 20.5, 20.5, 0.0, 20.5
2012-08-30, 20.5, 20.5, 20.5, 20.5, 0.0, 20.5
2012-08-31, 20.5, 20.5, 20.5, 20.5, 0.0, 20.5
2012-09-04, 20.5, 20.5, 20.5, 20.5, 0.0, 20.5
2012-09-05, 20.5, 20.5, 20.5, 20.5, 0.0, 20.5
2012-09-06, 20.5, 20.5, 20.5, 20.5, 0.0, 20.5
2012-09-07, 20.5, 20.5, 20.5, 20.5, 0.0, 20.5
2012-09-10, 19.85, 19.85, 19.85, 19.85, 100.0, 19.85
2012-09-11, 19.85, 19.85, 19.85, 19.85, 1100.0, 19.85
2012-09-12, 20.0, 20.09, 19.85, 19.85, 900.0, 19.85
2012-09-13, 20.09, 20.09, 20.09, 20.09, 700.0, 20.09
2012-09-14, 20.09, 20.09, 20.09, 20.09, 0.0, 20.09
2012-09-17, 20.09, 20.09, 20.09, 20.09, 0.0, 20.09
2012-09-18, 20.09, 20.09, 20.09, 20.09, 0.0, 20.09
2012-09-19, 20.09, 20.09, 20.09, 20.09, 0.0, 20.09
2012-09-20, 20.09, 20.09, 20.09, 20.09, 0.0, 20.09
2012-09-21, 20.09, 20.09, 20.09, 20.09, 0.0, 20.09
2012-09-24, 20.09, 20.09, 20.09, 20.09, 0.0, 20.09
2012-09-25, 20.09, 20.09, 20.09, 20.09, 0.0, 20.09
2012-09-26, 20.09, 20.09, 20.09, 20.09, 0.0, 20.09
2012-09-27, 20.09, 20.09, 20.09, 20.09, 0.0, 20.09
2012-09-28, 18.0, 18.0, 18.0, 18.0, 100.0, 18.0
2012-10-01, 18.0, 22.5, 18.0, 22.5, 200.0, 22.5
2012-10-02, 22.5, 22.5, 22.5, 22.5, 0.0, 22.5
2012-10-03, 22.5, 23.65, 22.5, 23.65, 300.0, 23.65
2012-10-04, 23.65, 23.65, 23.65, 23.65, 0.0, 23.65
2012-10-05, 23.65, 23.65, 23.65, 23.65, 0.0, 23.65
2012-10-08, 23.65, 23.65, 23.65, 23.65, 0.0, 23.65
2012-10-09, 23.65, 23.65, 23.65, 23.65, 0.0, 23.65
2012-10-10, 23.65, 23.65, 23.65, 23.65, 0.0, 23.65
2012-10-11, 23.65, 23.65, 23.65, 23.65, 0.0, 23.65
2012-10-12, 23.65, 23.65, 23.65, 23.65, 0.0, 23.65
2012-10-15, 23.65, 23.65, 23.65, 23.65, 0.0, 23.65
2012-10-16, 23.65, 23.65, 23.65, 23.65, 0.0, 23.65
2012-10-17, 23.65, 23.65, 23.65, 23.65, 0.0, 23.65
2012-10-18, 23.65, 23.65, 23.65, 23.65, 0.0, 23.65
2012-10-19, 23.65, 23.65, 23.65, 23.65, 0.0, 23.65
2012-10-22, 23.65, 23.65, 23.65, 23.65, 0.0, 23.65
2012-10-23, 23.65, 23.65, 23.65, 23.65, 0.0, 23.65
2012-10-24, 19.05, 19.05, 18.62, 18.62, 200.0, 18.62
2012-10-25, 22.25, 22.25, 22.25, 22.25, 300.0, 22.25
2012-10-26, 22.25, 22.25, 22.25, 22.25, 0.0, 22.25
2012-10-31, 22.25, 23.0, 22.25, 23.0, 400.0, 23.0
2012-11-01, 23.0, 23.0, 23.0, 23.0, 0.0, 23.0
2012-11-02, 23.0, 23.0, 23.0, 23.0, 0.0, 23.0
2012-11-05, 23.0, 23.0, 23.0, 23.0, 0.0, 23.0
2012-11-06, 23.0, 23.0, 23.0, 23.0, 0.0, 23.0
2012-11-07, 23.0, 23.0, 23.0, 23.0, 0.0, 23.0
2012-11-08, 23.0, 23.0, 23.0, 23.0, 0.0, 23.0
2012-11-09, 23.0, 23.0, 23.0, 23.0, 0.0, 23.0
2012-11-12, 23.0, 23.0, 23.0, 23.0, 0.0, 23.0
2012-11-13, 23.0, 23.0, 23.0, 23.0, 0.0, 23.0
2012-11-14, 23.0, 23.0, 23.0, 23.0, 0.0, 23.0
2012-11-15, 19.26, 19.27, 19.25, 19.25, 2700.0, 19.25
2012-11-16, 19.25, 19.25, 19.25, 19.25, 0.0, 19.25
2012-11-19, 19.25, 19.25, 19.25, 19.25, 0.0, 19.25
2012-11-20, 20.75, 20.75, 20.75, 20.75, 200.0, 20.75
2012-11-21, 20.75, 20.75, 20.75, 20.75, 0.0, 20.75
2012-11-23, 20.75, 20.75, 20.75, 20.75, 0.0, 20.75
2012-11-26, 20.75, 20.75, 20.75, 20.75, 0.0, 20.75
2012-11-27, 19.75, 19.75, 19.75, 19.75, 600.0, 19.75
2012-11-28, 19.75, 19.75, 19.75, 19.75, 0.0, 19.75
2012-11-29, 19.75, 19.75, 19.75, 19.75, 0.0, 19.75
2012-11-30, 19.75, 19.75, 19.75, 19.75, 0.0, 19.75
2012-12-03, 19.75, 19.75, 19.75, 19.75, 0.0, 19.75
2012-12-04, 19.75, 19.75, 19.75, 19.75, 0.0, 19.75
2012-12-05, 19.75, 19.75, 19.75, 19.75, 0.0, 19.75
2012-12-06, 19.75, 19.75, 19.75, 19.75, 0.0, 19.75
2012-12-07, 20.19, 20.19, 20.19, 20.19, 200.0, 20.19
2012-12-10, 20.19, 20.19, 20.19, 20.19, 0.0, 20.19
2012-12-11, 18.83, 18.83, 18.83, 18.83, 500.0, 18.83
2012-12-12, 18.82, 18.82, 18.75, 18.75, 300.0, 18.75
2012-12-13, 18.75, 18.75, 18.75, 18.75, 0.0, 18.75
2012-12-14, 18.75, 18.75, 18.75, 18.75, 0.0, 18.75
2012-12-17, 18.5, 18.5, 18.5, 18.5, 100.0, 18.5
2012-12-18, 17.6, 20.71, 17.6, 20.71, 500.0, 20.71
2012-12-19, 17.8, 17.8, 17.53, 17.53, 400.0, 17.53
2012-12-20, 17.53, 17.53, 17.53, 17.53, 0.0, 17.53
2012-12-21, 19.97, 20.0, 19.97, 20.0, 300.0, 20.0
2012-12-24, 20.0, 20.0, 20.0, 20.0, 0.0, 20.0
2012-12-26, 20.0, 20.0, 20.0, 20.0, 0.0, 20.0
2012-12-27, 20.0, 20.0, 20.0, 20.0, 0.0, 20.0
2012-12-28, 20.0, 20.0, 20.0, 20.0, 0.0, 20.0
2012-12-31, 21.0, 21.0, 21.0, 21.0, 200.0, 21.0
2013-01-02, 21.0, 21.0, 21.0, 21.0, 400.0, 21.0
2013-01-03, 18.82, 18.82, 18.82, 18.82, 200.0, 18.82
2013-01-04, 18.82, 18.82, 18.82, 18.82, 0.0, 18.82
2013-01-07, 21.0, 21.0, 21.0, 21.0, 300.0, 21.0
2013-01-08, 21.0, 22.9, 21.0, 22.9, 700.0, 22.9
2013-01-09, 22.69, 22.69, 22.69, 22.69, 100.0, 22.69
2013-01-10, 22.69, 22.69, 22.69, 22.69, 0.0, 22.69
2013-01-11, 22.69, 22.69, 22.69, 22.69, 0.0, 22.69
2013-01-14, 22.69, 22.69, 22.69, 22.69, 0.0, 22.69
2013-01-15, 22.69, 22.69, 22.69, 22.69, 0.0, 22.69
2013-01-16, 22.69, 22.69, 22.69, 22.69, 0.0, 22.69
2013-01-17, 22.7, 22.95, 22.7, 22.95, 500.0, 22.95
2013-01-18, 22.95, 22.95, 22.95, 22.95, 0.0, 22.95
2013-01-22, 22.95, 22.95, 22.95, 22.95, 0.0, 22.95
2013-01-23, 22.95, 22.95, 22.95, 22.95, 0.0, 22.95
2013-01-24, 22.95, 22.95, 22.95, 22.95, 0.0, 22.95
2013-01-25, 22.95, 22.95, 22.95, 22.95, 0.0, 22.95
2013-01-28, 22.95, 22.95, 22.95, 22.95, 0.0, 22.95
2013-01-29, 22.95, 22.95, 22.95, 22.95, 0.0, 22.95
2013-01-30, 22.95, 22.95, 22.95, 22.95, 0.0, 22.95
2013-01-31, 22.95, 22.95, 22.95, 22.95, 0.0, 22.95
2013-02-01, 22.95, 22.95, 22.95, 22.95, 0.0, 22.95
2013-02-04, 22.95, 22.95, 22.95, 22.95, 0.0, 22.95
2013-02-05, 22.95, 22.95, 22.95, 22.95, 0.0, 22.95
2013-02-06, 20.01, 20.01, 20.01, 20.01, 300.0, 20.01
2013-02-07, 21.0, 21.0, 21.0, 21.0, 200.0, 21.0
2013-02-08, 21.0, 21.0, 21.0, 21.0, 0.0, 21.0
2013-02-11, 21.0, 21.0, 21.0, 21.0, 0.0, 21.0
2013-02-12, 21.0, 21.0, 21.0, 21.0, 0.0, 21.0
2013-02-13, 20.9, 20.9, 20.9, 20.9, 1400.0, 20.9
2013-02-14, 20.9, 20.9, 20.9, 20.9, 0.0, 20.9
2013-02-15, 20.9, 20.9, 20.9, 20.9, 0.0, 20.9
2013-02-19, 20.9, 20.9, 20.9, 20.9, 0.0, 20.9
2013-02-20, 20.0, 20.0, 19.95, 19.95, 600.0, 19.95
2013-02-21, 19.86, 20.89, 19.85, 20.89, 900.0, 20.89
2013-02-22, 20.87, 20.89, 20.87, 20.89, 200.0, 20.89
2013-02-25, 20.89, 20.89, 20.89, 20.89, 0.0, 20.89
2013-02-26, 20.89, 20.89, 20.89, 20.89, 0.0, 20.89
2013-02-27, 20.89, 20.89, 20.89, 20.89, 0.0, 20.89
2013-02-28, 20.89, 20.89, 19.1, 19.1, 400.0, 19.1
2013-03-01, 18.75, 20.85, 18.0, 20.85, 5000.0, 20.85
2013-03-04, 20.7, 20.7, 20.7, 20.7, 200.0, 20.7
2013-03-05, 20.0, 20.5, 20.0, 20.5, 4000.0, 20.5
2013-03-06, 20.5, 20.5, 20.5, 20.5, 0.0, 20.5
2013-03-07, 20.5, 20.5, 20.5, 20.5, 0.0, 20.5
2013-03-08, 20.95, 21.0, 20.95, 21.0, 700.0, 21.0
2013-03-11, 21.0, 21.0, 21.0, 21.0, 0.0, 21.0
2013-03-12, 19.5, 19.5, 19.5, 19.5, 2900.0, 19.5
2013-03-13, 19.5, 19.5, 19.5, 19.5, 0.0, 19.5
2013-03-14, 19.5, 19.5, 19.5, 19.5, 0.0, 19.5
2013-03-15, 19.5, 19.5, 19.5, 19.5, 0.0, 19.5
2013-03-18, 19.5, 19.5, 19.5, 19.5, 0.0, 19.5
2013-03-19, 19.5, 19.5, 19.5, 19.5, 0.0, 19.5
2013-03-20, 19.5, 19.5, 19.5, 19.5, 0.0, 19.5
2013-03-21, 19.5, 19.5, 19.5, 19.5, 0.0, 19.5
2013-03-22, 19.5, 19.5, 19.5, 19.5, 0.0, 19.5
2013-03-25, 21.0, 21.0, 21.0, 21.0, 100.0, 21.0
2013-03-26, 21.0, 21.0, 21.0, 21.0, 0.0, 21.0
2013-03-27, 19.25, 19.25, 19.25, 19.25, 300.0, 19.25
2013-03-28, 21.0, 21.0, 21.0, 21.0, 200.0, 21.0
2013-04-01, 19.3, 19.3, 19.3, 19.3, 100.0, 19.3
2013-04-02, 19.3, 19.3, 19.3, 19.3, 0.0, 19.3
2013-04-03, 19.3, 19.5, 19.3, 19.5, 900.0, 19.5
2013-04-04, 19.3, 21.0, 19.3, 21.0, 400.0, 21.0
2013-04-05, 21.0, 21.0, 21.0, 21.0, 0.0, 21.0
2013-04-08, 21.0, 21.0, 21.0, 21.0, 0.0, 21.0
2013-04-09, 21.0, 21.0, 21.0, 21.0, 0.0, 21.0
2013-04-10, 19.3, 19.3, 19.3, 19.3, 200.0, 19.3
2013-04-11, 21.0, 21.0, 21.0, 21.0, 300.0, 21.0
2013-04-12, 21.0, 21.0, 21.0, 21.0, 0.0, 21.0
2013-04-15, 21.0, 21.0, 21.0, 21.0, 0.0, 21.0
2013-04-16, 21.0, 21.0, 21.0, 21.0, 0.0, 21.0
2013-04-17, 21.0, 21.0, 21.0, 21.0, 0.0, 21.0
2013-04-18, 21.0, 21.0, 21.0, 21.0, 0.0, 21.0
2013-04-19, 21.0, 21.0, 21.0, 21.0, 0.0, 21.0
2013-04-22, 19.3, 19.3, 19.3, 19.3, 500.0, 19.3
2013-04-23, 19.3, 19.3, 19.3, 19.3, 0.0, 19.3
2013-04-24, 19.3, 19.3, 19.3, 19.3, 0.0, 19.3
2013-04-25, 19.3, 19.3, 19.3, 19.3, 0.0, 19.3
2013-04-26, 20.68, 20.68, 20.68, 20.68, 500.0, 20.68
2013-04-29, 20.68, 20.68, 20.68, 20.68, 0.0, 20.68
2013-04-30, 20.66, 20.66, 20.66, 20.66, 500.0, 20.66
2013-05-01, 20.66, 20.66, 20.66, 20.66, 0.0, 20.66
2013-05-02, 20.65, 21.5, 20.65, 21.5, 2000.0, 21.5
2013-05-03, 19.3, 19.3, 19.3, 19.3, 300.0, 19.3
2013-05-06, 19.3, 19.3, 19.3, 19.3, 0.0, 19.3
2013-05-07, 21.0, 21.0, 21.0, 21.0, 400.0, 21.0
2013-05-08, 21.0, 21.0, 21.0, 21.0, 200.0, 21.0
2013-05-09, 21.0, 21.0, 21.0, 21.0, 0.0, 21.0
2013-05-10, 21.0, 21.0, 21.0, 21.0, 0.0, 21.0
2013-05-13, 20.89, 20.89, 20.89, 20.89, 400.0, 20.89
2013-05-14, 20.5, 20.5, 20.5, 20.5, 100.0, 20.5
2013-05-15, 20.5, 20.5, 20.5, 20.5, 300.0, 20.5
2013-05-16, 20.5, 20.5, 20.5, 20.5, 0.0, 20.5
2013-05-17, 20.5, 20.5, 20.5, 20.5, 1800.0, 20.5
2013-05-20, 20.5, 20.5, 20.5, 20.5, 0.0, 20.5
2013-05-21, 20.5, 20.5, 20.5, 20.5, 0.0, 20.5
2013-05-22, 20.5, 20.5, 20.5, 20.5, 0.0, 20.5
2013-05-23, 20.5, 20.5, 20.5, 20.5, 0.0, 20.5
2013-05-24, 20.5, 20.5, 20.5, 20.5, 0.0, 20.5
2013-05-28, 20.5, 20.5, 20.5, 20.5, 0.0, 20.5
2013-05-29, 20.5, 20.5, 20.5, 20.5, 0.0, 20.5
2013-05-30, 20.5, 20.5, 20.5, 20.5, 0.0, 20.5
2013-05-31, 20.5, 20.5, 20.5, 20.5, 0.0, 20.5
2013-06-03, 20.5, 20.5, 20.5, 20.5, 0.0, 20.5
2013-06-04, 20.5, 20.5, 20.5, 20.5, 0.0, 20.5
2013-06-05, 20.5, 20.5, 20.5, 20.5, 0.0, 20.5
2013-06-06, 20.5, 20.5, 20.5, 20.5, 0.0, 20.5
2013-06-07, 20.5, 20.5, 20.5, 20.5, 0.0, 20.5
2013-06-10, 20.5, 20.5, 20.5, 20.5, 800.0, 20.5
2013-06-11, 20.5, 20.5, 20.5, 20.5, 0.0, 20.5
2013-06-12, 19.95, 19.95, 19.95, 19.95, 700.0, 19.95
2013-06-13, 19.95, 19.95, 19.95, 19.95, 2000.0, 19.95
2013-06-14, 19.36, 19.36, 19.36, 19.36, 100.0, 19.36
2013-06-17, 19.94, 19.94, 19.94, 19.94, 1000.0, 19.94
2013-06-18, 19.35, 19.35, 19.35, 19.35, 600.0, 19.35
2013-06-19, 19.35, 19.35, 19.35, 19.35, 0.0, 19.35
2013-06-20, 19.35, 19.35, 19.35, 19.35, 0.0, 19.35
2013-06-21, 19.35, 19.35, 19.35, 19.35, 0.0, 19.35
2013-06-24, 19.0, 19.0, 19.0, 19.0, 400.0, 19.0
2013-06-25, 19.0, 19.0, 19.0, 19.0, 0.0, 19.0
2013-06-26, 19.0, 19.0, 19.0, 19.0, 0.0, 19.0
2013-06-27, 19.0, 19.0, 19.0, 19.0, 0.0, 19.0
2013-06-28, 19.0, 19.0, 19.0, 19.0, 100.0, 19.0
2013-07-01, 18.75, 18.75, 18.75, 18.75, 400.0, 18.75
2013-07-02, 18.75, 18.75, 18.75, 18.75, 0.0, 18.75
2013-07-03, 18.75, 18.75, 18.75, 18.75, 0.0, 18.75
2013-07-05, 18.75, 18.75, 18.75, 18.75, 0.0, 18.75
2013-07-08, 18.75, 18.75, 18.75, 18.75, 0.0, 18.75
2013-07-09, 18.75, 18.75, 18.75, 18.75, 0.0, 18.75
2013-07-10, 18.75, 18.75, 18.75, 18.75, 0.0, 18.75
2013-07-11, 18.75, 18.75, 18.75, 18.75, 0.0, 18.75
2013-07-12, 18.75, 18.75, 18.75, 18.75, 0.0, 18.75
2013-07-15, 18.75, 18.75, 18.75, 18.75, 0.0, 18.75
2013-07-16, 18.75, 18.75, 18.75, 18.75, 0.0, 18.75
2013-07-17, 18.75, 18.75, 18.75, 18.75, 300.0, 18.75
2013-07-18, 18.75, 18.75, 18.75, 18.75, 0.0, 18.75
2013-07-19, 20.99, 20.99, 20.99, 20.99, 200.0, 20.99
2013-07-22, 20.99, 20.99, 20.99, 20.99, 0.0, 20.99
2013-07-23, 20.99, 20.99, 20.99, 20.99, 0.0, 20.99
2013-07-24, 20.99, 20.99, 20.99, 20.99, 0.0, 20.99
2013-07-25, 20.99, 20.99, 20.99, 20.99, 0.0, 20.99
2013-07-26, 20.99, 20.99, 20.99, 20.99, 0.0, 20.99
2013-07-29, 20.99, 20.99, 20.99, 20.99, 0.0, 20.99
2013-07-30, 20.99, 20.99, 20.99, 20.99, 0.0, 20.99
2013-07-31, 20.99, 20.99, 20.99, 20.99, 0.0, 20.99
2013-08-01, 20.99, 20.99, 20.99, 20.99, 0.0, 20.99
2013-08-02, 20.99, 20.99, 20.99, 20.99, 0.0, 20.99
2013-08-05, 20.99, 20.99, 20.99, 20.99, 0.0, 20.99
2013-08-06, 20.99, 20.99, 20.99, 20.99, 0.0, 20.99
2013-08-07, 20.99, 20.99, 20.99, 20.99, 0.0, 20.99
2013-08-08, 20.99, 20.99, 20.99, 20.99, 0.0, 20.99
2013-08-09, 20.0, 20.0, 20.0, 20.0, 200.0, 20.0
2013-08-12, 20.0, 20.0, 20.0, 20.0, 0.0, 20.0
2013-08-13, 20.0, 20.0, 20.0, 20.0, 0.0, 20.0
2013-08-14, 20.0, 20.0, 20.0, 20.0, 0.0, 20.0
2013-08-15, 20.0, 20.0, 20.0, 20.0, 0.0, 20.0
2013-08-16, 20.0, 20.0, 20.0, 20.0, 0.0, 20.0
2013-08-19, 20.0, 20.0, 20.0, 20.0, 0.0, 20.0
2013-08-20, 20.0, 20.0, 20.0, 20.0, 0.0, 20.0
2013-08-21, 20.0, 20.0, 20.0, 20.0, 0.0, 20.0
2013-08-22, 20.0, 20.0, 20.0, 20.0, 0.0, 20.0
2013-08-23, 20.0, 20.0, 20.0, 20.0, 0.0, 20.0
2013-08-26, 20.0, 20.0, 20.0, 20.0, 0.0, 20.0
2013-08-27, 19.5, 19.5, 19.25, 19.25, 2100.0, 19.25
2013-08-28, 19.5, 19.5, 19.5, 19.5, 1600.0, 19.5
2013-08-29, 19.5, 19.5, 19.5, 19.5, 0.0, 19.5
2013-08-30, 19.5, 19.5, 19.5, 19.5, 0.0, 19.5
2013-09-03, 19.5, 19.5, 19.5, 19.5, 0.0, 19.5
2013-09-04, 19.5, 19.5, 19.5, 19.5, 0.0, 19.5
2013-09-05, 19.5, 19.5, 19.5, 19.5, 0.0, 19.5
2013-09-06, 19.5, 19.5, 19.5, 19.5, 0.0, 19.5
2013-09-09, 19.5, 19.5, 19.5, 19.5, 0.0, 19.5
2013-09-10, 19.5, 19.5, 19.5, 19.5, 0.0, 19.5
2013-09-11, 18.95, 18.95, 18.95, 18.95, 2200.0, 18.95
2013-09-12, 18.95, 18.95, 18.95, 18.95, 0.0, 18.95
2013-09-13, 18.95, 18.95, 18.95, 18.95, 0.0, 18.95
2013-09-16, 18.95, 18.95, 18.95, 18.95, 0.0, 18.95
2013-09-17, 18.95, 18.95, 18.95, 18.95, 0.0, 18.95
2013-09-18, 18.95, 18.95, 18.95, 18.95, 0.0, 18.95
2013-09-19, 18.95, 18.95, 18.95, 18.95, 0.0, 18.95
2013-09-20, 18.95, 18.95, 18.95, 18.95, 0.0, 18.95
2013-09-23, 18.95, 18.95, 18.95, 18.95, 0.0, 18.95
2013-09-24, 18.95, 18.95, 18.95, 18.95, 0.0, 18.95
2013-09-25, 18.95, 18.95, 18.95, 18.95, 0.0, 18.95
2013-09-26, 18.95, 18.95, 18.95, 18.95, 0.0, 18.95
2013-09-27, 18.95, 18.95, 18.95, 18.95, 0.0, 18.95
2013-09-30, 18.95, 18.95, 18.95, 18.95, 0.0, 18.95
2013-10-01, 18.9, 18.9, 18.9, 18.9, 200.0, 18.9
2013-10-02, 18.9, 18.9, 18.9, 18.9, 0.0, 18.9
2013-10-03, 18.9, 18.9, 18.9, 18.9, 0.0, 18.9
2013-10-04, 18.95, 18.95, 18.95, 18.95, 800.0, 18.95
2013-10-07, 20.0, 20.0, 20.0, 20.0, 200.0, 20.0
2013-10-08, 18.75, 18.75, 17.51, 17.51, 900.0, 17.51
2013-10-09, 17.51, 17.51, 17.51, 17.51, 0.0, 17.51
2013-10-10, 18.9, 18.9, 18.9, 18.9, 300.0, 18.9
2013-10-11, 19.0, 19.0, 19.0, 19.0, 200.0, 19.0
2013-10-14, 19.0, 19.0, 19.0, 19.0, 0.0, 19.0
2013-10-15, 19.0, 19.0, 19.0, 19.0, 0.0, 19.0
2013-10-16, 19.0, 19.0, 19.0, 19.0, 0.0, 19.0
2013-10-17, 19.0, 19.0, 19.0, 19.0, 0.0, 19.0
2013-10-18, 19.15, 19.15, 19.15, 19.15, 300.0, 19.15
2013-10-21, 19.15, 19.15, 19.15, 19.15, 0.0, 19.15
2013-10-22, 19.15, 19.15, 19.15, 19.15, 0.0, 19.15
2013-10-23, 19.15, 19.15, 19.15, 19.15, 0.0, 19.15
2013-10-24, 19.15, 19.15, 19.15, 19.15, 0.0, 19.15
2013-10-25, 19.15, 19.15, 19.15, 19.15, 0.0, 19.15
2013-10-28, 19.15, 19.15, 19.15, 19.15, 0.0, 19.15
2013-10-29, 19.15, 19.15, 19.15, 19.15, 100.0, 19.15
2013-10-30, 19.15, 19.15, 19.15, 19.15, 0.0, 19.15
2013-10-31, 19.15, 19.15, 19.15, 19.15, 0.0, 19.15
2013-11-01, 19.15, 19.15, 19.15, 19.15, 0.0, 19.15
2013-11-04, 19.15, 19.15, 19.15, 19.15, 0.0, 19.15
2013-11-05, 19.15, 19.15, 19.15, 19.15, 0.0, 19.15
2013-11-06, 19.15, 19.15, 19.15, 19.15, 0.0, 19.15
2013-11-07, 19.15, 19.15, 19.15, 19.15, 300.0, 19.15
2013-11-08, 19.15, 19.15, 19.15, 19.15, 0.0, 19.15
2013-11-11, 19.15, 19.15, 19.15, 19.15, 0.0, 19.15
2013-11-12, 19.15, 19.15, 19.15, 19.15, 0.0, 19.15
2013-11-13, 19.15, 19.15, 19.15, 19.15, 0.0, 19.15
2013-11-14, 19.15, 19.15, 19.15, 19.15, 0.0, 19.15
2013-11-15, 19.15, 19.15, 19.15, 19.15, 0.0, 19.15
2013-11-18, 19.15, 19.15, 19.15, 19.15, 100.0, 19.15
2013-11-19, 19.5, 19.5, 19.5, 19.5, 900.0, 19.5
2013-11-20, 19.5, 19.5, 19.5, 19.5, 0.0, 19.5
2013-11-21, 19.5, 19.5, 19.5, 19.5, 0.0, 19.5
2013-11-22, 19.5, 19.5, 19.5, 19.5, 0.0, 19.5
2013-11-25, 19.5, 19.5, 19.5, 19.5, 0.0, 19.5
2013-11-26, 19.5, 19.5, 19.5, 19.5, 0.0, 19.5
2013-11-27, 19.5, 19.5, 19.5, 19.5, 0.0, 19.5
2013-11-29, 19.5, 19.5, 19.5, 19.5, 0.0, 19.5
2013-12-02, 19.5, 19.5, 19.5, 19.5, 0.0, 19.5
2013-12-03, 19.5, 19.5, 19.5, 19.5, 0.0, 19.5
2013-12-04, 19.5, 19.5, 19.5, 19.5, 0.0, 19.5
2013-12-05, 20.5, 20.5, 20.5, 20.5, 200.0, 20.5
2013-12-06, 20.5, 20.5, 20.5, 20.5, 0.0, 20.5
2013-12-09, 20.5, 20.5, 20.5, 20.5, 0.0, 20.5
2013-12-10, 18.49, 18.49, 18.49, 18.49, 200.0, 18.49
2013-12-11, 18.1, 18.1, 18.1, 18.1, 1100.0, 18.1
2013-12-12, 18.1, 18.1, 18.1, 18.1, 0.0, 18.1
2013-12-13, 19.5, 19.5, 19.5, 19.5, 300.0, 19.5
2013-12-16, 19.5, 19.5, 19.5, 19.5, 0.0, 19.5
2013-12-17, 19.5, 19.5, 19.5, 19.5, 0.0, 19.5
2013-12-18, 19.5, 19.5, 19.5, 19.5, 0.0, 19.5
2013-12-19, 19.5, 19.5, 19.5, 19.5, 0.0, 19.5
2013-12-20, 19.5, 19.5, 19.5, 19.5, 0.0, 19.5
2013-12-23, 19.5, 19.5, 19.5, 19.5, 0.0, 19.5
2013-12-24, 19.5, 19.5, 19.5, 19.5, 0.0, 19.5
2013-12-26, 19.5, 19.5, 19.5, 19.5, 0.0, 19.5
2013-12-27, 19.5, 19.5, 19.5, 19.5, 0.0, 19.5
2013-12-30, 19.5, 19.5, 19.5, 19.5, 0.0, 19.5
2013-12-31, 19.5, 19.5, 19.5, 19.5, 0.0, 19.5
2014-01-02, 18.0, 18.0, 18.0, 18.0, 100.0, 18.0
2014-01-03, 20.0, 20.0, 20.0, 20.0, 100.0, 20.0
2014-01-06, 20.0, 20.0, 20.0, 20.0, 0.0, 20.0
2014-01-07, 20.0, 20.0, 20.0, 20.0, 0.0, 20.0
2014-01-08, 20.0, 20.0, 20.0, 20.0, 0.0, 20.0
2014-01-09, 20.0, 21.0, 20.0, 21.0, 1300.0, 21.0
2014-01-10, 21.0, 21.0, 21.0, 21.0, 0.0, 21.0
2014-01-13, 21.0, 21.0, 21.0, 21.0, 400.0, 21.0
2014-01-14, 21.0, 21.0, 21.0, 21.0, 0.0, 21.0
2014-01-15, 21.0, 21.0, 21.0, 21.0, 0.0, 21.0
2014-01-16, 21.0, 21.0, 21.0, 21.0, 0.0, 21.0
2014-01-17, 21.0, 21.0, 21.0, 21.0, 0.0, 21.0
2014-01-21, 23.0, 23.0, 23.0, 23.0, 400.0, 23.0
2014-01-22, 23.0, 23.0, 23.0, 23.0, 0.0, 23.0
2014-01-23, 23.0, 23.0, 23.0, 23.0, 0.0, 23.0
2014-01-24, 23.0, 23.0, 23.0, 23.0, 0.0, 23.0
2014-01-27, 23.0, 23.0, 23.0, 23.0, 0.0, 23.0
2014-01-28, 23.0, 23.0, 23.0, 23.0, 0.0, 23.0
2014-01-29, 23.0, 23.0, 23.0, 23.0, 0.0, 23.0
2014-01-30, 23.0, 23.0, 23.0, 23.0, 0.0, 23.0
2014-01-31, 23.0, 23.0, 23.0, 23.0, 0.0, 23.0
2014-02-03, 23.0, 23.0, 23.0, 23.0, 0.0, 23.0
2014-02-04, 23.0, 23.0, 23.0, 23.0, 0.0, 23.0
2014-02-05, 23.0, 23.0, 23.0, 23.0, 0.0, 23.0
2014-02-06, 23.0, 23.0, 23.0, 23.0, 0.0, 23.0
2014-02-07, 20.5, 20.5, 20.5, 20.5, 200.0, 20.5
2014-02-10, 20.5, 20.5, 20.5, 20.5, 0.0, 20.5
2014-02-11, 20.5, 20.5, 20.5, 20.5, 0.0, 20.5
2014-02-12, 20.5, 20.5, 20.5, 20.5, 0.0, 20.5
2014-02-13, 20.5, 20.5, 20.5, 20.5, 0.0, 20.5
2014-02-14, 20.5, 20.5, 20.5, 20.5, 0.0, 20.5
2014-02-18, 19.1, 19.1, 19.1, 19.1, 300.0, 19.1
2014-02-19, 20.5, 21.99, 20.5, 20.5, 1500.0, 20.5
2014-02-20, 20.5, 20.5, 20.5, 20.5, 0.0, 20.5
2014-02-21, 20.5, 20.5, 20.5, 20.5, 0.0, 20.5
2014-02-24, 20.5, 20.5, 20.5, 20.5, 0.0, 20.5
2014-02-25, 20.0, 20.0, 20.0, 20.0, 100.0, 20.0
2014-02-26, 20.0, 20.0, 20.0, 20.0, 0.0, 20.0
2014-02-27, 20.0, 20.0, 20.0, 20.0, 0.0, 20.0
2014-02-28, 20.0, 20.0, 20.0, 20.0, 0.0, 20.0
2014-03-03, 20.0, 20.0, 20.0, 20.0, 0.0, 20.0
2014-03-04, 20.0, 20.0, 20.0, 20.0, 0.0, 20.0
2014-03-05, 19.2, 19.2, 19.05, 19.05, 500.0, 19.05
2014-03-06, 19.5, 19.5, 19.49, 19.5, 700.0, 19.5
2014-03-07, 19.5, 19.5, 19.5, 19.5, 0.0, 19.5
2014-03-10, 19.5, 19.5, 19.5, 19.5, 0.0, 19.5
2014-03-11, 19.5, 19.5, 19.5, 19.5, 0.0, 19.5
2014-03-12, 19.5, 19.5, 19.5, 19.5, 0.0, 19.5
2014-03-13, 19.5, 19.5, 19.5, 19.5, 0.0, 19.5
2014-03-14, 19.5, 19.5, 19.5, 19.5, 0.0, 19.5
2014-03-17, 19.5, 19.5, 19.5, 19.5, 0.0, 19.5
2014-03-18, 19.5, 19.5, 19.5, 19.5, 0.0, 19.5
2014-03-19, 19.5, 19.5, 19.5, 19.5, 0.0, 19.5
2014-03-20, 19.5, 19.5, 19.5, 19.5, 0.0, 19.5
2014-03-21, 19.5, 19.5, 19.5, 19.5, 0.0, 19.5
2014-03-24, 19.5, 19.5, 19.5, 19.5, 0.0, 19.5
2014-03-25, 19.5, 19.5, 19.5, 19.5, 0.0, 19.5
2014-03-26, 19.5, 19.5, 19.5, 19.5, 0.0, 19.5
2014-03-27, 19.5, 19.5, 19.5, 19.5, 0.0, 19.5
2014-03-28, 19.5, 19.5, 19.5, 19.5, 0.0, 19.5
2014-03-31, 19.5, 19.5, 19.5, 19.5, 0.0, 19.5
2014-04-01, 19.5, 19.5, 19.5, 19.5, 0.0, 19.5
2014-04-02, 19.5, 19.5, 19.5, 19.5, 0.0, 19.5
2014-04-03, 19.0, 19.0, 19.0, 19.0, 200.0, 19.0
2014-04-04, 19.0, 19.0, 19.0, 19.0, 200.0, 19.0
2014-04-07, 19.0, 19.0, 19.0, 19.0, 0.0, 19.0
2014-04-08, 19.0, 19.0, 19.0, 19.0, 200.0, 19.0
2014-04-09, 19.0, 19.0, 19.0, 19.0, 0.0, 19.0
2014-04-10, 19.0, 19.0, 19.0, 19.0, 600.0, 19.0
2014-04-11, 19.0, 19.0, 19.0, 19.0, 600.0, 19.0
2014-04-14, 19.0, 19.0, 19.0, 19.0, 300.0, 19.0
2014-04-15, 19.0, 19.0, 19.0, 19.0, 0.0, 19.0
2014-04-16, 19.0, 19.0, 19.0, 19.0, 0.0, 19.0
2014-04-17, 19.0, 19.0, 19.0, 19.0, 200.0, 19.0
2014-04-21, 19.0, 19.0, 19.0, 19.0, 0.0, 19.0
2014-04-22, 19.0, 19.0, 19.0, 19.0, 0.0, 19.0
2014-04-23, 19.0, 19.0, 19.0, 19.0, 0.0, 19.0
2014-04-24, 19.0, 19.0, 19.0, 19.0, 0.0, 19.0
2014-04-25, 19.0, 19.0, 19.0, 19.0, 0.0, 19.0
2014-04-28, 18.75, 18.75, 17.5, 17.5, 900.0, 17.5
2014-04-29, 17.5, 17.5, 17.5, 17.5, 0.0, 17.5
2014-04-30, 17.5, 17.5, 17.5, 17.5, 0.0, 17.5
2014-05-01, 17.5, 17.5, 17.5, 17.5, 0.0, 17.5
2014-05-02, 17.5, 17.5, 17.5, 17.5, 0.0, 17.5
2014-05-05, 19.95, 19.95, 19.95, 19.95, 300.0, 19.95
2014-05-06, 19.95, 20.0, 19.95, 20.0, 400.0, 20.0
2014-05-07, 18.5, 18.5, 18.5, 18.5, 100.0, 18.5
2014-05-08, 18.5, 18.5, 18.5, 18.5, 0.0, 18.5
2014-05-09, 18.5, 18.5, 18.5, 18.5, 400.0, 18.5
2014-05-12, 18.5, 18.5, 18.5, 18.5, 700.0, 18.5
2014-05-13, 18.01, 18.01, 18.01, 18.01, 500.0, 18.01
2014-05-14, 18.0, 18.0, 18.0, 18.0, 100.0, 18.0
2014-05-15, 18.0, 18.0, 18.0, 18.0, 0.0, 18.0
2014-05-16, 17.9, 17.9, 17.9, 17.9, 200.0, 17.9
2014-05-19, 18.5, 18.5, 18.5, 18.5, 100.0, 18.5
2014-05-20, 18.5, 18.5, 18.5, 18.5, 0.0, 18.5
2014-05-21, 18.5, 18.5, 18.5, 18.5, 0.0, 18.5
2014-05-22, 18.5, 18.5, 18.5, 18.5, 0.0, 18.5
2014-05-23, 18.5, 18.5, 18.5, 18.5, 0.0, 18.5
2014-05-27, 18.5, 18.5, 18.5, 18.5, 0.0, 18.5
2014-05-28, 19.88, 19.88, 19.88, 19.88, 100.0, 19.88
2014-05-29, 19.88, 19.88, 19.88, 19.88, 0.0, 19.88
2014-05-30, 19.88, 19.88, 19.88, 19.88, 0.0, 19.88
2014-06-02, 19.88, 19.88, 19.88, 19.88, 200.0, 19.88
2014-06-03, 19.88, 19.88, 19.88, 19.88, 0.0, 19.88
2014-06-04, 19.88, 19.88, 19.88, 19.88, 0.0, 19.88
2014-06-05, 19.88, 19.88, 19.88, 19.88, 0.0, 19.88
2014-06-06, 19.88, 19.88, 19.88, 19.88, 0.0, 19.88
2014-06-09, 19.88, 19.88, 19.88, 19.88, 0.0, 19.88
2014-06-10, 19.88, 19.88, 19.88, 19.88, 0.0, 19.88
2014-06-11, 19.88, 19.88, 19.88, 19.88, 0.0, 19.88
2014-06-12, 19.88, 19.88, 19.88, 19.88, 0.0, 19.88
2014-06-13, 19.88, 19.88, 19.88, 19.88, 0.0, 19.88
2014-06-16, 19.88, 19.88, 19.88, 19.88, 0.0, 19.88
2014-06-17, 19.88, 19.88, 19.88, 19.88, 0.0, 19.88
2014-06-18, 19.5, 19.5, 19.5, 19.5, 100.0, 19.5
2014-06-19, 19.5, 19.5, 19.5, 19.5, 0.0, 19.5
2014-06-20, 19.5, 19.5, 19.5, 19.5, 200.0, 19.5
2014-06-23, 18.11, 18.11, 18.11, 18.11, 200.0, 18.11
2014-06-24, 18.11, 18.11, 18.11, 18.11, 0.0, 18.11
2014-06-25, 18.11, 18.11, 18.11, 18.11, 0.0, 18.11
2014-06-26, 18.11, 18.11, 18.11, 18.11, 0.0, 18.11
2014-06-27, 18.11, 18.11, 18.11, 18.11, 0.0, 18.11
2014-06-30, 18.11, 18.11, 18.11, 18.11, 0.0, 18.11
2014-07-01, 18.11, 18.11, 18.11, 18.11, 0.0, 18.11
2014-07-02, 18.11, 18.11, 18.11, 18.11, 0.0, 18.11
2014-07-03, 18.11, 18.11, 18.11, 18.11, 0.0, 18.11
2014-07-07, 18.11, 18.11, 18.11, 18.11, 0.0, 18.11
2014-07-08, 19.46, 19.5, 18.11, 18.11, 1000.0, 18.11
2014-07-09, 18.11, 18.11, 18.11, 18.11, 0.0, 18.11
2014-07-10, 18.11, 18.11, 18.11, 18.11, 0.0, 18.11
2014-07-11, 18.11, 18.11, 18.11, 18.11, 0.0, 18.11
2014-07-14, 18.11, 18.11, 18.11, 18.11, 0.0, 18.11
2014-07-15, 18.11, 18.11, 18.11, 18.11, 0.0, 18.11
2014-07-16, 18.11, 18.11, 17.75, 17.75, 600.0, 17.75
2014-07-17, 18.1, 18.11, 18.1, 18.11, 500.0, 18.11
2014-07-18, 18.11, 18.11, 18.11, 18.11, 0.0, 18.11
2014-07-21, 18.05, 18.05, 18.05, 18.05, 100.0, 18.05
2014-07-22, 18.11, 18.11, 18.11, 18.11, 300.0, 18.11
2014-07-23, 18.11, 18.11, 18.11, 18.11, 0.0, 18.11
2014-07-24, 18.11, 18.11, 18.11, 18.11, 0.0, 18.11
2014-07-25, 18.11, 18.11, 18.11, 18.11, 0.0, 18.11
2014-07-28, 18.11, 18.11, 18.11, 18.11, 0.0, 18.11
2014-07-29, 18.11, 18.11, 18.11, 18.11, 0.0, 18.11
2014-07-30, 18.11, 18.11, 18.11, 18.11, 0.0, 18.11
2014-07-31, 18.11, 18.11, 18.11, 18.11, 0.0, 18.11
2014-08-01, 18.11, 18.11, 18.11, 18.11, 0.0, 18.11
2014-08-04, 18.11, 18.11, 18.11, 18.11, 0.0, 18.11
2014-08-05, 18.11, 18.11, 18.11, 18.11, 0.0, 18.11
2014-08-06, 18.11, 18.11, 18.11, 18.11, 0.0, 18.11
2014-08-07, 18.11, 18.11, 18.11, 18.11, 400.0, 18.11
2014-08-08, 18.11, 18.11, 18.11, 18.11, 0.0, 18.11
2014-08-11, 18.11, 18.11, 18.11, 18.11, 0.0, 18.11
2014-08-12, 18.11, 18.11, 18.11, 18.11, 1100.0, 18.11
2014-08-13, 18.11, 18.11, 18.11, 18.11, 0.0, 18.11
2014-08-14, 18.11, 18.11, 18.11, 18.11, 0.0, 18.11
2014-08-15, 18.11, 18.11, 18.11, 18.11, 0.0, 18.11
2014-08-18, 18.11, 18.11, 18.11, 18.11, 0.0, 18.11
2014-08-19, 18.49, 18.5, 18.49, 18.5, 600.0, 18.5
2014-08-20, 18.99, 18.99, 18.99, 18.99, 200.0, 18.99
2014-08-21, 18.99, 18.99, 18.99, 18.99, 0.0, 18.99
2014-08-22, 18.99, 18.99, 18.99, 18.99, 0.0, 18.99
2014-08-25, 18.99, 18.99, 18.99, 18.99, 0.0, 18.99
2014-08-26, 18.99, 18.99, 18.99, 18.99, 0.0, 18.99
2014-08-27, 18.99, 18.99, 18.99, 18.99, 0.0, 18.99
2014-08-28, 18.99, 18.99, 18.99, 18.99, 0.0, 18.99
2014-08-29, 18.99, 18.99, 18.99, 18.99, 0.0, 18.99
2014-09-02, 18.99, 18.99, 18.99, 18.99, 0.0, 18.99
2014-09-03, 18.99, 18.99, 18.99, 18.99, 0.0, 18.99
2014-09-04, 18.99, 18.99, 18.99, 18.99, 0.0, 18.99
2014-09-05, 18.99, 18.99, 18.99, 18.99, 0.0, 18.99
2014-09-08, 18.99, 18.99, 18.99, 18.99, 0.0, 18.99
2014-09-09, 18.99, 18.99, 18.99, 18.99, 300.0, 18.99
2014-09-10, 18.99, 18.99, 18.99, 18.99, 0.0, 18.99
2014-09-11, 18.99, 18.99, 18.99, 18.99, 0.0, 18.99
2014-09-12, 18.99, 18.99, 18.99, 18.99, 0.0, 18.99
2014-09-15, 18.64, 18.64, 18.64, 18.64, 200.0, 18.64
2014-09-16, 18.64, 18.64, 18.64, 18.64, 0.0, 18.64
2014-09-17, 18.64, 18.64, 18.64, 18.64, 0.0, 18.64
2014-09-18, 18.64, 18.64, 18.64, 18.64, 0.0, 18.64
2014-09-19, 18.64, 18.64, 18.64, 18.64, 0.0, 18.64
2014-09-22, 18.64, 18.64, 18.64, 18.64, 0.0, 18.64
2014-09-23, 18.64, 18.64, 18.64, 18.64, 0.0, 18.64
2014-09-24, 18.64, 18.64, 18.64, 18.64, 0.0, 18.64
2014-09-25, 18.64, 18.64, 18.64, 18.64, 0.0, 18.64
2014-09-26, 18.64, 18.64, 18.64, 18.64, 0.0, 18.64
2014-09-29, 18.64, 18.64, 18.64, 18.64, 0.0, 18.64
2014-09-30, 18.64, 18.64, 18.64, 18.64, 0.0, 18.64
2014-10-01, 18.1, 18.1, 18.1, 18.1, 100.0, 18.1
2014-10-02, 18.1, 18.1, 18.1, 18.1, 0.0, 18.1
2014-10-03, 18.1, 18.1, 18.1, 18.1, 0.0, 18.1
2014-10-06, 18.1, 18.1, 18.1, 18.1, 0.0, 18.1
2014-10-07, 18.1, 18.1, 18.1, 18.1, 0.0, 18.1
2014-10-08, 18.1, 18.1, 18.1, 18.1, 0.0, 18.1
2014-10-09, 18.1, 18.1, 18.1, 18.1, 0.0, 18.1
2014-10-10, 18.1, 18.1, 18.1, 18.1, 0.0, 18.1
2014-10-13, 18.1, 18.1, 18.1, 18.1, 0.0, 18.1
2014-10-14, 18.1, 18.1, 18.1, 18.1, 0.0, 18.1
2014-10-15, 18.1, 18.1, 18.1, 18.1, 0.0, 18.1
2014-10-16, 18.1, 18.1, 18.1, 18.1, 0.0, 18.1
2014-10-17, 18.1, 18.1, 18.1, 18.1, 0.0, 18.1
2014-10-20, 18.1, 18.1, 18.1, 18.1, 0.0, 18.1
2014-10-21, 18.1, 18.1, 18.1, 18.1, 0.0, 18.1
2014-10-22, 18.1, 18.1, 18.1, 18.1, 0.0, 18.1
2014-10-23, 18.1, 18.1, 18.1, 18.1, 0.0, 18.1
2014-10-24, 17.9, 17.9, 17.9, 17.9, 500.0, 17.9
2014-10-27, 17.9, 17.9, 17.9, 17.9, 0.0, 17.9
2014-10-28, 17.9, 17.9, 17.9, 17.9, 0.0, 17.9
2014-10-29, 17.9, 17.9, 17.9, 17.9, 0.0, 17.9
2014-10-30, 17.9, 17.9, 17.9, 17.9, 0.0, 17.9
2014-10-31, 17.9, 17.9, 17.9, 17.9, 0.0, 17.9
2014-11-03, 17.9, 17.9, 17.9, 17.9, 0.0, 17.9
2014-11-04, 17.9, 17.9, 17.9, 17.9, 0.0, 17.9
2014-11-05, 18.25, 18.25, 18.25, 18.25, 300.0, 18.25
2014-11-06, 18.25, 18.25, 18.25, 18.25, 0.0, 18.25
2014-11-07, 18.25, 18.25, 18.25, 18.25, 0.0, 18.25
2014-11-10, 18.25, 18.25, 18.25, 18.25, 0.0, 18.25
2014-11-11, 18.25, 18.25, 18.25, 18.25, 0.0, 18.25
2014-11-12, 18.25, 18.25, 18.25, 18.25, 0.0, 18.25
2014-11-13, 18.25, 18.25, 18.25, 18.25, 0.0, 18.25
2014-11-14, 18.25, 18.25, 18.25, 18.25, 600.0, 18.25
2014-11-17, 18.25, 18.25, 18.25, 18.25, 0.0, 18.25
2014-11-18, 18.25, 18.25, 18.25, 18.25, 2400.0, 18.25
2014-11-19, 18.25, 18.25, 18.25, 18.25, 0.0, 18.25
2014-11-20, 18.25, 18.25, 18.25, 18.25, 0.0, 18.25
2014-11-21, 18.25, 18.25, 18.25, 18.25, 0.0, 18.25
2014-11-24, 18.25, 18.25, 18.25, 18.25, 0.0, 18.25
2014-11-25, 18.25, 18.25, 18.25, 18.25, 0.0, 18.25
2014-11-26, 18.25, 18.25, 18.25, 18.25, 0.0, 18.25
2014-11-28, 18.25, 18.25, 18.25, 18.25, 0.0, 18.25
2014-12-01, 18.25, 18.25, 18.25, 18.25, 0.0, 18.25
2014-12-02, 18.25, 18.25, 18.25, 18.25, 0.0, 18.25
2014-12-03, 18.25, 18.25, 18.25, 18.25, 0.0, 18.25
2014-12-04, 18.25, 18.25, 18.25, 18.25, 0.0, 18.25
2014-12-05, 18.5, 18.5, 18.5, 18.5, 200.0, 18.5
2014-12-08, 18.5, 18.5, 18.5, 18.5, 200.0, 18.5
2014-12-09, 18.5, 18.5, 18.5, 18.5, 0.0, 18.5
2014-12-10, 18.5, 18.5, 18.5, 18.5, 0.0, 18.5
2014-12-11, 18.5, 18.5, 18.5, 18.5, 0.0, 18.5
2014-12-12, 18.9, 18.97, 18.9, 18.97, 600.0, 18.97
2014-12-15, 18.97, 18.97, 18.97, 18.97, 0.0, 18.97
2014-12-16, 18.97, 18.97, 18.97, 18.97, 0.0, 18.97
2014-12-17, 18.97, 18.97, 18.97, 18.97, 0.0, 18.97
2014-12-18, 18.97, 18.97, 18.97, 18.97, 0.0, 18.97
2014-12-19, 18.97, 18.97, 18.97, 18.97, 0.0, 18.97
2014-12-22, 18.97, 18.97, 18.97, 18.97, 0.0, 18.97
2014-12-23, 18.97, 18.97, 18.97, 18.97, 0.0, 18.97
2014-12-24, 18.97, 18.97, 18.97, 18.97, 0.0, 18.97
2014-12-26, 18.97, 18.97, 18.97, 18.97, 0.0, 18.97
2014-12-29, 18.97, 18.97, 18.97, 18.97, 0.0, 18.97
2014-12-30, 18.97, 18.97, 18.97, 18.97, 0.0, 18.97
2014-12-31, 18.97, 18.97, 18.97, 18.97, 0.0, 18.97
2015-01-02, 18.97, 18.97, 18.97, 18.97, 0.0, 18.97
2015-01-05, 18.97, 18.97, 18.97, 18.97, 0.0, 18.97
2015-01-06, 18.97, 18.97, 18.97, 18.97, 0.0, 18.97
2015-01-07, 18.97, 18.97, 18.97, 18.97, 0.0, 18.97
2015-01-08, 18.97, 18.97, 18.97, 18.97, 0.0, 18.97
2015-01-09, 18.97, 18.97, 18.97, 18.97, 0.0, 18.97
2015-01-12, 18.97, 18.97, 18.97, 18.97, 0.0, 18.97
2015-01-13, 18.5, 18.5, 18.5, 18.5, 500.0, 18.5
2015-01-14, 18.5, 18.5, 18.5, 18.5, 0.0, 18.5
2015-01-15, 18.5, 18.5, 18.5, 18.5, 0.0, 18.5
2015-01-16, 18.5, 18.5, 18.5, 18.5, 0.0, 18.5
2015-01-20, 18.5, 18.5, 18.5, 18.5, 0.0, 18.5
2015-01-21, 19.15, 19.2, 19.15, 19.2, 500.0, 19.2
2015-01-22, 19.2, 19.57, 19.2, 19.57, 1500.0, 19.57
2015-01-23, 19.95, 19.95, 19.95, 19.95, 100.0, 19.95
2015-01-26, 19.95, 19.95, 19.95, 19.95, 0.0, 19.95
2015-01-27, 19.95, 19.95, 19.95, 19.95, 0.0, 19.95
2015-01-28, 19.95, 19.95, 19.95, 19.95, 0.0, 19.95
2015-01-29, 19.95, 19.95, 19.95, 19.95, 0.0, 19.95
2015-01-30, 19.95, 19.95, 19.95, 19.95, 1700.0, 19.95
2015-02-02, 19.95, 19.95, 19.95, 19.95, 0.0, 19.95
2015-02-03, 19.95, 19.95, 19.95, 19.95, 0.0, 19.95
2015-02-04, 19.5, 19.5, 19.5, 19.5, 200.0, 19.5
2015-02-05, 19.5, 19.5, 19.5, 19.5, 0.0, 19.5
2015-02-06, 19.5, 19.5, 19.5, 19.5, 0.0, 19.5
2015-02-09, 19.5, 19.5, 19.5, 19.5, 0.0, 19.5
2015-02-10, 19.5, 19.5, 19.5, 19.5, 0.0, 19.5
2015-02-11, 19.95, 19.99, 19.95, 19.99, 2100.0, 19.99
2015-02-12, 20.0, 20.0, 20.0, 20.0, 1800.0, 20.0
2015-02-13, 20.0, 20.0, 20.0, 20.0, 100.0, 20.0
2015-02-17, 20.0, 20.0, 20.0, 20.0, 0.0, 20.0
2015-02-18, 20.0, 20.0, 20.0, 20.0, 0.0, 20.0
2015-02-19, 20.0, 20.0, 20.0, 20.0, 300.0, 20.0
2015-02-20, 20.0, 20.0, 20.0, 20.0, 0.0, 20.0
2015-02-23, 20.0, 20.0, 20.0, 20.0, 0.0, 20.0
2015-02-24, 20.0, 20.0, 20.0, 20.0, 0.0, 20.0
2015-02-25, 20.0, 20.0, 20.0, 20.0, 0.0, 20.0
2015-02-26, 19.52, 19.52, 19.5, 19.5, 1000.0, 19.5
2015-02-27, 19.5, 19.5, 19.5, 19.5, 1100.0, 19.5
2015-03-02, 19.5, 19.5, 19.5, 19.5, 0.0, 19.5
2015-03-03, 19.5, 19.5, 19.5, 19.5, 0.0, 19.5
2015-03-04, 19.5, 19.5, 19.5, 19.5, 0.0, 19.5
2015-03-05, 19.5, 19.5, 19.5, 19.5, 0.0, 19.5
2015-03-06, 19.15, 19.15, 19.15, 19.15, 500.0, 19.15
2015-03-09, 19.15, 19.15, 19.15, 19.15, 0.0, 19.15
2015-03-10, 19.15, 19.15, 19.15, 19.15, 0.0, 19.15
2015-03-11, 19.24, 19.25, 19.0, 19.0, 1600.0, 19.0
2015-03-12, 18.85, 18.85, 18.85, 18.85, 1600.0, 18.85
2015-03-13, 19.0, 19.15, 18.99, 18.99, 3200.0, 18.99
2015-03-16, 18.99, 18.99, 18.99, 18.99, 200.0, 18.99
2015-03-17, 18.99, 18.99, 18.99, 18.99, 0.0, 18.99
2015-03-18, 18.99, 18.99, 18.99, 18.99, 0.0, 18.99
2015-03-19, 18.99, 18.99, 18.99, 18.99, 0.0, 18.99
2015-03-20, 18.31, 18.31, 17.5, 17.5, 400.0, 17.5
2015-03-23, 18.5, 18.5, 18.5, 18.5, 200.0, 18.5
2015-03-24, 18.0, 18.0, 18.0, 18.0, 100.0, 18.0
2015-03-25, 18.0, 18.0, 18.0, 18.0, 0.0, 18.0
2015-03-26, 18.01, 18.02, 18.0, 18.02, 1800.0, 18.02
2015-03-27, 18.02, 18.1, 18.0, 18.0, 2900.0, 18.0
2015-03-30, 18.5, 18.9, 18.5, 18.9, 1000.0, 18.9
2015-03-31, 18.9, 18.9, 18.9, 18.9, 0.0, 18.9
2015-04-01, 18.9, 18.9, 18.9, 18.9, 0.0, 18.9
2015-04-02, 18.9, 18.9, 18.9, 18.9, 0.0, 18.9
2015-04-06, 18.879999, 18.879999, 18.879999, 18.879999, 600.0, 18.879999
2015-04-07, 18.879999, 18.879999, 18.879999, 18.879999, 200.0, 18.879999
2015-04-08, 18.799999, 18.799999, 18.799999, 18.799999, 500.0, 18.799999
2015-04-09, 18.799999, 18.799999, 18.799999, 18.799999, 0.0, 18.799999
2015-04-10, 18.879999, 19.0, 18.879999, 19.0, 800.0, 19.0
2015-04-13, 19.0, 19.0, 19.0, 19.0, 300.0, 19.0
2015-04-14, 19.0, 19.0, 19.0, 19.0, 0.0, 19.0
2015-04-15, 19.0, 19.0, 19.0, 19.0, 0.0, 19.0
2015-04-16, 18.5, 18.5, 18.5, 18.5, 400.0, 18.5
2015-04-17, 18.5, 18.5, 18.5, 18.5, 0.0, 18.5
2015-04-20, 18.5, 18.5, 18.5, 18.5, 0.0, 18.5
2015-04-21, 18.5, 18.5, 18.5, 18.5, 0.0, 18.5
2015-04-22, 18.5, 18.5, 18.5, 18.5, 0.0, 18.5
2015-04-23, 18.5, 18.5, 18.5, 18.5, 0.0, 18.5
2015-04-24, 18.5, 18.5, 18.5, 18.5, 0.0, 18.5
2015-04-27, 18.25, 18.25, 18.25, 18.25, 100.0, 18.25
2015-04-28, 18.25, 18.25, 18.25, 18.25, 0.0, 18.25
2015-04-29, 18.25, 18.25, 18.25, 18.25, 0.0, 18.25
2015-04-30, 18.25, 18.25, 18.25, 18.25, 0.0, 18.25
2015-05-01, 18.25, 18.25, 18.25, 18.25, 0.0, 18.25
2015-05-04, 18.25, 18.25, 18.25, 18.25, 0.0, 18.25
2015-05-05, 18.25, 18.25, 18.25, 18.25, 0.0, 18.25
2015-05-06, 18.25, 18.25, 18.25, 18.25, 0.0, 18.25
2015-05-07, 18.25, 18.25, 18.25, 18.25, 300.0, 18.25
2015-05-08, 18.25, 18.25, 18.25, 18.25, 0.0, 18.25
2015-05-11, 18.25, 18.25, 18.25, 18.25, 200.0, 18.25
2015-05-12, 18.49, 18.5, 18.49, 18.5, 1000.0, 18.5
2015-05-13, 18.75, 18.75, 18.75, 18.75, 300.0, 18.75
2015-05-14, 18.75, 18.75, 18.75, 18.75, 0.0, 18.75
2015-05-15, 18.75, 18.75, 18.75, 18.75, 100.0, 18.75
2015-05-18, 18.75, 18.75, 18.75, 18.75, 800.0, 18.75
2015-05-19, 18.51, 18.51, 18.5, 18.5, 900.0, 18.5
2015-05-20, 18.5, 18.5, 18.5, 18.5, 0.0, 18.5
2015-05-21, 18.5, 18.5, 18.5, 18.5, 0.0, 18.5
2015-05-22, 18.5, 18.5, 18.5, 18.5, 0.0, 18.5
2015-05-26, 18.5, 18.5, 18.5, 18.5, 200.0, 18.5
2015-05-27, 18.5, 18.5, 18.5, 18.5, 0.0, 18.5
2015-05-28, 18.5, 18.5, 18.5, 18.5, 0.0, 18.5
2015-05-29, 18.73, 18.74, 18.610001, 18.610001, 2500.0, 18.610001
2015-06-01, 18.75, 19.0, 18.74, 19.0, 3000.0, 19.0
2015-06-02, 19.0, 19.0, 19.0, 19.0, 0.0, 19.0
2015-06-03, 19.0, 19.0, 19.0, 19.0, 0.0, 19.0
2015-06-04, 19.870001, 19.870001, 19.870001, 19.870001, 100.0, 19.870001
2015-06-05, 20.0, 20.0, 20.0, 20.0, 200.0, 20.0
2015-06-08, 20.0, 20.0, 20.0, 20.0, 0.0, 20.0
2015-06-09, 20.0, 20.0, 20.0, 20.0, 0.0, 20.0
2015-06-10, 20.0, 20.0, 20.0, 20.0, 0.0, 20.0
2015-06-11, 20.0, 20.0, 20.0, 20.0, 0.0, 20.0
2015-06-12, 20.0, 20.0, 20.0, 20.0, 0.0, 20.0
2015-06-15, 20.0, 20.0, 20.0, 20.0, 0.0, 20.0
2015-06-16, 20.0, 20.0, 20.0, 20.0, 0.0, 20.0
2015-06-17, 20.0, 20.0, 20.0, 20.0, 400.0, 20.0
2015-06-18, 20.0, 20.0, 20.0, 20.0, 0.0, 20.0
2015-06-19, 20.0, 20.0, 20.0, 20.0, 2600.0, 20.0
2015-06-22, 20.0, 20.0, 20.0, 20.0, 0.0, 20.0
2015-06-23, 19.1, 19.25, 19.1, 19.25, 500.0, 19.25
2015-06-24, 19.25, 19.25, 19.25, 19.25, 0.0, 19.25
2015-06-25, 19.1, 19.1, 19.0, 19.0, 500.0, 19.0
2015-06-26, 19.0, 19.0, 19.0, 19.0, 0.0, 19.0
2015-06-29, 19.0, 19.0, 19.0, 19.0, 300.0, 19.0
2015-06-30, 19.5, 19.5, 19.5, 19.5, 1300.0, 19.5
2015-07-01, 19.5, 19.5, 19.5, 19.5, 0.0, 19.5
2015-07-02, 19.5, 19.5, 19.5, 19.5, 0.0, 19.5
2015-07-06, 19.5, 19.5, 19.5, 19.5, 300.0, 19.5
2015-07-07, 19.5, 19.5, 19.5, 19.5, 0.0, 19.5
2015-07-08, 19.5, 19.5, 19.5, 19.5, 0.0, 19.5
2015-07-09, 19.5, 19.5, 19.5, 19.5, 0.0, 19.5
2015-07-10, 18.75, 18.75, 18.5, 18.5, 400.0, 18.5
2015-07-13, 18.5, 18.5, 18.5, 18.5, 0.0, 18.5
2015-07-14, 18.1, 18.1, 18.1, 18.1, 100.0, 18.1
2015-07-15, 18.030001, 18.030001, 18.030001, 18.030001, 500.0, 18.030001
2015-07-16, 18.1, 18.1, 18.1, 18.1, 100.0, 18.1
2015-07-17, 18.84, 18.84, 18.84, 18.84, 100.0, 18.84
2015-07-20, 18.84, 18.84, 18.84, 18.84, 0.0, 18.84
2015-07-21, 18.0, 18.0, 18.0, 18.0, 100.0, 18.0
2015-07-22, 18.25, 18.25, 18.25, 18.25, 200.0, 18.25
2015-07-23, 18.25, 18.25, 18.25, 18.25, 0.0, 18.25
2015-07-24, 18.25, 18.25, 18.25, 18.25, 0.0, 18.25
2015-07-27, 19.139999, 19.99, 19.139999, 19.99, 300.0, 19.99
2015-07-28, 19.99, 19.99, 19.99, 19.99, 0.0, 19.99
2015-07-29, 19.99, 19.99, 19.99, 19.99, 0.0, 19.99
2015-07-30, 19.99, 19.99, 19.99, 19.99, 0.0, 19.99
2015-07-31, 19.99, 19.99, 19.99, 19.99, 0.0, 19.99
2015-08-03, 19.99, 19.99, 19.99, 19.99, 0.0, 19.99
2015-08-04, 19.99, 19.99, 19.99, 19.99, 0.0, 19.99
2015-08-05, 19.99, 19.99, 19.99, 19.99, 0.0, 19.99
2015-08-06, 19.99, 19.99, 19.99, 19.99, 0.0, 19.99
2015-08-07, 18.51, 19.25, 18.51, 19.25, 5600.0, 19.25
2015-08-10, 19.25, 19.25, 19.25, 19.25, 0.0, 19.25
2015-08-11, 19.25, 19.25, 19.25, 19.25, 0.0, 19.25
2015-08-12, 19.25, 19.25, 19.25, 19.25, 0.0, 19.25
2015-08-13, 19.25, 19.25, 19.25, 19.25, 0.0, 19.25
2015-08-14, 19.25, 19.25, 19.25, 19.25, 0.0, 19.25
2015-08-17, 19.25, 19.25, 19.25, 19.25, 0.0, 19.25
2015-08-18, 19.25, 19.25, 19.25, 19.25, 0.0, 19.25
2015-08-19, 19.25, 19.25, 19.25, 19.25, 0.0, 19.25
2015-08-20, 19.25, 19.25, 19.25, 19.25, 0.0, 19.25
2015-08-21, 19.25, 19.25, 19.25, 19.25, 0.0, 19.25
2015-08-24, 19.25, 19.25, 19.25, 19.25, 0.0, 19.25
2015-08-25, 18.75, 19.0, 18.75, 19.0, 500.0, 19.0
2015-08-26, 18.9, 18.9, 18.9, 18.9, 1500.0, 18.9
2015-08-27, 18.9, 18.9, 18.9, 18.9, 0.0, 18.9
2015-08-28, 18.9, 18.9, 18.9, 18.9, 0.0, 18.9
2015-08-31, 19.5, 19.5, 19.5, 19.5, 200.0, 19.5
2015-09-01, 19.5, 19.5, 19.5, 19.5, 0.0, 19.5
2015-09-02, 19.5, 19.5, 19.5, 19.5, 0.0, 19.5
2015-09-03, 19.0, 19.0, 19.0, 19.0, 300.0, 19.0
2015-09-04, 19.0, 19.0, 19.0, 19.0, 0.0, 19.0
2015-09-08, 19.0, 19.0, 19.0, 19.0, 0.0, 19.0
2015-09-09, 19.0, 19.0, 19.0, 19.0, 0.0, 19.0
2015-09-10, 19.0, 19.0, 19.0, 19.0, 0.0, 19.0
2015-09-11, 19.0, 19.0, 19.0, 19.0, 0.0, 19.0
2015-09-14, 19.0, 19.0, 19.0, 19.0, 0.0, 19.0
2015-09-15, 19.0, 19.0, 19.0, 19.0, 0.0, 19.0
2015-09-16, 18.35, 18.35, 18.0, 18.0, 1200.0, 18.0
2015-09-17, 18.0, 18.0, 18.0, 18.0, 0.0, 18.0
2015-09-18, 18.25, 18.25, 18.049999, 18.049999, 200.0, 18.049999
2015-09-21, 18.049999, 18.049999, 18.049999, 18.049999, 0.0, 18.049999
2015-09-22, 18.299999, 18.299999, 18.299999, 18.299999, 100.0, 18.299999
2015-09-23, 18.299999, 18.299999, 18.299999, 18.299999, 0.0, 18.299999
2015-09-24, 18.299999, 18.299999, 18.299999, 18.299999, 0.0, 18.299999
2015-09-25, 18.299999, 18.299999, 18.299999, 18.299999, 0.0, 18.299999
2015-09-28, 18.299999, 18.299999, 18.299999, 18.299999, 0.0, 18.299999
2015-09-29, 18.049999, 18.049999, 18.049999, 18.049999, 200.0, 18.049999
2015-09-30, 18.049999, 18.049999, 18.049999, 18.049999, 0.0, 18.049999
2015-10-01, 18.049999, 18.049999, 18.049999, 18.049999, 0.0, 18.049999
2015-10-02, 18.049999, 18.049999, 18.049999, 18.049999, 0.0, 18.049999
2015-10-05, 18.049999, 18.049999, 18.049999, 18.049999, 0.0, 18.049999
2015-10-06, 18.0, 18.0, 18.0, 18.0, 1200.0, 18.0
2015-10-07, 18.0, 18.0, 18.0, 18.0, 0.0, 18.0
2015-10-08, 18.0, 18.0, 18.0, 18.0, 500.0, 18.0
2015-10-09, 18.0, 18.0, 18.0, 18.0, 200.0, 18.0
2015-10-12, 18.0, 18.0, 18.0, 18.0, 0.0, 18.0
2015-10-13, 18.0, 18.0, 18.0, 18.0, 0.0, 18.0
2015-10-14, 18.0, 18.0, 18.0, 18.0, 0.0, 18.0
2015-10-15, 18.049999, 18.200001, 18.049999, 18.200001, 800.0, 18.200001
2015-10-16, 18.200001, 18.200001, 18.200001, 18.200001, 0.0, 18.200001
2015-10-19, 18.200001, 18.200001, 18.200001, 18.200001, 0.0, 18.200001
2015-10-20, 18.200001, 18.200001, 18.200001, 18.200001, 100.0, 18.200001
2015-10-21, 18.01, 18.01, 18.01, 18.01, 100.0, 18.01
2015-10-22, 18.01, 18.01, 18.01, 18.01, 0.0, 18.01
2015-10-23, 18.25, 18.34, 18.25, 18.34, 200.0, 18.34
2015-10-26, 18.34, 18.34, 18.34, 18.34, 0.0, 18.34
2015-10-27, 18.34, 18.34, 18.34, 18.34, 0.0, 18.34
2015-10-28, 18.34, 18.34, 18.34, 18.34, 0.0, 18.34
2015-10-29, 18.34, 18.34, 18.34, 18.34, 0.0, 18.34
2015-10-30, 18.34, 18.34, 18.34, 18.34, 0.0, 18.34
2015-11-02, 18.34, 18.34, 18.34, 18.34, 0.0, 18.34
2015-11-03, 18.34, 18.34, 18.34, 18.34, 0.0, 18.34
2015-11-04, 18.02, 18.02, 18.01, 18.01, 2200.0, 18.01
2015-11-05, 18.01, 18.01, 18.01, 18.01, 0.0, 18.01
2015-11-06, 18.01, 18.01, 18.01, 18.01, 0.0, 18.01
2015-11-09, 18.1, 18.1, 18.1, 18.1, 500.0, 18.1
2015-11-10, 18.200001, 18.299999, 18.200001, 18.299999, 500.0, 18.299999
2015-11-11, 18.299999, 18.299999, 18.299999, 18.299999, 0.0, 18.299999
2015-11-12, 18.299999, 18.299999, 18.299999, 18.299999, 0.0, 18.299999
2015-11-13, 18.299999, 18.299999, 18.299999, 18.299999, 0.0, 18.299999
2015-11-16, 18.299999, 18.299999, 18.299999, 18.299999, 0.0, 18.299999
2015-11-17, 18.299999, 18.299999, 18.299999, 18.299999, 0.0, 18.299999
2015-11-18, 18.299999, 18.299999, 18.299999, 18.299999, 0.0, 18.299999
2015-11-19, 18.299999, 18.299999, 18.299999, 18.299999, 0.0, 18.299999
2015-11-20, 18.299999, 18.299999, 18.299999, 18.299999, 0.0, 18.299999
2015-11-23, 18.299999, 18.299999, 18.299999, 18.299999, 0.0, 18.299999
2015-11-24, 18.299999, 18.299999, 18.299999, 18.299999, 0.0, 18.299999
2015-11-25, 18.0, 18.0, 17.799999, 17.799999, 4300.0, 17.799999
2015-11-27, 17.799999, 17.799999, 17.799999, 17.799999, 0.0, 17.799999
2015-11-30, 18.25, 18.299999, 18.0, 18.0, 1000.0, 18.0
2015-12-01, 18.0, 18.0, 18.0, 18.0, 0.0, 18.0
2015-12-02, 18.389999, 18.5, 18.389999, 18.5, 300.0, 18.5
2015-12-03, 18.5, 18.5, 18.5, 18.5, 0.0, 18.5
2015-12-04, 18.5, 18.5, 18.5, 18.5, 0.0, 18.5
2015-12-07, 18.5, 18.5, 18.5, 18.5, 600.0, 18.5
2015-12-08, 18.5, 18.5, 18.5, 18.5, 0.0, 18.5
2015-12-09, 18.5, 18.5, 18.5, 18.5, 0.0, 18.5
2015-12-10, 18.5, 18.5, 18.5, 18.5, 0.0, 18.5
2015-12-11, 18.75, 18.75, 18.75, 18.75, 100.0, 18.75
2015-12-14, 18.75, 18.75, 18.75, 18.75, 0.0, 18.75
2015-12-15, 18.0, 18.0, 17.219999, 17.219999, 2500.0, 17.219999
2015-12-16, 17.219999, 17.219999, 17.219999, 17.219999, 0.0, 17.219999
2015-12-17, 18.75, 18.75, 18.75, 18.75, 100.0, 18.75
2015-12-18, 18.75, 18.75, 18.75, 18.75, 0.0, 18.75
2015-12-21, 18.75, 18.75, 18.75, 18.75, 0.0, 18.75
2015-12-22, 18.75, 18.75, 18.75, 18.75, 0.0, 18.75
2015-12-23, 18.75, 18.75, 18.75, 18.75, 0.0, 18.75
2015-12-24, 18.75, 18.75, 18.75, 18.75, 0.0, 18.75
2015-12-28, 18.75, 18.75, 18.75, 18.75, 0.0, 18.75
2015-12-29, 18.75, 18.75, 18.75, 18.75, 0.0, 18.75
2015-12-30, 18.75, 18.75, 18.75, 18.75, 0.0, 18.75
2015-12-31, 18.01, 18.01, 18.0, 18.0, 200.0, 18.0
2016-01-04, 18.0, 18.0, 18.0, 18.0, 0.0, 18.0
2016-01-05, 18.5, 18.5, 18.5, 18.5, 200.0, 18.5
2016-01-06, 18.5, 18.5, 18.5, 18.5, 0.0, 18.5
2016-01-07, 18.5, 18.5, 18.5, 18.5, 0.0, 18.5
2016-01-08, 18.5, 18.5, 18.5, 18.5, 0.0, 18.5
2016-01-11, 18.0, 18.0, 17.99, 18.0, 4600.0, 18.0
2016-01-12, 18.0, 18.0, 18.0, 18.0, 0.0, 18.0
2016-01-13, 18.0, 18.0, 18.0, 18.0, 0.0, 18.0
2016-01-14, 18.0, 18.0, 18.0, 18.0, 0.0, 18.0
2016-01-15, 18.0, 18.0, 18.0, 18.0, 0.0, 18.0
2016-01-19, 18.0, 18.0, 18.0, 18.0, 0.0, 18.0
2016-01-20, 18.0, 18.0, 18.0, 18.0, 0.0, 18.0
2016-01-21, 18.49, 18.9, 18.49, 18.9, 200.0, 18.9
2016-01-22, 18.9, 18.9, 18.9, 18.9, 0.0, 18.9
2016-01-25, 18.91, 18.91, 18.91, 18.91, 100.0, 18.91
2016-01-26, 18.91, 18.91, 18.91, 18.91, 0.0, 18.91
2016-01-27, 18.0, 18.0, 17.950001, 17.950001, 200.0, 17.950001
2016-01-28, 17.950001, 17.950001, 17.950001, 17.950001, 0.0, 17.950001
2016-01-29, 17.950001, 17.950001, 17.950001, 17.950001, 0.0, 17.950001
2016-02-01, 18.0, 18.0, 17.950001, 17.950001, 500.0, 17.950001
2016-02-02, 18.0, 18.0, 18.0, 18.0, 400.0, 18.0
2016-02-03, 18.0, 18.0, 18.0, 18.0, 0.0, 18.0
2016-02-04, 18.0, 18.0, 18.0, 18.0, 0.0, 18.0
2016-02-05, 18.0, 18.0, 18.0, 18.0, 0.0, 18.0
2016-02-08, 18.0, 18.0, 18.0, 18.0, 0.0, 18.0
2016-02-09, 18.0, 18.0, 18.0, 18.0, 0.0, 18.0
2016-02-10, 18.0, 18.0, 18.0, 18.0, 0.0, 18.0
2016-02-11, 18.0, 18.0, 18.0, 18.0, 0.0, 18.0
2016-02-12, 18.0, 18.0, 18.0, 18.0, 0.0, 18.0
2016-02-16, 18.1, 18.1, 18.1, 18.1, 100.0, 18.1
2016-02-17, 18.0, 18.0, 17.5, 17.5, 500.0, 17.5
2016-02-18, 17.5, 17.5, 17.5, 17.5, 0.0, 17.5
2016-02-19, 17.5, 17.5, 17.5, 17.5, 0.0, 17.5
2016-02-22, 17.5, 17.5, 17.5, 17.5, 0.0, 17.5
2016-02-23, 17.5, 17.5, 17.5, 17.5, 0.0, 17.5
2016-02-24, 17.5, 17.5, 17.5, 17.5, 1100.0, 17.5
2016-02-25, 17.450001, 18.09, 17.049999, 18.09, 1100.0, 18.09
2016-02-26, 18.34, 18.35, 18.34, 18.35, 1200.0, 18.35
2016-02-29, 18.35, 18.35, 18.35, 18.35, 0.0, 18.35
2016-03-01, 18.9, 18.9, 18.9, 18.9, 700.0, 18.9
2016-03-02, 18.85, 18.85, 18.85, 18.85, 100.0, 18.85
2016-03-03, 18.91, 18.91, 18.91, 18.91, 400.0, 18.91
2016-03-04, 18.91, 18.91, 18.91, 18.91, 0.0, 18.91
2016-03-07, 18.9, 18.91, 18.9, 18.91, 1400.0, 18.91
2016-03-08, 18.91, 18.91, 18.91, 18.91, 0.0, 18.91
2016-03-09, 18.91, 18.91, 18.91, 18.91, 0.0, 18.91
2016-03-10, 18.91, 18.91, 18.91, 18.91, 0.0, 18.91
2016-03-11, 18.91, 18.91, 18.91, 18.91, 0.0, 18.91
2016-03-14, 18.91, 18.91, 18.91, 18.91, 0.0, 18.91
2016-03-15, 18.91, 18.91, 18.91, 18.91, 0.0, 18.91
2016-03-16, 18.91, 18.91, 18.91, 18.91, 0.0, 18.91
2016-03-17, 19.4, 20.24, 19.4, 20.24, 700.0, 20.24
2016-03-18, 19.299999, 19.299999, 19.299999, 19.299999, 200.0, 19.299999
2016-03-21, 19.299999, 19.299999, 19.299999, 19.299999, 0.0, 19.299999
2016-03-22, 19.299999, 19.299999, 19.299999, 19.299999, 0.0, 19.299999
2016-03-23, 19.299999, 19.299999, 19.299999, 19.299999, 0.0, 19.299999
2016-03-24, 19.299999, 19.299999, 19.299999, 19.299999, 0.0, 19.299999
2016-03-28, 19.299999, 19.299999, 19.299999, 19.299999, 0.0, 19.299999
2016-03-29, 19.299999, 19.299999, 19.299999, 19.299999, 0.0, 19.299999
2016-03-30, 18.25, 18.25, 18.25, 18.25, 2300.0, 18.25
2016-03-31, 18.25, 18.25, 18.25, 18.25, 0.0, 18.25
2016-04-01, 18.25, 18.25, 18.25, 18.25, 0.0, 18.25
2016-04-04, 18.25, 18.25, 18.25, 18.25, 0.0, 18.25
2016-04-05, 18.75, 18.75, 18.75, 18.75, 2200.0, 18.75
2016-04-06, 18.75, 18.75, 18.75, 18.75, 0.0, 18.75
2016-04-07, 18.75, 18.75, 18.75, 18.75, 0.0, 18.75
2016-04-08, 18.75, 18.75, 18.75, 18.75, 0.0, 18.75
2016-04-11, 18.75, 18.75, 18.75, 18.75, 0.0, 18.75
2016-04-12, 18.75, 18.75, 18.75, 18.75, 0.0, 18.75
2016-04-13, 19.99, 20.1, 19.99, 20.1, 2200.0, 20.1
2016-04-14, 20.1, 20.1, 19.9, 19.9, 300.0, 19.9
2016-04-15, 20.99, 21.99, 20.99, 21.99, 200.0, 21.99
2016-04-18, 21.99, 21.99, 21.99, 21.99, 0.0, 21.99
2016-04-19, 20.0, 20.0, 20.0, 20.0, 200.0, 20.0
2016-04-20, 20.0, 20.0, 20.0, 20.0, 0.0, 20.0
2016-04-21, 20.0, 20.0, 20.0, 20.0, 0.0, 20.0
2016-04-22, 20.0, 20.0, 20.0, 20.0, 0.0, 20.0
2016-04-25, 20.0, 20.0, 20.0, 20.0, 0.0, 20.0
2016-04-26, 20.0, 20.0, 20.0, 20.0, 0.0, 20.0
2016-04-27, 20.0, 20.0, 20.0, 20.0, 0.0, 20.0
2016-04-28, 20.0, 20.0, 20.0, 20.0, 0.0, 20.0
2016-04-29, 20.0, 20.0, 20.0, 20.0, 300.0, 20.0
2016-05-02, 20.0, 20.0, 20.0, 20.0, 0.0, 20.0
2016-05-03, 20.0, 20.0, 20.0, 20.0, 0.0, 20.0
2016-05-04, 20.0, 20.0, 20.0, 20.0, 0.0, 20.0
2016-05-05, 20.0, 20.0, 20.0, 20.0, 0.0, 20.0
2016-05-06, 19.6, 19.6, 19.6, 19.6, 500.0, 19.6
2016-05-09, 20.5, 21.99, 20.0, 20.0, 900.0, 20.0
2016-05-10, 20.5, 20.5, 20.5, 20.5, 200.0, 20.5
2016-05-11, 20.5, 20.5, 20.5, 20.5, 0.0, 20.5
2016-05-12, 20.5, 20.5, 20.5, 20.5, 0.0, 20.5
2016-05-13, 20.5, 20.5, 20.5, 20.5, 0.0, 20.5
2016-05-16, 20.5, 20.5, 20.5, 20.5, 0.0, 20.5
2016-05-17, 20.5, 20.5, 20.5, 20.5, 0.0, 20.5
2016-05-18, 20.5, 20.5, 20.5, 20.5, 300.0, 20.5
2016-05-19, 19.799999, 22.0, 19.799999, 22.0, 600.0, 22.0
2016-05-20, 19.0, 21.5, 19.0, 21.5, 3500.0, 21.5
2016-05-23, 21.0, 21.0, 19.0, 19.65, 4800.0, 19.65
2016-05-24, 19.65, 20.4, 19.65, 20.4, 500.0, 20.4
2016-05-25, 20.4, 20.4, 20.4, 20.4, 0.0, 20.4
2016-05-26, 20.5, 20.5, 20.5, 20.5, 100.0, 20.5
2016-05-27, 19.110001, 19.110001, 19.01, 19.01, 500.0, 19.01
2016-05-31, 19.01, 19.01, 19.01, 19.01, 0.0, 19.01
2016-06-01, 19.01, 19.01, 19.01, 19.01, 0.0, 19.01
2016-06-02, 19.01, 19.01, 19.01, 19.01, 0.0, 19.01
2016-06-03, 19.01, 19.01, 19.01, 19.01, 0.0, 19.01
2016-06-06, 19.01, 19.01, 19.01, 19.01, 0.0, 19.01
2016-06-07, 19.200001, 19.200001, 18.75, 18.75, 3600.0, 18.75
2016-06-08, 18.75, 18.75, 18.75, 18.75, 0.0, 18.75
2016-06-09, 18.75, 18.75, 18.75, 18.75, 0.0, 18.75
2016-06-10, 18.75, 18.75, 18.75, 18.75, 0.0, 18.75
2016-06-13, 18.75, 18.75, 18.75, 18.75, 0.0, 18.75
2016-06-14, 18.75, 19.15, 18.690001, 19.15, 300.0, 19.15
2016-06-15, 19.15, 19.15, 19.15, 19.15, 0.0, 19.15
2016-06-16, 18.99, 18.99, 18.99, 18.99, 500.0, 18.99
2016-06-17, 18.99, 18.99, 18.99, 18.99, 0.0, 18.99
2016-06-20, 18.25, 18.99, 18.25, 18.99, 1800.0, 18.99
2016-06-21, 18.25, 18.25, 18.25, 18.25, 200.0, 18.25
2016-06-22, 18.049999, 18.940001, 18.0, 18.940001, 1700.0, 18.940001
2016-06-23, 19.190001, 19.190001, 19.190001, 19.190001, 300.0, 19.190001
2016-06-24, 19.190001, 19.190001, 19.190001, 19.190001, 0.0, 19.190001
2016-06-27, 18.99, 18.99, 18.99, 18.99, 100.0, 18.99
2016-06-28, 18.99, 18.99, 18.99, 18.99, 0.0, 18.99
2016-06-29, 18.99, 18.99, 18.99, 18.99, 800.0, 18.99
2016-06-30, 18.99, 18.99, 18.99, 18.99, 0.0, 18.99
2016-07-01, 18.99, 18.99, 18.99, 18.99, 0.0, 18.99
2016-07-05, 18.99, 18.99, 18.99, 18.99, 0.0, 18.99
2016-07-06, 18.99, 18.99, 18.99, 18.99, 0.0, 18.99
